comun,raro,sim,emp_comun,emp_raro,per_comun,per_raro,niv_comun,niv_raro,escalon_distinto
GERENTE DE VENTAS TOYOTA,JEFE DE VENTAS TOYOTA,0.97,1,1,1,3,5.0,4.0,True
PROFESOR TITULAR AUXILIAR 1 A TIEMPO COMPLETO,PROFESOR TITULAR AUXILIAR A TIEMPO COMPLETO,0.9699,1,1,11,3,1.0,1.0,False
INSPECTOR DE SEGURIDAD INDUSTRIAL Y MEDIO AMBIENTE,INSPECTOR DE SEGURIDAD INDUSTRIAL,0.9698,4,2,21,3,,,False
ASISTENTE/AUXILIAR DE SERVICIOS GENERALES,ASISTENTE AUXILIAR SERVICIOS EN GENERAL,0.9696,304,153,2959,553,1.0,1.0,False
COORDINADOR DE EDUCACION CONTINUA,COORDINADOR CENTRO EDUCACION CONTINUA,0.9696,4,1,7,2,3.0,3.0,False
AUXILIAR DE BODEGA,AUXILIAR_DE_BODEGA,0.9695,499,2,5709,7,1.0,,False
FLUID TECHNICAL ENGINEER,FLUID ENGINEER,0.9694,1,1,2,1,,,False
ASISTENTE DE LIQUIDACION,AUXILIAR DE LIQUIDACION,0.9693,15,2,83,18,1.0,1.0,False
ASISTENTE DE EXPERIENCIA AL CLIENTE,ASISTENTE DE ATENCION Y EXPERIENCIA DEL CLIENTE,0.9692,6,1,18,5,1.0,1.0,False
ANALISTA DE CADENA DE SUMINISTRO,ANALISTA DE CADENA Y SUMINISTRO,0.9692,4,1,10,2,2.0,2.0,False
TECNICO DE SEGURIDAD INDUSTRIAL,TECNICO SEGURIDAD INDUSTRIAL Y FISICA,0.9692,37,2,72,7,2.0,2.0,False
ASISTENTE RECEPCION,ASISTENTE Y RECEPCION,0.9691,14,1,121,1,1.0,1.0,False
CHOFER PARA CAMIONES PESADOS DE HASTA 4.5 TON,CHOFER PARA CAMIONES DE 4.5 TONELADAS,0.9691,3,1,12,2,,,False
ASISTENTE DE INFORMACION Y TECNOLOGIA,ASISTENTE TECNOLOGIA DE LA INFORMACION Y COMUNICACION,0.969,19,2,39,3,1.0,1.0,False
ANALISTA DE SISTEMAS TELECOMUNICACIONES,ANALISTA DE TELECOMUNICACIONES,0.9688,23,1,80,1,2.0,2.0,False
JEFE DE CALIDAD Y PROCESO,JEFE DE CALIDAD Y PRODUCTO,0.9685,11,1,19,2,4.0,4.0,False
JEFE DE ABASTECIMIENTO Y LOGISTICA,JEFE DE ABASTECIMIENTO Y TRANSPORTE,0.9682,9,1,14,2,4.0,4.0,False
JEFE DE CATEGORIA,JEFE DE CATEGORIA (R),0.9681,14,2,75,7,4.0,4.0,False
ASISTENTE DE CUSTODIA,ASISTENTE CUSTODIA,0.9681,3,1,7,10,1.0,1.0,False
ANALISTA DE EXPORTACIONES,ANALISTA DE EXPORTACION E IMPORTACION,0.968,14,4,53,6,2.0,2.0,False
LIDER DE COORDINADOR DE PRUEBAS,COORDINADOR DE PRUEBAS,0.968,1,1,1,5,3.0,3.0,False
COORDINADOR PROCESOS,COORDINADOR DE GESTION DE PROCESOS,0.9675,51,1,109,2,3.0,3.0,False
ANALISTA PROGRAMADOR SENIOR,ANALISTA PROGRAMADOR SENIOR C,0.9673,9,1,38,2,2.0,2.0,False
ASESOR DE NEGOCIOS,ASESOR DE NEGOCIOS Y SERVICIOS,0.9672,28,2,922,46,,,False
DIRECTOR DE PROYECTOS,DIRECTOR DE PROYECTO,0.9671,23,5,40,6,5.0,5.0,False
OPERADOR CALIDAD,OPERARIO CALIDAD,0.9671,7,3,23,11,1.0,1.0,False
COORDINADOR ZONAL CONTROL INTERNO AGENCIAS,GERENTE ZONAL CONTROL INTERNO AGENCIAS,0.967,1,1,4,6,3.0,5.0,True
ANALISTA DE COMERCIO EXTERIOR,ANALISTA COMERCIO EXTERIOR,0.9668,38,8,124,22,2.0,2.0,False
KEY ACCOUNT MANAGER,KEY ACCOUNT MANAGER I,0.9668,88,1,362,1,,,False
SUBGERENTE DE CREDITO Y COBRANZAS,SUBGERENTE DE CREDITO Y COBRO,0.9667,2,1,3,2,4.0,4.0,False
ASESOR DE VENTAS,ASESOR DE VENTAS (R),0.9665,41,1,885,1584,,,False
ASISTENTE ADMINISTRATIVA DE MANTENIMIENTO,AUXILIAR ADMINISTRATIVO MANTENIMIENTO,0.9665,7,3,28,3,1.0,1.0,False
SUPERVISOR DE CONGELADOS,SUPERVISOR GENERAL DE CONGELADOS,0.9665,4,1,12,2,3.0,3.0,False
EJECUTIVO CALL CENTER,EJECUTIVOS CALL CENTER,0.9665,6,1,47,2,,,False
ANALISTA DE INFRAESTRUCTURA,ANALISTA DE INFRAESTRUCTURA Y COM,0.9664,53,1,139,2,2.0,2.0,False
OPERADOR DE EMPAQUE,OPERADOR EMPAQUE,0.9661,8,1,102,74,1.0,1.0,False
COORDINADOR DE GESTION COMERCIAL,COORDINADOR COMERCIAL GERENCIAL,0.966,6,2,10,3,3.0,3.0,False
ASIST DE COMPRAS,ASIST. DE COMPRAS,0.966,6,1,10,1,,,False
OPERADOR LAVANDERIA,OPERADOR DE LAVADO,0.9659,8,4,21,17,1.0,1.0,False
DOCENTE - INSPECTOR,DOCENTE-INSPECTORA,0.9658,2,1,7,1,,,False
JEFE CALIDAD,JEFE CONTROL CALIDAD,0.9658,119,88,207,160,4.0,4.0,False
COORDINADOR DE RECLUTAMIENTO Y SELECCION,COORDINADOR RECLUTAMIENTO,0.9657,5,1,9,2,3.0,3.0,False
EJECUTIVO ASISTENETE (OFIC 1) CSO,EJECUTIVO ASISTENTE (OFC 1) CSO,0.9656,1,1,3,24,,1.0,False
ANALISTA DE IMPORTACIONES Y LOGISTICA,ANALISTA COMERCIAL Y DE IMPORTACIONES,0.9654,4,1,8,1,2.0,2.0,False
CHOFER VEHICULOS PESADOS,CHOFER VEHICULO PESADO,0.9654,3,3,168,40,,,False
ASISTENTE DE PRESIDENCIA,ASISTENTE ADMINISTRATIVO DE PRESIDENCIA,0.9653,92,1,197,2,1.0,1.0,False
BARMAN (ESTABLECIMIENTOS CATEGORIA PRIMERA),BARMAN (ESTABLECIMIENTOS CATEGORIA TERCERA Y CUARTA,0.9653,6,1,14,1,,,False
COUNTRY MANAGER ECUADOR,COUNTRY MANAGER ECUADOR Y PANAMA,0.965,6,1,11,1,,,False
AUX. DE SERVICIOS,AUX. SERVICIO,0.9649,4,2,14,2,,,False
LABORATORISTA DE CONTROL DE CALIDAD,LABORATORISTA DE CALIDAD,0.9647,2,2,3,7,,,False
PERSONAL ACADEMICO TITULAR AGREGADO NIVEL 2,PERSONAL ACADEMICO TITULAR AGREGADO NIVEL 1,0.9646,1,1,7,6,,,False
ASESOR DE SERV. AL CLIENTE,ASESOR ATENCION AL CLIENTE,0.9646,28,8,632,92,,,False
COORDINADOR SENIOR ADMINISTRATIVO,COORDINADORA ADMINISTRATIVA SENIOR,0.9646,1,1,2,1,3.0,,False
EJECUTIVO DE CUENTA,EJECUTIVO DE CUENTA OPERATIVO,0.9646,109,1,1027,3,,,False
COORDINADOR DE PRODUCTO,COORDINADOR DE PRODUCTO A,0.9645,20,1,34,1,3.0,3.0,False
GERENTE DE DESARROLLO ORGANIZACIONAL,GERENTE DE DESARROLO ORGANIZACIONAL E INNOVACION,0.9644,4,1,9,1,5.0,5.0,False
ASISTENTE / ADMINISTRATIVO,ASITENTE /AUXILIAR ADMINISTRATIVO,0.9644,420,1,2299,3,1.0,1.0,False
SUPERVISOR DE CAJA,SUPERVISOR OPERATIVO DE CAJA,0.9643,21,2,277,17,3.0,3.0,False
PERSONAL ACADEMICO NO TITULAR OCASIONAL,PERSONAL ACADEMICO NO TITULAR OCASIONAL TIEMPO COMPLETO,0.9643,8,1,402,88,,,False
ASISTENTE DE CLIENTES Y SERVICIOS,ASISTENTE SERVICIO AL CLIENTE Y OPERACIONES,0.9642,87,3,386,8,1.0,1.0,False
TECNICO ESPECIALISTA MATERIALES,TECNICO DE MATERIALES,0.9642,1,1,1,2,3.0,2.0,True
ASISTENTE ADMINISTRA,ADMINISTRADOR ASISTENTE,0.9641,11,3,29,8,1.0,1.0,False
JEFE SERVICIO CLIENTE,JEFE CORPORATIVO DE SERVICIO AL CLIENTE,0.9641,47,3,83,9,4.0,4.0,False
JEFE DE CIBERSEGURIDAD,JEFE DE CIBERSEGURIDAD E INFRAESTRUCTURA,0.964,3,1,4,1,4.0,4.0,False
ASISTENDE ADMINISTRATIVO,ASISTENTE ADMINISTRA,0.9639,28,11,60,29,,1.0,False
SUPERVISOR DE MATERIA PRIMA,SUPERVISOR MATERIA PRIMA,0.9639,7,1,14,4,3.0,3.0,False
OPERADOR DE LIMPIEZA,OPERARIO PRODUCCION LIMPIEZA,0.9639,14,3,188,15,1.0,1.0,False
OPERARIO PLANTA TRATAMIENTO DE AGUA,OPERADORES DE PLANTA TRATAMIENTO DE AGUAS,0.9637,3,1,24,21,1.0,1.0,False
ADMINISTRADOR DE LOCAL,ADMINISTRADOR LOCAL,0.9637,50,3,262,9,,,False
DIRECTOR DE SUSCRIPCION,DIRECTOR SUSCRIPCION,0.9636,2,1,3,3,5.0,5.0,False
JEFE DE FINANZAS Y CONTROL,JEFE DE CONTROL Y CORDINACION FINANCIERA,0.9634,4,4,7,8,4.0,4.0,False
EJECUTIVO DE CUMPLIMIENTO,EJECUTIVO DE COMPLIANCE,0.9634,2,1,6,2,,,False
JEFE DE COMUNICACION,JEFE DE COMUNICACION CORPORATIVA,0.9633,14,5,23,8,4.0,4.0,False
SUPERVISOR DE DIGITADOR,SUPERVISOR DIGITACION,0.9632,3,1,5,4,3.0,3.0,False
COORDINADOR DE PLANIFICACION Y PROYECTOS,COORDINADOR DE PLANIFICACION Y PROCESOS,0.9629,5,2,6,3,3.0,3.0,False
ASISTENTE CALIDAD,ASISTENTE GESTION CALIDAD,0.9629,101,8,332,23,1.0,1.0,False
COORDINADOR SOSTENIBILIDAD,COORDINADOR DE SOSTENIBIL,0.9629,8,1,12,2,3.0,3.0,False
CUSTOMER SERVICE,CUSTOMER CARE,0.9628,22,1,120,8,,,False
SUPERVISOR DE AGENCIA,SUPERVISOR AGENCIA,0.9627,11,1,56,60,3.0,3.0,False
ASESOR ATENCION AL CLIENTE,ASESOR CENTRO DE ATENCION AL CLIENTE,0.9627,8,1,92,635,,,False
COORDINADOR DE DESARROLLO Y CAPACITACION,COORDINADOR DE FORMACION Y DESARROLLO,0.9626,2,1,3,1,3.0,3.0,False
ANALISTA DE MEDIOS DE PAGO,ANALISTA OPERACIONES MEDIOS DE PAGO,0.9626,4,2,4,2,2.0,2.0,False
JEFE ATENCION A CLIENTES,JEFE CENTRO ATENCION AL CLIENTE,0.9625,11,3,20,75,4.0,4.0,False
COORDINADOR DE INFRAESTRUCTURA Y REDES,COORDINADOR DE INFRAESTRUCTURA Y COMUNICACIONES,0.9625,5,3,8,4,3.0,3.0,False
ANALISTA PRODUCCION,ANALISTA SENIOR PRODUCCION,0.9625,41,1,127,1,2.0,2.0,False
COMPRADOR,COMPRADOR/A,0.9625,56,3,209,26,,,False
VENDEDOR AUTOVENTA,VENDEDOR AUTOVENTA B,0.9624,7,1,286,3,,,False
MECANICO DE MANTENIMIENTO,TECNICO DE MANTENIMIENTO / MECANICO,0.9623,25,5,125,20,,2.0,False
CHEF DE COCINA (ESTABLECIMIENTOS CATEGORIA PRIMERA,CHEF DE PARTIDA EN COCINA (ESTABLECIMIENTOS CATEGORIA PRIMERA,0.9623,6,6,14,14,,,False
CHOFER DE LOGISTICA,CHOFER Y LOGISTICA,0.9622,4,1,78,1,,,False
GESTOR DE CALIDAD Y PROCESOS,GESTOR DE CALIDAD Y LEVANTAMIENTO DE PROCESOS,0.9621,2,1,2,1,,,False
ASISTENTE DE BODEGA MP,AUXILIAR DE BODEGA DE MP,0.9621,4,3,6,5,1.0,1.0,False
ASISTENTE DE INVENTARIO Y LOGISTICA,ASISTENTE DE INVENTARIO Y TRANSPORTE,0.962,2,1,9,2,1.0,1.0,False
COORDINADOR SEGURIDAD FISICA,COORDINADOR SENIOR DE SEGURIDAD FISICA,0.9619,28,1,56,2,3.0,3.0,False
JEFE SEGURIDAD INDUSTRIAL MEDIO AMBIENTE,JEFE CORPORATIVO DE SEGURIDAD INDUSTRIAL Y MEDIO AMBIENTE,0.9619,14,1,24,2,4.0,4.0,False
EJECUTIVO ATENCION AL CLIENTE,EJECUTIVO ATENCION CLIENTE N,0.9619,12,1,144,5,,,False
JEFE DE DESARROLLO DE INTELIGENCIA ARTIFICIAL,COORDINADOR DE DESARROLLO DE INTELIGENCIA ARTIFICIAL,0.9618,1,1,1,1,4.0,3.0,True
ASISTENTE ATENCION AL CLIENTE,ASISTENTE DE ATENCION Y EXPERIENCIA DEL CLIENTE,0.9618,19,1,247,5,1.0,1.0,False
GERENTE ADMINISTRATIVO COMERCIAL,GERENTE ADMINISTRATIVO COMERCI,0.9618,5,1,6,1,5.0,5.0,False
ASISTENTE TECNICO Y ADMINISTRA,AYUDANTE TECNICO Y ADMINISTRATIVO,0.9617,14,1,30,2,2.0,2.0,False
SUPERVISOR DE MANTENIMIENTO,SUPERVISOR DE MANTENIMIENTO IN,0.9617,225,1,672,2,3.0,3.0,False
ASISTENTE DE BODEGA Y FARMACIA,AUXILIAR DE BODEGA Y FARMACIA,0.9616,4,3,10,24,1.0,1.0,False
COORDINADOR DE GESTION,COORDINADOR DE CONTROL DE GESTION,0.9615,8,4,18,6,3.0,3.0,False
ANALISTA DE PROCESO,ANALISTA DE PROCESOS SR.,0.9615,102,1,249,1,2.0,2.0,False
ANALISTA CONTABLE,ANALISTA CONTABLE SR,0.9615,391,2,1145,3,2.0,2.0,False
JEFE CALIDAD Y GESTION,JEFE DE CALIDAD Y PROCESO,0.9615,16,11,31,19,4.0,4.0,False
JEFE DE SEGURIDAD FISICA,JEFE DE OPERACIONES DE SEGURIDAD FISICA,0.9614,38,2,74,2,4.0,4.0,False
GUARDIA SEGURIDAD,GUARDIA SEGURID,0.9614,58,1,1462,26,,,False
GERENTE DE INGENIERIA,GERENTE CORPORATIVO DE INGENIERIA,0.9614,12,2,21,3,5.0,5.0,False
COORDINADOR PROCESOS,COORDINADOR DE PROCESOS Y PROCEDIMIENTOS,0.9614,51,2,109,4,3.0,3.0,False
TECNICO DE SEGURIDAD ELECTRONICA,TECNICO DE SEGURIDAD ELECTRONI,0.9613,11,2,78,3,2.0,2.0,False
GERENTE DE VENTAS MARKETING Y RESERVACIONES,JEFE DE VENTAS MARKETING Y RESERVACIONES,0.9612,1,1,2,2,5.0,4.0,True
ASISTENTE ADMINISTRATIVA CONTABLE,ASISTENTE ADM.CONTABLE,0.9611,42,3,83,3,1.0,1.0,False
CHEF DE COCINA (ESTABLECIMIENTOS CATEGORIA TERCERA Y CUARTA),SOUS CHEF DE COCINA (ESTABLECIMIENTOS CATEGORIA TERCERA Y CUARTA),0.9611,6,2,14,5,,,False
CHOFER DE TRACTOMULA # 60,CHOFER DE TRACTOMULA # 38,0.9611,1,1,12,2,,,False
ASISTENTE ATENCION AL CLIENTE,ASESOR ATENCION AL CLIENTE,0.9611,19,8,247,92,1.0,,False
ASISTENTE ADMINISTRATIVA FACTURACION Y COBRANZA,ASISTENTE ADMINISTRATIVO FACTURACION,0.9611,23,2,62,18,1.0,1.0,False
JEFE DE CONTABILIDAD Y TESORERIA,GERENTE DE CONTABILIDAD Y TESORERIA,0.9611,2,1,3,2,4.0,5.0,True
SUPERVISOR CALIDAD,CALIDAD SUPERVISOR,0.961,146,1,618,2,3.0,3.0,False
ANALISTA DE CAPACITACION Y DESARROLLO,ANALISTA DE CAPACITACION,0.961,7,6,13,9,2.0,2.0,False
GERENTE DE GESTION DE PROYECTOS,GERENTE DE PROYECTOS Y SERVICIOS,0.961,110,2,196,5,5.0,5.0,False
ASISTENTE DE BIENESTAR SOCIAL,ASESOR DE BIENESTAR SOCIAL,0.961,6,1,10,2,1.0,,False
AUXILIAR CONTROL DE CALIDAD,AUXILIAR ASEGURAMIENTO DE CALIDAD,0.961,26,5,78,10,1.0,1.0,False
COORD. DE SELECCION Y CAPACITACION,"COORD. SELECCION, CAPACITACION Y DESARROLLO",0.9609,2,1,3,2,,,False
TRABAJDOR DEL AGRO,TRABAJADOR AGRO,0.9609,38,1,3686,52,,,False
TECNICO MECANICO A,TECNICO MECANICO INDUSTRIAL A,0.9609,4,1,20,40,2.0,2.0,False
SUPERVISOR DE HIGIENE,SUPERVISOR(A) DE HIGIENE Y DESINFECCION,0.9608,3,1,7,1,3.0,3.0,False
ASISTENTE A DE AUDITORIA,AUXILIAR DE AUDITORIA,0.9608,101,16,682,63,1.0,1.0,False
ASISTENTE ADMINISTRATIVA DE TALLER,ANALISTA ADMINISTRATIVA DE TALLER,0.9607,3,1,5,1,1.0,2.0,True
AUXILIAR DE COMUNICACION ORGANIZACIONAL,AUXILIAR DE COMUNICACION CORPORATIVA,0.9607,3,1,5,1,1.0,1.0,False
JEFE DE OPERACIONES PLATANO,COORDINADOR DE OPERACIONES PLATANO,0.9607,1,1,2,2,4.0,3.0,True
JEFE DE COMUNICACION Y RELACIONES PUBLICAS,JEFE DE PUBLICIDAD Y COMUNICACION,0.9607,7,2,12,2,4.0,4.0,False
ASISTENTE DE SISTEMA DE GESTION INTEGRADO,AUXILIAR DE SISTEMA INTEGRADO DE GESTION,0.9606,5,1,8,3,1.0,1.0,False
ASESOR DE CALL CENTER,AGENTE DE CALL CENTER,0.9606,4,4,21,43,,,False
ANALISTA DE GESTION LOGISTICA,ANALISTA DE OPERACIONES LOGISTICA,0.9606,60,3,145,20,2.0,2.0,False
PANADERO - PASTELERO,PANADERO-PASTELERO,0.9606,20,5,91,11,,,False
ASISTENTE DE CAPACITACION,AUXILIAR DE CAPACITACION,0.9606,8,1,27,1,1.0,1.0,False
GERENTE DE SERVICIO TECNICO Y PROYECTOS,GERENTE DE PROYECTOS Y SERVICIOS,0.9605,4,2,7,5,5.0,5.0,False
JEFE DE RETAIL,JEFE DE OPERACIONES RETAIL,0.9605,6,2,12,2,4.0,4.0,False
ASISTENTE 2 ADMINISTRATIVO,ASISTENTE 1 ADMINISTRATIVO,0.9605,17,14,45,70,1.0,1.0,False
COORDINADOR INFRAESTRUCTURA,COORDINADOR DE INFRAESTRUCTURA Y REDES,0.9605,36,5,64,8,3.0,3.0,False
SUPERVISOR LOGISTICA Y OPERACIONES,SUPERVISOR DE LOGISTICA Y TRANSPORTE,0.9605,5,2,13,6,3.0,3.0,False
VENDEDOR POLIFUNCIONAL,VENDEDOR MULTIFUNCIONAL,0.9604,4,1,23,34,,,False
MONITOR DE CALIDAD,MONITOR(A) DE CALIDAD,0.9604,8,7,46,78,,,False
AUXILIAR DE TALLERES,AUXILIAR TALLERES,0.9604,2,1,11,2,1.0,1.0,False
COORDINADOR INVESTIGACION Y DESARROLLO,"COORDINADOR DE INVESTIGACION, DESARROLLO Y EMPAQUES",0.9604,15,1,36,2,3.0,3.0,False
COORDINADOR AUDIOVISUALES,COORDINADOR AUDIVISUALES,0.9604,5,1,9,1,3.0,3.0,False
JEFE DE CUMPLIMIENTO,JEFE DE CUMPLIMIENTO 1,0.9603,12,1,19,2,4.0,4.0,False
MONITOR DE CALIDAD,MONITOR - AGENTE DE CALIDAD,0.9603,8,2,46,8,,,False
AYUDANTE DE OPERARIO,AYUDANTE DE OPERADORES,0.9603,3,2,29,3,1.0,1.0,False
AUX. SERVICIOS,AUX SERVICIOS,0.9603,4,3,14,21,,,False
COORDINADOR DE PLANIFICACION Y PROYECTOS,COORDINADOR DE PLANIFICACION Y PRESUPUESTO,0.9603,5,1,6,2,3.0,3.0,False
GERENTE DE ESTRATEGIA COMERCIAL Y MARKETING,GERENTE DE GESTION ESTRATEGICA COMERCIAL,0.9603,3,2,4,3,5.0,5.0,False
MENSAJERIA Y LIMPIEZA,LIMPIEZA / MENSAJERIA,0.9602,7,1,42,1,,,False
AUXILIAR CENTRO DISTRIBUCION,ASISTENTE CENTRO DISTRIBUCION,0.9601,5,5,68,101,1.0,1.0,False
ASISTENTE DE OFICINA 2,ASISTENTE DE OFICINA 1,0.9601,2,1,3,3,1.0,1.0,False
SUPERVISOR CALIDAD,SUPERVISOR DE CALIDAD SR,0.9601,146,1,618,3,3.0,3.0,False
INGENIERO DE PROYECT,INGENIERO PROYECTISTA,0.9601,46,1,176,3,,,False
JEFE DE INFORMACION TECNOLOGICA,JEFE DE TEC DE LA INFORMACION,0.96,45,1,73,2,4.0,4.0,False
PLANIFICADOR,PLANIFICADOR (R),0.96,31,1,98,8,,,False
SUPERVISOR DE DESARROLLO DE SISTEMAS INFORMATICOS,SUPERVISOR DE DESARROLLO DE PROYECTOS INFORMATICOS,0.9599,2,2,2,3,3.0,3.0,False
DIRECTOR DE COMPRAS 采购经理,JEFE DE COMPRAS 采购经理,0.9598,1,1,1,1,5.0,4.0,True
ANALISTA DE CREDITO (RIESGOS),ANALISTA DE RIESGO CREDITICIO,0.9598,14,2,81,3,2.0,2.0,False
GESTOR DE RECUPERACION,GESTOR OPERATIVO DE RECUPERACION,0.9597,4,1,99,1,,,False
GERENTE PLANTA DE PROCESOS,JEFE DE PLANTA DE PROCESOS,0.9597,1,1,1,2,5.0,4.0,True
ASISTENTE DE VENTAS,ASISTENTE COMERCIAL DE VENTAS,0.9597,248,1,841,1,1.0,1.0,False
JEFE DE FABRICA,JEFE TECNICO DE FABRICA,0.9597,8,1,11,3,4.0,4.0,False
JEFE DE CONTRATOS,JEFE CONTRATACIONES,0.9596,3,2,4,3,4.0,4.0,False
JEFE DE OPERACIONES JR,COORDINADOR DE OPERACIONES JR,0.9596,2,1,2,2,4.0,3.0,True
ANALISTA ADMINISTRACION,ANALISTA AUXILIAR DE ADMINISTRACION,0.9596,158,8,364,20,2.0,2.0,False
AYUDANTE DE SUPERVISOR,AYUDANTE DE SUPERVISION,0.9596,15,3,102,25,3.0,1.0,True
JEFE DE PLANIFICACION DE TRANSPORTE,COORDINADOR DE PLANIFICACION DE TRANSPORTE,0.9595,2,2,3,3,4.0,3.0,True
COORDINADORA DE COMPENSACION,COORDINADORA DE COMPENSACION Y BENEFICIO,0.9595,6,1,10,2,,,False
AUXILIAR SERVICIO,AUX. SERVICIO,0.9595,16,2,85,2,1.0,,False
OPERADOR DE PRODUCCION JUNIOR,OPERADOR DE PRODUCCION JR,0.9595,2,1,43,12,1.0,1.0,False
ASISTEBTE ADMINISTRATIVO,ASITENTE /AUXILIAR ADMINISTRATIVO,0.9594,1731,1,7021,3,,1.0,False
SUPERVISOR DE PRODUCCION LBPK,JEFE DE PRODUCCION LBPK,0.9594,1,1,1,3,3.0,4.0,True
SUPERVISOR DE INVENTARIOS,SUPERVISOR CONTROL DE INVENTARIOS,0.9594,5,2,12,2,3.0,3.0,False
DOCENTE-PASTORAL,DOCENTE PASTORAL,0.9594,2,2,8,6,,,False
COORDINADOR EXPERIENCIA AL CLIENTE,COORDINADOR DE EXPERIENCIA DEL CLIENTE CORPORATIVO,0.9594,11,1,22,2,3.0,3.0,False
GERENTE DE INGENIERIA,GERENTE DE INGENIERIA INDUSTRIAL,0.9593,12,2,21,2,5.0,5.0,False
JEFE DE GESTION HUMANA,JEFE GESTION HUMANA,0.9593,19,2,38,3,4.0,4.0,False
GERENTE DE RETAIL,GESTOR DE RETAIL,0.9592,6,1,10,3,5.0,,False
JEFE DE PROYECTOS TI,COORDINADOR DE PROYECTOS TI,0.9592,6,3,29,10,4.0,3.0,True
AYUDANTE DE SOLDADOR,AYUDANTE DE SOLDADOR TIPO A,0.9591,21,1,118,1,1.0,1.0,False
AUXILIAR ELECTRICO,AUXILIAR/ EN EL AREA ELECTRICA,0.9591,15,1,44,1,1.0,1.0,False
LIDER DE MANTENIMIENTO,LIDER TECNICO DE MANTENIMIENTO,0.9591,16,2,37,5,,2.0,False
ASIST. PRODUCCION,ASIST PRODUCCION,0.9591,6,4,11,9,,,False
ASISTENTE DE MANTENIMIENTO ELECTRICO,AYUDANTE DE MANTENIMIENTO ELECTRICO,0.9591,8,2,48,11,1.0,1.0,False
SUPERVISOR LOGISTICO Y BODEGA,SUPERVISOR LOGISTICO Y BODEGA PT,0.9591,4,2,7,3,3.0,3.0,False
PANADERO - PASTELERO,PASTELERO Y/O PANADERO,0.959,20,1,91,2,,,False
COORDINADOR DE COMPENSACION Y BENEFICIOS,COORDINADORA DE COMPENSACION Y BENEFICIO,0.959,8,1,16,2,3.0,,False
ASISTENTE DE FACTURACION,ASISTENTE DE FACTURACION Y ATENCION AL C,0.959,145,1,478,1,1.0,1.0,False
SECRETARIA - RECTORADO,SECRETARIO/A DE RECTORADO,0.959,3,1,4,1,,,False
GERENTE RELACIONES INSTITUCIONALES Y SUSTENTABILIDAD,COORDINADOR RELACIONES INSTITUCIONALES Y SUSTENTABILIDAD,0.9589,1,1,1,1,5.0,3.0,True
SUPERVISOR ADMINISTRACION,SUPERV. ADMINISTRATIVO,0.9589,18,1,47,2,3.0,,False
ASISTENTE CAJA,ASISTENTE DE CAJA I,0.9589,20,1,72,4,1.0,1.0,False
JEFE DE PUBLICIDAD,JEFE DE PUBLICIDAD Y COMUNICACION,0.9588,9,2,17,2,4.0,4.0,False
JEFE DE INFRAESTRUCTURA Y MANTENIMIENTO,JEFE DE INFRAESTRUCTURA Y PROYECTOS,0.9588,4,3,7,3,4.0,4.0,False
EJECUTIVO DE PROYECTOS,EJECUTIVO DE PROYECTOS Y PROCESOS,0.9588,8,1,24,1,,,False
ASISTENTE DE DESARROLLO TECNOLOGICO,ASISTENTE DESARROLLO TECNICO,0.9587,2,1,7,1,1.0,2.0,True
JEFE DE SEGURIDAD INDUSTRIAL Y AMBIENTE,JEFE DE SEGURIDAD INDUSTRIAL Y SALUD OCUPACIONAL,0.9584,14,14,24,21,4.0,4.0,False
OPERADOR MAQUINARIA PESADA,OPERADOR DE MAQUINA PESADA,0.9584,19,1,385,2,1.0,1.0,False
GERENTE DE PRODUCTO HOGAR,JEFE DE PRODUCTO HOGAR,0.9584,1,1,1,1,5.0,4.0,True
JEFE DE COMUNICACION,JEFE DE COMUNICACION Y RELACIONES PUBLICAS,0.9584,14,7,23,12,4.0,4.0,False
JEFE DE FINANZAS,JEFE DE FINANZAS Y CONTROL,0.9584,15,4,22,7,4.0,4.0,False
JEFE DE CALIDAD Y PROCESO,JEFE DE CALIDAD Y SISTEMAS DE GESTION,0.9583,11,8,19,13,4.0,4.0,False
ESPECIALISTA DE TALENTO HUMANO,PROFESIONAL DE TALENTO HUMANO,0.9583,18,1,33,2,3.0,,False
COORDINADOR SEGURIDAD FISICA,COORDINADOR DE SEGURIDAD FISICA INTEGRAL,0.9583,28,1,56,2,3.0,3.0,False
ASISTENTE/AUXILIAR DE SERVICIOS GENERALES,ASISTENTE DE SERVICIOS GENERALES Y PROVEDURIA,0.9583,304,2,2959,4,1.0,1.0,False
ANALISTA DE DESARROLLO HUMANO Y ORGANIZACIONAL,ANALISTA DE GESTION Y DESARROLLO HUMANO,0.9583,2,1,4,6,2.0,2.0,False
ASISTENTE DE COMUNICACION ORGANIZACIONAL,ASISTENTE DE DESARROLLO Y COMUNICACION ORGANIZACIONAL,0.9582,3,1,5,1,1.0,1.0,False
JEFE DE CIBERSEGURIDAD,GERENTE DE CIBERSEGURIDAD,0.9582,3,2,4,3,4.0,5.0,True
JEFE DE GESTION DE PRODUCTOS I,JEFE DE GESTION DE PRODUCTO,0.9582,1,1,4,3,4.0,4.0,False
JEFE CONTROL CALIDAD,JEFE DE CONTROL DE CALIDAD Y SUSTENTABILIDAD,0.9582,88,1,160,2,4.0,4.0,False
DOCENTE DE PREESCOLAR,PROFESOR DE PREESCOLAR,0.9582,3,1,67,35,,,False
COORDINADOR INFRAESTRUCTURA,COORDINADOR(A) DE INFRAESTRUCTURA INFOR.,0.9582,36,1,64,2,3.0,3.0,False
ASISTENTE ADMINISTRATIVA 3,ASISTENTE ADMINISTRATIVA 4,0.9581,4,2,10,16,1.0,1.0,False
ASISTENTE DE TESORERIA JR.,ASISTENTE DE TESORERIA JUNIOR,0.9581,1,1,3,1,1.0,1.0,False
ASISTENTE CONTROL CALIDAD,ASISTENTE GESTION CALIDAD,0.9581,43,8,153,23,1.0,1.0,False
ANALISTA DE PROCESO Y MEJORA CONTINUA,ANALISTA DE MEJORA DE PROCESOS,0.9581,7,2,16,6,2.0,2.0,False
AYUDANTE DE BODEGA PT,AYUDANTE DE BODEGA P.T,0.9581,8,2,55,6,1.0,1.0,False
SUBGERENTE ADMINISTRATIVA FINANCIERA,SUPERVISORA FINANCIERA ADMINISTRATIVA,0.958,10,1,19,2,4.0,,False
GERENTE DE VENTAS COSTA,GERENTE REGIONAL VENTAS COSTA,0.958,4,3,5,9,5.0,5.0,False
ASISTENTE DE PROCESAMIENTO DE DATOS,AUXILIAR DE PROCESAMIENTO DE DATOS,0.958,3,1,5,1,1.0,1.0,False
JEFE JURIDICO,JEFE_JURIDICO,0.9579,8,1,16,2,4.0,,False
ASISTENTE DE PLANTA,ASISTENTE TECNICO DE PLANTA,0.9579,26,1,734,1,1.0,2.0,True
RESPONSABLE DE SEGURIDAD DE LA INFORMACION,RESPONSABLE DE SEGURIDAD DE LA INFORMACION E INFRAESTRUCTURA,0.9579,2,1,2,1,,,False
"SUPERVISOR DE SALUD, SEGURIDAD, AMBIENTE Y CALIDAD",SUPERVISOR DE SALUD Y SEGURIDAD,0.9579,7,2,17,2,3.0,3.0,False
SUPERVISOR DE CAMPO - C1,SUPERVISOR DE CAMPO - C2,0.9578,2,1,3,1,3.0,3.0,False
GERENTE DE RECURSOS HUMAN,GERENTE ASOCIADO DE RECURSOS HUMANO,0.9578,84,1,148,1,5.0,5.0,False
PERSONAL ACADEMICO TITULAR AUXILIAR,PERSONAL ACADEMICO TITULAR AUXILIAR 1,0.9578,11,2,686,17,1.0,1.0,False
ANALISTA COMUNICACION,ANALISTA COMUNICACION Y DESARROLLO,0.9578,28,2,44,3,2.0,2.0,False
ANALISTA DE AUDITORIA INTERNA,ANALISTA DE CONTROL Y AUDITORIA INTERNA,0.9578,6,1,12,3,2.0,2.0,False
ASISTENTE SENIOR DE AUDITORIA INTERNA,ANALISTA DE AUDITORIA INTERNA SENIOR,0.9578,1,1,1,2,1.0,2.0,True
SUPERVISOR DE CONTROL DE CALIDAD,SUPERVISOR CALIDAD Y REGULATORIOS,0.9577,51,2,104,4,3.0,3.0,False
COORDINADOR (A) DE MARKETING,COORDINADOR DE OPERACIONES DE MARKETING,0.9577,200,2,367,4,3.0,3.0,False
JEFE DE CIBERSEGURIDAD,JEFE DE CYBERSEGURIDAD,0.9577,3,1,4,1,4.0,4.0,False
AUXILIAR CALIDAD,AUXILIAR CONTROL DE CALIDAD,0.9576,35,26,115,78,1.0,1.0,False
GERENTE DE COMPRAS Y LOGISTICA,GERENTE SENIOR DE COMPRAS Y LOGISTICA,0.9576,7,1,10,1,5.0,5.0,False
COORDINADOR EXPERIENCIA AL CLIENTE,COORDINADOR DE CUSTOMER EXPERIENCE,0.9576,11,5,22,11,3.0,3.0,False
JEFE DE DESARROLLO ESTRATEGICO,DIRECTOR DE DESARROLLO ESTRATEGICO,0.9575,2,1,2,1,4.0,5.0,True
ANALISTA DE INFRAESTRUCTURA Y SOPORTE,ANALISTA INFRAESTRUCTURA Y REDES,0.9575,6,4,27,7,2.0,2.0,False
DOCENTE DE INGLES EDUCACION BASICA MEDIA,DOCENTE BASICA MEDIA INGLES,0.9575,2,2,11,16,,,False
ASISTENTE DE AUDITORIA SENIOR,ASISTENTE SENIOR DE AUDITORIA INTERNA,0.9575,2,1,3,1,1.0,1.0,False
SUPERVISOR DE CAMPO 1,SUPERVISOR DE CAMPO ZONAL 1,0.9574,2,1,3,2,3.0,3.0,False
OPERADOR DE CENTRIFUGA,OPERADOR DE CENTRIFUGA 1,0.9574,3,1,6,6,1.0,1.0,False
GERENTE DE PROYECTO,GESTOR DE PROYECTO,0.9574,34,12,96,37,5.0,,False
JEFE DE SEGURIDAD INDUSTRIAL Y AMBIENTE,JEFE DE SEGURIDAD INDUSTRIAL Y GESTION AMBIENTAL Y RSE,0.9573,14,1,24,2,4.0,4.0,False
JEFE DE PRODUCCION - B,COORDINADOR DE PRODUCCION - B,0.9573,1,1,1,1,4.0,3.0,True
COORDINADOR CREDITO,COORDINADOR CREDITO PERSONAS,0.9573,80,1,147,2,3.0,3.0,False
SUPERVISOR DE CAMPO,SUPERVISOR DE CAMPO 1,0.9573,48,2,325,3,3.0,3.0,False
SUPERVISOR DE SEGURIDAD INTEGRAL,SUBGERENTE DE SEGURIDAD INTEGRAL,0.9573,4,1,23,1,3.0,4.0,True
JEFE DE VENTAS UIO,GERENTE DE VENTAS - UIO,0.9572,4,1,6,1,4.0,5.0,True
COORDINADOR OPERACIONES AA,JEFE OPERACIONES AA,0.9572,3,1,7,2,3.0,4.0,True
SUPERVISOR DE ETIQUETADO,SUPERVISOR GENERAL DE ETIQUETADO,0.9572,5,1,12,2,3.0,3.0,False
JEFE DE ALMACENES Y DISTRIBUCION,JEFE DE CENTRO DE DISTRIBUCION Y ALMACEN,0.9572,2,2,4,2,4.0,4.0,False
"ELECTRICISTA, MECANICO DE EQUIPOS ESPECIALIZADOS PROPIOS DE LA INDUSTRIA","AYUDANTE DE ELECTRICISTA, MECANICO DE EQUIPOS ESPECIALIZADOS PROPIOS DE LA INDUSTRIA",0.9571,6,1,23,1,,1.0,False
GERENTE REGIONAL DE DESARROLLO DE NEGOCIOS,JEFE REGIONAL DE DESARROLLO DE NEGOCIOS,0.9571,1,1,1,1,5.0,4.0,True
ANALISTA DE IMPORTACIONES Y ABASTECIMIENTO,ANALISTA DE IMPORTACIONES Y CADENA DE SUMINISTRO,0.9571,4,1,6,2,2.0,2.0,False
AYUDANTES 1 DE PRODUCCION NO ESTERILES,AYUDANTES 1 DE PRODUCCION ESTERILES,0.957,1,1,23,11,1.0,1.0,False
GERENTE DE SISTEMAS DE GESTION INTEGRADO,GERENTE DE SISTEMAS INTEGRADOS,0.957,3,1,3,2,5.0,5.0,False
ASISTENTE RECEPCION,ASISTENTE ADMINISTRATIVA - RECEPCION,0.957,14,9,121,11,1.0,1.0,False
DOCENTE DE EDUCACION BASICA,DOCENTE EDUCACION GENERAL BASICA,0.9569,2,1,50,1,,,False
COORDINADOR DE GESTION,COORDINADOR DE GERENCIA,0.9569,8,8,18,15,3.0,3.0,False
SUBGERENTE DE LOGISTICA,SUB-GERENTE LOGISTICO,0.9569,3,1,6,2,4.0,5.0,True
COORDINADOR SSA,COORDINADOR GENERAL SSA,0.9569,15,1,29,2,3.0,3.0,False
ANALISTA OPERATIVO TARJETA DE CREDITO,ANALISTA OPERATIVO TARJETA DE CREDITO - PROCESOS,0.9569,1,1,4,10,2.0,2.0,False
ASISTENTE CREDITO,ASISTENTE CREDITO PERSONAS,0.9569,72,1,274,1,1.0,1.0,False
AUXIILIAR DE LIMPIEZA,AUXILIAR OPERATIVO LIMPIEZA,0.9569,446,1,3081,10,,1.0,False
JEFE CONTROL CALIDAD,JEFE CONTROL DE CALIDAD Y MEJORA CONTINUA,0.9568,88,2,160,5,4.0,4.0,False
AUXILIAR DE OPERACIONES,AUXILIAR DE OPERADOR,0.9568,48,3,993,42,1.0,1.0,False
COORDINADOR DE CONTROL DE OBRAS,JEFE DE CONTROL DE OBRAS,0.9567,1,1,1,1,3.0,4.0,True
ANALISTA DE BASE DE DATOS,ANALISTA DE BASE DE DATOS Y APLICACIONES,0.9567,10,1,16,3,2.0,2.0,False
COORDINADOR FISIOTERAPISTA,COORDINADORA DE FISIOTERAPIA,0.9567,4,1,4,1,3.0,,False
GEOLOGO DE EXPLORACION,GEOLOGOS DE EXPLORACION,0.9566,5,1,28,4,,,False
ASISTENTE ADMINISTRATIVA DE TALLER,ASISTENTE ADMINISTRATIVO DEL JEFE DE TALLER,0.9566,3,3,5,4,1.0,4.0,True
MERCADERISTA VENDEDOR,MERCADERISTA DE VENTAS,0.9566,4,1,39,15,,,False
SUPERVISOR DE LOGISTICA,SUPERVISOR LOGISTICA Y OPERACIONES,0.9566,73,5,265,13,3.0,3.0,False
ASISTENTE ADMINISTRATIVA Y PRESIDENCIA,ASISTENTE ADMINISTRATIVO DE PRESIDENCIA,0.9565,4,1,7,2,1.0,1.0,False
JEFE CONTROL CALIDAD,JEFE DE CONTROL DE CALIDAD EN PRODUCCION,0.9565,88,4,160,7,4.0,4.0,False
JEFE DE QHSE,GERENTE DE QHSE,0.9565,3,1,8,2,4.0,5.0,True
CHOFER PARA CAMIONES PESADOS,CHOFER CAMIONES PESADOS,0.9565,4,3,10,9,,,False
ASISTENTE DE DESPACHO LOGISTICO,ASISTENTE LOGISTICA Y DESPCHO,0.9565,3,2,11,3,1.0,1.0,False
SUPERVISOR DE CALIDAD Y PROCESOS,SUPERVISOR CALIDAD Y REGULATORIOS,0.9565,5,2,12,4,3.0,3.0,False
ASISTENTE DE CONTABLE,ASISTENTE CONTABLE Y TESORERIA,0.9564,5,1,22,1,1.0,1.0,False
ADMINISTRADOR BASE DE DATOS,ADMINISTRADOR BASE DE DATOS Y DESARROLLO,0.9564,56,1,113,2,,,False
CONSULTOR DE NEGOCIOS SENIOR,ASESOR DE NEGOCIOS SENIOR,0.9564,4,1,21,34,,,False
ASISTENTE DE VENTAS B PDV,ASISTENTE DE VENTAS B,0.9563,1,1,187,9,1.0,1.0,False
COORDINADOR DE FARMACIA,COORDINADOR DE FARMACIA / BODEGA,0.9563,2,1,2,4,3.0,3.0,False
ESPECIALISTA RECURSOS HUMANOS,ESPECIALISTA DE RECURSOS HUMANOS I,0.9563,13,2,26,2,3.0,3.0,False
JEFE . ADMINISTRATIVA,JEFE ADMINISTRATIVOS.,0.9563,310,1,627,2,4.0,4.0,False
OPERADOR TECNICO DE CLARIFICACION,OPERADOR DE CLARIFICACION,0.9563,1,1,3,3,2.0,1.0,True
JEFE DE DISTRIBUCION Y LOGISTICA,JEFE DE ALMACENES Y DISTRIBUCION,0.9562,13,2,25,4,4.0,4.0,False
ANALISTA CALIDAD,ANALISTA CONTROL CALIDAD,0.9562,162,15,890,91,2.0,2.0,False
OPERADOR EXTRUSION,OPERADOR EXTRUSION 1,0.9562,5,1,204,2,1.0,1.0,False
ASISTENTE/AUXILIAR DE SERVICIOS GENERALES,AYUDANTE AUXILIAR DE SERVICIOS EN GENERAL,0.9561,304,10,2959,78,1.0,1.0,False
JEFE FACTURACION,JEFE DE FACTURACION Y COBRANZA,0.9561,19,8,34,16,4.0,4.0,False
COORDINADOR ABASTECIMIENTO,COORDINADOR/A GENERAL ABASTECIMIENTO,0.9561,15,1,25,1,3.0,3.0,False
OPERADOR DE MAQUINARIA PESADA 1,OPERADOR DE MAQUINARIA PESADA 2,0.956,2,1,40,32,1.0,1.0,False
GERENTE DE AUDITORIA Y CONTROL,GERENTE DE ADMINISTRACION Y AUDITORIA,0.956,2,1,5,1,5.0,5.0,False
JEFE DE ARQUITECTURA,JEFE DE PROYECTOS ARQUITECTONICOS,0.956,4,1,7,1,4.0,4.0,False
AUXILIAR OFICINA,AUX. OFICINA,0.956,41,2,183,8,1.0,,False
OPERADOR MECANICO MAQ. SEMICOMPLEJAS,OPERADOR MECANICO MAQ.SEMICOMPLEJAS SOLDADURA,0.956,1,1,5,14,1.0,1.0,False
SUPERVISORA FINANCIERA,SUPERVISORA FINANCIERA ADMINISTRATIVA,0.9559,11,1,18,2,,,False
AYUDANTES 1 DE PRODUCCION NO ESTERILES,AYUDANTES 3 DE PRODUCCION NO ESTERILES,0.9559,1,1,23,4,1.0,1.0,False
OPERARIO FABRICANTE,OPERARIO MANUFACTURA,0.9559,4,2,29,129,1.0,1.0,False
TECNICO REPARADOR,TECNICO REPARACIONES,0.9559,12,1,80,1,2.0,2.0,False
AUXILIAR CONTROL DE CALIDAD,AUXILIAR DE GESTION DE CALIDAD,0.9559,26,3,78,5,1.0,1.0,False
ANALISTA DE MEDIOS DE PAGO,ANALISTA DE TARJETAS Y MEDIOS DE PAGO,0.9558,4,1,4,2,2.0,2.0,False
ASISTENTE DE PERSONAL,ASISTENTE DE ADM. DE PERSONAL,0.9558,5,4,16,8,1.0,1.0,False
VICERRECTOR ADMINISTRATIVO,VICERRECTORADO ADMINISTRATIVO,0.9558,5,1,8,1,,,False
SUPERVISOR DE LOGISTICA,SUPERVISOR DE LOGISTICA INTERNA,0.9558,73,2,265,6,3.0,3.0,False
COORDINADOR CAMPO,COORDINADOR ADMINISTRATIVO CAMPO,0.9558,6,1,32,2,3.0,3.0,False
COORDINADOR BODEGA,COORDINADOR BODEGA 1,0.9558,126,1,321,6,3.0,3.0,False
ENFERMERO,3. ENFERMERO,0.9557,281,1,2193,1,,,False
CONTADOR JUNOR,CONTADOR JR,0.9557,18,15,69,27,,,False
SUPERVISOR LOGISTICA Y OPERACIONES,SUPERVISOR EN LOGISTICA Y COMPRAS,0.9557,5,2,13,3,3.0,3.0,False
TRABAJADOR AGRICOLA 3,TRABAJADOR AGRICOLA 4,0.9557,3,1,55,1,,,False
AUX. SERVICIO,AUX DE SERVICIO,0.9557,2,1,2,5,,,False
TECNICO DE RIESGOS,ESPECIALISTA TECNICO DE RIESGOS,0.9557,1,1,1,3,2.0,3.0,True
SUPERVISOR DE SEGURIDAD FISICA,SUPERVISOR DE SEGURIDAD FISICA - B,0.9556,38,1,87,8,3.0,3.0,False
OPERADOR MECANICO MAQ. SEMICOMPLEJAS,OPERADOR MECANICO MAQ.SEMICOMPLEJAS EMBUTIDOS,0.9556,1,1,5,17,1.0,1.0,False
ASISTENTE AUDITORIA INTERNA,ASISTENTE SENIOR DE AUDITORIA INTERNA,0.9556,16,1,29,1,1.0,1.0,False
ANALISTA DE INFRAESTRUCTURA,ANALISTA INFRAESTRUCTURA Y REDES,0.9556,53,4,139,7,2.0,2.0,False
TECNICO SENIOR 1,TECNICO JUNIOR 1,0.9555,1,1,10,5,2.0,2.0,False
INGENIERO INSPECTOR DE PROYECTOS 216,INGENIERO INSPECTOR DE PROYECTOS 264,0.9555,1,1,4,2,,,False
ANALISTA MICROBIOLOGIA,ANALISTA DE LABORATORIO DE MICROBIOLOGIA,0.9555,30,4,64,4,2.0,2.0,False
ASISTENTE 2 ADMINISTRATIVO,ASISTENTE GESTION ADMINISTRATIVA 2,0.9555,17,1,45,3,1.0,1.0,False
ASISTENTE DE DOCUMENTACION EXPORT JR.,ASISTENTE DOCUMENTACION EXPORTACION JUNIOR,0.9554,1,1,3,5,1.0,1.0,False
SUSCRIPTOR TECNICO,SUSCRIPTOR TECNICO SENIOR,0.9554,3,2,18,2,2.0,2.0,False
OPERARIO/A DE MANTENIMIENTO,OPERARIO DE MANTENIMIENTO E INFRAESTRUCTURA,0.9554,4,1,103,1,1.0,1.0,False
ASISTENTE CONTABLE AUDITORIA DE VENTAS,ANALISTA CONTABLE AUDITORIA DE VENTAS,0.9554,1,1,1,1,1.0,2.0,True
JEFE DE SEGURIDAD INDUSTRIAL Y AMBIENTE,GERENTE DE SEGURIDAD INDUSTRIAL Y MEDIO AMBIENTE,0.9554,14,3,24,4,4.0,5.0,True
ASISENTE ADMINISTRATIVO,ASITENTE /AUXILIAR ADMINISTRATIVO,0.9554,4,1,13,3,,1.0,False
SUPERINTENDENTE DE OBRA DE CONSTRUCCION,SUPERINTENDENTE DE CONSTRUCCIONES,0.9554,9,2,43,4,,,False
LIMPIEZA & MANTENIMIENTO,LIMPIEZA MANTENIMIENTO,0.9554,18,2,54,4,,,False
OFICIAL CUMPLIMIENTO TITULAR,OFICIAL CUMPLIMIENTO PRINCIPAL,0.9554,12,1,20,2,,,False
OPERADOR DE GRUA 90 TON,OPERADOR DE GRUA 80 TON,0.9553,1,1,13,15,1.0,1.0,False
SUPERVISOR DE DE VENTAS,SUPERVISOR DE VENTAS PROFESIONAL,0.9553,276,1,1569,2,3.0,3.0,False
ASISTEBTE ADMINISTRATIVO,ASISTENTE ADMINISTRA,0.9553,1731,11,7021,29,,1.0,False
COORDINADOR CRM,COORDINADOR DE CRM,0.9553,6,2,12,4,3.0,3.0,False
ASISTENTE COMERCIALIZACION Y VENTAS,ASISTENTE COMERCIAL DE VENTAS,0.9553,8,1,25,1,1.0,1.0,False
PLANIFICADOR DE DEMANDA,PLANNER DE DEMANDA,0.9552,15,2,26,3,,,False
SUPERVISOR DE SERVICIO,SUPERVISOR DE SERVICIOS I,0.9552,11,1,99,2,3.0,3.0,False
GERENTE DE PROYECTOS Y SERVICIOS,GERENTE DE PROYECTOS / ASESOR GERENCIAL,0.9552,2,1,5,2,5.0,5.0,False
CREADOR DE CONTENIDO,CREATIVO DE CONTENIDO,0.9551,12,1,20,2,,,False
JEFA ADMINISTRATIVA FINANCIERA,JEFA ADMINISTRATIVA Y FINANCIERA,0.9551,21,2,28,3,,,False
JEFE DE DESARROLLO ORGANIZACIONAL Y EXPERIENCIA DEL CLIENTE,ASISTENTE DE DESARROLLO ORGANIZACIONAL Y EXPERIENCIA DEL CLIENTE,0.9551,1,1,2,1,4.0,1.0,True
GERENTE ADMINISTRATIVO FINANCI,GERENTE ADMINISTRATIVA - FINANCIERA,0.9551,157,49,277,84,5.0,5.0,False
ASISTENTE DE SEGURIDAD Y SALUD OCUPACIONA,ASISTENTE SALUD OCUPACIONAL,0.9551,19,3,33,15,1.0,1.0,False
ASISTENTE SALUD OCUPACIONAL,ASISTENTE ADMINISTRATIVO SALUD OCUPACIONAL,0.955,3,2,15,3,1.0,1.0,False
GERENTE DE INGENIERIA,GERENTE DE INGENIERIA Y PROYECTOS,0.955,12,1,21,2,5.0,5.0,False
JEFE OPERATIVO DE TARJETAS DE CREDITO EMISION,JEFE OPERATIVO TARJETA DE CREDITO,0.955,2,1,3,2,4.0,4.0,False
INGENIERO DE INFRAESTRUCTURA Y COMUNICACIONES,INGENIERO DE COMUNICACIONES,0.9549,2,1,5,3,,,False
SUPERVISOR DE PESCA,JEFE DE SUPERVISORES DE PESCA,0.9549,4,1,10,1,3.0,4.0,True
OPERADOR DE MAQUINA CORTADORA,OPERADOR MAQUINAS DE CORTE,0.9549,3,1,38,1,1.0,1.0,False
ASISTENTE GESTION CALIDAD,ASISTENTE DE GESTION DE LA CALIDAD Y MEJORA CONTIN,0.9549,8,2,23,2,1.0,1.0,False
AUX. DE SECRETARIA,AUXI. SECRETARIA,0.9549,17,6,70,26,,,False
TECNICO DE MANTENIMIENTO QUITO,ASISTENTE DE MANTENIMIENTO QUITO,0.9548,1,1,1,1,2.0,1.0,True
OPERADOR DE MANTENIMIENTO,OPERARIO/A DE MANTENIMIENTO,0.9548,44,4,495,103,1.0,1.0,False
ASISTENTE GESTION CALIDAD,ASISTENTE DE SISTEMA DE GESTION DE CALIDAD,0.9548,8,5,23,7,1.0,1.0,False
ASISTENTE DE ADMISION,ASISTENTE ADMISIONES,0.9548,12,4,39,9,1.0,1.0,False
EJECUTIVO DE COBRANZAS,EJECUTIVO DE GESTION DE COBRANZAS,0.9548,41,1,564,6,,,False
LIMPIEZA Y MANT.,MANT. Y LIMPIEZA,0.9548,18,1,54,2,,,False
JEFE DE CAMPO 2,JEFE DE CAMPO 1,0.9547,3,3,5,5,4.0,4.0,False
ASISTENTE CONTROL CALIDAD,ASISTENTE CONTROL CALIDAD 1,0.9547,43,2,153,6,1.0,1.0,False
ANALISTA PRODUCCION,ANALISTA DE PRODUCCION SR,0.9547,41,1,127,3,2.0,2.0,False
GERENTE DE CALIDAD E INNOVACION,GERENTE DE CALIDAD Y DESARROLLO,0.9546,3,2,5,4,5.0,5.0,False
COORDINADOR SENIOR DE AUDITORIA INTERNA,ASISTENTE SENIOR DE AUDITORIA INTERNA,0.9546,3,1,4,1,3.0,1.0,True
PLANIFICADOR SUMINISTRO,PLANEADOR DE SUMINISTRO,0.9546,3,1,4,1,,,False
AUXILIAR DE MERCADEO,AUXILIAR DE MERCADEO Y VENTAS,0.9546,3,1,72,2,1.0,1.0,False
JEFE DE MANT. ELECTRICO,JEFE DE MANT ELECTRICO Y MECANICO,0.9546,9,2,13,3,4.0,4.0,False
CUSTOMER SERVICE ANALYST,CUSTOMER EXPERIENCE ANALYST,0.9545,7,1,17,1,,,False
GERENTE DE INGENIERIA Y PRESUPUESTOS,GERENTE DE INGENIERIA Y PROYECTOS,0.9545,2,1,3,2,5.0,5.0,False
COORDINADOR RRHH,COORDINADOR NOMINA RRHH,0.9545,14,1,23,3,3.0,3.0,False
ANALISTA DE COMPRA,ANALISTA DE COMPRA INT.,0.9545,199,1,544,1,2.0,2.0,False
JEFE DE INFRAESTRUCTURA Y MANTENIMIENTO,GERENTE DE INFRAESTRUCTURA Y MANTENIMIENTO,0.9545,4,1,7,1,4.0,5.0,True
JEFE DE VENTAS CANAL DE DISTRIBUCION,GERENTE DE VENTAS CANAL DISTRIBUTIVO,0.9544,2,1,2,1,4.0,5.0,True
ANALISTA COMERCIAL Y ADMINISTRATIVO,ANALISTA COMERCIAL Y DE GERENCIA,0.9544,4,1,9,1,2.0,2.0,False
ASISTENTE PROCESOS,ASISTENTE GESTION DE PROCESOS,0.9544,45,1,76,1,1.0,1.0,False
ASISTENTE ADM DE VENTAS,ASISTENTE COMERCIAL DE VENTAS,0.9544,3,1,7,1,1.0,1.0,False
EJECUTIVA DE SOPORTE,EJECUTIVO SOPORTE,0.9543,1,1,3,62,,,False
OPERADOR TERMOFORMADORA,OPERADOR DE MAQ. (TERMOFORMADORAS),0.9543,3,1,129,19,1.0,1.0,False
ADMINISTRADOR DE REDES,ADMINISTRADOR DE REDES Y TI,0.9543,18,1,35,2,,,False
SUPERVISOR DE SERVICIO DE CAMPO I,SUPERVISOR DE CAMPO 1,0.9543,3,2,14,3,3.0,3.0,False
JEFE DE MONTAJE,JEFE DE MONTAJE Y SOLDADURA,0.9543,2,1,3,1,4.0,4.0,False
ANALISTA DE PROCESOS Y PROYECTOS,ANALISTA DE PROCESOS Y PRODUCTIVIDAD,0.9542,11,2,15,7,2.0,2.0,False
ANALISTA DE MEDIOS DE PAGO,ANALISTA DE MONITOREO DE MEDIOS DE PAGO,0.9542,4,2,4,13,2.0,2.0,False
COORDINADOR DE CENTRO MEDICO,COORDINADOR DE CENTROS MEDICOS/HOSPITAL,0.9541,5,1,19,2,3.0,3.0,False
ASISTENTE I LEGAL,ASISTENTE ADM. LEGAL,0.9541,3,1,6,2,1.0,1.0,False
ASESOR ADMINISTRATIVO,ASISENTE ADMINISTRATIVO,0.9541,11,4,20,13,,,False
ANALISTA DE INFRAESTRUCTURA Y SOPORTE,ANALISTA DE INFRAESTRUCTURA Y COM,0.9541,6,1,27,2,2.0,2.0,False
COORDINADOR DE MARKETING Y SERVICIO AL CLIENTE,JEFE DE MARKETING Y SERVICIO AL CLIENTE,0.9541,2,1,4,1,3.0,4.0,True
COORDINADOR DE REGISTROS,COORDINADOR TECNICO DE REGISTROS,0.954,3,1,8,4,3.0,3.0,False
COORDINADOR DE CONTROL DE PROYECTOS,JEFE DE CONTROL DE PROYECTO,0.954,1,1,2,2,3.0,4.0,True
OPERADOR CAMARA,OPERARIO DE CAMARA,0.954,3,2,22,56,1.0,1.0,False
JEFE DE PROYECTO PMO,GERENTE DE PROYECTOS PMO,0.9539,2,2,3,2,4.0,5.0,True
ASISTENTE DE CUSTOMER EXPERIENCE Y SERVICIO AL CLIENTE,ASISTENTE DE ATENCION Y EXPERIENCIA DEL CLIENTE,0.9539,2,1,10,5,1.0,1.0,False
JEFE DE PRESUPUESTO Y PLANIFIC,JEFE DE PLANIFICACION FINANCIERA Y PRESUPUESTO,0.9539,6,4,9,5,4.0,4.0,False
ANALISTA DE OPERACIONES LOGISTICA,ANALISTA DE LOGISTICA Y TRANSPORTE,0.9539,3,3,20,35,2.0,2.0,False
AYUDANTE DE SOLDADOR,TA/ AYUDANTE DE SOLDADOR,0.9539,21,1,118,1,1.0,1.0,False
JEFE SEGURIDAD INDUSTRIAL,JEFE DE SEGURIDAD INDUSTRIAL Y FISICA,0.9539,66,2,120,2,4.0,4.0,False
JEFE DE PRODUCTO INDUSTRIAL,JEFE DE PRODUCCION INDUSTRIAL,0.9538,2,1,10,2,4.0,4.0,False
JEFE SERVICIO CLIENTE,JEFE DE SERVICIO AL CLIENTE Y OPERACIONES,0.9538,47,1,83,1,4.0,4.0,False
LIDER DE MANTENIMIENTO,LIDER DE MANTENIMIENTO E INCIDENCIAS,0.9538,16,1,37,3,,,False
JEFE DE OPERACIONES JUNIOR,JEFE DE OPERACIONES JR,0.9538,3,2,19,2,4.0,4.0,False
AUXILIAR CONTROL DE CALIDAD,AYUDANTE CONTROL DE CALIDAD,0.9538,26,11,78,32,1.0,1.0,False
PROFESIONALES CON TITULO DE TERCER NIVE,PROFESIONALES CON TITULO DE CUARTO NIVEL,0.9537,64,14,234,30,,,False
KEY ACCOUNT MANAGER RETAIL,KEY ACCOUNT MANAGER DE RETAIL,0.9537,2,1,3,1,,,False
JEFE DE CALIDAD Y PROCESO,JEFE DE OPERACIONES Y CALIDAD,0.9537,11,2,19,4,4.0,4.0,False
GERENTE DESARROLLO Y MARCA,JEFE DE DESARROLLO Y MARCA,0.9537,1,1,2,1,5.0,4.0,True
JEFE ADMINISTRACION Y FINANZAS,JEFE DE FINANZAS Y CONTROL,0.9537,11,4,18,7,4.0,4.0,False
ASISTENTE DE COBRANZA,AUXILIAR DE COBRANZA,0.9537,20,4,70,11,1.0,1.0,False
SUPERVISOR PRODUCCION,SUPERVISOR TECNICO DE PRODUCCION,0.9537,250,8,1309,21,3.0,3.0,False
"JEFE DE INVESTIGACION, DESARROLLO Y SOPORTE TECNICO","COORDINADOR DE INVESTIGACION, DESARROLLO Y SOPORTE TECNICO",0.9537,1,1,1,1,4.0,3.0,True
SECRETARIA DE GERENCIA,SECRETARIA DE GERENCIA ADMINISTRATIVA,0.9537,36,1,67,1,,,False
INGENIERO DE SEGURIDAD INFORMATICA,INGENIERO DE SEGURIDAD IT,0.9536,6,1,20,1,,,False
ASISTENTE ADMINISTRATIVO DE PRESIDENCIA,ASISTENTE DE OFICINA DE PRESIDENCIA,0.9536,1,1,2,4,1.0,1.0,False
ANALISTA DE PLANIFICACION ESTRATEGICA,ASISTENTE DE PLANIFICACION ESTRATEGICA,0.9536,3,1,5,2,2.0,1.0,True
COORDINADOR ADQUISICION DE TALENTO,COORDINADOR DE ADQUISICION DE TALENTOS,0.9536,2,1,2,1,3.0,3.0,False
TECNICO MECANICO A,TECNICO MECANICO C,0.9536,4,4,20,35,2.0,2.0,False
ASISTENTE DE MARKETING Y SERVICIO AL CLIENTE,COORDINADOR DE MARKETING Y SERVICIO AL CLIENTE,0.9536,205,2,439,4,1.0,3.0,True
JEFE DE PRODUCTO,JEFE DE PRODUCTO INDUSTRIAL,0.9536,61,2,192,10,4.0,4.0,False
JEFE DE OPERACIONES DE RED,COORDINADOR DE OPERACIONES DE RED,0.9536,1,1,2,1,4.0,3.0,True
GERENTE DE SEGURIDAD DE LA INFORMACION,GERENTE DE SEGURIDAD DE LA INFORMACION 1,0.9536,8,1,16,1,5.0,5.0,False
TECNICO DE OBRAS CIVILES,TECNICO DE OBRAS CIVILES Y MANTENIMIENTO,0.9535,10,1,66,3,2.0,2.0,False
ANALISTA DE CONTROL INTERNO,ANALISTA DE CONTROL Y AUDITORIA INTERNA,0.9535,24,1,52,3,2.0,2.0,False
ASISTENTE DE MICROFINANZAS,ASESOR DE MICROFINANZAS,0.9535,1,1,19,137,1.0,,False
ANALISTA OPERATIVO DE SERVICIOS - FACTURACION,ASISTENTE OPERATIVO DE SERVICIOS - FACTURACION,0.9535,1,1,2,1,2.0,1.0,True
JEFE AREA INDIVIDUOS Y SOCIEDADES,COORDINADOR AREA INDIVIDUOS Y SOCIEDADES,0.9535,1,1,3,3,4.0,3.0,True
AUXILIAR DE SERVIC.GENERALES,ASISTENTE/AUXILIAR DE SERVICIOS GENERALES,0.9535,668,304,6688,2959,1.0,1.0,False
TECNICO MECANICO NIVEL I,TECNICO MECANICO 1,0.9535,2,2,14,5,2.0,2.0,False
ASISTENTE DE SEGUROS CORPORATIVOS,ASISTENTE DE SEGUROS CORPORATIVOS PATRIMONIALES,0.9535,2,1,7,14,1.0,1.0,False
AUXILIAR DE LOGISTICA,AUXILIAR DE LOGISTICA E INVENTARIOS,0.9535,68,1,911,8,1.0,1.0,False
SECRETARIA DE GERENCIA GENERAL,SECRETARIA DE GERENCIA ADMINISTRATIVA,0.9534,5,1,12,1,,,False
ASISTENTE ADMINISTRATIVA 4,ASISTENTE ADMINISTRATIVA 5,0.9534,2,1,16,16,1.0,1.0,False
DOCENTE BASICA MEDIA INGLES,DOCENTE BASICA ELEMENTAL INGLES,0.9534,2,1,16,17,,,False
GERENTE ADMINISTRATIVO FINANCI,GERENTE FINANCIERA ADMINISTRATIVA JR.,0.9534,157,1,277,1,5.0,5.0,False
EJECUTIVA DE EXPERIENCIA AL CLIENTE,EJECUTIVO DE EXPERIENCIA AL CLIENTE E*,0.9534,7,1,524,9,,,False
ANALISTA DE PROCESOS FRONT OFFICE,JEFE DE PROCESOS FRONT OFFICE,0.9533,1,1,1,1,2.0,4.0,True
JEFE DE SEGURIDAD ALIMENTARIA,GERENTE DE SEGURIDAD ALIMENTARIA,0.9533,2,2,2,3,4.0,5.0,True
ASISTENTE DE MANTENEMIENTO,ASISTENTE DE MANTENIMIENTO GENERAL,0.9533,213,3,646,28,1.0,1.0,False
OPERADOR BODEGA Y DESPACHO,OPERADOR DE BODEGA/ OFICINA,0.9533,2,2,2,5,1.0,1.0,False
ASISTENTE DE SEGURIDAD DE INFORMACION,ASISTENTE DE SEGURIDAD INFORMATICA,0.9533,16,1,32,1,1.0,1.0,False
ANALISTA INFRAESTRUCTURA Y REDES,ANALISTA DE INFRAESTRUCTURA Y COM,0.9532,4,1,7,2,2.0,2.0,False
ASISTENTE RECEPCION,AUXILIAR DE RECEPCION,0.9532,14,10,121,52,1.0,1.0,False
AUX. DE LIMPIEZA,AUX. DE LIMPIEZA 1,0.9532,14,1,43,15,,,False
AUXILIAR DE MANTENIMIENTO,AUXILIAR ADMINISTRATIVO MANTENIMIENTO,0.9532,216,3,1609,3,1.0,1.0,False
ASISTENTE DE BIENESTAR,AUXILIAR DE BIENESTAR,0.9532,2,1,7,1,1.0,1.0,False
COORDINADORA DE SELECCION,COORDINADORA DE SELECCION Y DESARR,0.9531,19,1,32,1,,,False
JEFE DE CALIDAD Y PROCESO,JEFE DE CONTROL DE CALIDAD EN PRODUCCION,0.9531,11,4,19,7,4.0,4.0,False
JEFE DE COMUNICACION,JEFE DE COMUNICACION INTERNA,0.9531,14,4,23,8,4.0,4.0,False
JEFE DE DESARROLLO DE NEGOCIOS,DIRECTOR DESARROLLO DE NEGOCIOS,0.9531,4,3,6,4,4.0,5.0,True
ASISTENTE RECEPCION,AYUDANTE DE RECEPCION,0.953,14,2,121,5,1.0,1.0,False
ANALISTA TECNICO,ANALISTA TECNICO SENIOR,0.953,38,1,141,6,2.0,2.0,False
TECNICO DE MANTENIMIENTO ELECTRICO ACERIA,SUPERVISOR DE MANTENIMIENTO ELECTRICO ACERIA,0.953,1,1,1,1,2.0,3.0,True
COORDINADOR DE PROCESOS Y PRODUCTIVIDAD,COORDINADOR DE PROCESOS Y EFICIENCIA,0.953,5,1,6,1,3.0,3.0,False
COORDINADOR DE PROCESOS Y PROYECTOS,COORDINADOR DE PROYECTOS Y SERVICIOS,0.9529,6,2,8,15,3.0,3.0,False
JEFE ALMACENES Y LOGISTICA,JEFE DE ALMACENES Y DISTRIBUCION,0.9529,9,2,19,4,4.0,4.0,False
ASISTENTE DE LOGISTICA Y TRANS,ASISTENTE DE TRAFICO Y LOGISTICA,0.9529,10,1,22,2,1.0,1.0,False
JEFE DE GOBIERNO DE LA DATA,COORDINADOR DE GOBIERNO DE LA DATA,0.9528,1,1,1,1,4.0,3.0,True
JEFE DE FINANZAS Y CONTROL,GERENTE DE FINANZAS Y CONTROL,0.9528,4,3,7,4,4.0,5.0,True
AUDITOR INTERNO SENIOR,AUDITOR INTERNO JUNIOR,0.9528,7,6,13,15,,,False
JEFE DE COMUNICACION,JEFE DE PUBLICIDAD Y COMUNICACION,0.9527,14,2,23,2,4.0,4.0,False
ASISTENTE SERVICIO AL CLIENTE Y OPERACIONES,ASISTENTE DE OPERACION Y EXPERIENCIA DE CLIENTES,0.9527,3,1,8,1,1.0,1.0,False
REPRESENTANTE DE VENTAS LIFE 2 SIERRA,REPRESENTANTE DE VENTAS LIFE 1 SIERRA,0.9527,1,1,14,19,,,False
ENCARGADO DE TALLER MOLDES INYECCION,MECANICO DE TALLER MOLDES INYECCION,0.9527,1,1,2,13,,,False
ASISTENTE DE MANTENIMIENTO INDUSTRIAL,ASISTENTE DE MANTENIMIENTO/ SEGURIDAD INDUSTRIAL,0.9527,3,1,19,1,1.0,1.0,False
COORDINADOR DE TRADE MARKETING B2B,JEFE DE TRADE MARKETING B2B,0.9527,1,1,2,1,3.0,4.0,True
JEFE DE RRHH,GERENTE DE RRHH,0.9527,32,13,49,20,4.0,5.0,True
SUPERVISOR DE IMPORTACION,SUPERVISOR DE COMPRAS IMPORTACIONES,0.9526,11,2,28,3,3.0,3.0,False
ASISTENTE CAJA,ASISTENTE CAJA GENERAL,0.9526,20,1,72,2,1.0,1.0,False
JEFE DE ABASTECIMIENTO Y LOGISTICA,GERENTE DE ABASTECIMIENTO Y LOGISTICA,0.9525,9,1,14,1,4.0,5.0,True
OPERADOR DE EXTRACTORA,OPERADOR PLANTA EXTRACTORA,0.9525,3,1,39,34,1.0,1.0,False
ASISTENTE DE IT,ASISTENTE SOPORTE IT,0.9525,22,2,103,3,1.0,1.0,False
TECNICO MANTENIMIENTIO,TECNICO MANTANTENIMIENTO,0.9525,185,1,1322,2,2.0,2.0,False
AUX SERVICIO GENERALES,AUX DE SERV GENERALES,0.9524,5,1,48,2,,,False
ASISTENTE DE SECRETARIA,ASISTENTE EN EL AREA DE SECRETRIA GENERAL,0.9524,12,1,30,1,1.0,1.0,False
COORDINADOR DE BODEGA DE SUMINISTROS,JEFE DE BODEGA DE SUMINISTROS,0.9524,1,1,2,2,3.0,4.0,True
SUPERVISOR DE CULTIVO,SUPERVISOR CULTIVO,0.9524,48,13,462,126,3.0,3.0,False
ASISTEBTE ADMINISTRATIVO,ASESOR ADMINISTRATIVO,0.9524,1731,11,7021,20,,,False
GERENTE DE SERVICIOS DE OPERACIONES,GERENTE DE OPERACIONES Y SOPORTE,0.9523,5,1,7,1,5.0,5.0,False
COORDINADOR DE PDI,COORDINADOR TALLER PDI,0.9523,7,1,17,2,3.0,3.0,False
ASISTENTE COMERCIALIZACION,ASISTENTE TECNICO DE COMERCIALIZACION,0.9523,8,1,25,1,1.0,2.0,True
DESARROLADOR JUNIOR DE SOFTWARE,INGENIERO DE SOFTWARE JUNIOR,0.9523,26,2,160,13,,,False
GERENTE DE DESARROLLO,GESTOR DE DESARROLLO,0.9523,9,1,17,2,5.0,,False
JEFE DE CERTIFICACIO,JEFE CERTFICACION,0.9523,11,1,18,2,4.0,4.0,False
SUPERVISOR LOGISTICA Y OPERACIONES,SUPERVISOR DE COORDINACION LOGISTICA,0.9522,5,2,13,3,3.0,3.0,False
AUX SERVIC,AUX SERVICIO,0.9522,1,1,8,5,,,False
CHOFER DE BANERA # 27 (NOCHE),CHOFER DE BANERA # 27,0.9522,1,1,4,17,,,False
ASISTENTE DE INFORMACION Y TECNOLOGIA,ASISTENTE DE TECNOLOGIA INFORMATICA,0.9522,19,4,39,23,1.0,1.0,False
TECNICO DE LABORATORIOS DE SOFTWARE,ASISTENTE DE LABORATORIOS DE SOFTWARE,0.9521,1,1,1,3,2.0,1.0,True
ASISTENTE ADMINISTRATIVA BODEGA,AYUDANTE ADMINISTRATIVO DE BODEGA,0.952,11,1,20,1,1.0,1.0,False
JEFE DE INFRAESTRUCTURA TECNOLOGICA,GERENTE DE INFRAESTRUCTURA TECNOLOGICA,0.952,7,2,12,3,4.0,5.0,True
ASISTENTE DE COMITE DE ETICA,ANALISTA DE COMITE DE ETICA,0.952,1,1,1,1,1.0,2.0,True
ASISTENTE DE GERENCIA,ASISTENTE DE GERENCIAS/SUBGERE,0.952,433,1,843,6,1.0,1.0,False
ANALISTA DE GARANTIAS,ANALISTA LEGAL DE GARANTIAS,0.952,27,1,75,4,2.0,2.0,False
SUPERVISOR DE OPERACIONES MINA,SUPERINTENDENTE DE OPERACIONES DE MINA,0.9519,4,1,25,2,3.0,,False
GERENTE DE VENTAS VEHICULOS,JEFE DE VENTAS VEHICULOS,0.9519,1,1,1,10,5.0,4.0,True
COORDINADOR PROCESOS,COORDINADOR DE PROCESOS OPERACIONES,0.9519,51,4,109,6,3.0,3.0,False
ANALISTA DE SEGURIDAD INFORMATICA,ASISTENTE DE SEGURIDAD INFORMATICA,0.9519,5,1,9,1,2.0,1.0,True
JEFE DE DISTRIBUIDORES,JEFE DE ZONA DISTRIBUIDORES,0.9519,3,1,19,4,4.0,4.0,False
MANTENIMIENTO-SERVICIOS GENERALES,SERV GENERALES DE MANTENIMIENTO,0.9519,2,1,3,5,,,False
SUPERVISOR DE AGRONOMIA,SUPERVISOR AGROPRODUCTIVO,0.9519,3,2,8,2,3.0,3.0,False
EMBONCHADOR/CLASIFICADOR,EMBONCHADOR/CLASFICIADOR,0.9518,1,1,4,1,,,False
JEFE DE COMUNICACION,JEFE DE COMUNICACION ORGANIZACIONAL,0.9518,14,1,23,1,4.0,4.0,False
ANALISTA DE BASE DE DATOS,ANALISTA ESTANDAR DE BASE DE DATOS,0.9518,10,1,16,2,2.0,2.0,False
ANALISTA INFRAESTRUCTURA Y REDES,ANALISTA DE INFRAESTRUCTURA Y TELECOMUNICACIONES SR,0.9518,4,1,7,2,2.0,2.0,False
COORDINADOR PROCESOS,COORDINADOR DE PROCESOS Y PROYECTOS,0.9518,51,6,109,8,3.0,3.0,False
VICEPRESIDENTE DE OPERACIONES,VICEPRESIDENTE OPERACIONES,0.9518,6,1,11,2,5.0,5.0,False
ASISTENTE I LEGAL,ASISTENTE DE LEGAL,0.9518,3,3,6,14,1.0,1.0,False
ASESOR DE REPUESTOS,ASESOR DE REPUESTOS Y ACCESORIOS,0.9517,28,1,351,1,,,False
ANALISTA DE BASE DE DATOS,ANALISTA DE BASE DE DATOS SQL,0.9517,10,1,16,6,2.0,2.0,False
TECNICO DE SEGURIDAD,TECNICO DE SEGURIDAD SR.,0.9517,23,1,63,2,2.0,2.0,False
JEFE DE COMUNICACION & MARKETING,JEFE DE PUBLICIDAD Y COMUNICACION,0.9517,15,2,24,2,4.0,4.0,False
AUXILIAR DE AUDITORIA,AUXILIAR DE AUDITOR,0.9517,16,2,63,4,1.0,1.0,False
JEFE DE MATRICERIA,JEFE MATRICERIA,0.9517,3,2,6,4,4.0,4.0,False
ASISTENTE DE SOSTENIBILIDAD,AUXILIAR DE SOSTENIBILIDAD,0.9516,7,1,20,2,1.0,1.0,False
COORDINADOR DE IMPORTACIONES & LOGISTICA,COORDINADORA DE LOGISTICA E IMPORTACIONES,0.9516,3,1,5,2,3.0,,False
CHOFER PARA CAMIONES PESADOS,CHOFER VEHICULOS PESADOS,0.9516,4,3,10,168,,,False
COORDINADOR SEGURIDAD FISICA,COORDINADOR 1 - DE SEGURIDAD FISICA,0.9516,28,1,56,2,3.0,3.0,False
ESPECIALISTA DE SEGURIDAD DE LA INFORMAC,ESPECIALISTA DE SEGURIDAD INFORMATICA,0.9516,13,6,34,20,3.0,3.0,False
ANALISTA DE EXPORTACION E IMPORTACION,ANALISTA COMERCIAL Y DE IMPORTACIONES,0.9516,4,1,6,1,2.0,2.0,False
COORDINADOR (A) DE COMPRAS,COORDINADOR COMPRAS Y CONTRATOS,0.9516,8,5,13,12,3.0,3.0,False
JEFE DE SEGURIDAD INDUSTRIAL Y AMBIENTE,JEFE DE SEG. INDUSTRIAL Y AMBIENTE,0.9516,14,3,24,4,4.0,4.0,False
ASISTENTE A DE CONTABILIDAD,ASISTENTE CONTABILIDAD GENERAL,0.9516,447,2,1561,9,1.0,1.0,False
ASISTENTE DE CAPTACIONES Y COMERCIALIZACION DE CANALES ELECTRONICOS,JEFE DE CAPTACIONES Y COMERCIALIZACION DE CANALES ELECTRONICOS,0.9516,1,1,1,2,1.0,4.0,True
ASISTENTE ADQUISICIONES,ASISTENTE ADMINISTRATIVO ADQUISICIONES,0.9516,23,1,73,4,1.0,1.0,False
GERENTE INFRAESTRUCTURA,GERENTE TECNICO DE INFRAESTRUCTURA,0.9516,7,2,12,3,5.0,5.0,False
OPERADOR ROTOMOLDE,OPERADOR ROTOMOLDEO,0.9515,1,1,2,70,1.0,1.0,False
ANALISTA DE DATOS JR,ANALISTA DE BASE DE DATOS JR,0.9515,3,2,8,4,2.0,2.0,False
JEFE DE DES.TECNOLOGICO Y SISTEMAS,JEFE DE SISTEMAS/DESA. Y TECN,0.9515,5,1,7,2,4.0,4.0,False
JEFE DE OBRAS,JEFE TECNICO DE OBRAS,0.9515,13,1,56,2,4.0,4.0,False
OPERADOR DE EXTRUSORA,OPERADOR DE EXTRUDER,0.9515,3,2,32,38,1.0,1.0,False
GERENTE DE RIESGO,GESTOR DE RIESGOS,0.9515,13,1,24,2,5.0,,False
COORDINADOR DE DATA,COORDINADOR DE DATOS,0.9515,2,1,4,2,3.0,3.0,False
JEFE DE SEGURIDAD INDUSTRIAL Y AMBIENTE,SUPERVISOR DE SEGURIDAD INDUSTRIAL Y AMBIENTE,0.9515,14,6,24,34,4.0,3.0,True
ASISTENTE AUXILIAR ADMINISTRATIVA,ASITENTE /AUXILIAR ADMINISTRATIVO,0.9515,13,1,34,3,1.0,1.0,False
JEFE DE CALIDAD Y PROCESO,JEFE DE CALIDAD Y CERTIFICACION,0.9515,11,2,19,2,4.0,4.0,False
JEFE DE PLANIFICACION LOGISTICA,JEFE PLAN LOGISTICA Y VENTAS,0.9514,6,1,10,2,4.0,4.0,False
AUXILIAR DE SERVICIOS EN CAMPO,ASESOR DE SERVICIOS EN CAMPO,0.9514,4,1,21,144,1.0,,False
ASISTENTE DE REGISTROS,ASESOR DE REGISTRO,0.9514,2,1,4,30,1.0,,False
JEFE SEGURIDAD INDUSTRIAL,JEFE SEGURIDAD INDUSTRIAL/SIST.GEST.INTEGRAL,0.9514,66,1,120,1,4.0,4.0,False
AUXILIAR DE PROCESO,AYUDANTE DE PROCESO,0.9513,10,3,27,14,1.0,1.0,False
COORDINADOR DE MARKETING Y VENTAS,COORDINADOR DE MARKETING Y SERVICIO AL CLIENTE,0.9513,4,2,5,4,3.0,3.0,False
DIRECTOR ADMINISTRATIVO FINANCIERO,DIRECTOR AREA ADMINISTRATIVO FINANCIERO,0.9513,48,1,73,2,5.0,5.0,False
COORDINADOR CIBERSEGURIDAD,JEFE DE CIBERSEGURIDAD,0.9513,6,3,8,4,3.0,4.0,True
SERVICIOS VARIOS,SERVICIOS VARIOS 1,0.9513,64,1,560,2,,,False
COORDINADOR DE SEGURIDAD INFORMATICA,JEFE DE SEGURIDAD INFORMATICA,0.9513,2,1,3,1,3.0,4.0,True
ASESOR DE IMPORTACIONES,ASESOR DE IMPORTACIONES TERRITORIO,0.9513,2,1,5,2,,,False
ESPECIALISTA DE CAPACITACION,ESPECIALISTA DE CAPACITACION Y DESARROLLO,0.9512,2,2,3,3,3.0,3.0,False
FINANCE MANAGER,"MANAGER, FINANCE",0.9512,12,1,22,2,,,False
ANALISTA DE MARCA,ANALISTA DESARROLLO DE MARCA,0.9512,6,1,22,2,2.0,2.0,False
GERENTE INFRAESTRUCTURA,GERENTE REGIONAL INFRAESTRUCTURA,0.9512,7,1,12,1,5.0,5.0,False
SUPERINTENDENTE PROYECTOS,SUPERINTENDENTE DE PROYECTOS DE CONSTRUCCION,0.9511,4,2,24,4,,,False
ASISTENTE DE SOPORTE TECNICO,AUXILIAR SOPORTE TECNICO,0.9511,26,8,76,11,2.0,2.0,False
ANALISTA PRODUCCION,ANALISTA DE PRODUCCION JR.,0.9511,41,1,127,1,2.0,2.0,False
ASISTENTE DE BODEGA B,ASISTENTE DE BODEGA B POR MENOR,0.9511,2,1,6,9,1.0,1.0,False
COORDINADOR SEGURIDAD ALIMENTARIA,JEFE DE SEGURIDAD ALIMENTARIA,0.9511,3,2,5,2,3.0,4.0,True
ASISTENTE TECNICO T*,ASISTENTE TECNICO (AT),0.9511,2,1,11,1,2.0,2.0,False
COORDINADOR DE MARKETING Y VENTAS,COORDINADOR DE OPERACIONES DE MARKETING,0.9511,4,2,5,4,3.0,3.0,False
ANALISTA DE COMUNICACION INTERNA,ANALISTA DE COMUNICACION EXTERNA,0.951,10,1,15,3,2.0,2.0,False
JEFE DE DESARROLLO ESTRATEGICO,GERENTE DE DESARROLLO ESTRATEGICO,0.951,2,1,2,1,4.0,5.0,True
COORDINADOR DE INFRAESTRUCTURA Y REDES,JEFE DE INFRAESTRUCTURA Y REDES,0.951,5,2,8,3,3.0,4.0,True
ASISTENDE ADMINISTRATIVO,ASESOR ADMINISTRATIVO,0.951,28,11,60,20,,,False
OPERARIO FABRICANTE,OPERADOR DE FABRICA,0.951,4,1,29,4,1.0,1.0,False
ASISTENTE DE INVENTARIO Y PLANEACION DE DEMANDA,ANALISTA DE INVENTARIO Y PLANEACION DE DEMANDA,0.951,1,1,1,2,1.0,2.0,True
COORDINADORA DE OPERACIONES,COORDINADORA DE SOPORTE DE OPERACIONES,0.951,259,1,735,2,,,False
ASISTENTE DE ADM. DE PERSONAL,ASISTENTE GESTION DE PERSONAL,0.951,4,3,8,3,1.0,1.0,False
REPRESENTANTE DE VENTAS LIFE 1 SIERRA,REPRESENTANTE DE VENTAS LIFE 3 SIERRA,0.951,1,1,19,16,,,False
CHOFER DE TRACTOMULA # 60,CHOFER DE TRACTOMULA # 61 (NOCHE),0.951,1,1,12,3,,,False
DIRECTOR / ADMINISTRADOR DE EDUCACION BASICA,DIRECTOR EDUCACION BASICA,0.9509,3,2,6,5,5.0,5.0,False
COORDINADOR DE VENTAS NACIONAL,COORDINADORA VENTAS NACIONAL,0.9509,3,1,6,1,3.0,,False
MONITOREADOR DE CAMARAS,MONITOREO DE CAMARAS,0.9509,9,2,27,4,,,False
ASISTENTE DE EDUCACION CONTINUA,ASESOR DE EDUCACION CONTINUA,0.9509,4,1,9,3,1.0,,False
GERENTE DE PLANIFICACION Y DISENO DE PROYECTOS,GERENTE DE PROYECTOS Y DISENO,0.9509,2,1,3,1,5.0,5.0,False
JEFE TECNICO DE PROYECTOS,JEFE TECNICO DE OBRAS,0.9509,3,1,9,2,4.0,4.0,False
AYUD. DE OPERADOR,AYUDANTE DE OPERADORES,0.9509,9,2,72,3,1.0,1.0,False
JEFE FINANCIERO Y TALENTO HUMANO,GERENTE FINANCIERA Y TALENTO HUMANO,0.9508,2,1,4,2,4.0,5.0,True
AYUD. MECANICA,AYUD.MECANICA,0.9508,2,1,4,10,,,False
GERENTE ADMINISTRATIVO FINANCI,GERENTE FINANCIERO ADMINISTRATIVO CORPORATIVO,0.9508,157,1,277,1,5.0,5.0,False
GERENTE ADMINISTRATIVO COMERCIAL,ADMINISTRADOR DE GESTION COMERCIAL,0.9508,5,1,6,1,5.0,,False
ANALISTA DE CONTROL,ANALISTA DE CONTROL DE CA,0.9508,11,1,64,6,2.0,2.0,False
COORDINADOR DE NEGOCIOS,COORDINADOR DE DESARROLLO DE NEGOCIOS,0.9508,16,3,79,5,3.0,3.0,False
JEFE DE COMPRAS SENIOR,JEFE SENIOR DE COMPRAS Y SERVICIO AL CLIENTE,0.9508,2,1,3,1,4.0,4.0,False
AUXILIAR DE ENFERMERIA DE HOSP H-1,AUXILIAR DE ENFERMERIA DE HOSP H-2,0.9507,1,1,16,25,1.0,1.0,False
ASISTENTE DE PROCESO,AUXILIAR DE PROCESO,0.9507,45,10,76,27,1.0,1.0,False
SUPERVISOR DE IMPRENTA,SUPERVISOR DE IMPRENTA JR.,0.9507,3,2,10,3,3.0,3.0,False
ASISTENTE DE TECNICO A.,ASISTENTE TECNICO B,0.9507,141,2,730,11,2.0,2.0,False
ANALISTA DE CREDITO,ANALISTA DE CREDITO Y CALIDAD,0.9507,67,1,527,4,2.0,2.0,False
JEFE CONTROL DE CALIDAD Y MEJORA CONTINUA,JEFE DE CONTROL DE CALIDAD Y SUSTENTABILIDAD,0.9507,2,1,5,2,4.0,4.0,False
AUXILIAR DE SEGURIDAD INDUSTRIAL,AUXILIAR DE SEGURIDAD INDUSTRIAL G,0.9506,10,1,25,1,1.0,1.0,False
ASISTENTE ATENCION AL CLIENTE,ASISTENTE SERVICIO AL CLIENTE Y OPERACIONES,0.9506,19,3,247,8,1.0,1.0,False
ASISTENTE 1 DE DISENO GRAFICO,ASISTENTE DISENO GRAFICO,0.9506,12,3,31,8,1.0,1.0,False
SUPERVISOR GENERAL DE BODEGA,SUPERINTENDENTE DE BODEGA,0.9506,2,1,3,2,3.0,,False
JEFE DE OPERACIONES TI,GERENTE DE OPERACIONES TI,0.9506,2,2,3,3,4.0,5.0,True
JEFE DE CAMPO 2,JEFE DE CAMPO SECTOR 2,0.9505,3,1,5,4,4.0,4.0,False
ASISTENTE ADM.CONTABLE,ASISTENTE/ANALISTA CONTABLE,0.9505,3,1,3,15,1.0,2.0,True
AUXILIAR DE FISIOTERAPIA,FISIOTERAPISTA AUXILIAR MEDICO,0.9505,2,1,3,3,1.0,1.0,False
JEFE FACTURACION,JEFA DE FACTURACION,0.9505,19,6,34,10,4.0,,False
SUPERVISOR CONTABLE,SUPERVISOR(A) CONTABLE,0.9505,28,1,48,1,3.0,3.0,False
ASISTENTE DE NEGOCIOS FIDUCIARIOS,ASISTENTE DE NEGOCIOS FIDUCIARIO,0.9505,3,1,82,4,1.0,1.0,False
JEFE DE VENTAS - BANANO,GERENTE DE VENTAS BANANO,0.9505,4,1,9,1,4.0,5.0,True
TECNICO JUNIOR DE SEGURIDAD INDUSTRIAL,TECNICO JR. DE SEGURIDAD INDUSTRIAL Y MEDIO AMBIENTE,0.9504,2,1,2,1,2.0,2.0,False
ASISTENTE DE PROYECTOS,ASISTENTE ADMINISTRATIVO PROYECTOS,0.9504,70,6,149,25,1.0,1.0,False
GERENTE DE TESORERIA,GERENTE TESORERIA Y OPERACIONES,0.9504,10,1,17,1,5.0,5.0,False
JEFE CONTABILIDAD,JEFE DE CONTABILIDAD Y COBRANZAS,0.9504,145,1,260,2,4.0,4.0,False
PROFESORA DEL NIVEL EGB ELEMENTAL Y MEDIA,PROFESORA DEL NIVEL EGB SUPERIOR Y BACHILLERATO,0.9504,1,1,22,8,,,False
ANALISTA DE CALIDAD Y LABORATORIO,"ANALISTA, LABORATORISTA, INSP. CALIDAD",0.9503,3,1,5,1,2.0,2.0,False
SUPERVISOR DE ETIQUETADO,SUPERVISOR ETIQUETADO,0.9503,5,1,12,1,3.0,3.0,False
GERENTE ADMINISTRATIVO FINANCI,GERENTE ADMINISTRACION Y FINANZAS,0.9503,157,27,277,50,5.0,5.0,False
ARQUITECTO,ARQUITECTO/A,0.9503,44,3,142,5,,,False
TECNICO MECANICO A,TECNICO MECANICO I,0.9503,4,2,20,5,2.0,2.0,False
ASISTENTE DE DOCUMENTACION EXPORT JR.,ASISTENTE DE DOCUMENTACION IMPORT JR.,0.9503,1,1,3,3,1.0,1.0,False
ASISTENTE ADMINISTRATIVA Y SERVICIO AL CLIENTE,ASISTENTE SERVICIO AL CLIENTE Y OPERACIONES,0.9503,9,3,20,8,1.0,1.0,False
ASISTENTE ADMINISTRATIVA Y TTHH,ANALISTA ADMINISTRATIVA Y TTHH,0.9503,1,1,2,2,1.0,2.0,True
ASISTENTE DE CLIENTES Y SERVICIOS,ASISTENTE DE CUSTOMER SERVICE,0.9503,87,2,386,10,1.0,1.0,False
ASISTENTE CONTABLE Y GERENCIA,ASISTENTE CONTABLE Y OPERATIVA,0.9502,2,2,3,3,1.0,1.0,False
JEFE CONTROL CALIDAD,JEFE AREA DE CALIDAD,0.9502,88,3,160,6,4.0,4.0,False
ANALISTA DE PRECIOS,ANALISTA PRECIOS Y REPORTES,0.9502,8,1,12,2,2.0,2.0,False
ASIST CONTAB,ASIST CONTA,0.9502,6,1,11,2,,,False
TECNICO MECANICO A,TECNICO MECANICO D,0.9501,4,1,20,1,2.0,2.0,False
MECANICO DE MANTENIMIENTO,ASISTENTE DE MANTENIMIENTO MECANICO,0.9501,25,8,125,57,,1.0,False
ANALISTA PROGRAMADOR JUNIOR,ANALISTA PROGRAMADOR SENIOR,0.9501,29,9,102,38,2.0,2.0,False
JEFE DE PRODUCTO,JEFE_DE_PRODUCTO,0.9501,61,1,192,16,4.0,,False
ANALISTA DESARROLLADOR,ANALISTA DESARROLLADOR 2,0.9501,12,1,59,2,2.0,2.0,False
COORDINADOR INFRAESTRUCTURA,COORDINADOR DE PROYECTOS DE INFRAESTRUCTURA,0.9501,36,1,64,3,3.0,3.0,False
REPRESENTANTE DE VENTAS LIFE 2 SIERRA,REPRESENTANTE DE VENTAS LIFE 3 SIERRA,0.95,1,1,14,16,,,False
JEFE DE NOMINA Y BIENESTAR SOCIAL,JEFE DE NOMINA Y BIENESTAR HUMANO,0.95,2,1,3,1,4.0,4.0,False
ASISTENTE / AUXILIAR DE LIMPIEZA,ADMINISTRATIVA/AUXILIAR DE LIMPIEZA,0.95,124,1,753,2,1.0,1.0,False
ANALISTA DE ESTRUCTURAS,ANALISTA DE ESTRUCTURAS Y BI,0.95,4,1,6,2,2.0,2.0,False
JEFE DE BODEGA Y SERVICIO TECNICO,JEFE DE BODEGA Y MANTENIMIENTO,0.95,2,1,3,1,4.0,4.0,False
COORDINADOR DE DESARROLLO Y CAPACITACION,COORDINADOR DE DESARROLLO ORGANIZACIONAL Y CAPACITACION,0.95,2,1,3,3,3.0,3.0,False
GERENTE DE SERVICIO TECNICO Y PROYECTOS,GESTOR TECNICO DE PROYECTOS,0.95,4,1,7,2,5.0,2.0,True
ASESOR DE MICROCREDITO,ASESOR DE NEGOCIOS MICROCREDITO,0.95,5,1,73,6,,,False
DOCENTE INGLES ELEMENTAL,DOCENTE BASICA ELEMENTAL INGLES,0.9499,1,1,1,17,,,False
AYUDANTE DE BODEGA M.P,AYUDANTE DE BODEGA P.T,0.9499,5,2,23,6,1.0,1.0,False
WEBMASTER/ANFITRIONA,ANFITRIONA / WEBMASTER,0.9499,1,1,5,8,,,False
JEFE INTELIGENCIA NEGOCIOS,JEFE DE INTELIGENCIA Y ANALITICA DE NEGOCIO,0.9499,15,1,25,3,4.0,4.0,False
ASIST. OPERACIONES 1,ASIST. OPERACIONES 2,0.9499,2,1,6,4,,,False
ASISTENTE CONTABLE Y DE AUDITORIA,ASISTENTE CONTABLE Y TRIBUTARIO,0.9499,3,2,14,3,1.0,1.0,False
ANALISTA INFRAESTRUCTURA Y REDES,ANALISTA INFRAESTRUCTURA SISTEMAS,0.9499,4,1,7,4,2.0,2.0,False
ANALISTA DE CREDITO - PERSONAS,ANALISTA CREDITO PERSONAS GENTE,0.9499,4,1,45,2,2.0,2.0,False
SUPERVISOR BALCON DE SERVICIOS,SUPERVISOR CORPORTIVO BALCON DE SERVICIO,0.9499,3,1,23,1,3.0,3.0,False
COORDINADORA DE DOCENCIA,COORDINADOR/A DE DOCENCIA,0.9498,1,1,1,2,,3.0,False
CONSULTOR TECNICO DE VENTAS II,CONSULTOR TECNICO DE VENTAS,0.9498,1,1,6,15,2.0,2.0,False
ANALISTA DE SUPPLY CHAIN,ANALISTA DE SUPPLY,0.9498,8,1,10,2,2.0,2.0,False
REPRESENTANTE DE SERVICIO AL CLIENTE ATO UIO,REPRESENTANTE DE SERVICIO AL CLIENTE ATO,0.9498,1,1,2,2,,,False
AUXILIAR DE AULA,ASISTENTE DE AULA,0.9498,4,1,13,10,1.0,1.0,False
ASISTENTE DE ADM. DE PERSONAL,ASISTENTE DE SERVICIOS AL PERSONAL,0.9498,4,4,8,14,1.0,1.0,False
INGENIERO DE SOPORTE CORPORATIVO,INGENIERO SOPORTE Y MANTENIMIENTO CORPORATIVO,0.9498,2,1,12,15,,,False
COORDINADOR DE BODEGA DE SUMINISTROS,SUPERVISOR DE BODEGA DE SUMINISTROS,0.9498,1,1,2,2,3.0,3.0,False
ASISTENTE DE DESPACHOS,AYUDANTE DE DESPACHOS,0.9498,7,6,18,80,1.0,1.0,False
ESPECIALISTA DE PRODUCTO,ESPECIALISTA DE SERVICIOS DE PRODUCTO,0.9498,22,1,75,2,3.0,3.0,False
OPERADOR DE TRACTORES E IMPLEMENTOS AGRICOLAS,OPERADOR TRACTOR IMPLEMENTOS AGRICOLAS,0.9498,2,1,7,8,1.0,1.0,False
ASISTENTE DE CONTROLLER INTERNO Y DE GESTION,ASISTENTE DE CONTROL INTERNO Y PROCESOS,0.9497,1,1,2,1,1.0,1.0,False
AUXILIAR DE MANTENIMIENTO Y SERVICIOS GENERALES,ASISTENTE DE MANTENIMIENTO GENERAL,0.9497,5,3,9,28,1.0,1.0,False
DISENADOR DE PUBLICIDAD,DISENADOR-PUBLICISTA,0.9497,2,1,4,2,,,False
INGENIERO CNOC,INGENIERO NOC,0.9497,1,1,10,1,,,False
JEFE DE GESTION HUMANA,GERENTE DE GESTION HUMANA,0.9497,19,9,38,17,4.0,5.0,True
COORDINADOR JUNIOR DE INVENTARIOS Y ACTIVOS FIJOS,COORDINADOR DE INVENTARIOS Y ACTIVOS FIJOS,0.9497,1,1,1,1,3.0,3.0,False
JEFE DE ADMINISTRACION INMOBILIARIA,JEFE DE INMOBILIARIO,0.9497,1,1,2,2,4.0,4.0,False
JEFE DE CALIDAD Y PROCESO,JEFE DE AREA DE PRODUCCION / CALIDAD,0.9496,11,8,19,18,4.0,4.0,False
GERENTE AUDITORIA INTERNA,GERENTE REGIONAL DE AUDITORIA INTERNA,0.9496,4,1,7,2,5.0,5.0,False
COORDINADOR DE SANITIZACION,COORDINADOR DE HIGIENE Y SANITIZACION,0.9496,2,1,5,2,3.0,3.0,False
ASISTENTE ADQUISICIONES,ASISTENTE 1 - DE ADQUISICIONES,0.9496,23,1,73,4,1.0,1.0,False
CONSULTOR DE AUDITORIA MEDICA,ANALISTA DE AUDITORIA MEDICA,0.9496,1,1,6,4,,2.0,False
AUXILIAR DE FLOTA,AUXILIAR JEFE DE FLOTA,0.9496,2,1,4,4,1.0,4.0,True
COORDINADOR SEMISENIOR,COORDINADOR SENIOR,0.9496,1,1,5,1,3.0,3.0,False
SENIOR DE SERVICIOS FORENSES,GERENTE SENIOR DE SERVICIOS FORENSES,0.9496,1,1,10,10,,5.0,False
JEFE DE CARTERA Y FACTURACION,COORDINADOR CARTERA Y FACTURACION,0.9496,1,1,2,2,4.0,3.0,True
JEFE SEGURIDAD INDUSTRIAL,JEFE SEGURIDAD INDUSTRIAL Y MEDIO AMBIEN,0.9496,66,1,120,2,4.0,4.0,False
AUXILIAR DE COMPRAS,AUXILIAR DE COMPRAS EXTERNAS,0.9496,34,1,78,4,1.0,1.0,False
ANALISTA INTELIGENCIA COMERCIAL,ANALISTA JUNIOR INTELIGENCIA COMERCIAL,0.9496,14,1,25,1,2.0,2.0,False
ANALISTA DE MARKETING DE DESEMPENO DE DATOS,JEFE DE MARKETING DE DESEMPENO DE DATOS,0.9496,1,1,2,2,2.0,4.0,True
DOCENTE DE CISO CAHC,DOCENTE DE ESPANOL / CISO CAHC,0.9495,1,1,6,6,,,False
AUXILIAR DE SUMINISTRO,ASISTENTE DE SUMINISTRO,0.9495,2,1,5,4,1.0,1.0,False
COORDINADOR DE PRICING,COORDINADOR DE PRECIOS,0.9495,2,1,3,2,3.0,3.0,False
GERENTE PREVENTA,GERENTE DE PREVENTA,0.9495,2,1,2,1,5.0,5.0,False
JEFE DE TELEVENTAS,JEFE NACIONAL DE TELEVENTAS,0.9495,4,1,7,1,4.0,4.0,False
ASISTENTE DE AFORO,AUXILIAR DE AFORO,0.9495,1,1,3,2,1.0,1.0,False
GERENTE ADMINISTRATIVO FINANCI,GERENTE DE ADMINIST. Y FINANZA,0.9495,157,2,277,3,5.0,5.0,False
ANALISTA FINANCIERA SENIOR,ANALISTA SENIOR FINANCIERO ADMINISTRATIVO,0.9495,10,1,16,4,2.0,2.0,False
ASESOR DE CALL CENTER,ANALISTA DE CALL CENTER,0.9495,4,2,21,3,,2.0,False
JEFE TECNICO Y CALIDAD,JEFE DE ASEGURAMIENTO DE LA CALIDAD - RESPONSABLE TECNICO,0.9495,7,1,13,3,4.0,4.0,False
JEFE TECNICO Y CALIDAD,JEFE DE CALIDAD Y PRODUCTO,0.9495,7,1,13,2,4.0,4.0,False
ASISTENTE DE OFICINA,ASISTENTE DE OFICINA 1,0.9494,18,1,51,3,1.0,1.0,False
ANALISTA DE BIENESTAR SOCIAL,ANALISTA DE BIENESTAR SOCIAL & SSO,0.9494,10,1,28,1,2.0,2.0,False
ENCARGADO DE MATERIALES,ENCARGADO DE MATERIALES Y SUMINISTROS,0.9494,2,1,3,2,,,False
AUXILIAR OPERADOR,AUXILIAR DE OPERADOR,0.9494,4,3,246,42,1.0,1.0,False
JEFE DE SEGURIDAD FISICA,COORDINADOR SEGURIDAD FISICA,0.9494,38,28,74,56,4.0,3.0,True
GERENTE REGIONAL,"GERENTE REGIONAL,EC",0.9494,53,1,142,2,5.0,5.0,False
ANALISTA SENIOR PRODUCCION,ANALISTA DE PRODUCCION JR.,0.9494,1,1,1,1,2.0,2.0,False
ELECTRICISTA 3,ELECTRICISTA 4,0.9494,2,1,4,5,,,False
ANALISTA DE APRENDIZAJE,ANALISTA DE APRENDIZAJE CONTINUO,0.9494,1,1,3,2,2.0,2.0,False
PROGRAMADOR DE REPUESTOS MANTENIMIENTO,PROGRAMADOR DE REPUESTOS,0.9494,1,1,2,1,,,False
GESTOR DE INCIDENTES TECNICO (NIVEL 1),GESTOR DE INCIDENTES TECNICO,0.9494,1,1,4,21,2.0,2.0,False
ASISTENTE TRABAJO SOCIAL,ASISTENTE DE BIENESTAR Y TRABAJO SOCIAL,0.9494,13,6,24,10,1.0,1.0,False
JEFE DE VENTAS CANAL TRADICIONAL,JEFE NACIONAL DE VENTAS (CANAL TRADICIONAL),0.9494,3,1,4,4,4.0,4.0,False
JEFE DE MANT. ELECTRICO,JEFE DE MANTENIMIENTO ELECTROMECANICO,0.9494,9,3,13,4,4.0,4.0,False
ASITENTE DE RRHH,ESPECIALISTA DE RRHH,0.9493,57,1,129,2,,3.0,False
ASESOR COMERCIAL Y ESPECIALISTA DE PRODUCTO,ASESOR COMERCIAL PRODUCTO,0.9493,1,1,2,9,3.0,,False
PROGRAMADOR MANTENIMIENTO,PROGRAMADOR DE MANTENIMIENTO PREVENTIVO,0.9493,5,1,8,2,,,False
SUPERINTENDENTE MANTENIMIENTO,SUPERVISOR GENERAL DE MANTENIMIENTO,0.9493,7,5,16,8,,3.0,False
SUPERVISOR DE DE VENTAS,SUPERVISOR DE VENTAS MAYORISTA,0.9493,276,2,1569,12,3.0,3.0,False
ASISTENTE/ADMINISTRATIVO,"ASISTENTE,AUXILIAR,ADMINISTRATIVO",0.9493,2,1,4,1,1.0,1.0,False
JEFE DE SEGURIDAD INFORMATICA,JEFE DE SISTEMAS Y SEGURIDAD INFORMATICA,0.9493,1,1,1,2,4.0,4.0,False
ASISTENTE CONTABLE Y GERENCIA,ASISTENTE CONTABLE Y TESORERIA,0.9493,2,1,3,1,1.0,1.0,False
"CUARTO EGB ""B""","CUARTO EGB. ""A""",0.9493,1,1,2,2,,,False
COORDINADOR MANTENIMIENTO ZONA FRIA,COORDINADOR MANTENIMIENTO DE ZONA FRIA Y PALETIZADO,0.9493,1,1,1,1,3.0,3.0,False
GERENTE DE MANTENIMIENTO,GERENTE DE MANTENIMIENTO Y DESARROLLO,0.9493,39,1,65,2,5.0,5.0,False
AUXILIAR DE SOPORTE,AUXILIAR DE APOYO,0.9493,3,3,7,29,1.0,1.0,False
GERENTE IMPORTACIONES,GERENTE COMERCIAL IMPORT,0.9493,10,1,15,2,5.0,5.0,False
ASESOR TECNICO COMERCIAL D,ASESOR TECNICO COMERCIAL E,0.9493,1,1,1,1,2.0,2.0,False
CORDINADOR DE MARKETING DIGITAL,COORDINADOR MARKETING DIGITAL,0.9493,17,7,26,10,,3.0,False
JEFE DE CIBERSEGURIDAD,JEFE PREVENTA CIBERSEGURIDAD,0.9493,3,1,4,2,4.0,4.0,False
CHOFER DE SERVICIOS,CHOFER DE REPARTO Y SERVICIOS VARIOS,0.9493,1,1,2,9,,,False
COORDINADOR (A) PROYECTOS,COORDINADOR 1 DE PROYECTOS,0.9493,132,2,345,3,3.0,3.0,False
EXPERTO SENIOR (FUN 7),EXPERTO SENIOR (FUN 4),0.9492,1,1,2,50,,,False
ASISTENTE DE COMUNICACION Y MARKETING,ASESOR DE COMUNICACION Y MARKETING,0.9492,11,1,19,2,1.0,,False
SUPERVISOR DE CAMPO 1,SUPERVISOR DE CAMPO - SJ1,0.9492,2,1,3,2,3.0,3.0,False
SUPERVISOR DE BODEGA PT,SUPERVISOR BODEGA PT,0.9492,3,1,13,1,3.0,3.0,False
ESPECIALISTA SEGURIDAD SALUD Y AMBIENTE,ESPECIALISTA EN SEGURIDAD Y MEDIO AMBIENTE,0.9492,4,1,14,4,3.0,3.0,False
ASESOR TECNICO SENIOR 四级服务工程师,ASESOR TECNICO SENIOR 高级技术服务工 程师,0.9492,1,1,3,1,2.0,2.0,False
GERENTE ADMINISTRATIVO FINANCI,GERENCIA FINANCIERA ADMINISTRATIVA,0.9491,157,1,277,2,5.0,,False
PROFESOR TITULAR AUXILIAR,PROFESOR TITULAR AUXILIAR 1,0.9491,4,3,237,354,1.0,1.0,False
JEFE DE INSTALACIONES Y MANTENIMIENTO,JEFE DE INFRAESTRUCTURA Y MANTENIMIENTO,0.9491,5,4,8,7,4.0,4.0,False
COORDINADOR DE PRECIOS,COORDINADOR DE PRECIOS Y NEGOCIOS,0.9491,1,1,2,1,3.0,3.0,False
ASESOR COMERCIAL DE INOCUIDAD,ASESOR COMERCIAL SENIOR DE INOCUIDAD,0.9491,2,1,9,3,,,False
COORDINADOR DE NEGOCIOS INTERNACIONALES,JEFE DE NEGOCIOS INTERNACIONALES,0.9491,2,2,2,3,3.0,4.0,True
AGENTE ATENCION CLIENTE,ASESOR ATENCION AL CLIENTE,0.9491,11,8,203,92,,,False
CHOFER ESTIBADOR,CHOFER/ESTIBADOR,0.9491,1,1,3,2,,,False
PET SPECIALTY OFFICER,PET PROFESSIONAL OFFICER,0.9491,1,1,2,2,,,False
OFICIALMAQUINA2,OFICIALMAQUINA1,0.9491,1,1,6,10,,,False
OPERADOR DE VIDEO JET,OPERADOR VIDEO JET,0.949,3,2,15,5,1.0,1.0,False
ASESOR COMERCIAL Y ESPECIALISTA DE PRODUCTO,ESPECIALISTA COMERCIAL DE PRODUCTOS,0.949,1,1,2,2,3.0,3.0,False
GERENTE DE MARKETING I,GERENTE DE MARKETING ESTRATEGICO Y TECNICO I,0.949,117,1,213,1,5.0,5.0,False
ASISTENTE DE DESARROLLO,AUXILIAR DE DESARROLLO,0.949,14,3,25,27,1.0,1.0,False
ANALISTA DE NOMINA Y GESTION DE PERSONAL,ANALISTA DE NOMINA & ADMIN DE PERSONAL,0.949,1,1,1,1,2.0,2.0,False
COORD. ADMINISTRATIVA,COORD ADMINISTRATIVA,0.949,3,1,21,2,,,False
ASISTENTE DE MOLINOS,AYUDANTE DE MOLINOS,0.949,1,1,2,8,1.0,1.0,False
ANALISTA DE CALIDAD,ANALISTA DE CALIDAD Y LABORATORIO,0.949,162,3,890,5,2.0,2.0,False
ESPECIALISTA CRM,ESPECIALISTA REGIONAL CRM,0.949,3,1,4,2,3.0,3.0,False
ANALISTA DE GESTION DOCUMENTAL,ANALISTA DE GESTION DOCUMENTAL Y PROCESOS,0.949,4,1,7,1,2.0,2.0,False
GERENTE COMERCIAL,GERENTE COMERCIAL REGIONAL,0.949,469,6,871,14,5.0,5.0,False
GERENTE UNIDAD DE NEGOCIO,GERENTE DE UNIDAD DE NEGOCIOS CORPORATIVO,0.949,10,6,38,29,5.0,5.0,False
ASISTENTE ADMINISTRA,ASISTENTE ADMINISTRIVA,0.949,11,8,29,23,1.0,1.0,False
ANALISTA DE OUTSOURCING CONTABLE,ASISTENTE DE OUTSOURCING CONTABLE,0.949,1,1,5,9,2.0,1.0,True
JEFE CONTROL CALIDAD,JEFE CALIDAD Y GESTION,0.949,88,16,160,31,4.0,4.0,False
"GERENTE LEGAL, CUMPLIMIENTO Y AUDITORIA",GERENTE DE LEGAL & CUMPLIMIENTO,0.9489,1,1,2,1,5.0,5.0,False
T.A MECANICO AIREADORES,T.A MECANICO AIREADOR,0.9489,3,1,11,3,,,False
"ESPECIALISTA DE SEGURIDAD, SALUD OCUPACIONAL Y AMBIENTE",ESPECIALISTA SEGURIDAD SALUD Y AMBIENTE,0.9489,5,4,10,14,3.0,3.0,False
JEFE NACIONAL DE VENTAS DE CANAL,JEFE NACIONAL VENTAS CANAL MAYORISTA,0.9489,1,1,1,1,4.0,4.0,False
ASISTENTE DE INFORMACION Y TECNOLOGIA,ASISTENTE ADMINISTRATIVO Y DE TECNOLOGIA,0.9489,19,2,39,4,1.0,1.0,False
TECNICO DE SEGURIDAD INDUSTRIAL Y AMBIENTE,TECNICO JR. DE SEGURIDAD INDUSTRIAL Y MEDIO AMBIENTE,0.9489,4,1,5,1,2.0,2.0,False
ASISTENTE DE COMERCIO Y LOGISTICA,"ASISTENTE COMERCIAL, CAJA Y LOGISTICA",0.9489,3,1,5,2,1.0,1.0,False
ENFERMERA,ENFERMERA/O,0.9489,281,28,2193,873,,,False
OPERADOR DE CAMARAS,OPERADOR DE CAMARAS DE SEGURIDAD,0.9489,2,1,11,3,1.0,1.0,False
ASISTENTE ADM.CONTABLE,ASISTENTE ADM CONTABLE,0.9489,3,2,3,3,1.0,1.0,False
COORDINADORA ACADEMICA DE LA FACULTAD DE CIENCIAS DE LA SALUD,COORDINADORA ADMINISTRATIVA DE LA FAC. DE CIENCIAS DE LA SALUD,0.9489,1,1,1,2,,,False
ASISTENTE B DE CONTABILIDAD,ASISTENTE C CONTABILIDAD,0.9489,3,1,48,8,1.0,1.0,False
ASISTENTE DE ADMISION,ASESOR DE ADMISION,0.9489,12,3,39,17,1.0,,False
ANALISTA DE PLANIFICACION ESTRATEGICA,ANALISTA DE GESTION ESTRATEGICA,0.9489,3,1,5,2,2.0,2.0,False
SUPERVISOR DE IMPRENTA,SUPERVISOR DE IMPRESION DIGITAL,0.9488,3,1,10,2,3.0,3.0,False
TECNICO DE MANTENIEMIENTO,TECNICO DE MANTENIMIENTO SR.,0.9488,185,1,1322,3,2.0,2.0,False
AUXILIAR DE DEPARTAMENTO TECNICO,AUXILIAR DEP. TECNICO,0.9488,2,1,4,10,2.0,2.0,False
ASISTENTE - AYUDANTE - AUXILIAR DE CONTABILIDAD,ASISTENTE / AYUDANTE / AUXILIAR DE CONTABILID,0.9488,446,3,1359,15,1.0,1.0,False
INGENIERO INSPECTOR DE PROYECTOS 132,INGENIERO INSPECTOR DE PROYECTOS 192,0.9488,1,1,2,4,,,False
ASISTENTE DE TIENDA MALL DEL SOL,ASISTENTE DE TIENDA MALL DEL SUR,0.9488,1,1,3,1,1.0,1.0,False
ASISTENTE DE ATM,ASISTENTE ATM´S,0.9488,2,1,3,5,1.0,1.0,False
COORDINADOR DE SOPORTE IT,COORDINADOR DE SOPORTE USUARIO IT,0.9488,2,1,2,2,3.0,3.0,False
PROFESORA TUTORA TIEMPO COMPLETO FAC. ESTUDIOS INTERNACIONALES ICP DE LA MODALIDAD EN LINEA,PROFESORA TIEMPO COMPLETO FAC. ESTUDIOS INTERNACIONALES ICP,0.9488,1,1,2,18,,,False
EJECUTIVO(A) DE INDEMNIZACIONES,EJECUTIVO TECNICO DE INDEMNIZACIONES,0.9488,1,1,6,6,,2.0,False
ASISTENTE COMERCIAL,ASISTENTE COMERCIAL DE VENTAS,0.9488,266,1,776,1,1.0,1.0,False
AYUDANTE LOGISTICA,AYUDANTE LOGISTICA LIDER,0.9488,15,1,356,42,1.0,1.0,False
COORDINADOR DE MEDIO AMBIENTE Y SEGURIDAD INDUSTRIAL,COORDINADOR SEG. INDUSTRIAL Y AMBIENTE,0.9488,16,1,30,2,3.0,3.0,False
GERENTE DE AMBIENTE,GERENTE DE MEDIO AMBIENTE,0.9487,5,2,6,3,5.0,5.0,False
OPERARIOS 1 DE BODEGA PIFO,OPERARIOS 1 DE EMPAQUE PIFO,0.9487,1,1,12,42,1.0,1.0,False
ASISTENTE ADMINISTRATIVA BODEGA,AUXILIAR ADMINISTRATIVA Y BODEGA,0.9487,11,1,20,2,1.0,1.0,False
TECNICO MECANICO INDUSTRIAL,TECNICO MECANICO INDUSTRIAL A,0.9487,2,1,9,40,2.0,2.0,False
ASISTENTE/ADMINISTRATIVO,ASITENTE /AUXILIAR ADMINISTRATIVO,0.9487,2,1,4,3,1.0,1.0,False
ENFERMERO (A),3. ENFERMERO,0.9487,20,1,146,1,,,False
ANALISTA DE CUMPLIMIENTO NORMATIVO,ANALISTA 4 DE CUMPLIMIENTO NORMATIVO,0.9486,2,1,3,2,2.0,2.0,False
GERENTE DE ENTRENAMIENTO COMERCIAL,COORDINADOR DE ENTRENAMIENTO COMERCIAL,0.9486,1,1,3,4,5.0,3.0,True
RES. UNIDAD DE RIESGOS,RESP. DE LA UNIDAD DE RIESGOS,0.9486,1,1,1,2,,,False
JEFE DEPARTAMENTO INDUSTRIAL,JEFE DE INDUSTRIAL,0.9486,1,1,2,2,4.0,4.0,False
SUPERVISOR LOGISTICA Y OPERACIONES,SUPERVISOR DE LOGISTICA Y DESPACHO,0.9486,5,3,13,3,3.0,3.0,False
ASISTENTE DE PLANTA,ASISTENTE DE GERENCIA DE PLANTA,0.9486,26,4,734,7,1.0,1.0,False
SUPERVISOR DE PROCESO,SUPERVISOR DE PROCESO (MUESTREADOR),0.9486,21,1,50,1,3.0,3.0,False
ASISTENTE DE CLIENTES Y SERVICIOS,ASISTENTE DE ATENCION Y EXPERIENCIA DEL CLIENTE,0.9486,87,1,386,5,1.0,1.0,False
SUPERVISOR DE LOGISTICA,SUPERVISOR LOGISTICO Y BODEGA,0.9486,73,4,265,7,3.0,3.0,False
COORDINADOR PROCESOS,COORDINADOR CORPORATIVO DE PROCESOS,0.9486,51,1,109,1,3.0,3.0,False
ASISTENTE DE RECURSOS HUMANOS,ASISTENTE DE RECURSOS HUMANOS B,0.9486,194,1,421,2,1.0,1.0,False
BODEGUERO MATERIALES,BODEGUERO MATERIALES Y REPUESTOS,0.9486,3,1,8,2,,,False
ASESOR DE VENTAS,ASESOR DE VENTA,0.9486,41,3,885,710,,,False
ASISTENTE MENSAJERO,ASISTENTE ADMINISTRATIVO MENSAJERIA,0.9486,2,2,4,4,1.0,1.0,False
OPERATIONS ASSISTANT,OPERATIONS ASSOCIATE,0.9486,5,1,11,2,,,False
AYUDANTE DE SOLDADOR,3. AYUDANTE DE SOLDADOR,0.9486,21,1,118,3,1.0,1.0,False
LIDER OPERACIONES,LIDER OPERACIONES Y SERVICIOS,0.9486,2,1,5,2,,,False
COORDINADOR (A) PROYECTOS,COORDINADOR DE PROYECTOS Y SERVICIOS,0.9486,132,2,345,15,3.0,3.0,False
COORDINADOR (A) PROYECTOS,COORDINADOR DE PROYECTOS DEL A,0.9485,132,1,345,2,3.0,3.0,False
ANALISTA DE COSTOS,ANALISTA DE COSTOS DE PROYECTOS,0.9485,102,5,202,14,2.0,2.0,False
JEFE DE INFRAESTRUCTURA TECNOLOGICA,COORDINADOR DE INFRAESTRUCTURA TECNOLOGICA,0.9485,7,4,12,7,4.0,3.0,True
ASISTENTE DE MERCADEO,AUXILIAR DE MERCADEO,0.9485,43,3,80,72,1.0,1.0,False
CHOFER: DE VEHICULOS DE EMERGENCIA,CHOFER DE VEHICULOS DE EMERGENCIAS,0.9485,1,1,8,29,,,False
INGENIERO INSPECTOR DE PROYECTOS 132,INGENIERO INSPECTOR DE PROYECTOS 232,0.9485,1,1,2,3,,,False
COORDINADOR DE POST VENTA,COORDINADOR TECNICO DE POST VENTA,0.9485,3,1,5,2,3.0,3.0,False
ASISTENTE GESTION 11,ASISTENTE GESTION 10,0.9485,1,1,1,1,1.0,1.0,False
SECRETARIO (A) GENERAL PROCURADOR,SECRETARIO PROCURADOR,0.9485,2,1,3,2,,,False
OFICIAL FINANCIERO,IFICIAL FINANCIERO,0.9485,3,1,7,2,,,False
COORDINADOR DE RELACIONES COMUNITARIAS,LIDER DE RELACIONES COMUNITARIAS,0.9485,3,1,6,1,3.0,,False
GERENTE SENIOR DE IMPUESTOS,COORDINADOR SENIOR DE IMPUESTOS,0.9484,4,2,7,3,5.0,3.0,True
OPERARIOS 1 DE BODEGA PIFO,AYUDANTES 1 DE BODEGA PIFO,0.9484,1,1,12,4,1.0,1.0,False
SUPERVISOR PRODUCCION,SUPERVISOR DE PRODUCCION PT,0.9484,250,1,1309,1,3.0,3.0,False
ESPECIALISTA RECURSOS HUMANOS,ESPECIALISTA EN GESTION DE RECURSOS HUMANOS,0.9484,13,1,26,2,3.0,3.0,False
PLANNER ATL,PLANNER LEADER ATL,0.9484,3,1,12,1,,,False
SUPERINTENDENTE DE OBRA,SUPERINTENDENTE DE OBRA CIVIL,0.9484,9,1,43,2,,,False
JALADOR MATERIA PRIMA /PROCESO L3,JALADOR MATERIA PRIMA /PROCESO L2,0.9484,1,1,1,2,,,False
ESPECIALISTA DE ACTIVOS FIJOS E INVENTARIO,ESPECIALISTA DE ACTIVOS FIJOS,0.9484,1,1,1,2,3.0,3.0,False
JEFE DE RECUPERACIONES,GERENTE DE RECUPERACIONES,0.9484,6,2,11,3,4.0,5.0,True
ANALISTA DE OUTSOURCING CONTABLE,COORDINADOR DE OUTSOURCING CONTABLE,0.9483,1,1,5,1,2.0,3.0,True
ASISTENTE DEL SUPERVISOR DE PRODUCCION,ASISTENTE COORDINADOR DE PRODUCCION,0.9483,1,1,9,1,3.0,3.0,False
ASISTENTE COMERCIALIZACION Y VENTAS,ASISTENTE DE VENTAS - MARKETING,0.9483,8,1,25,2,1.0,1.0,False
JEFE DE FACILIDADES,JEFE CENTRAL DE FACILIDADES,0.9483,3,1,4,2,4.0,4.0,False
ASISTENTE DE ALMACEN,ASISTENTE VENTA ALMACEN,0.9483,31,2,6392,3,1.0,1.0,False
COORDINADOR PLANEAMIENTO COMERCIAL,JEFE DE PLANIFICACION COMERCIAL,0.9483,3,3,6,6,3.0,4.0,True
ASISTENTE CENTRO DE SERVICIO,ASESOR DE CENTRO DE SERVICIO,0.9483,3,1,11,4,1.0,,False
INSPECTOR DE PRODUCTO,INSPECTOR DE LINEAS Y PRODUCTO,0.9482,3,1,16,10,,,False
COORDINATOR LOGISTICS & CUSTOMER SERVICE ECUADOR,CUSTOMER EXPERIENCE & LOGISTICS CHIEF ECUADOR,0.9482,1,1,2,1,,,False
ANALISTA CALIDAD,ANALISTA ASEGURAMIENTO CALIDAD,0.9482,162,23,890,164,2.0,2.0,False
CUSTOMER SUPPLY MANAGER,CUSTOMER SUPPLY COORDINATOR,0.9482,1,1,6,3,,,False
ASISTENTE DE FACTURACION Y SERVICIO AL CLIENTE,ASISTENTE DE FACTURACION Y ATENCION AL C,0.9482,3,1,10,1,1.0,1.0,False
ASESOR COMERCIAL CORPORATIVO,ASESOR CORPORATIVO,0.9482,7,5,70,9,,,False
SALES ENGINEERING & ENABLEMENT VP,VP DE SALES ENGINEERING & ENABLEMENT,0.9482,1,1,1,1,,,False
AUXILIAR DE ADUANA,ASISTENTE DE ADUANA,0.9482,11,3,115,5,1.0,1.0,False
ANALISTA DE RECURSOS HUMANOS JUNIOR,ASISTENTE DE RECURSOS HUMANOS JUNIOR,0.9482,1,1,1,1,2.0,1.0,True
JEFE DE OPERACIONES SERVICIOS INTEGRADOS,SUPERVISOR DE OPERACIONES SERVICIOS INTEGRADOS,0.9482,1,1,1,8,4.0,3.0,True
ASISTENTE ADMINISTRA,ASISTENTE ADMIN,0.9482,11,4,29,10,1.0,1.0,False
ESPECIALISTA DE DIRECCION ADMINISTRATIVA Y FINANCIERA,"ESPECIALISTA ADMINISTRACION, FINANZAS Y CONTROL",0.9482,1,1,1,2,3.0,3.0,False
ARQUITECTO DE SOLUCIONES,ARQUITECTO SOLUCION,0.9482,13,1,65,1,,,False
ANALISTA ADMINISTRATIVO SENIOR,ANALISTA JUNIOR ADMINISTRATIVO,0.9481,2,1,2,2,2.0,2.0,False
COORDINADOR DE DISENO Y DESARROLLO,COORDINADOR DE DISENO Y PROYECTOS,0.9481,2,1,3,4,3.0,3.0,False
ASISTENTE COBRANZAS,ASISTENTE DE COBRANZAS JR.,0.9481,169,1,791,1,1.0,1.0,False
AYUDANTE PESADOR,AYUDANTE DE PESADOR,0.948,1,1,6,2,1.0,1.0,False
OPERARIO ELECTRICO 2,OPERARIO ELECTRICO 1,0.948,2,1,10,2,1.0,1.0,False
ANALISTA DE RELACIONES INSTITUCIONALES,ASISTENTE DE RELACIONES INSTITUCIONALES,0.948,2,1,3,1,2.0,1.0,True
JEFE SERVICIOS,JEFE A NIVEL DE SERVICIOS,0.948,34,20,117,40,4.0,4.0,False
ANALISTA DE PROCESO,ANALISTA DE PROCESOS (E),0.948,102,1,249,3,2.0,2.0,False
ASISTENTE DE NOMINA Y BENEFICIOS,ASISTENTE DE NOMINA Y COMPENSACIONES,0.948,3,1,12,1,1.0,1.0,False
ABOGADO DEL CONSULTORIO JURIDICO,ABOGADO/A CONSULTORIO JURIDICO,0.948,5,1,29,8,,,False
COORDINADOR DE FRIGORIFICO,COORDINADOR DE FRIGORIFICO PT,0.948,1,1,1,1,3.0,3.0,False
ASISTENTE DE ATM,ASISTENTE OPERATIVO DE ATM´S,0.9479,2,1,3,5,1.0,1.0,False
AUXILIARES EN GENERAL DE VENTAS,AUXILIARES EN GENERAL DE SERVICIOS. VENTAS,0.9479,1,1,2,2,1.0,1.0,False
AYUDANTE DE SOLDADOR,ASISTENTE DE SOLDADOR,0.9479,21,1,118,1,1.0,1.0,False
ASISTENTE DE PAGOS,AUXILIAR DE PAGOS,0.9479,12,1,55,6,1.0,1.0,False
ASESOR SERVICIO,ASESOR/A DE SERVICIO,0.9479,60,1,762,4,,,False
GERENTE DE MEDIO AMBIENTE,GERENTE DE MEDIO AMBIENTE Y PERMISOS,0.9478,2,1,3,2,5.0,5.0,False
ENFERMERA/O,ENFERMERA/O TC,0.9478,28,1,873,111,,,False
ASISTENTE DE BODEGA,ASISTENTE DE BODEGA Y FARMACIA,0.9478,423,4,2097,10,1.0,1.0,False
CHOFER - REPARTIDOR,CHOFER REPARTIDOR CP,0.9478,6,1,17,4,,,False
ACCOUNTANT MANAGER,ACCOUNTING ASSISTANT MANAGER,0.9478,8,1,12,2,,,False
OPERADOR DE ETIQUETADO,OPERARIO DE ETIQUETADO Y ENCARTONADO,0.9478,4,1,91,58,1.0,1.0,False
JEFE DE GENTE Y GESTION,JEFE SENIOR DE GENTE Y GESTION,0.9478,2,1,3,1,4.0,4.0,False
AYUDANTE TECNICO,AYUDANTE DEPARTAMENTO TECNICO,0.9478,21,2,319,20,2.0,2.0,False
ASISTENTE DE CONTROL DE PROYECTOS,COORDINADOR DE CONTROL DE PROYECTOS,0.9478,2,1,2,2,1.0,3.0,True
COORDINADOR OPERACIONES EN PUERTO,COORDINADORA DE OPERACIONES Y PUERTO,0.9478,2,1,3,2,3.0,,False
ASESOR DE CONTAC CENTER,ASESOR DEL CONTAC CENTER,0.9478,2,1,12,2,,,False
GERENTE DE PROCESOS Y PROYECTOS,GERENTE DE PROYECTOS Y SERVICIOS,0.9478,5,2,8,5,5.0,5.0,False
ASISTENTE COMERCIAL,ASISTENTE COMERCIAL CORPORATIVO,0.9478,266,1,776,6,1.0,1.0,False
JEFE DE CONTABILIDAD,JEFE DE CONTABILIDAD Y TESORERIA,0.9478,145,2,260,3,4.0,4.0,False
ANALISTA GESTION DE PERSONAL,ANALISTA DE NOMINA Y GESTION DE PERSONAL,0.9478,3,1,8,1,2.0,2.0,False
COORDINADOR CREDITO,COORDINADOR DE CREDITOS,0.9478,80,3,147,4,3.0,3.0,False
INSPECTOR DE CALIDAD,INSPECTOR DE CALIDAD ENTRADA,0.9478,87,1,1210,4,,,False
CINTA DE RE-INSPECCION PROCESO L3,CINTA DE RE-INSPECCION PROCESO L2,0.9477,1,1,3,1,,,False
AUXILIAR CONTROL DE CALIDAD,AUXILIAR TECNICO CALIDAD,0.9477,26,3,78,3,1.0,2.0,True
INSPECTOR DE PROCESOS,INSPECTOR CONTROL DE PROCESO,0.9477,5,1,20,8,,,False
JEFE FACTURACION,JEFE DE SERVICIOS FACTURACION,0.9477,19,1,34,2,4.0,4.0,False
ANALISTA DE NOMINA Y ADMINISTRACION,ANALISTA DE GESTION DE NOMINA,0.9477,1,1,1,1,2.0,2.0,False
ASISTENTE SERVICIO AL CLIENTE Y OPERACIONES,ASISTENTE DE OPERACIONES Y SERVICIOS,0.9477,3,2,8,8,1.0,1.0,False
JEFE DE SERVICIOS COMPLEMENTARIOS,JEFE DE SERVICIOS ADICIONALES,0.9477,1,1,1,3,4.0,4.0,False
COORDINADOR DE SANITIZACION,JEFE DE SANITIZACION,0.9477,2,1,5,1,3.0,4.0,True
ANALISTA DE PLANIFICACION ACADEMICA,COORDINADOR DE PLANIFICACION ACADEMICA,0.9477,1,1,1,1,2.0,3.0,True
ASISTENTE DE CAPACITACION,ASISTENTE ADMINISTRATIVO DE CAPACITACION,0.9477,8,1,27,2,1.0,1.0,False
ASISTENTE AMBIENTE,ASISTENTE AMBIENTAL,0.9477,10,8,19,13,1.0,1.0,False
ANALISTA DE SEGUIMIENTO Y CONTROL DE SOBREGIROS,ANALISTA DE GESTION Y CONTROL DE SOBREGIROS,0.9476,1,1,1,1,2.0,2.0,False
JEFE DE RECURSOS HUMANO,JEFE DPTO. RECURSOS HUMANOS,0.9476,231,1,425,2,4.0,4.0,False
ASISTENTE DE AUDITORIA TECNICA,ASISTENTE DE AUDITORIA EN CONSULTORIA TECNOLOGICA,0.9476,1,1,3,4,1.0,1.0,False
COORDINADORA DE BODEGA Y DESPACHOS,COORDINADOR DE BODEGA Y DESPACHO,0.9476,3,2,4,3,,3.0,False
GERENTE DE PERSONAS & CULTURA,GERENTE DE GESTION HUMANA Y CULTURA,0.9476,2,1,2,2,5.0,5.0,False
ASISTENTE TECNICO DE MANTENIMIENTO,ASISTENTE INGENIERIA Y MANTENIMIENTO,0.9476,6,3,14,13,2.0,1.0,True
ANALISTA FINANCIERA SENIOR,ANALISTA DE PLANEACION FINANCIERA SENIOR,0.9476,10,2,16,6,2.0,2.0,False
DISENADOR-PUBLICISTA,DISENADOR/PUBLICIDAD,0.9476,1,1,2,2,,,False
SUPERVISOR CALIDAD Y REGULATORIOS,SUPERVISOR DE CALIDAD SR,0.9475,2,1,4,3,3.0,3.0,False
PROGRAMADOR DE SOFTWARE SENIOR,DESARROLLADOR DE SOFTWARE SENIOR,0.9475,17,1,395,2,,,False
SUPERVISOR DE AUDITORIA,SUBGERENTE DE AUDITORIA,0.9475,9,3,22,6,3.0,4.0,True
JEFE CREDITO Y COBRANZA,JEFE CREDITO Y CARTERA,0.9475,102,9,203,14,4.0,4.0,False
GERENTE DE SOPORTE CORPORATIVO,JEFE DE SOPORTE CORPORATIVO,0.9475,1,1,2,2,5.0,4.0,True
DIRECTOR DE PLANIFICACION Y PROCESOS,COORDINADOR DE PLANIFICACION Y PROCESOS,0.9475,2,2,3,3,5.0,3.0,True
COORDINADOR DE SEGURIDAD DE LA INFORMACION,SUPERVISOR DE SEGURIDAD DE LA INFORMACION,0.9475,6,2,9,3,3.0,3.0,False
AUXILIAR DE BODEGA,AUXILIAR DE BODEGA (EMPAQUE),0.9475,499,1,5709,5,1.0,1.0,False
ASISTENTE DE AGENCIA,AUXILIAR DE AGENCIA,0.9475,9,3,126,486,1.0,1.0,False
SUPERINTENDENTE MANTENIMIENTO,SUPERINTENDENTE DE MANTENIMIENTO MECANICO,0.9475,7,1,16,1,,,False
INSPECTOR DE RIESGOS Y SEGURIDAD Y SALUD OCUPACIONAL,INSPECTOR DE SALUD OCUPACIONAL,0.9475,2,1,4,2,,,False
JEFE DE SISTEMAS (E),JEFE DE SISTEMAS Y C,0.9475,2,1,5,1,4.0,4.0,False
ANALISTA GOBIERNO DE DATOS,ANALISTA DE GOBIERNO DE LA DATA,0.9475,1,1,3,1,2.0,2.0,False
EJECUTIVO CUENTAS CORPORATIVAS,EJECUTIVO JUNIOR DE CUENTAS CORPORATIVAS,0.9475,8,1,104,6,,,False
OPERADOR DE SELLADORA,OPERADOR DE SELLADORA Y ENTREGAS,0.9474,2,1,23,3,1.0,1.0,False
CHOFER CAMIONETAS LIVIANAS O MIXTAS HASTA 3.5 TONELADAS,CHOFER: CAMIONES LIVIANOS O MIXTOS HASTA 3.5 TONELADAS,0.9474,62,1,196,2,,,False
ASISTENTE DE MARKETING,ASISTENTE DE VENTAS - MARKETING,0.9474,205,1,439,2,1.0,1.0,False
ASISTENTE DE RESPONSABILIDAD SOCIAL,AUXILIAR DE RESPONSABILIDAD SOCIAL,0.9474,2,1,6,1,1.0,1.0,False
AYUDANTE DE OPERADORES,ASISTENTE DE OPERADORES,0.9474,2,1,3,1,1.0,1.0,False
JEFE DE CARTERA,JEFE OPERATIVO DE CARTERA,0.9474,60,1,112,2,4.0,4.0,False
COSTURERA B,COSTURERA A,0.9474,1,1,8,4,,,False
COORDINADOR SEGURIDAD FISICA,ENCARGADO DE SEGURIDAD FISICA,0.9474,28,2,56,4,3.0,,False
JEFE DE CALIDAD Y PROCESO,JEFE CONTROL DE CALIDAD Y MEJORA CONTINUA,0.9474,11,2,19,5,4.0,4.0,False
ASISTENTE DE REDES,AYUDANTE DE REDES,0.9474,4,1,6,2,1.0,1.0,False
JEFE DE EXCELENCIA OPERACIONAL,JEFE DE EXCELENCIA OPERAC,0.9474,4,1,6,2,4.0,4.0,False
SUPERVISOR DE MANTENIMIENTO ELECTROMECAN,ENCARGADO DE MANTENIMIENTO ELECTROMECANI,0.9474,2,1,10,2,3.0,,False
ANALISTA MICROBIOLOGIA,ANALISTA DE MICROBIOLOGIA 2,0.9474,30,1,64,2,2.0,2.0,False
AYUDANTES 1 DE EMPAQUE PIFO,AYUDANTES 1 DE BODEGA PIFO,0.9473,1,1,4,4,1.0,1.0,False
EJECUTIVO SENIOR,EJECUTIVO ADMINISTRATIVO SENIOR,0.9473,4,2,52,2,,,False
ANALISTA DE PLANEACION Y ABASTECIMIENTO,ANALISTA DE PLANIFICACION DE DEMANDA Y ABASTECIMIENTO,0.9473,3,2,38,8,2.0,2.0,False
ARQUITECTO DE DATOS,ARQUITECTO DE DATOS Y BI,0.9473,7,1,14,1,,,False
SUPERVISOR DE BODEGA,SUPERVISOR DE BODEGA SENIOR,0.9473,157,1,580,4,3.0,3.0,False
COORDINADOR JURIDICO,COORDINADOR CONSULTORIO JURIDICO,0.9473,7,6,18,21,3.0,3.0,False
TECNICO DE PRODUCCION,TECNICO PRODUCTIVO,0.9473,15,1,55,2,2.0,2.0,False
COORDINADOR SHEQ-SGI CLTC,COORDINADOR SHEQ-SGI,0.9473,1,1,2,9,3.0,3.0,False
DIRECTOR DE INVESTIGACION Y DESARROLLO,SUB DIRECTOR DE INVESTIGACION Y DESARROLLO,0.9473,7,2,12,3,5.0,5.0,False
ASISTENTE DE CUSTOMER EXPERIENCE,ASISTENTE DE CUSTOMER SERVICE,0.9473,5,2,8,10,1.0,1.0,False
TECNICO DE LABORAT,TECNICO LABORATORIO,0.9473,34,7,191,24,2.0,2.0,False
ANALISTA JUNIOR - INTELIGENCIA DE NEGOCIOS,ANALISTA SENIOR DE INTELIGENCIA DE NEGOCIOS,0.9472,2,2,4,4,2.0,2.0,False
AYUDANTE DE ROPERIA,AUXILIAR DE ROPERIA,0.9472,1,1,1,1,1.0,1.0,False
JEFE CORPORATIVO DE SEGURIDAD INDUSTRIAL Y MEDIO AMBIENTE,JEFE DE SEGURIDAD INDUSTRIAL Y GESTION AMBIENTAL Y RSE,0.9472,1,1,2,2,4.0,4.0,False
OPERADOR DE MAQUINA PESADA,OPERADOR MAQUINA PESADA,0.9472,1,1,2,2,1.0,1.0,False
GERENTE DESARROLLO COMERCIAL,JEFE DE DESARROLLO COMERCIAL,0.9472,2,2,6,4,5.0,4.0,True
JEFE DE MATERIALES,JEFE DE PRODUCCION DE MATERIALES,0.9472,5,1,11,3,4.0,4.0,False
SUPERVISOR DE SEGURIDAD FISICA,COORDINADOR SEGURIDAD FISICA,0.9472,38,28,87,56,3.0,3.0,False
ASISTENTE AMBIENTE,ASISTENTE MED. AMBIENTE,0.9472,10,1,19,1,1.0,1.0,False
INGENERO GEOLOGO SENIOR,GEOLOGO GEOTECNICO SENIOR,0.9472,2,1,4,5,,,False
GESTOR DE CALIDAD Y PROCESOS,GESTOR DE CALIDAD Y SERVICIOS,0.9472,2,1,2,2,,,False
CONTROLADOR DE ALMACENES,CONTROLLER DE ALMACENAMIENTO,0.9472,2,1,4,1,,,False
ASISTENTE CALIDAD,ASISTENTE CALIDAD DE SERVICIO,0.9472,101,1,332,1,1.0,1.0,False
ANALISTA DE EXPORTACIONES,ANALISTA DE EXPORTACIONES EUROPA,0.9472,14,1,53,2,2.0,2.0,False
OFICIAL DE FORMACION Y CAPACITACION,OFICIAL DE CAPACITACION,0.9472,1,1,2,3,,,False
AUXILIAR DE AUDITORIA,AUXILIAR DE AUDITORIA INTERNA,0.9472,16,16,63,29,1.0,1.0,False
ASISTENTE COMERCIALIZACION,AUXILIAR DE COMERCIALIZACION,0.9472,8,1,25,4,1.0,1.0,False
OPERARIO PRODUCCION LIMPIEZA,OPERADOR LIMPIEZA DE FABRICA,0.9472,3,1,15,2,1.0,1.0,False
JEFE DE SUPERVISION,JEFE DE SUPERVISORES,0.9472,1,1,1,1,4.0,4.0,False
ANALISTA DE INGENIERIA DE DATOS SR,ANALISTA DE INGENIERIA DE DATOS JR,0.9472,1,1,2,3,2.0,2.0,False
COORDINADOR DE COMUNICACION CORPORATIVA E INTERNA,COORDINADOR/A DE COMUNICACION Y EVENTOS INTERNOS,0.9471,7,1,10,2,3.0,3.0,False
SUPERVISOR DE PUNTO DE VENTA,SUPERVISOR DE PUNTO DE VENTA JR,0.9471,5,1,32,5,3.0,3.0,False
ANALISTA DE OPERACIONES LOGISTICA,ANALISTA DE EJECUCION LOGISTICA,0.9471,3,1,20,2,2.0,2.0,False
BODEGUERO 221,BODEGUERO 216,0.9471,1,1,1,1,,,False
EJECUTIVA DE PRODUCCION,PRODUCTORA EJECUTIVA,0.9471,1,1,1,2,,,False
JEFE DE AREA DE PRODUCCION,COORDINADOR DEL AREA DE PRODUCCION,0.9471,3,1,5,4,4.0,3.0,True
JEFE DE INFRAESTRUCTURA Y MANTENIMIENTO,JEFE DE INFRAESTRUCTURA Y SISTEMAS,0.9471,4,1,7,2,4.0,4.0,False
TECNICO MANTENIMIENTO PREVENTIVO,TECNICO DE MANTENIMIENTO PREDICTIVO,0.9471,1,1,7,6,2.0,2.0,False
COORD LABORATORIO,COORD. LABORATORIO,0.9471,1,1,1,2,,,False
JEFE DE OPERACIONES CONTABLES,JEFE DE CONTABILIDAD Y COBRANZAS,0.9471,3,1,5,2,4.0,4.0,False
COORDINADOR CREDITO,COORDINADOR OPERATIVO CREDITO,0.9471,80,2,147,4,3.0,3.0,False
JEFE DE BODEGA INDUSTRIAL,ENCARGADO DE BODEGA INDUSTRIA,0.9471,1,1,2,1,4.0,,False
ANALISTA DE ADMINISTRACION COMERCIAL,ANALISTA DE ADMINISTRACION COMERCIAL SENIOR,0.9471,4,1,9,2,2.0,2.0,False
ASIST. OPERACIONES,ASIST. OPERACIONES 1,0.9471,5,2,12,6,,,False
COORDINADOR CREDITO,COORDINADOR CREDITO Y COB,0.9471,80,1,147,1,3.0,3.0,False
ASISTENTE INGENIERIA Y MANTENIMIENTO,ASISTENTE TECNICO DE INSTALACIONES Y MANTENIMIENTO,0.9471,3,1,13,5,1.0,2.0,True
JEFE DE CANALES ELECTRONICOS,JEFE DE CAPTACIONES Y GESTION DE CANALES ELECTRONICOS,0.9471,2,1,3,2,4.0,4.0,False
JEFE DE MANT. ELECTRICO,JEFE DE MANTENIMIENTO PLANTA ELECTRICA,0.9471,9,1,13,2,4.0,4.0,False
COORDINADOR DE CAJA,COORDINADOR Y ASISTENTE EN CAJA,0.9471,3,1,6,1,3.0,3.0,False
TECNICO DE REFRIGERACION,TECNICO DE REFRIGERACION/ 制冷工,0.947,38,1,366,1,2.0,2.0,False
ASISTEBTE ADMINISTRATIVO,ASISTENTE ADMINISTRATIVO BASE,0.947,1731,1,7021,2,,1.0,False
ANALISTA DE NEGOCIOS SENIOR,ASESOR DE NEGOCIOS SENIOR,0.947,3,1,4,34,2.0,,False
SUPERVISOR ALIMENTADORES AUTOM,SUPERVISOR DE ALIMENTACION AUTOMATICA,0.947,12,7,42,9,3.0,3.0,False
COORDINADOR DOCENTE,COORDINADORA DE DOCENCIA,0.947,3,1,156,1,3.0,,False
COORDINADOR/A DE PSIQUIATRIA,COORDINADOR/A DE PSICOLOGIA,0.947,1,1,2,2,3.0,3.0,False
GERENTE DE OPERACIONES HE,GERENTE DE OPERACIONES HG,0.947,1,1,2,1,5.0,5.0,False
ANALISTA DE PLANIFICACION DE DEMANDA COLEC,JEFE DE PLANIFICACION DE LA DEMANDA COLEC,0.947,1,1,1,3,2.0,4.0,True
TECNICO MECANICO B,TECNICO MECANICO D,0.947,5,1,48,1,2.0,2.0,False
AYUDANTE DE MINAS CANTERAS,AYUDANTE MINAS CANTERAS,0.947,15,1,485,2,1.0,1.0,False
PROFESORA DE COMPUTACION DEL NIVEL INICIAL Y PREPARATORIA,PROFESORA DE COMPUTACION DEL NIVEL EGB ELEMENTAL Y MEDIA,0.947,1,1,2,8,,,False
ESTIBADOR DE HIELO,ESTIBADOR/ENFUNDADOR DE HIELO,0.947,2,1,33,31,,,False
JEFE DE REGISTROS,JEFE DE REGISTROS INTERNA,0.947,1,1,3,2,4.0,4.0,False
AUXILIAR OPERATIVO ALMACEN Y PERCHAS,AUXILIAR TIPO A DE ALMACEN Y PERCHAS,0.947,1,1,552,30,1.0,1.0,False
ANALISTA CALIDAD,ANALISTA CALIDAD SERVICIO,0.947,162,3,890,4,2.0,2.0,False
ASESOR TECNICO COMERCIAL D,ASESOR TECNICO COMERCIAL L,0.947,1,1,1,1,2.0,2.0,False
ASISTENTE BASE DE DATOS,ASISTENTE DE BASE DE DATOS Y SISTEMAS,0.947,4,1,7,4,1.0,1.0,False
ASISTENTE CREDITO,ASISTENTE DE CREDITO 1,0.947,72,1,274,14,1.0,1.0,False
CAJERO CERTIFICADO (ESTABLECIMIENTOS CATEGORIA PRIMERA),CAJERO CERTIFICADO (ESTABLECIMIENTOS CATEGORIA LUJO),0.947,10,1,45,1,,,False
TECNICO DESARROLLADOR DE PRODUCTO,DESARROLLADOR DE PRODUCTO,0.947,2,2,4,3,2.0,,False
AUXILIAR OPERATIVA,AUXILIAR DE OPERADOR,0.9469,30,3,643,42,1.0,1.0,False
COORDINADOR DE INVENTARIO Y COMPRA,COORDINADOR DE COMPRAS E INVENTARIOS,0.9469,2,2,3,2,3.0,3.0,False
SUPERVISOR CALIDAD,SUPERVISOR CALIDAD JR.,0.9469,146,2,618,5,3.0,3.0,False
ASISTENTE DE CAPACITACION,ASISTENTE DE CAPACITACION Y DESARROLLO,0.9469,8,1,27,2,1.0,1.0,False
ASISTENTE DE DESARROLLO,ASISTENTE DE DESARROLLO HUMANO,0.9469,14,9,25,20,1.0,1.0,False
ANALISTA DE PREVENCION Y FRAUDE,ANALISTA DE MONITOREO Y PREVENCION DE FRAUDES,0.9469,7,1,20,3,2.0,2.0,False
ASISTENTE TECNICO B,ASISTENTE TECNICO I,0.9469,2,1,11,45,2.0,2.0,False
EMPLEADOS DE ASEO,EMPLEADA DE ASEO,0.9469,3,1,4,1,,,False
ASESOR DE NEGOCIOS,ASESOR DE NEGOCIOS (E),0.9469,28,1,922,14,,,False
COORDINADOR COMPRAS Y CONTRATOS,COORDINADOR DE CONTRATOS,0.9469,5,4,12,6,3.0,3.0,False
ASISTENTE CONTABLE Y TESORERIA,"ASISTENTE CONTABLE, CREDITO Y COBRANZA",0.9469,1,1,1,2,1.0,1.0,False
JEFE DE VENTAS DE AUTOSERVICIOS,JEFE DE VENTAS VEHICULOS,0.9469,2,1,4,10,4.0,4.0,False
MECANICO DE MANTENIMIENTO,MECANICO DE MANTENIMIENTO / ELECTROMECANICO,0.9468,25,10,125,18,,,False
ACCOUNTING SPECIALIST,ACCOUNTING ASSISTANT SPECIALIST,0.9468,2,1,3,2,,,False
SUPERVISOR LOGISTICA Y OPERACIONES,SUPERVISOR DE PRODUCCION Y LOGISTICA,0.9468,5,1,13,2,3.0,3.0,False
SUBADMINISTRADOR,SUBADMINISTRATIVO,0.9468,12,1,202,2,,,False
ASESOR DE ADMISIONES,CONSULTOR DE ADMISIONES,0.9468,3,2,17,90,,,False
JEFE / ADMINISTRADOR DE ALMACE,JEFE ALMACENAMIENTO Y DESPACHO,0.9468,2,1,3,2,4.0,4.0,False
AUXILIAR DE LOGISTICA E INVENTARIOS,ASISTENTE DE LOGISTICA (GESTION DE INVENTARIOS),0.9468,1,1,8,4,1.0,1.0,False
AUXILIAR DE LABORATORIO (AL),AUXILIAR ANALISTA DE LABORATORIO,0.9468,1,1,1,4,1.0,2.0,True
AUXILIAR ADMINISTRATIVA,AYUDANTE ADMINISTRATIVA,0.9468,454,12,1915,31,1.0,1.0,False
ASISTENTE CREDITO Y COBRANZA,ASISTENTE CREDITO,0.9468,104,72,360,274,1.0,1.0,False
JEFE DE FLOTA,AUXILIAR JEFE DE FLOTA,0.9468,20,1,39,4,4.0,4.0,False
ASISTENTE ADMINISTRATIVA 2,ASISTENTE ADMINISTRATIVA 4,0.9468,17,2,45,16,1.0,1.0,False
GESTOR DE PROYECTOS,GESTOR TECNICO DE PROYECTOS,0.9467,12,1,37,2,,2.0,False
MECANICO DE MANTENIMIENTO,JEFE DE MANTENIMIENTO MECANICA,0.9467,25,12,125,27,,4.0,False
WAREHOUSE COORDINATOR,WAREHOUSE & LOGISTIC COORDINATOR,0.9467,2,1,3,2,,,False
ANALISTA DE TECNOLOGIA,ANALISTA DE TECNOLOGIA SENIOR,0.9467,35,2,89,3,2.0,2.0,False
CHOFER PARA CAMIONES DE 4.5 TONELADAS,"CHOFER DE CAMIONES HASTA 3,5 TONELADAS",0.9467,1,1,2,2,,,False
COORDINADOR DE PICKING,COORDINADOR DE PICKING Y DESPACHO,0.9467,2,1,3,4,3.0,3.0,False
ASISTENTE DE CLIENTES Y SERVICIOS,ASISTENTE INTEGRAL DE SERVICIO AL CLIENTE,0.9467,87,1,386,4,1.0,1.0,False
INGENIERO DE SOFTWARE JUNIOR,INGENIERA PROGRAMADOR JUNIOR,0.9467,2,1,13,2,,,False
AYUDANTE ADMINISTRATIVA,AYUDANTE DE ADMINISTRACION,0.9467,12,1,31,10,1.0,1.0,False
JEFE CONFECCION,JEFE DE CONFECCION (F),0.9467,2,1,4,2,4.0,4.0,False
MEDICO ESPECIALISTA EN PEDIATRIA,MEDICO ESPECIALISTA - PEDIATRA,0.9467,2,1,3,6,3.0,3.0,False
OFICIAL DE ATENCION AL SOCIO,OFICIAL DE ATENCION AL SOCIO/CLIENTE,0.9467,1,1,21,1,,,False
SUBGERENTE DE MARKETING Y COMUNICACION,SUBGERENTE DE MERCADEO Y COMUNICACION,0.9466,1,1,2,2,4.0,4.0,False
OPERADOR DE,OPERADOR DE OPERACIONES,0.9466,1,1,10,16,1.0,1.0,False
JEFE DE PRESUPUESTO Y PLANIFIC,COORDINADOR DE PLANIFICACION Y PRESUPUESTO,0.9466,6,1,9,2,4.0,3.0,True
ASESOR COMERCIAL DE VENTAS,ASESOR COMERCIAL/VENDEDOR,0.9466,41,3,885,16,,,False
AUXILIAR DE BODEGA/MONTACARGISTA,AUXILIAR DE BODEGA ESP. MONTAC.,0.9466,2,1,2,2,1.0,1.0,False
GERENTE INFRAESTRUCTURA,GERENTE DE INFRAESTRUCTURA Y MANTENIMIENTO,0.9466,7,1,12,1,5.0,5.0,False
COORDINADOR DE DESARROLLO DE NEGOCIOS,RESPONSABLE DE DESARROLLO DE NEGOCIOS,0.9466,3,1,5,1,3.0,,False
GESTOR DE COBRANZAS,GESTOR DE COBRANZAS 1,0.9466,43,1,361,10,,,False
SUPERVISOR MANTENIMIENTO INDUSTRIAL,SUPERVISOR DE MANTENIMIENTO IN,0.9466,2,1,3,2,3.0,3.0,False
ANALISTA INFRAESTRUCTURA Y REDES,ANALISTA DE COMUNICACIONES E INFRAESTRUCTURA,0.9466,4,4,7,17,2.0,2.0,False
JEFE DE OPERACIONES FRONT OFFICE,JEFE DE FRONT OFFICE,0.9466,1,1,1,1,4.0,4.0,False
AUXILIAR DE BODEGA,AUXILIAR DE BODEGA TIENDAS,0.9466,499,1,5709,10,1.0,1.0,False
ASISTENTE DE PLANILLA,AYUDANTE DE PLANILLA,0.9466,2,1,5,2,1.0,1.0,False
ASESOR COMERCIAL FONDOS PERSONAS,ASESOR COMERCIAL FONDOS CORPORATIVO,0.9466,1,1,3,8,,,False
PSICOLOGO (A) EDUCATIVO,PSICOLOGO EDUCATIVO (BACH),0.9466,23,1,82,2,,,False
ASISTENTE ADMINISTRATIVO SEGURIDAD FISICA,ASISTENTE ADMINISTRATIVO DE SEGURIDAD,0.9466,2,2,2,3,1.0,1.0,False
SUPERVISOR CALIDAD,SUPERVISOREN GESTION DE CALIDAD,0.9466,146,1,618,2,3.0,,False
JEFE CONTROL CALIDAD,JEFE DE CALIDAD Y CERTIFICACION,0.9466,88,2,160,2,4.0,4.0,False
ASESOR DE VENTAS SR.,ASESOR DE VENTAS JR.,0.9466,1,1,4,2,,,False
AUXILIAR DE PROCESOS,AUXILIAR DE PROCESOS OPERATIVOS,0.9465,10,4,27,175,1.0,1.0,False
ASIST ADMINIST,ASIST. ADMINIST.,0.9465,3,1,22,2,,,False
ASISTENTE DE NOMINA Y ADMINISTRACION,ASISTENTE DE NOMINA ADMINISTRACION Y BIENESTAR,0.9465,2,1,2,1,1.0,1.0,False
ASISTENTE DE MANTENIMIENTO I,ASISTENTE DE MANTENIMIENTO GENERAL,0.9465,4,3,10,28,1.0,1.0,False
JEFE DE INFRAESTRUCTURA Y TECNOLOGIA,JEFE DE INFRAESTRUCTURA Y MANTENIMIENTO,0.9465,7,4,12,7,4.0,4.0,False
ANALISTA AUXILIAR DE ADMINISTRACION,ANALISTA ADMINISTRATIVO Y SERVICIOS,0.9465,8,1,20,2,2.0,2.0,False
SALES COORDINATOR,SALES ADMINISTRATION COORDINATOR,0.9465,2,1,3,1,,,False
ASISTENTE SALUD OCUPACIONAL,ASISTENTE DE SALUD OCUPACIONAL B,0.9465,3,1,15,3,1.0,1.0,False
ASISTENTE SECRETARIA GENERAL,ASISTENTE EN EL AREA DE SECRETRIA GENERAL,0.9465,8,1,26,1,1.0,1.0,False
ASISTENTE MEDICO,ASISTENTE DE DEPARTAMENTO MEDICO,0.9465,3,1,4,2,1.0,1.0,False
DIRECTOR DE TALENTO HUMANO Y ADMINISTRATIVO,DIR. ADMINISTRATIVA Y TALENTO HUMANO,0.9465,2,1,3,1,5.0,,False
ASISTENTE PROCESOS,ASISTENTE PROCESOS FIRMAS,0.9465,45,1,76,2,1.0,1.0,False
ASISTENTE DE LABORATORIO,ASISTENTE DE LABORATORIO Y SISTEMA,0.9465,83,1,289,5,1.0,1.0,False
SUPERVISORA GENERAL PRODUCCION,SUPERVISOR PRODUCCION (SN),0.9464,5,1,10,2,,3.0,False
COORDINADOR OPERATIVO DE PROYECTOS,COORDINADOR DE PROYECTOS Y SERVICIOS,0.9464,3,2,13,15,3.0,3.0,False
SUPERVISOR CULTIVO F3,SUPERVISOR CULTIVO F2,0.9464,3,1,9,19,3.0,3.0,False
ASISTENTE DE EQUIPOS,ASISTENTE DE GESTION DE EQUIPOS,0.9464,1,1,6,11,1.0,1.0,False
TECNICA DE CALIDAD,TECNICO-CALIDAD,0.9464,14,11,50,42,,2.0,False
ASISTENTE CONTABILIDAD GENERAL,ASISTENTE DE CONTADOR GENERAL,0.9464,2,1,9,3,1.0,1.0,False
SUPERVISOR DE INSTALACIIONES,SUPERVISOR TECNICA EN GENERAL E INSTALACION,0.9464,4,1,6,2,3.0,3.0,False
COORDINADOR DE CONTROL DE PROYECTOS,SUPERVISOR DE CONTROL DE PROYECTO,0.9464,1,1,2,2,3.0,3.0,False
SUBJEFE DE LOCAL,SUBGERENTE DE LOCAL,0.9464,1,1,18,27,,4.0,False
JEFE DE TOPOGRAFIA,GERENTE TOPOGRAFIA,0.9464,3,1,6,1,4.0,5.0,True
ANALISTA DE CLIENTE,ANALISTA MAESTRO DE CLIENTES,0.9464,2,1,3,2,2.0,2.0,False
SUBGERENTE DE VENTAS,SUB GERENTE DE VENTAS,0.9464,9,3,30,16,4.0,5.0,True
DISENADOR DE MARCA,DISENADOR/A DE MARCA,0.9464,2,1,2,2,,,False
COORDINADOR COBRANZA JUDICIAL,COORDINADOR DE COBRANZAS JUDICIALES,0.9464,2,1,4,4,3.0,3.0,False
TECNICO DE MANTENIEMIENTO,TECNICO DE SOPORTE Y MANTENIMIENTO,0.9464,185,2,1322,23,2.0,2.0,False
ANALISTA DE TTHH,ANALISTA TTHH,0.9464,8,3,19,6,2.0,2.0,False
ANALISTA-CIENTIFICO DE DATOS Y ANALITICA,ANALISTA DE ANALITICA DE DATOS,0.9464,2,1,3,1,2.0,2.0,False
ASISTENTA DE FACTURACION,ASISTENTE ADMINISTRATIVO FACTURACION,0.9464,145,2,478,18,,1.0,False
ENSAMBLADOR,ENSAMBLADOR A,0.9463,11,1,88,1,,,False
JEFE DE DESARROLLO ORGANIZACIONAL Y EXPERIENCIA DEL CLIENTE,ESPECIALISTA DE DESARROLLO ORGANIZACIONAL Y EXPERIENCIA DEL CLIENTE,0.9463,1,1,2,1,4.0,3.0,True
INSPECTORA NIVEL INICIAL,INSPECTORA INICIAL,0.9463,1,1,2,2,,,False
SUPERVISOR DE CONTROL COMERCIAL,COORDINADOR DE CONTROL COMERCIAL,0.9463,2,1,8,1,3.0,3.0,False
ANALISTA DE DATOS,ANALISTA DE ANALITICA DE DATOS,0.9463,87,1,162,1,2.0,2.0,False
INGENIERO INSPECTOR DE PROYECTOS 132,INGENIERO INSPECTOR DE PROYECTOS 172,0.9463,1,1,2,1,,,False
GERENTE DE OPERACIONES Y PROYECTOS,GERENTE DE PROYECTOS Y SERVICIOS,0.9463,6,2,9,5,5.0,5.0,False
ASISTENTE CORPORATIVO,ASISTENTE COMERCIAL CORPORATIVO,0.9463,3,1,7,6,1.0,1.0,False
AYUD. DE OPERADOR,AUXILIAR DE OPERADOR,0.9463,9,3,72,42,1.0,1.0,False
AYUDANTE DE CAMPO,AUXILIAR DE CAMPO,0.9463,9,4,28,21,1.0,1.0,False
MEDICAL SCIENCE LIAISON,MEDICAL SCIENTIFIC LIAISON,0.9463,1,1,1,2,,,False
JEFE COMPENSACIONES,JEFE DE COMPENSACIONES Y SERV,0.9463,8,1,10,2,4.0,4.0,False
TECNICO DE GRANJAS,JEFE TECNICO DE GRANJAS,0.9463,2,1,7,2,2.0,4.0,True
OPERARIO TERMINACION,OPERARIO 1 TERMINACION,0.9462,1,1,7,1,1.0,1.0,False
JEFE SERVICIO CLIENTE,JEFE ATENCION A CLIENTES,0.9462,47,11,83,20,4.0,4.0,False
ANALISTA DE IMPORTACION,ANALISTA DE DOCUMENTACION IMPORT,0.9462,66,1,159,4,2.0,2.0,False
JEFE DE CONTROL DE GESTION FINANCIERA,JEFE DE FINANZAS Y CONTROL,0.9462,6,4,9,7,4.0,4.0,False
GERENTE DE CALIDAD E INNOVACION,JEFE DE CALIDAD E INNOVACION,0.9462,3,1,5,2,5.0,4.0,True
ASISTENTE/AUXILIAR DE SERVICIOS GENERALES,ASINTENTE/AUXILIAR DE SERVICIOS EN GENERAL,0.9462,304,1,2959,1,1.0,1.0,False
TRABAJADOR AGRICOLA 3,TRABAJADOR AGRICOLA 2,0.9462,3,2,55,16,,,False
OPERADOR MAQUINARIA PESADA,OPERADOR DE MAQUINARIAS PESADAS,0.9462,19,2,385,5,1.0,1.0,False
JEFE DE SUCURSAL GUAYAQUIL,COORDINADOR SUCURSAL GUAYAQUIL,0.9462,2,1,3,2,4.0,3.0,True
AUXILIAR FUMIGACION,ASISTENTE DE FUMIGACION,0.9462,3,3,29,6,1.0,1.0,False
INGENIERO PROYECTOS,INGENIERO PROYECTISTA,0.9462,5,1,18,3,,,False
ANALISTA DE COSTOS,ANALISTA DE COSTO,0.9461,102,10,202,16,2.0,2.0,False
TECNICO DE REFRIGERACION,TECNICO DE REPARACION DE REFRIGERADOS,0.9461,38,1,366,26,2.0,2.0,False
JEFE TECNICO Y CALIDAD,JEFE DE CALIDAD Y CERTIFICACION,0.9461,7,2,13,2,4.0,4.0,False
"SALES REPRESENTATIVE - MEDICAL, PHARMA OR SPECIALITY",MEDICAL SALES REPRESENTATIVE,0.9461,1,1,1,4,,,False
PROGRAMADOR DE SOFTWARE SENIOR,ESPECIALISTA DE SOFTWARE SENIOR,0.9461,17,1,395,2,,3.0,False
COORDINADOR BODEGA,COORDINADOR DE BODEGA Y DESPACHO,0.9461,126,2,321,3,3.0,3.0,False
DIRECTOR DE NEGOCIOS,DIRECTOR DE DESARROLLO DE NEGOCIOS,0.9461,15,3,25,4,5.0,5.0,False
MAYORDOMO D,MAYORDOMO A,0.9461,1,1,2,6,,,False
ASISTENTE ADM.CONTABLE,ASISTENTE CONTABLE Y ADUITORIA,0.9461,3,1,3,1,1.0,1.0,False
ASISTENTE PLANEACION DE LA DEMANDA,ASISTENTE 1 DE PLANIFICACION DE LA DEMANDA,0.9461,2,2,5,2,1.0,1.0,False
AUX. LIMPIEZA,AUX LIMPIEZA,0.9461,14,6,43,16,,,False
ASISTENDE ADMINISTRATIVO,ASITENTE /AUXILIAR ADMINISTRATIVO,0.946,28,1,60,3,,1.0,False
RESPONSABLE DE FACTURACION,ENCARGADO DE FACTURACION,0.946,2,1,3,1,,,False
COORDINADOR DE INFRAESTRUCTURA,COORDINADOR DE INFRAESTRUCTURA JUNIOR,0.946,36,1,64,2,3.0,3.0,False
GERENTE / VENTAS,GERENCIA DE VENTAS,0.946,234,1,463,2,5.0,,False
ASIST. DE SECRETARIA,SECRETARIA ASISTENT,0.946,1,1,2,1,,,False
ASISTENTE DE MANTENIMIENTO Y SEGURIDAD,ASISTENTE DE MANTENIMIENTO/ SEGURIDAD INDUSTRIAL,0.946,4,1,7,1,1.0,1.0,False
GERENTE ADM. FINANCIERA,GERENTE FINANCIERO Y OPERATIVO,0.946,13,6,25,10,5.0,5.0,False
VENDEDOR AUTOVENTA,VENDEDOR AYUDANTE AUTOVENTA,0.946,7,1,286,1,,1.0,False
JEFE DE CONTABILIDAD Y ADMINISTRACION,JEFE DE CONTABILIDAD Y TESORERIA,0.946,7,2,14,3,4.0,4.0,False
COORDINADOR ADMINISTRATIVO LOGISTICO,COORDINADOR ADMINISTRATIVO LOGISTICA MAQUINAS,0.946,6,1,13,2,3.0,3.0,False
JEFE DE MANTENIMIENTO,ENCARGADO DE MANTENIMIENTO,0.946,389,4,797,8,4.0,,False
ANALISTA DE TTHH,ANALISTA DE TT. HH.,0.946,8,1,19,3,2.0,2.0,False
JEFE DE GESTION DE LA SALUD,EJECUTIVO DE GESTION DE LA SALUD,0.946,2,1,8,12,4.0,,False
ASISTENTE ADMINISTRATIVA CONTABLE,ASISTENTE CONTABLE Y GERENCIA,0.946,42,2,83,3,1.0,1.0,False
JEFE DE PRODUCCION Y PROYECTOS,JEFE DE PRODUCCION / PROCESOS,0.946,2,2,3,4,4.0,4.0,False
ASISTENTE/AUXILIAR DE SERVICIOS GENERALES,ADM. AUXILIAR DE SERVICIOS GENERALES,0.946,304,2,2959,3,1.0,1.0,False
JEFE DE EXCELENCIA OPERACIONAL,COORDINADOR EXCELENCIA OPERACIONAL,0.946,4,3,6,5,4.0,3.0,True
AYUDANTE DE SUPERVISION,ASISTENTE DE SUPERVISION,0.946,3,3,25,21,1.0,1.0,False
JEFE ESTRATEGIA DIGITAL,JEFE DISENO Y ESTRATEGIA DIGITAL,0.9459,2,1,2,1,4.0,4.0,False
SUPERVISOR ELECTRICO 2,SUPERVISOR ELECTRICO 1,0.9459,1,1,1,2,3.0,3.0,False
REGULATORY AFFAIRS EXPERT,REGULATORY AFFAIRS PROFESSIONAL,0.9459,2,1,3,4,,,False
COORDINADOR LOGISTICO ZONA SUR,COORDINADOR LOGISTICO ZONA NORTE,0.9459,1,1,4,4,3.0,3.0,False
JEFE DE CENTRO DE REVISIONES TECNICAS,JEFE DE REVISIONES TECNICAS,0.9459,1,1,2,1,4.0,4.0,False
MECANICO DE AIREADOR,AYUDANTE DE MECANICA AIREADOR,0.9459,17,2,148,2,,1.0,False
INGENIERA AGRONOMA JUNIOR,INGENIRERO AGRONOMA JUNIOR,0.9459,1,1,1,1,,,False
AUXILIAR / AYUDANTE DE BODEGA,AUXILIAR_DE_BODEGA,0.9459,300,2,3116,7,1.0,,False
AUXILIAR ELECTRICO,TECNICO ELECTRICO AUXILIAR,0.9459,15,1,44,2,1.0,2.0,True
COORDINADOR DE DESARROLLO DE NEGOCIOS,DIRECTOR DE DESARROLLO DE NEGOCIOS,0.9459,3,3,5,4,3.0,5.0,True
PROFESOR DE PREESCOLAR,PROFESOR PREESCOLAR ESPANOL,0.9459,1,1,35,9,,,False
JEFE TRANSPORTE,JEFE DE TRANSPORTE Y OPERACION,0.9459,20,2,39,5,4.0,4.0,False
JEFE SGI Y ASEGURAMIENTO DE LA CALIDAD,COORDINADOR CONTROL DE CALIDAD Y SGI,0.9459,1,1,1,1,4.0,3.0,True
JEFE DE AUDITORIA,JEFE DE AUDITORIA OPERACIONAL,0.9459,37,3,68,6,4.0,4.0,False
ASESOR TECNICO COMERCIAL DISTRIBUCION,ASESOR COMERCIAL - DISTRIBUCION,0.9459,1,1,3,2,2.0,,False
JEFE DE COSTOS,JEFE SENIOR DE COSTOS,0.9459,32,1,53,1,4.0,4.0,False
JEFE DE OPERACIONES SERVICIOS INTEGRADOS,COORDINADOR OPERACIONES SERVICIOS INTEGRADOS,0.9459,1,1,1,3,4.0,3.0,True
COORDINADOR (A) ADMINISTRATIVA,COORDINADOR SERVICIOS ADMINISTRATIVOS,0.9459,223,6,516,10,3.0,3.0,False
ASISTENTE A DE AUDITORIA,ASISTENTE DE AUDITORIA TECNICA,0.9458,101,1,682,3,1.0,1.0,False
SUPERVISOR OPERACIONES TERRESTRES,SUPERVISOR DE OPS TERRESTRES,0.9458,2,1,30,2,3.0,3.0,False
ASISTENTE COMERCIAL CORPORATIVO,ASISTENTE INSTITUCIONAL COMERCIAL,0.9458,1,1,6,2,1.0,1.0,False
ASESOR COMERCIAL/VENDEDOR,ASESOR VENDEDOR,0.9458,3,1,16,67,,,False
DIRECTOR DE DESARROLLO ESTRATEGICO,GERENTE DE DESARROLLO ESTRATEGICO,0.9458,1,1,1,1,5.0,5.0,False
ASISTENTE DE OPERATIVO,ASISTENTE OPERATIVO (E),0.9458,83,2,360,5,1.0,1.0,False
COORDINADOR INVESTIGACION Y DESARROLLO,"COORDINADOR DE INVESTIGACION, DESARROLLO Y SOPORTE TECNICO",0.9458,15,1,36,1,3.0,3.0,False
CUSTOMER SERVICE COORDINATOR,CLIENT SERVICES COORDINATOR,0.9458,2,2,2,3,,,False
CONSERJE MENSAJERO,CONSERJE MENSAJERO 1,0.9458,21,1,97,6,,,False
ANALISTA 1 DE COMPRAS INTERNACIONALES,AUXILIAR 1 DE COMPRAS INTERNACIONALES,0.9458,3,1,6,5,2.0,1.0,True
ASISTENTE CONTABILIDAD GENERAL,ASISTENTE CONTABLE CONTABILIDAD,0.9458,2,2,9,5,1.0,1.0,False
AYUDANTE DEL SECTOR METALMECANICO 103,AYUDANTE DEL SECTOR METALMECANICO 98,0.9458,1,1,3,1,1.0,1.0,False
DIRECTOR DESARROLLO DE NEGOCIOS,RESPONSABLE DE DESARROLLO DE NEGOCIOS,0.9458,3,1,4,1,5.0,,False
MECANICO DE CAMPO,TECNICO MECANICO CAMPO,0.9458,1,1,5,6,,2.0,False
ARQUITECTO DE DATOS,ARQUITECTO DE BASE DE DATOS,0.9458,7,1,14,1,,,False
SUPERVISOR DE DESARROLLO TI,SUBGERENTE DE DESARROLLO TI,0.9458,1,1,2,2,3.0,4.0,True
AUXILIAR DE MOSTRADOR,ASISTENTE MOSTRADOR,0.9458,6,1,929,2,1.0,1.0,False
AUXILIAR DE BODEGAS,ASISTENTE DE BODEGAS,0.9457,3,3,16,27,1.0,1.0,False
JEFE DE SEGURIDAD INDUSTRIAL Y AMBIENTE,JEFE DE SEGURIDAD EN EL TRABAJO Y AMBIENTE,0.9457,14,1,24,1,4.0,4.0,False
ESPECIALISTA DE SEGURIDAD DE LA INFORMAC,ESPECIALISTA EN SEGURIDAD DE LA INFORMACION Y EN LA INFRAESTRUCTURA DE TI,0.9457,13,1,34,1,3.0,3.0,False
AUXILIAR / AYUDANTE DEL SECTOR DE METALMECANICA,AUXILIAR DE METALMECANICA CON EXPERIENCIA,0.9457,23,12,201,91,1.0,1.0,False
GERENTE ADMINISTRATIVO FINANCI,GERENTE DE ADMINISTRACION FINANCIERA Y CONTROL,0.9457,157,3,277,4,5.0,5.0,False
SUPERVISOR DE VENTAS GUAYAS,SUPERVISOR DE VENTAS GUAYAQUIL,0.9457,1,1,4,1,3.0,3.0,False
JEFE DE BODEGA QUITO,SUPERVISOR DE BODEGA QUITO,0.9457,3,1,4,1,4.0,3.0,True
AYUDANTE DE LA MAQUINA,AYUD. DE MAQUINA,0.9457,26,1,703,2,1.0,,False
ENCARGADO DE MANTENIMIENTO,RESPONSABLE DE MANTENIMIENTO,0.9457,4,2,8,3,,,False
COORDINADOR IN HOUSE IMPORTACIONES,COORDINADORA DE IMPORTACIONES E INHOUSE,0.9457,3,1,111,1,3.0,,False
"ASISTENTE DE VENTAS, COMPRAS",ASISTENTE COMERCIAL DE VENTAS,0.9457,2,1,4,1,1.0,1.0,False
TECNICO TELECOMUNICACIONES,TECNICO DE REDES Y TELECOMUNICACIONES,0.9457,4,3,8,4,2.0,2.0,False
RESPONSABLE DE ASEGURAMIENTO DE CALIDAD,COORDINADOR DE ASEGURAMIENTO Y CONTROL DE CALIDAD - RESPONSABLE TECNICO,0.9457,3,1,6,2,,3.0,False
ASISTENTE DE TESORERIA,ASISTENTE DE TESORERIA JR.,0.9456,201,1,478,3,1.0,1.0,False
EJECUTIVO DE CUENTA,EJECUTIVO DE CUENTA JR,0.9456,109,7,1027,16,,,False
EJECUTIVA CUENTAS,EJECUTIVA CUENTAS CLAVE,0.9456,109,36,1027,170,,,False
COORDINADOR MATERIA PRIMA,COORDINARDOR 1- DE MATERIA PRIMA,0.9456,3,1,7,4,3.0,,False
JEFE DE COMUNICACION,JEFE DEL DPTO DE COMUNICACION,0.9456,14,1,23,1,4.0,4.0,False
ANALISTA PRODUCCION,ANALISTA TECNICO DE PRODUCCION,0.9456,41,1,127,1,2.0,2.0,False
AUXILIAR DI LIMPIEZA,AUXILIAR OPERATIVO LIMPIEZA,0.9456,41,1,200,10,1.0,1.0,False
PROFESORA TIEMPO COMPLETO FAC. HUMANIDADES,PROFESOR TIEMPO COMPLETO FAC. HUMANIDADES - ESC. ARTES,0.9456,1,1,3,6,,,False
EJECUTIVO DE NEGOCIOS,EJECUTIVO DE DESARROLLO DE NEGOCIOS,0.9456,17,3,163,5,,,False
PRIMERO DE COCINA,PRIMER COCINERO,0.9456,5,2,17,6,,,False
JEFE DE VENTAS/ POSTVENTAS,JEFA DE VENTAS/POSTVENTAS,0.9456,53,1,126,2,4.0,,False
COORDINADOR SALES OPERATION,COORDINATOR SALES COORDINATION,0.9456,1,1,2,8,3.0,,False
COORDINADOR DE BODEGA INDUSTRIAL,ENCARGADO DE BODEGA INDUSTRIA,0.9456,1,1,2,1,3.0,,False
TECNICO A,TECNICO B,0.9456,5,4,26,19,2.0,2.0,False
ASISTENTE DE MANTENIMIENTO DE INSTALACIONES,ASISTENTE DE MANTENIMIENTO Y EDIFICACIONES,0.9456,3,1,20,1,1.0,1.0,False
GERENTE DE DESARROLLO DE NEGOCIOS,GERENTE REGIONAL DE DESARROLLO DE NEGOCIOS,0.9455,16,1,27,1,5.0,5.0,False
ANALISTA DE CLIENTE,ANALISTA DE GESTION DE CLIENTES,0.9455,2,1,3,6,2.0,2.0,False
ANALISTA DE CREDITO Y CALIDAD,ANALISTA DE CALIFICACION DE CREDITO,0.9455,1,1,4,1,2.0,2.0,False
GERENTE ADMINISTRATIVO,GERENTE ADMINISTRATIVO/CONTABLE,0.9455,278,2,484,4,5.0,5.0,False
JEFE DE SERVICIO AL CLIENTE,JEFE DE CUSTOMER SERVICE,0.9455,47,1,83,2,4.0,4.0,False
ASISTENTE DE MONITOREO,ASISTENTE DEL AREA MONITOREO,0.9455,17,1,119,3,1.0,1.0,False
ASESOR COMERCIAL / SUPERVISOR QUITO,ASESOR COMERCIAL CC - QUITO,0.9455,1,1,1,1,3.0,,False
DIRECTOR DE INDEMNIZACIONES MOTOR,EJECUTIVO DE INDEMNIZACIONES MOTOR,0.9455,1,1,3,12,5.0,,False
BODEGUERO REPUESTOS,BODEGUERO MATERIALES Y REPUESTOS,0.9455,8,1,16,2,,,False
AUXILIAR DE DESCABEZADO,ASISTENTE DE DESCABEZADO,0.9455,2,1,9,1,1.0,1.0,False
COORDINADORA DE SEGUROS,COORDINADORA DE SEGUROS DE PERSONAS,0.9455,3,1,5,2,,,False
ASESOR ATENCION AL CLIENTE,AUXILIAR ATENCION AL CLIENTE,0.9455,8,4,92,10,,1.0,False
SUPERVISOR (A) DE PRODUCCION,ASISTENTE DEL SUPERVISOR DE PRODUCCION,0.9455,250,1,1309,9,3.0,3.0,False
INGENIERO AUTOMATIZACION Y CONTROL,INGENIERO DE AUTOMATIZACION DE PROCESOS,0.9455,8,1,27,1,,,False
ASISTENTE CONTROL DE CALIDAD,ASISTENTE DE CALIDAD Y LABORATORIO,0.9455,43,5,153,16,1.0,1.0,False
TECNICO ADMINISTRATIVO,TECNICO ADMINISTRATIVO 1,0.9455,9,1,14,28,2.0,2.0,False
ESPECIALISTA DE INFRAESTRUCTURA,ESPECIALISTA SENIOR DE INFRAESTRUCTURA,0.9455,21,1,47,3,3.0,3.0,False
CONSULTOR SNR,CONSULTOR SNR FA,0.9455,2,1,13,2,,,False
COORDINADOR DE PLANEACION Y ABASTECIMIENTO,GERENTE DE PLANEACION Y ABASTECIMIENTO,0.9455,3,2,8,3,3.0,5.0,True
ANALISTA CONTABILIDAD E IMPUESTOS,ANALISTA DE CONTABILIDAD Y FINANZAS,0.9455,6,3,9,4,2.0,2.0,False
GERENTE DE PRODUCTO PREPAGO,JEFE DE PRODUCTO PREPAGO,0.9454,1,1,1,1,5.0,4.0,True
ANALISTA DE RIESGO CREDITICIO,ANALISTA DE RIESGO CREDITICIO SENIOR,0.9454,2,2,3,6,2.0,2.0,False
ASISTENTE ADMINISTRATIVO PROYECTOS,ASISTENTE DE GESTION DE PROYECTOS,0.9454,6,2,25,3,1.0,1.0,False
FIELD SUPERVISOR,FIELD SERVICE SUPERVISOR,0.9454,2,1,5,2,3.0,3.0,False
SUPERVISOR DE SERVICIOS GENERAL,SUPERVISOR DE SERVICIOS I,0.9454,21,1,53,2,3.0,3.0,False
ASISTENTE DE CONTABLE,ASISTENTE CONTABLE Y GERENCIA,0.9454,5,2,22,3,1.0,1.0,False
COORDINADOR DE INFRAESTRUCTURA JUNIOR,COORDINADOR DE INFRAESTRUCTURA SENIOR,0.9454,1,1,2,2,3.0,3.0,False
ASISTENTE DE PROGRAMAS,ASISTENTE SENIOR DE PROGRAMAS,0.9454,4,1,7,2,1.0,1.0,False
ASISTENTE 1 DE AUDITORIA INTERNA,ASISTENTE SENIOR DE AUDITORIA INTERNA,0.9454,3,1,5,1,1.0,1.0,False
COORDINADOR ADMINISTRATIVO Y DE PROYECTOS,COORDINADOR DE PLANIFICACION Y PROYECTOS,0.9454,6,5,20,6,3.0,3.0,False
EJECUTIVO DE COBRANZAS OPERACIONES,EJECUTIVO DE GESTION DE COBRANZAS,0.9454,2,1,3,6,,,False
AUXILIAR DE LIMPEZA,AUXILIAR LIMPIEZA,0.9454,446,41,3081,200,1.0,1.0,False
ESPECIALISTA DE SOPORTE TECNICO AQ1,COORDINADOR DE SOPORTE TECNICO AQ1,0.9454,1,1,1,2,3.0,3.0,False
ANALISTA DE TECNOLOGIA DE LA INFORMACION JUNIOR,ANALISTA DE SEGURIDAD DE LA INFORMACION JUNIOR,0.9454,1,1,2,5,2.0,2.0,False
JEFE DE ASEG DE CALIDAD Y,JEFE DE ASEG. DE LA CALIDAD,0.9454,1,1,2,2,4.0,4.0,False
PERSONAL ACADEMICO TITULAR AUXILIAR,PERSONAL ACADEMICO TITULAR AUXILIAR NIVEL 2,0.9454,11,1,686,1,1.0,1.0,False
PANADERO-PASTELERO,PASTELERO-PANADERO,0.9454,5,2,11,2,,,False
JEFE DE CONTABILIDAD Y ADMINISTRACION,JEFE DE CONTABILIDAD Y COBRANZAS,0.9454,7,1,14,2,4.0,4.0,False
COORDINADOR DE REDES Y SEGURIDAD,COORDINADOR DE SEGURIDAD EN RED,0.9453,1,1,1,2,3.0,3.0,False
CORDINADOR DE MARKETING,CORDINADOR DE MARKETING DIGITAL,0.9453,200,17,367,26,,,False
ESPECIALISTA SENIOR DE BASE DE DATOS GIS,GEOLOGO SENIOR DE BASES DE DATOS Y GIS,0.9453,1,1,1,1,3.0,,False
ANALISTA DE NOMINA Y GESTION DE PERSONAL,ANALISTA DE NOMINA Y ADMINISTRACION,0.9453,1,1,1,1,2.0,2.0,False
ASISTENTE ADMINISTRATIVA AGRICOLA,ASISTENTE ADMINISTRATIVA AGROFORESTAL,0.9453,4,1,9,9,1.0,1.0,False
CHOFER VEHICULOS PESADOS,CHOFER VEHICULOS PESADOS C. PRODUC,0.9453,3,1,168,5,,,False
TECNICO GENERAL SR,TECNICO GENERAL,0.9453,1,1,2,2,2.0,2.0,False
TECNICO DE MONITOREO,TECNICO DE MONITOREO Y EVALUACION,0.9453,5,2,25,3,2.0,2.0,False
COORDINADOR DE PLANEACION DE LA DEMANDA,ASISTENTE PLANEACION DE LA DEMANDA,0.9453,12,2,30,5,3.0,1.0,True
AUXILIAR DE AUDITORIA,ASISTENTE DE AUDITORIA SR.,0.9453,16,1,63,2,1.0,1.0,False
GERENTE TESORERIA Y OPERACIONES,JEFE DE OPERACIONES TESORERIA,0.9453,1,1,1,1,5.0,4.0,True
ANALISTA GESTION DEL EFECTIVO,ANALISTA DE EFECTIVO,0.9453,1,1,2,2,2.0,2.0,False
ANALISTA DE DATOS JR,ANALISTA DE INGENIERIA DE DATOS JR,0.9453,3,1,8,3,2.0,2.0,False
ASESOR ADMINISTRATIVO,ASESOR ADMINISTRATIVO CORPORATIVO,0.9452,11,1,20,1,,,False
LIDER DE RELACIONES COMUNITARIAS,JEFE DE RELACIONES COMUNITARIAS,0.9452,1,1,1,2,,4.0,False
DIRECTOR DE DESARROLLO ESTRATEGICO,DIRECTOR DE GESTION ESTRATEGICA,0.9452,1,1,1,1,5.0,5.0,False
JEFE DE TRANSFORMACION TECNOLOGICA,GERENTE TRANSFORMACION TECNOLOGICA,0.9452,2,1,4,1,4.0,5.0,True
ASISTENTE/AUXILIAR DE SERVICIOS GENERALES,ASISTENTE ADMINISTRATIVA Y SERVICIOS EN GENERAL,0.9452,304,5,2959,7,1.0,1.0,False
OPERARIOS 3 DE PRODUCCION ESTERILES,OPERARIOS 1 DE PRODUCCION ESTERILES,0.9452,1,1,10,18,1.0,1.0,False
COORDINADOR DE PRODUCTO A,COORDINADOR DE PRODUCTO B,0.9452,1,1,1,1,3.0,3.0,False
JEFE DE GENTE Y GESTION,COORDINADOR DE GENTE Y GESTION,0.9452,2,1,3,4,4.0,3.0,True
COORDINADOR CREDITO EMPRESAS,COORDINADOR TARJETA CREDITO EMPRESAS,0.9452,1,1,3,1,3.0,3.0,False
COORDINADOR PEP,SUB COORDINADOR PEP,0.9452,2,2,4,6,3.0,3.0,False
ASISTENTE DE CONTROL,ASISTENTE DE CONTROL Y MO,0.9452,4,1,7,4,1.0,1.0,False
ASISTENTE DE DIRECCION REGIONAL,ASISTENTE DE GERENTE REGIONAL,0.9452,2,1,2,1,1.0,5.0,True
EJECUTIVO DE OPERACIONES ADUANERAS,COORDINADOR DE OPERACIONES ADUANERAS,0.9452,3,2,32,4,,3.0,False
GERENTE DE OPERACIONES,GERENTE DE OPERACIONES Y SOPORTE,0.9451,406,1,694,1,5.0,5.0,False
JEFE DE PLANIFICACION DE TRANSPORTE,JEFE DE PLANIFICACION DE TRANSPORTE Y DISTRIBUCION,0.9451,2,1,3,1,4.0,4.0,False
ASISTENTE SINIESTROS,ASISTENTE DE SINIESTROS INDIVIDUALES,0.9451,4,1,11,2,1.0,1.0,False
COORDINADOR DE ALMACEN,CONTROLADOR DE ALMACENES,0.9451,23,2,48,4,3.0,,False
JEFE DE RETAIL,JEFE DE MARKETING RETAIL,0.9451,6,2,12,2,4.0,4.0,False
JEFE DE MATERIALES,JEFE DE MATERIALES Y SUMINISTROS,0.9451,5,1,11,1,4.0,4.0,False
SUPERVISOR CALIDAD,SUPERVISOR DE CONTROL DE CALIDAD,0.9451,146,51,618,104,3.0,3.0,False
JEFE DPTO. RECURSOS HUMANOS,JEFE DE ADMINISTRACION DE RECURSOS HUMAN,0.9451,1,1,2,1,4.0,4.0,False
JEFE REGIONAL DE RECURSOS HUMANOS,JEFE DPTO. RECURSOS HUMANOS,0.9451,3,1,6,2,4.0,4.0,False
ANALISTA DE INGENIERIA DE DATOS SR,INGENIERO DE DATOS SR,0.9451,1,1,2,2,2.0,,False
JEFE DE PROYECTOS INMOBILIARIOS,GESTOR DE PROYECTOS INMOBILIARIOS,0.9451,1,1,1,4,4.0,,False
JEFE DE COMPRAS Y PLANEACION,JEFE COMPRAS Y PLANIFICACION DE DEMANDA,0.9451,6,2,9,3,4.0,4.0,False
COORDINADOR DE PLANIFICACION ESTRATEGICA,ASISTENTE DE PLANIFICACION ESTRATEGICA,0.9451,3,1,4,2,3.0,1.0,True
SUPERVISOR DE GESTION DE CALIDAD Y DESARROLLO,COORDINADOR DE DESARROLLO Y GESTION DE CALIDAD,0.9451,1,1,2,2,3.0,3.0,False
GERENTE NEGOCIOS,GERENTE DE NEGOCIOS 1,0.9451,36,1,112,2,5.0,5.0,False
AUXILIAR OFICINA,ASISTENTE OFICINA,0.9451,41,18,183,51,1.0,1.0,False
ASESOR SERVICIO,ASESOR DE SERVICIOS A,0.9451,60,2,762,8,,,False
GERENTE DE COMERCIAL,GERENTE DESARROLLO COMERCIAL,0.9451,10,2,22,6,5.0,5.0,False
AUXILIAR DE GESTION DOCUMENTAL,AUXILIAR DE GESTION DOCUMENTAL TEMPORAL,0.9451,7,1,33,2,1.0,1.0,False
ANALISTA ADMINISTRATIVO LOGISTICO,ANALISTA DE OPERACIONES LOGISTICA,0.945,6,3,8,20,2.0,2.0,False
ASESOR / GESTOR TELEFONICO CALL CENTER,ASESOR / GESTOR TELEFONICO CALL CENT,0.945,16,1,779,2,,,False
DOCENTE TIEMPO COMPLETO,DOCENTE TITULAR TIEMPO COMPLETO,0.945,4,2,911,2,,,False
ABASTECEDOR DE MIGAS EN LOMOS PRE-COCIDOS CONGELADOS,LIMPIADOR DE MIGAS EN LOMOS PRE-COCIDOS CONGELADOS,0.945,1,1,8,29,,,False
GERENTE DE VENTAS DISTRIBUCION,GERENTE DE VENTAS DE DISTRIBUCION LOCAL,0.945,3,1,4,1,5.0,5.0,False
GERENTE DE GESTION ESTRATEGICA COMERCIAL,JEFE DE ESTRATEGIA COMERCIAL,0.945,2,1,3,3,5.0,4.0,True
ASISTENTE CONTABLE Y GERENCIA,ASISTENTE DE GERENCIA Y CONTABILIDAD,0.945,2,1,3,1,1.0,1.0,False
SUPERVISOR PRODUCCION,SUPERVISOR DE PRODUCCION/PROCESOS,0.945,250,2,1309,3,3.0,3.0,False
JEFE DE PUBLICIDAD,GERENTE DE PUBLICIDAD,0.945,9,2,17,2,4.0,5.0,True
ANALISTA DE OPERACIONES LOGISTICA,ANALISTA DE PLANEACION LOGISTICA,0.945,3,1,20,2,2.0,2.0,False
ASISTENTE COMUNICACION Y ASUNTOS CORPORATIVOS,AUXILIAR DE COMUNICACION CORPORATIVA,0.945,4,1,7,1,1.0,1.0,False
ESPECIALISTA DE LABORATORIO,DOCENTE LABORATORIO,0.945,3,2,6,5,3.0,,False
ASISTENTE FINANCIERO,ASISTENTE FINANCIERO SR.,0.945,176,1,396,1,1.0,1.0,False
ASISTENTE DE CONTROL,ASISTENTE DE ENTIDAD DE CONTROL,0.945,4,1,7,1,1.0,1.0,False
AYUDANTE DE LINEA,AUXILIAR DE LINEA,0.945,5,1,191,37,1.0,1.0,False
GERENTE DE AUDITORIA,GERENTE DE ADMINISTRACION Y AUDITORIA,0.945,24,1,93,1,5.0,5.0,False
OPERADOR DE GENERACION,OPERADOR DE PLANTA DE GENERACION,0.9449,3,1,35,13,1.0,1.0,False
EJECUTIVA DE CUENTA JUNIOR,EJECUTIVO DE CUENTA EMISION JUNIOR,0.9449,6,1,16,6,,,False
GERENTE INDUSTRIA,GERENTE DE INDUSTRY,0.9449,1,1,1,1,5.0,5.0,False
REVISOR-INSPECTOR CONTROL CALIDAD,REVISADOR DE CONTROL DE CALIDAD,0.9449,5,3,14,5,,,False
DOCENTE DE INGLES 3,DOCENTE DE INGLES 1,0.9449,1,1,10,11,,,False
WAREHOUSE AUXILIAR,WAREHOUSING AUXILIARY,0.9449,2,1,127,3,1.0,,False
ANALISTA CALIDAD,ANALISTA TECNICO DE CALIDAD,0.9449,162,2,890,4,2.0,2.0,False
COORDINADOR DE PROYECTOS Y SERVICIOS,COORDINADOR DE PROYECTOS Y ESTRATEGIA,0.9449,2,1,15,2,3.0,3.0,False
COORD. FINANCIERO,COORD. FINANCIERA(O),0.9449,2,1,2,2,,,False
EJECUTIVA DE INDEMNIZACIONES,EJECUTIVO(A) DE INDEMNIZACIONES,0.9449,3,1,56,6,,,False
ANALISTA MICROBIOLOGIA,ANALISTA DE MICROBIOLOGIA SENIOR,0.9449,30,3,64,9,2.0,2.0,False
GERENTE NEGOCIOS,GERENTE DE NEGOCIOS (E),0.9449,36,1,112,1,5.0,5.0,False
RESPONSABLE DE SEGURIDAD INFORMATICA,JEFE DE SEGURIDAD INFORMATICA,0.9449,2,1,2,1,,4.0,False
LIQUIDADORA DE FRUTA,LIQUIDADORA DE FRUTA COMPRADA,0.9449,5,1,8,1,,,False
ASISTENTE DE ASESORIA LEGAL,AUXILIAR DE ASESORIA LEGAL (E),0.9448,3,1,7,2,1.0,1.0,False
COORDINADOR AMBIENTAL Y DE TRATAMIENTO DE AGUAS,COORDINADOR DE TRATAMIENTO DE AGUA Y EFLUENTES,0.9448,1,1,2,2,3.0,3.0,False
JEFE CONTROL CALIDAD,JEFE DE CONTROL DE CALIDAD Y DESARROLLO,0.9448,88,1,160,2,4.0,4.0,False
COORDINADOR DE DISENO Y DESARROLLO,DIRECTOR DE DISENO Y DESARROLLO,0.9448,2,1,3,2,3.0,5.0,True
JEFE DE LA INFORMACION,JEFE DE SEG. DE LA INFORMACION,0.9448,2,1,4,2,4.0,4.0,False
JEFE DE COMERCIAL,JEFE COMERCIAL SEGMENTO COMERCIO,0.9448,5,1,7,2,4.0,4.0,False
JEFE DE PESCA,JEFE DE SUPERVISORES DE PESCA,0.9448,9,1,38,1,4.0,4.0,False
ASITENTE /AUXILIAR ADMINISTRATIVO,ASIST/AUX. ADMINISTRATIVO,0.9448,1,1,3,2,1.0,,False
JEFE DE MATERIALES,JEFE GESTION MATERIALES,0.9448,5,1,11,1,4.0,4.0,False
ANALISTA PRESUPUESTOS JR,ANALISTA DE PRESUPUESTO SR,0.9448,2,1,6,2,2.0,2.0,False
JEFE DE SEGURIDAD ALIMENTARIA,SUPERVISOR DE SEGURIDAD ALIMENTARIA,0.9448,2,1,2,2,4.0,3.0,True
AUXILIAR I DE TRABAJO COMUNITARIO,ASISTENTE DE TRABAJO COMUNITARIO,0.9448,1,1,4,9,1.0,1.0,False
COORDINADOR DE CONTENEDORES VACIOS,COORDINADOR DE CONTENEDORES,0.9448,1,1,2,2,3.0,3.0,False
ALBANIL CT. PRODUC,ALBANIL C. PRODUC,0.9448,1,1,1,4,,,False
COORDINADOR EXCELENCIA OPERACIONAL,SUPERVISOR DE EXCELENCIA OPERACIONAL,0.9448,3,2,5,2,3.0,3.0,False
GERENTE DE ZONA,GERENTE ZONAL,0.9448,11,4,406,7,5.0,5.0,False
SUPERVISOR CULTIVO,SUPERVISOR GENERAL CULTIVO,0.9448,13,1,126,5,3.0,3.0,False
ASISTENTE DE LOGISTICA Y TRANS,ASISTENTE DE LOGISTICA DE VIAJES,0.9448,10,1,22,1,1.0,1.0,False
ASISTENTE DE ATENCION Y EXPERIENCIA DEL CLIENTE,ASISTENTE DE ATENCION Y EXPERIENCIA DEL CONSUMIDOR,0.9448,1,1,5,10,1.0,1.0,False
ASISTENTE AYUDANTE AUXILIAR DE SERVICIOS TECNICO,AYUDANTE SERVICIO TECNICO,0.9448,80,9,570,39,2.0,2.0,False
CHOFER - ASISTENTE DE SERVICIOS EN GENERAL,CHOFER DE SERVICIOS,0.9448,2,1,4,2,1.0,,False
GERENTE DE RECURSOS HUMANOS - SSO,GERENTE DE TALENTO HUMANO - SSO,0.9448,2,1,3,1,5.0,5.0,False
OFICIAL DE CUMPLIMIENTO,OFICIAL DE CUMPLIMIENTO LEGAL,0.9448,238,1,449,1,,,False
COBRANZAS,COORD. COBRANZAS,0.9448,34,3,93,9,,,False
GERENTE UNIDAD DE NEGOCIO,GERENTE DE UNIDAD DE NEGOCIO INDUSTRIAL,0.9447,10,3,38,6,5.0,5.0,False
ASESOR TECNICO INTEGRADOS,ASESOR TECNICO INTEGRAL,0.9447,1,1,2,15,2.0,2.0,False
JEFE CADENA DE SUMINISTROS,GERENTE CADENA DE SUMINISTRO,0.9447,7,7,12,11,4.0,5.0,True
GERENTE COMERCIAL GYE,EJECUTIVO COMERCIAL GYE,0.9447,2,2,3,13,5.0,,False
GERENTE DE INGENIERIA Y PROYECTOS,JEFE DE INGENIERIA Y PROYECTOS,0.9447,1,1,2,1,5.0,4.0,True
ANALISTA DE INFRAESTRUCTURA Y MANTENIMIENTO,ANALISTA DE INFRAESTRUCTURA Y COM,0.9447,4,1,6,2,2.0,2.0,False
ANALISTA DE CREDITO - ADMINISTRACION DE CREDITO,ANALISTA DE CREDITO JUNIOR - ADMINISTRACION DE CREDITO,0.9447,1,1,7,7,2.0,2.0,False
ASISTENTE DE JEFE DE PRODUCCION,ASISTENTE DEL SUPERVISOR DE PRODUCCION,0.9447,2,1,4,9,4.0,3.0,True
GERENTE DE PROYECTO,GERENTE DE PROYECTOS Y SERVICIOS,0.9447,34,2,96,5,5.0,5.0,False
ASISTENTE DE SPORT AKADEMIE,ASISTENTE SPORT AKADEMIE,0.9447,1,1,1,1,1.0,1.0,False
ASISTENTE ADMINISTRATIVA BODEGA,ASISTENTE ADM BODEGA,0.9447,11,2,20,10,1.0,1.0,False
EJECUTIVO DE OPERACIONES ADUANERAS,JEFE DE OPERACIONES ADUANERA,0.9447,3,3,32,4,,4.0,False
ESPECIALISTA DE CONTABILIDAD,ESPECIALISTA DE CONTABILIDAD Y COSTOS,0.9447,7,2,20,4,3.0,3.0,False
TECNICO MECANICA,TECNICO MECANICO A,0.9447,84,4,1327,20,2.0,2.0,False
ASISTENTE ADMINISTRATIVA FACTURACION Y COBRANZA,ASISTENTE FACTURACION Y RECAUDACION,0.9446,23,2,62,2,1.0,1.0,False
JEFE DE INNOVACION Y DESARROLLO,JEFE DE INNOVACION Y MARKETING,0.9446,7,1,9,2,4.0,4.0,False
ASISTENTE ADMINISTRATIVA Y CONTABLE,ASISTENTE CONTABLE Y GERENCIA,0.9446,16,2,31,3,1.0,1.0,False
TECNICO DE MANTENIMIENTO JR.,TECNICO DE MANTENIMIENTO SR.,0.9446,6,1,31,3,2.0,2.0,False
ASESOR TECNICO JR,ASISTENTE TECNICO JR.,0.9446,5,1,31,4,2.0,2.0,False
OPERADOR MAQUINA CERRADORA,OPERADOR DE CERRADORA,0.9446,2,2,20,21,1.0,1.0,False
ASISTENTE CAJA,AUXILIAR CAJA,0.9446,20,6,72,26,1.0,1.0,False
ASESOR TECNICO JR,ASESOR TECNICO COMERCIAL JR,0.9446,5,2,31,3,2.0,2.0,False
OPERADOR DE MAQ. (MOLINO),OPERADOR DE MOLINO MEZCLADOR,0.9446,1,1,4,5,1.0,1.0,False
TECNICO DE SEGURIDAD INDUSTRIAL Y SALUD OCUPACIONAL,TECNICO SEGURIDAD INDUSTRIAL Y FISICA,0.9446,74,2,148,7,2.0,2.0,False
COORDINADOR DE PROYECTOS,COORDINACION DE PROYECTOS,0.9445,132,1,345,1,3.0,,False
GERENTE UNIDAD DE NEGOCIO,JEFE DE UNIDAD DE NEGOCIO,0.9445,10,1,38,6,5.0,4.0,True
JEFE DE PROYECTOS DE SISTEMAS,JEFE DE SISTEMAS Y PROYEC,0.9445,1,1,2,2,4.0,4.0,False
"INSPECTOR DE SEGURIDAD, SALUD OCUPACIONAL Y MEDIO AMBIENTE",INSPECTOR DE SALUD OCUPACIONAL,0.9445,4,1,21,2,,,False
ANALISTA DE COSTO,ANALISTA_DE_COSTOS,0.9445,10,1,16,2,2.0,,False
ASISTENTE DE DIRECCION TECNICA DE FINANZAS Y PRESUPUESTO,AUXILIAR 1 DE DIRECCION TECNICA DE FINANZAS Y PRESUPUESTO,0.9445,1,1,6,10,1.0,1.0,False
GERENTE DE COMPRAS CORPORATIVAS,JEFE DE COMPRAS CORPORATIVAS,0.9445,4,2,7,2,5.0,4.0,True
ESPECIALISTA DE PROCESOS,ESPECIALISTA DE PROCESOS Y PROYECTOS,0.9445,20,5,37,8,3.0,3.0,False
SUPERVISOR DE VENTAS JUNIOR,SUPERVISOR DE VENTAS SENIOR,0.9445,1,1,1,1,3.0,3.0,False
INSP. MANT. REDES AGUA POTABLE,INSPECTOR MANT REDES AGUA POTABLE,0.9445,1,1,1,10,,,False
ANALISTA DE IMPUESTOS,ANALISTA DE IMPUESTO,0.9445,45,5,81,9,2.0,2.0,False
SUPERVISOR DE TURNO DE TEJIDO RECTILINEO,SUPERVISOR DE TURNO DE TEJIDO CIRCULAR,0.9445,1,1,1,6,3.0,3.0,False
TECNICO S.S.O,TECNICO SR.,0.9444,1,1,2,33,2.0,2.0,False
TECNICO TUTOR DE PRACTICAS,TUTOR DE PRACTICAS,0.9444,1,1,16,15,2.0,,False
ASESOR ATENCION AL CLIENTE,ASIST. DE SERVICIO AL CLIENTE,0.9444,8,3,92,8,,,False
COORDINADOR DE MANTENIMIENTO ELECTRICO,COORDINADOR MANT.ELECTRIC,0.9444,16,1,29,2,3.0,3.0,False
AUXILIAR 1 DE COMPRAS INTERNACIONALES,ASISTENTE 2 DE COMPRAS INTERNACIONALES,0.9444,1,1,5,2,1.0,1.0,False
ASISTENTE MERCADEO C,ASISTENTE DE MERCADEO B,0.9444,10,2,14,6,1.0,1.0,False
ANALISTA ADMINISTRATIVO FINANCIERO,"ANALISTA FINANCIERO, LOGISTICO Y ADMINISTRATIVO",0.9444,21,1,39,2,2.0,2.0,False
OFFICIAL DE CUMPLIMIENTO,OFICIAL DE CUMPLIMIENTO 1,0.9444,238,2,449,3,,,False
SUPERVISOR PRODUCCION,SUPERVISOR GENERAL DE PRODUCCION,0.9443,250,5,1309,10,3.0,3.0,False
TECNICO DE MANTENIEMIENTO,MECANICO DE MANTENIMIENTO,0.9443,185,25,1322,125,2.0,,False
ASISTENTE TECNICO,ASISTENTE TECNICO Y ADMINISTRA,0.9443,141,14,730,30,2.0,2.0,False
SECRETARIA DE IMPORTACIONES,SECRETARIA IMPORTACION,0.9443,3,2,4,4,,,False
SUPERVISOR DE BODEGA SENIOR,SUPERVISOR DE BODEGA JUNIOR,0.9443,1,1,4,5,3.0,3.0,False
SUPERVISOR PRODUCCION BIOLOGICA Y AGROVET,SUPERVISOR DE PRODUCCION BIOLOGICOS,0.9443,1,1,2,2,3.0,3.0,False
ASISTENTE CONTABLE CONTABILIDAD,ASISTENTE CONTABLE Y TESORERIA,0.9443,2,1,5,1,1.0,1.0,False
JEFE DE COMUNICACION CORPORATIVA,JEFE DE PUBLICIDAD Y COMUNICACION,0.9443,5,2,8,2,4.0,4.0,False
DIRECTORA DEL AREA LEGAL. OFICIAL DE CUMPLIMIENTO SUPLENTE,DIRECTORA DEL AREA LEGAL Y PROTECCION DE DATOS. OFICIAL DE CUMPLIMIENTO SUPLENTE,0.9443,1,1,1,1,,,False
GERENTE DE EXPORTACION,GERENTE DE PROYECTOS DE EXPORTACION,0.9443,9,1,15,2,5.0,5.0,False
OPERADOR DE TRACTOR,OPERADOR TRACTOR,0.9443,20,2,353,5,1.0,1.0,False
ASESOR DE VENTAS,ASESOR DE VENTAS Y OPERACIONES,0.9443,41,1,885,3,,,False
JEFE ALMACENAMIENTO Y DESPACHO,GERENTE DE ALMACENAMIENTO Y DESPACHO,0.9443,1,1,2,1,4.0,5.0,True
AUXILIAR SOPORTE TECNICO,ASESOR DE SOPORTE TECNICO,0.9443,8,1,11,2,2.0,2.0,False
ASISTENTE DE CALIDAD,ASISTENTE DE CALIDAD Y LABORATORIO,0.9443,101,5,332,16,1.0,1.0,False
ENCARGADO DE MANTENIMIENTO,ENCARGADO MANTENIMIENTO EQUIPO,0.9443,4,1,8,2,,,False
JEFE COMERCIAL Y CONVENIOS,JEFE COMERCIAL Y EVENTOS,0.9443,2,1,2,2,4.0,4.0,False
ASISTENTE ADMINISTRATIVO B,ASISTENTE ADMINISTRATIVO BASE,0.9443,2,1,19,2,1.0,1.0,False
AYUDANTE DE LIMPIEZA,AYUDANTE DE LIMPIEZA Y MTTO,0.9443,128,1,572,6,1.0,1.0,False
SECRETARIA-RECEPCIONISTA,SECRETARIA /RECEPCIONIS,0.9442,6,1,10,2,,,False
EJECUTIVO DE DESARROLLO DE NEGOCIOS,DIRECTOR DE DESARROLLO DE NEGOCIOS,0.9442,3,3,5,4,,5.0,False
COORDINADOR DE IMPUESTOS,COORDINADOR SENIOR DE IMPUESTOS,0.9442,16,2,27,3,3.0,3.0,False
JEFE ADMINISTRATIVO Y FINANCIERO,JEFE DE FINANZAS Y CONTROL,0.9442,85,4,146,7,4.0,4.0,False
ANALISTA DE DOCUMENTACION,ANALISTA DE GESTION DOCUMENTAL,0.9442,7,4,15,7,2.0,2.0,False
SUPERVISOR DE OBRA CIVIL 3,SUPERVISOR DE OBRA CIVIL 1,0.9442,1,1,4,4,3.0,3.0,False
GERENTE COMERCIAL GYE,GERENTE DE VENTAS GYE,0.9442,2,1,3,2,5.0,5.0,False
ASISTENTE DE FINANCIERO,ASISTENTE FINANZAS,0.9442,176,8,396,37,1.0,1.0,False
"JEFE DE SEGURIDAD INDUSTRIAL, SALUD OCUPACIONAL, MEDIO AMBIENTE Y MANTENIMIENTO",JEFE MANTENIMIENTO Y SEGURIDAD Y SALUD EN EL TRABAJO,0.9442,14,1,21,3,4.0,4.0,False
AUXILIAR DE GESTION DOCUMENTAL,AUXILIAR DE GESTION DOCUMENTAL Y ARCHIVO,0.9441,7,1,33,23,1.0,1.0,False
COORDINADOR INNOVACION,COORDINADOR DE INNOVACION Y PR,0.9441,11,1,17,1,3.0,3.0,False
ESPECIALISTA DE SISTEMAS,ESPECIALISTA DE SISTEMAS & TECNOLOGIA,0.9441,8,2,30,9,3.0,3.0,False
SUPERVISOR PRODUCCION,SUPERVISOR DE PRODUCCION TURNO,0.9441,250,1,1309,5,3.0,3.0,False
ANALISTA ASEGURAMIENTO DE CALIDAD,ANALISTA DE CALIDAD ACONDICIONADO,0.9441,23,1,164,1,2.0,2.0,False
PARAMEDICO 2,2. PARAMEDICO,0.9441,1,1,3,2,,,False
JEFE DE PROYECTOS INMOBILIARIOS,DIRECTOR DE PROYECTOS INMOBILIARIOS,0.9441,1,1,1,1,4.0,5.0,True
TECNICO DE CERTIFICACIONES,TECNICO CERTIFICACION,0.9441,1,1,3,2,2.0,2.0,False
COORDINADOR DE INSPECTORES,JEFE DE INSPECTORES,0.9441,2,1,4,2,3.0,4.0,True
AUX. DE BODEGA,AUX. DE BODEGA (MD),0.9441,8,1,261,3,,,False
COORDINADOR DE OPERACIONES DE MARKETING,COORDINADOR COMERCIAL Y MARKETING,0.9441,2,2,4,4,3.0,3.0,False
ENFERMERA/O MT,ENFERMERA/O TC,0.9441,1,1,16,111,,,False
ANALISTA Y CIENTIFICO DE DATOS,ANALISTA DE CIENCIA DE DATOS,0.9441,2,1,3,2,2.0,2.0,False
COORDINADOR DE CATEGORIA SENIOR,JEFE DE CATEGORIA SENIOR,0.9441,1,1,4,1,3.0,4.0,True
ASISTENTE DE GERENCIA Y DIRECTORIO,ASISTENTE DE GERENCIA Y CONSEJOS,0.9441,2,1,3,2,1.0,1.0,False
ASISTENTE ADMINISTRATIVA-CONTABLE,ASISTENTE ADM.CONTABLE,0.9441,16,3,31,3,1.0,1.0,False
ASISTENTE ADMINISTRATIVA Y DE RRHH,ASIST. ADMINISTRATIVO Y RRHH,0.9441,5,1,11,1,1.0,,False
COORDINADOR SOSTENIBILIDAD,COORDINADOR DE PROYECTOS DE SOSTENIBILIDAD,0.9441,8,2,12,4,3.0,3.0,False
ASISTENTE TECNICA,ASISTENTE TECNICO B,0.9441,11,2,28,11,1.0,2.0,True
ASISTENTE TECNOLOGIA DE LA INFORMACION Y COMUNICACION,ASISTENTE DE TECNOLOGIA Y MEDIOS,0.944,2,1,3,2,1.0,1.0,False
ASISTENDE ADMINISTRATIVO,ADM ASISTENTE ADMINISTRATIVO,0.944,28,1,60,4,,1.0,False
JEFE (A) DE INFRAESTRUCTURA,JEFE DE INFRAESTRUCTURA Y MANTENIMIENTO,0.944,45,4,81,7,4.0,4.0,False
COORDINADORA DE PROCESOS UNIVERSITARIOS Y NORMATIVA,DIRECTORA DE PROCESOS UNIVERSITARIOS Y NORMATIVA,0.944,1,1,1,1,,,False
CINTA DE INSPECCION PROCESO L2,CINTA DE RE-INSPECCION PROCESO L2,0.944,1,1,7,1,,,False
SUPERVISOR PRODUCCION,SUPERVISOR CONTENIDOS Y PRODUCCION,0.944,250,1,1309,1,3.0,3.0,False
ANALISTA COMPRAS E IMPORTACIONES,ANALISTA DE IMPORTACIONES Y CADENA DE SUMINISTRO,0.944,10,1,22,2,2.0,2.0,False
ANALISTA CALIDAD,ANALISTA DE CALIDAD ACONDICIONADO,0.944,162,1,890,1,2.0,2.0,False
SUPERVISOR DE DE VENTAS,SUPERVISOR ADMINISTRATIVO DE VENTAS,0.944,276,1,1569,3,3.0,3.0,False
ASISTENTE DE PRODUCCION,ASISTENTE DEL SUPERVISOR DE PRODUCCION,0.944,246,1,866,9,1.0,3.0,True
TECNICO DE TECNOLOGIAS DE INFORMACION,TECNICO DE LA UNIDAD DE TECNOLOGIA DE LA INFORMACION,0.944,2,1,3,2,2.0,2.0,False
SUPERVISOR DE MANTENIMIENTO DE EDIFICIOS,JEFE DE MANTENIMIENTO DE EDIFICIOS,0.944,1,1,2,2,3.0,4.0,True
JEFE DE PLANIFICACION DE TRANSPORTE,JEFE DE PLANIFICACION Y OPERACIONES DE TRANSPORTE TERRESTRE,0.9439,2,1,3,1,4.0,4.0,False
ASISTENTE COMERCIAL DE VENTAS,ASISTENTE DE ASESOR COMERCIAL,0.9439,1,1,1,2,1.0,1.0,False
JEFE CADENA DE SUMINISTROS,COORDINADOR DE CADENA DE SUMINISTRO,0.9439,7,3,12,6,4.0,3.0,True
JEFE DE INFRAESTRUCTURA Y MANTENIMIENTO,JEFE DE INFRAESTRUCTURA Y CALIDAD,0.9439,4,1,7,2,4.0,4.0,False
DESARROLLADOR DE SOFTWARE JR,DESARROLLADOR DE APLICACIONES JR,0.9439,2,1,7,12,,,False
ANALISTA DE SERVICIO,ANALISTA DE SERVICIO TECNICO,0.9439,5,5,7,11,2.0,2.0,False
ASISTENTE ADMINISTRATIVO RRHH,ASIST. ADMINISTRATIVO Y RRHH,0.9439,4,1,7,1,1.0,,False
COORDINADOR DE OPERACIONES DE MARKETING,COORDINADOR CORPORATIVO DE MARKETING,0.9439,2,1,4,2,3.0,3.0,False
AUXILIAR ADMINISTRATIVO MANTENIMIENTO,AUXILIAR DE MANTENIMIENTO DE SERVICIOS,0.9439,3,2,3,5,1.0,1.0,False
ASISTENTE DE OPERACIONES,ASISTENTE DE OPERACIONES Y ENTRENAMIENTO,0.9439,345,1,1754,2,1.0,1.0,False
ANALISTA DE PROCESOS Y PROYECTOS,ANALISTA PROCESOS Y PROYECTOS SENIOR,0.9439,11,2,15,2,2.0,2.0,False
ASISTENTE COMERCIAL DE VENTAS,ASISTENTE COMERCIAL Y COMPRAS,0.9439,1,1,1,1,1.0,1.0,False
INGENIERO DE CALIDAD,INGENIERO DE LABORATORIO DE CALIDAD,0.9439,7,1,52,2,,,False
COORDINADOR DE PROYECTOS,COORDINADOR DE PLANIFICACION Y PROYECTOS,0.9439,132,5,345,6,3.0,3.0,False
"AUXILIAR EN GENERAL DE SERVICIOS, VENTAS, DESPACHOS, MENSAJERIA, COBROS, TRAMITES Y CHOFER","AUXILIAR EN GENERAL DE SERVICIOS, VENTAS, DESPACHOS Y TRAMITES",0.9439,1,1,10,16,1.0,1.0,False
ASISTENTE COMERCIAL DE VENTAS,ASISTENTE DE MERCADEO Y VENTAS,0.9439,1,1,1,2,1.0,1.0,False
JEFE TRANSPORTE,JEFE DE GESTION Y TRANSPORTE,0.9439,20,1,39,1,4.0,4.0,False
JEFE DE CALIDAD Y PROCESO,COORDINADOR DE CALIDAD Y PROCESOS,0.9439,11,6,19,9,4.0,3.0,True
JEFE DE ABASTECIMIENTO Y LOGISTICA,JEFE ABASTECIMIENTO Y COMEX,0.9439,9,1,14,1,4.0,4.0,False
ESPECIALISTA DE SEGURIDAD DE LA INFORMAC,CONSULTOR DE SEGURIDAD DE LA INFORMACION,0.9439,13,1,34,10,3.0,,False
JEFE CONTROL CALIDAD,GERENTE CONTROL CALIDAD,0.9439,88,7,160,11,4.0,5.0,True
AUXILIAR DE DESPACHO,AYUDANTE DE DESPACHO,0.9439,19,12,89,118,1.0,1.0,False
AYUDANTE DE BODEGA DE PRODUCTO TERMINADO,AYUDANTE DE BOD. PRODUCTOS TERMINADOS,0.9438,8,1,26,4,1.0,1.0,False
COORDINADOR COMPRAS DE SERVICIOS,COORDINADOR DE SERV GENERALES Y COMPRAS,0.9438,4,1,7,1,3.0,3.0,False
ASISTENTE DE PRECIOS,AUXILIAR DE PRECIOS,0.9438,2,1,4,4,1.0,1.0,False
OFICIAL DE RIESGO OPERATIVO Y CONTINUIDAD DEL NEGOCIO,OFICIAL DE RIESGOS NO FINANCIEROS Y CONTINUIDAD DE NEGOCIO,0.9438,1,1,1,2,,,False
OVS PROCESO 3,OVS 3 PROCESO L2,0.9438,1,1,4,22,,,False
OPERADOR FORESTAL JR,OPERADOR FORESTAL SR,0.9438,1,1,3,25,1.0,1.0,False
JEFE DE MARKETING & DIGITAL,JEFE DE MARKETING Y CANAL DIGITAL,0.9438,18,1,33,2,4.0,4.0,False
JEFE DE CUENTAS POR PAGAR,LIDER DE CUENTAS POR PAGAR,0.9438,4,1,6,1,4.0,,False
COCINERO QUE NO LABORA EN EL SECTOR DE TURISMO Y ALIMENTACI,COCINERO QUE NO LABORA EN SECTOR DE TURISMP Y ALMENTACION,0.9438,22,2,86,4,,,False
ASISTENTE DE CALIDAD Y LABORATORIO,ANALISTA DE CALIDAD Y LABORATORIO,0.9438,5,3,16,5,1.0,2.0,True
SUPERVISOR DE DESARROLLO DE SISTEMAS INFORMATICOS,JEFE DE DESARROLLO DE SISTEMAS INFORMATICOS,0.9438,2,1,2,1,3.0,4.0,True
RESPONSABLE DE ANALISIS DE DATOS,COORDINADOR DE ANALISIS DE DATOS,0.9438,1,1,1,1,,3.0,False
ANALISTA TECNICO DE PROMOCIONES SR,ANALISTA DE PROMOCIONES SR,0.9438,1,1,1,2,2.0,2.0,False
JEFE SEGURIDAD ELECTRONICA,JEFE DE SEGURIDAD FISICA Y ELECTRONICA,0.9438,3,3,4,5,4.0,4.0,False
ASISTENTE DISENO GRAFICO,AUXILIAR DE DISENO GRAFICO,0.9437,3,2,8,2,1.0,1.0,False
INGENIERO DE PROCESOS SENIOR,INGENIERO SENIOR DE PRODUCTIVIDAD Y OPERACIONES,0.9437,1,1,2,2,,,False
OPERADOR BODEGA,OPERADOR BODEGA Y DESPACHO,0.9437,258,2,1950,2,1.0,1.0,False
MAQUINISTA 3 JOSELITO,MAQUINISTA 1 JOSELITO,0.9437,1,1,4,2,,,False
EJECUTIVO DE VENTAS,EJECUTIVO DE VENTAS DIRECTAS,0.9437,276,1,5504,18,,,False
ASISTENTE/AUXILIAR DE SERVICIOS GENERALES,"ASISTENTE, AYUDANTE, AUXILIAR DE SERVICIO EN GENERAL",0.9437,304,1,2959,1,1.0,1.0,False
ASISTENTE DE INFORMACION Y TECNOLOGIA,AUXILIAR DE TECNOLOGIA DE LA INFORMACION,0.9437,19,2,39,12,1.0,1.0,False
ENCARGADO 2,ENCARGADO 3,0.9437,1,1,2,1,,,False
ESPECIALISTA DE DATOS MAESTRO,MAESTRO DE DATOS,0.9437,4,1,4,1,3.0,,False
SUPERVISOR DE GARANTIAS,SUPERVISOR TECNICO Y DE GARANTIAS,0.9437,3,1,6,2,3.0,3.0,False
TECNICO DE FRIO,MECANICO DE FRIO,0.9437,2,1,3,2,2.0,,False
ASISTENTE DE SEGUROS,ASISTENTE DE SEGUROS MASIVOS,0.9437,9,1,29,2,1.0,1.0,False
COORDINADOR DE GESTION COMERCIAL,COORDINADOR ADMINISTRATIVO COMERCIAL,0.9437,6,4,10,7,3.0,3.0,False
BUSINESS PARTNER DE FINANZAS,BUSINESS PARTNER COMERCIAL & FINANCIERO,0.9437,2,1,9,1,,,False
AYUDANTE TECNICO,AYUDANTE DE SOPORTE TECNICO,0.9437,21,8,319,11,2.0,2.0,False
ASISTENTE ADMINISTRATIVO SEGURIDAD FISICA,ADMINISTRADOR DE SEGURIDAD FISICA,0.9437,2,1,2,1,1.0,,False
ADMINISTRADOR DE ALMACEN,CONTROLADOR DE ALMACENES,0.9437,17,2,242,4,,,False
TECNICO 1 DE SOPORTE TECNICO AQ1,ESPECIALISTA DE SOPORTE TECNICO AQ1,0.9436,2,1,9,1,2.0,3.0,True
JEFE DE SEGURIDAD DE LA INFORMACION,JEFE DE SEGURIDAD INFORMATICA,0.9436,15,1,23,1,4.0,4.0,False
AYUDANTE DE BODEGA,AYUDANTE DE BODEGA DEV,0.9436,300,1,3116,1,1.0,1.0,False
ASISTENTE ADM POSVENTA,ASISTENTE OPERATIVO POSVENTA,0.9436,3,1,6,2,1.0,1.0,False
JEFE DE ASUNTOS REGULATORIOS,JEFE PROCESOS REGULATORIOS,0.9436,18,2,28,4,4.0,4.0,False
AUXILIAR DE BODEGA Y MONTACARG,AUXILIAR DE BODEGA ESP. MONTAC.,0.9436,2,1,12,2,1.0,1.0,False
ASISTENTE ADMINISTRATIVA BODEGA,ASISTENTE ADMINISTRATIVO BODEGA MATERIAL DE EMPAQUE,0.9436,11,1,20,2,1.0,1.0,False
ASISTENTE CREDITO,ASISTENTE OPERATIVO CREDITO,0.9436,72,6,274,19,1.0,1.0,False
ASISTENTE GESTION CALIDAD,AUXILIAR DE GESTION DE CALIDAD,0.9436,8,3,23,5,1.0,1.0,False
SUBGERENTE DE PRODUCCION 生产副经理,GERENTE DE PRODUCCION 生产经理,0.9436,1,1,1,1,4.0,5.0,True
3ER OFICIAL DE CUBIERTA,3ER OFICIAL CUBIERTA,0.9436,10,3,40,5,,,False
ASISTENTE DE CONTABLE,ASISTENTE ADM.CONTABLE,0.9436,5,3,22,3,1.0,1.0,False
PORTERO,PORTERO BR,0.9436,107,1,648,8,,,False
GERENTE DE GESTION ESTRATEGICA,GERENTE DE GESTION ESTRATEGICA COMERCIAL,0.9436,6,2,10,3,5.0,5.0,False
JEFE DE RRHH,COORDINADOR DE RRHH,0.9436,32,29,49,51,4.0,3.0,True
GERENTE DE INGENIERIA INDUSTRIAL,GERENTE CORPORATIVO DE INGENIERIA,0.9436,2,2,2,3,5.0,5.0,False
COORDINADOR DE GESTION DE TALENTO,COORDINADOR DE GESTION DE TALENTOS,0.9436,8,2,12,5,3.0,3.0,False
AUXILIAR DE CONTABILIAD,ASISTENTE / AYUDANTE / AUXILIAR DE CONTABILID,0.9435,218,3,679,15,1.0,1.0,False
JEFE DE INFRAESTRUCTURA,GERENTE INFRAESTRUCTURA,0.9435,45,7,81,12,4.0,5.0,True
ASISTENTE DE FACTURACION Y CARTERA,ASISTENTE DE FACTURACION Y ATENCION AL C,0.9435,2,1,4,1,1.0,1.0,False
ESPECIALISTA,ESPECIALISTA DE,0.9435,18,1,209,1,3.0,3.0,False
INGENIERO PRODUCCION SENIOR,INGENIERO SEMISENIOR DE PRODUCCION Y TECNOLOGIA,0.9435,4,1,9,1,,,False
ANALISTA PROGRAMADOR SENIOR,ANALISTA PROGRAMADOR I,0.9435,9,5,38,30,2.0,2.0,False
ASISTENTE DE CALIDAD Y LABORATORIO,ASISTENTE DE CALIDAD Y MONITOREO,0.9435,5,2,16,3,1.0,1.0,False
ADMINISTRADOR DE LOCAL /ESTABLECIMIENTOS,ADMINISTRADOR DE LOCAL,0.9435,66,50,177,262,,,False
COORDINADOR CIBERSEGURIDAD,COORDINADOR DE DATOS Y CIBERSEGURIDAD,0.9435,6,1,8,1,3.0,3.0,False
COORDINADOR COMPRAS,COORDINADOR COMPRAS Y CONTRATOS,0.9435,154,5,303,12,3.0,3.0,False
PREPARADOR ARQUEROS,PREPARADOR/A ARQUEROS,0.9435,4,1,18,3,,,False
GERENTE DISENO Y CONSTRUCCIONES,GERENTE DE DISENO Y CONSTRUCCION,0.9435,1,1,4,1,5.0,5.0,False
JEFE DE CAMPO 2,JEFE DE CAMPO 3,0.9435,3,2,5,3,4.0,4.0,False
ANALISTA DE OPERACIONES LOGISTICA,ANALISTA DE CONTROL LOGISTICO,0.9435,3,2,20,2,2.0,2.0,False
AYUDANTE DE BODEGA P.T,OBRERO - AYUDANTE DE BODEGA,0.9435,2,1,6,16,1.0,1.0,False
AUXILIAR DE LABORATORIO CLINICO,AUXILIAR DE LABORATORIO (AL),0.9435,13,1,37,1,1.0,1.0,False
GERENTE DE PROYECTOS Y SERVICIOS,GERENTE CORPORATIVO DE PROYECTOS,0.9435,2,2,5,3,5.0,5.0,False
COORDINADOR DE SEGURIDAD ELECTRONICA,COORDINADOR DE SEGURIDAD ELECTRONICA Y COMERCIALIZACION,0.9434,3,1,4,2,3.0,3.0,False
GERENTE FINANCIERO Y OPERATIVO,GERENTE DE ESTRATEGIA FINANCIERA Y OPERATIVA,0.9434,6,1,10,1,5.0,5.0,False
GERENTE DE CRM Y CUSTOMER EXPERIENCE,JEFE DE EXPERIENCIA AL CLIENTE Y CRM,0.9434,1,1,1,1,5.0,4.0,True
GESTOR RECUPERACIONES,GERENTE DE RECUPERACIONES,0.9434,4,2,99,3,,5.0,False
COORDINADOR DE DESARROLLO Y CAPACITACION,JEFE DE CAPACITACION Y DESARROLLO,0.9434,2,2,3,5,3.0,4.0,True
ASISTENTE LEGAL,ASISTENTE I LEGAL,0.9434,141,3,495,6,1.0,1.0,False
SUPERVISOR LOGISTICA Y OPERACIONES,SUPERVISOR DE LOGISTICA Y BODEGA,0.9434,5,4,13,7,3.0,3.0,False
BARMAN,BARMAN (PT),0.9434,48,1,235,1,,,False
COORDINADOR DE CANALES,COORDINADOR DE CANALES MASIVOS,0.9434,3,1,5,2,3.0,3.0,False
JEFE CONTROL CALIDAD,COORDINADOR CONTROL CALIDAD,0.9434,88,68,160,121,4.0,3.0,True
JEFE CONTROL CALIDAD,JEFE DE CALIDAD Y PROCESO,0.9434,88,11,160,19,4.0,4.0,False
ASISTENTE DE GERENCIA,ASISTENTE DE GERENCIA Y CONSEJOS,0.9434,433,1,843,2,1.0,1.0,False
COORDINADOR DE BODEGA GENERAL,COORDINADOR SERVICIOS GENERALES Y BODEGA,0.9434,3,1,5,2,3.0,3.0,False
ASESOR DE NEGOCIOS SENIOR,REPRESENTANTE DE NEGOCIOS SENIOR,0.9434,1,1,34,23,,,False
EDV SIERRA NORTE,EDV SIERRA NORTE IBARRA,0.9434,1,1,1,1,,,False
ASISTENTE CONTABLE Y DE AUDITORIA,ASISTENTE CONTABLE CONTABILIDAD,0.9434,3,2,14,5,1.0,1.0,False
COORDINADOR DE MANTENIMIENTO MARITIMO,COORDINADOR DE MANT. NAVAL,0.9434,1,1,2,1,3.0,3.0,False
JEFE ADMINISTRATIVO COMERCIAL,GERENTE ADMINISTRATIVO COMERCIAL,0.9434,7,5,21,6,4.0,5.0,True
EXPERTO (FUN 3 CSO),EXPERTO (FUN 4) CSO,0.9433,1,1,14,9,,,False
COORDINADOR SOSTENIBILIDAD,COORDINADOR AMBIENTAL Y SOSTENIBILIDAD,0.9433,8,2,12,2,3.0,3.0,False
ASISTENTE ADMINISTRATIVA DE TALLER,ASISTENTE ADMINISTRATIVA - TALLER,0.9433,3,1,5,7,1.0,1.0,False
CHOFER: PARA CAMIONES PASADOS Y EXTRA PESADOS CON O SIN REMOLQUE DE MAS DE 4 TONELADAS.,CHOFER PARA CAMIONES DE 4.5 TONELADAS,0.9433,116,1,548,2,,,False
PLANNING HEAD,HEAD OF PLANNING,0.9433,1,1,1,2,,,False
HR BUSINESS PARTNER & RECRUITMENT LEAD,HR BUSINESS PARTNER LEAD,0.9433,1,1,1,1,,,False
ASESOR DE VENTAS,ASESOR DE VENTAS (MD),0.9433,41,1,885,268,,,False
COORDINADORA ACADEMICA DE VINCULACION SOCIAL,COORDINADORA DE VINCULACION SOCIAL,0.9433,1,1,2,1,,,False
JEFE DE OPERACIONES TRANSFERENCIAS INTERNACIONALES,JEFE DE OPERACIONES TRANSFERENCIAS NACIONALES,0.9433,1,1,1,1,4.0,4.0,False
OPERADOR MECANICO MAQ. SEMICOMPLEJAS,OPERADOR DE MAQUINAS SEMICOMPLEJAS,0.9433,1,1,5,30,1.0,1.0,False
AUX SERVICIO GENERALES,AUX. SERV.GENERALES,0.9433,5,4,48,7,,,False
ASISTENTE DE ALMACEN,ASISTENTE DE RECIBOS Y ALMACEN,0.9433,31,1,6392,1,1.0,1.0,False
ANALISTA ADM Y DE COMPRAS,ANALISTA DE COMPRAS & LOGISTICA,0.9433,5,4,13,11,2.0,2.0,False
RECAUDADOR 2,RECAUDADOR 1,0.9433,3,1,6,45,,,False
ANALISTA DE ADMINISTRACION COMERCIAL SENIOR,ANALISTA SENIOR DE OPERACIONES COMERCIAL,0.9433,1,1,2,1,2.0,2.0,False
JEFE DE RECEPCION,JEFE DE DEPARTAMENTO RECEPTIVO,0.9432,24,1,45,2,4.0,4.0,False
JEFA DE COMPRA,JEFA DE ADQUISIONES / COMPRAS,0.9432,11,1,18,2,,,False
COORDINADOR DE GESTION COMERCIAL,COORDINADOR DE ADMINISTRACION COMERCIAL,0.9432,6,3,10,3,3.0,3.0,False
ASISTENTE CONTABLE - FACTURACION,ASISTENTE ADMINISTRATIVO FACTURACION,0.9432,3,2,5,18,1.0,1.0,False
DISENADORA I,DISENADORA II,0.9432,1,1,2,2,,,False
ANALISTA DE I&D,ANALISTA I&D,0.9432,4,2,7,3,2.0,2.0,False
JEFE DE CUMPLIMIENTO LABORAL,JEFE DE NOMINA Y CUMPLIMIENTO LABORAL,0.9432,1,1,1,1,4.0,4.0,False
COORDINADOR DE TINTAS,COORDINADOR DE TINTURADOS,0.9432,2,1,2,2,3.0,3.0,False
ASISTENTE FINANZAS,ASISTENTE ADMINISTRATIVO FINANZAS,0.9432,8,2,37,3,1.0,1.0,False
ANALISTA FINANCIERA SENIOR,ANALISTA SENIOR DE OPERACIONES FINANCIERAS,0.9432,10,1,16,1,2.0,2.0,False
OFICIAL DE OPERACIONES,OFICIAL OPERATIVO,0.9432,5,2,21,52,,,False
AUXILIAR DE PROVEEDURIA,AUXILIAR 1 DE PROVEEDURIA,0.9432,4,3,21,35,1.0,1.0,False
ASISTENTE CONTROL INTERNO,ASISTENTE DE CONTROLLER INTERNO Y DE GESTION,0.9432,29,1,63,2,1.0,1.0,False
ANALISTA DE COMPRA,ANALISTA ADM Y DE COMPRAS,0.9432,199,5,544,13,2.0,2.0,False
ANALISTA MICROBIOLOGIA,ANALISTA CALIDAD MICROBIOLOGIA,0.9432,30,2,64,4,2.0,2.0,False
COORDINADOR DE MONITOREO,JEFE DE MONITOREO,0.9431,6,1,12,2,3.0,4.0,True
EJECUTIVA DE CALL CENTER,EJECUTIVOS CALL CENTER,0.9431,8,1,56,2,,,False
ANALISTA COMUNICACION Y DESARROLLO,ANALISTA DE COMUNICACION Y RELACIONAMIENTO,0.9431,2,1,3,2,2.0,2.0,False
ASISTENTE DE LOGISTICA Y TRANS,ASISTENTE DE LOGISTICA Y COMERCIAL,0.9431,10,3,22,5,1.0,1.0,False
AUXILIAR DE HORNOS,ASISTENTE DE HORNOS,0.9431,2,1,14,2,1.0,1.0,False
ASESOR COMERCIAL,ASESOR COMERCIAL ST,0.9431,414,1,9435,2,,,False
SUPERVISOR PRODUCCION,CHEF SUPERVISOR DE PRODUCCION,0.9431,250,1,1309,6,3.0,3.0,False
ESPECIALISTA CUMPLIMIENTO,ESPECIALISTA DE CUMPLIMIENTO 1,0.9431,5,1,10,1,3.0,3.0,False
ANALISTA DE CONTRATACION Y ADMINISTRACION DE PERSONAL,ANALISTA ADMINISTRACION DE PERSONAL,0.9431,1,1,1,2,2.0,2.0,False
CHOFER DE SERVICIOS,CHOFER/VARIOS SERVICIOS,0.9431,1,1,2,4,,,False
MAYORDOMO,MAYORDOMO A,0.9431,36,1,159,6,,,False
SUPERVISOR DE MANTENIMIENTO ELECTROMECAN,SUPERVISOR DE MANTENIMIENTO (ELECTRICO & AUTOMATIZACION),0.9431,2,2,10,3,3.0,3.0,False
COORDINADOR DE PROYECTOS Y SERVICIOS,COORDINADOR GENERAL DE PROYECTOS,0.9431,2,1,15,2,3.0,3.0,False
COORDINADOR DE CONTRATOS,COORDINADOR DE CONTRACT MANAGEMENT,0.9431,4,1,6,1,3.0,3.0,False
ANALISTA CONTABILIDAD,ANALISTA CONTABILIDAD E IMPUESTOS,0.9431,102,6,306,9,2.0,2.0,False
ASISTENTE DE PLANEAMIENTO,ASISTENTE DE ANALISIS Y PLANIFICACION,0.9431,41,2,138,7,1.0,1.0,False
OPERADOR DE MOLINO,OPERADOR DE MAQ. (MOLINO),0.9431,7,1,44,4,1.0,1.0,False
OPERADOR DE CENTRIFUGA,OPERADOR DE CENTRIFUGA 2-3,0.9431,3,1,6,6,1.0,1.0,False
ANALISTA DE FINANCIERA,ANALISTA FINANCIERA SENIOR,0.9431,208,10,460,16,2.0,2.0,False
VENDEDOR LOCAL,AGENTE VENDEDOR LOCAL,0.9431,3,1,25,63,,,False
JEFE DE NOMINA Y COMPENSACIONES,JEFE DE NOMINA Y BENEFICIOS,0.943,5,3,5,4,4.0,4.0,False
LIDER DE CAPACITACION,LIDER CAPACITACION,0.943,1,1,1,2,,,False
TUBERO,TUBERO B,0.943,14,1,244,2,,,False
DIRECTORA DEL NIVEL EGB ELEMENTAL Y MEDIA,SECRETARIA DEL NIVEL EGB ELEMENTAL Y MEDIA,0.943,1,1,4,4,,,False
ANALISTA CALIDAD,ANALISTA DE CALIDAD Y CONOCIMIENTO,0.943,162,1,890,1,2.0,2.0,False
ASISTENTE CREDITO,ASISTENTE ADMINISTRATIVO DE CREDITO,0.943,72,1,274,2,1.0,1.0,False
EJECUTIVO DE CUENTA JR,EJECUTIVO DE CUENTA JUNIOR I,0.943,7,1,16,6,,,False
ANALISTA DE SOFTWARE JUNIOR,ANALISTA DE SOFTWARE SENIOR,0.943,1,1,2,2,2.0,2.0,False
LIDER DE ENTRENAMIENTO TECNICO,JEFE DE ENTRENAMIENTO TECNICO,0.943,1,1,1,4,2.0,4.0,True
ASISTENTE DE DOCUMENTACION IMPORT JR.,ASISTENTE OPERACIONES DOCUMENTACION IMPORTACION JUNIOR,0.943,1,1,3,3,1.0,1.0,False
AUXILIAR DE VALIJA,AUXILIAR VALIJA,0.943,2,1,9,2,1.0,1.0,False
ASISTENTE DE INFORMACION Y TECNOLOGIA,"ASISTENTE DE TECNOLOGIA, INFORMATICA Y C",0.943,19,1,39,4,1.0,1.0,False
ADMINISTRADORA DEL ARCHIVO DE CREDITO,ADMINISTRADOR DEL ARCHIVO DE CREDITO (E),0.943,1,1,2,2,,,False
INGENIERO INSPECTOR DE PROYECTOS 216,INGENIERO INSPECTOR DE PROYECTOS 192,0.943,1,1,4,4,,,False
AUXILIAR OFICINA,AYUDANTE DE OFICINA,0.943,41,7,183,28,1.0,1.0,False
ASISTENTE DE CALIDAD Y LABORATORIO,AYUDANTE LABORATORIO DE CALIDAD,0.943,5,1,16,1,1.0,1.0,False
COORDINADOR DE PLANIFICACION Y PROYECTOS,DIRECTOR DE PLANIFICACION Y PROYECTOS,0.943,5,2,6,3,3.0,5.0,True
ASESOR DE CONTAC CENTER,ASISTENTE DE CONTAC CENTER,0.9429,2,1,12,1,,1.0,False
ASISTENTE / AYUDANTE / AUXILIAR DE CONTABILID,AISTENTE/AYUDANTE/AUX. DE CONTABILIDAD,0.9429,3,2,15,4,1.0,1.0,False
COORDINADOR INFRAESTRUCTURA,ENCARGADO DE INFRAESTRUCTURA,0.9429,36,1,64,2,3.0,,False
OPERADOR DE CAMPO,OPERADOR DE CAMPO II,0.9429,4,1,32,9,1.0,1.0,False
ESPECIALISTA DE CUSTOMER EXPERIENCE,ESPECIALISTA DE CUSTOMER CARE,0.9429,2,1,3,1,3.0,3.0,False
ASITENTE DE VENTAS,ASESOR DE VENTAS,0.9429,248,41,841,885,,,False
AYU. OBRA R 2,AYU. OBRA R,0.9429,1,1,4,4,,,False
COORDINADOR EXPERIENCIA AL CLIENTE,JEFE DE EXPERIENCIA AL CLIENTE,0.9429,11,11,22,17,3.0,4.0,True
COORDINADOR DE PRICING,COORDINADOR DE PRICING Y ACTUARIA,0.9429,2,1,3,2,3.0,3.0,False
ACCOUNT MANAGER SENIOR,ACCOUNTING SENIOR MANAGER,0.9429,4,3,27,6,,,False
ANALISTA DE TECNOLOGIA DE LA INFORMACION SENIOR,ANALISTA DE TECNOLOGIA DE LA INFORMACION JUNIOR,0.9429,2,1,5,2,2.0,2.0,False
SUPERVISOR DE AGRONOMIA,SUPERVISOR DE PLANTA AGRO,0.9429,3,1,8,2,3.0,3.0,False
ASISTENTE ADMIN. TECNICA,ASISTENTE TECNICO ADMINISTRATIVA DE SOPORTE,0.9429,2,1,2,3,1.0,2.0,True
GESTOR DE COBRANZAS 1,GESTOR DE COBRANZAS 3,0.9429,1,1,10,14,,,False
JEFE DE CONTABILIDAD Y TESORERIA,JEFE DE CONTABILIDAD INTERNACIONAL Y TESORERIA,0.9429,2,1,3,1,4.0,4.0,False
INSPECTOR NIVEL II,INSPECTOR/A NIVEL # 2,0.9428,1,1,17,61,,,False
COORDINADOR DE LOGISTICA Y OPERACIONES,SUPERVISOR LOGISTICA Y OPERACIONES,0.9428,8,5,15,13,3.0,3.0,False
AUXILIAR CONTROL DE CALIDAD,AUXILIAR DE SISTEMA DE GESTION DE CALIDAD,0.9428,26,3,78,5,1.0,1.0,False
COORDINADOR (A) DE NOMINA,COORDINADOR NOMINA,0.9428,53,3,101,7,3.0,3.0,False
ARQUITECTO/A,ARQUITECTO -A,0.9428,3,1,5,4,,,False
ASISTENTE CONTROL INTERNO,AUXILIAR DE CONTROL INTERNO,0.9428,29,3,63,22,1.0,1.0,False
COORDINADOR CANALES DIGITALES,COORDINADOR CANAL DIGITAL,0.9428,10,1,21,1,3.0,3.0,False
SUPERVISOR PRODUCCION,SUPERVISOR DE PRODUCCION JR,0.9428,250,3,1309,8,3.0,3.0,False
ASITENTE /AUXILIAR ADMINISTRATIVO,ASSISTENTE ADMINISTRATIVE,0.9428,1,1,3,2,1.0,,False
ASISTENTE DE BODEGA Y FARMACIA,ADM ASISTENTE DE BODEGA Y FARMACIA,0.9428,4,1,10,2,1.0,1.0,False
GERENTE DE AUDITORIA Y CUMPLIMIENTO,"GERENTE LEGAL, CUMPLIMIENTO Y AUDITORIA",0.9428,2,1,4,2,5.0,5.0,False
JEFE DE PLANIFICACION DE VENTAS Y FACTURACION,JEFE ADMINISTRATIVO DE VENTAS Y FACTURACION,0.9428,1,1,1,1,4.0,4.0,False
ANALISTA TECNICO DE PROMOCIONES SR,ANALISTA TECNICO DE PROMOCIONES JR,0.9428,1,1,1,4,2.0,2.0,False
JEFE DE REPUESTOS,JEFE COMERCIAL DE REPUESTOS,0.9428,23,1,59,4,4.0,4.0,False
AYUD ADMINISTRADOR,AYUDANTE DE ADMINISTRACION,0.9428,5,1,9,10,,1.0,False
GERENTE DE GENTE Y GESTION,COORDINADOR DE GENTE Y GESTION,0.9428,4,1,9,4,5.0,3.0,True
JEFE ADMINISTRATIVA COMERCIAL,JEFE COMERCIAL ADMINISTRATIVO DE IND.,0.9428,7,1,21,2,4.0,4.0,False
CUSTOMER EXPERIENCE MANAGER,CUSTOMER EXPERIENCE MANAGER PROFESSIONAL,0.9428,3,1,12,2,,,False
AUX SERVICIOS,AUX DE SERVICIO,0.9428,3,1,21,5,,,False
ANALISTA DE RECLUTAMIENTO Y SELECCION DE PERSONAL,ANALISTA DE CONTRATACION Y ADMINISTRACION DE PERSONAL,0.9428,9,1,29,1,2.0,2.0,False
GERENTE NEGOCIOS,GESTOR DE NEGOCIO,0.9427,36,2,112,15,5.0,,False
ANALISTA DE CAPACITACION Y DESARROLLO,ANALISTA DE FORMACION Y DESARROLLO,0.9427,7,2,13,4,2.0,2.0,False
JEFE DE DESARROLLO E INVESTIGACION,"JEFE DE INVESTIGACION, DESARROLLO Y SOPORTE TECNICO",0.9427,28,1,52,1,4.0,4.0,False
TECNICO DE SISTEMA,TECNICO DE SISTEMAS SR.,0.9427,50,1,176,1,2.0,2.0,False
OPERADOR TRACTOR,TRACTOR OPERATOR,0.9427,2,2,5,8,1.0,,False
JEFE DE DESARROLLO DE NEGOCIOS,EJECUTIVO DE DESARROLLO DE NEGOCIOS,0.9427,4,3,6,5,4.0,,False
RT FLORES SUR,RT FLORES NORTE,0.9427,1,1,1,1,,,False
PERSONAL ACADEMICO TITULAR AGREGADO NIVEL 2,PERSONAL ACADEMICO TITULAR AUXILIAR NIVEL 2,0.9427,1,1,7,1,,1.0,False
ASISTENTE DE ADUANA,ASISTENTE ADUANA,0.9427,3,1,5,5,1.0,1.0,False
ANALISTA DE DATOS JR,ANALISTA DE DATOS Y Q.A. JR.,0.9427,3,1,8,2,2.0,2.0,False
AYUDANTE SERVICIO TECNICO,AYUDANTE DE SOPORTE TECNICO,0.9427,9,8,39,11,2.0,2.0,False
LIDER DE GESTION ESTRATEGICA,JEFE DE GESTION ESTRATEGICA,0.9427,2,1,3,1,,4.0,False
JEFE DE COMPENSACIONES Y NOMINA,COORDINADOR DE NOMINA Y COMPENSACIONES,0.9427,5,4,5,9,4.0,3.0,True
ASISTENTE BODEGA,ASISTENTE/ AUX BODEGA,0.9427,423,1,2097,1,1.0,1.0,False
SUPERVISOR DE CONSTRUCCIONES Y MANTENIMIENTO,SUPERVISOR DE MANTENIMIENTO DE EDIFICIOS,0.9427,2,1,2,2,3.0,3.0,False
ASISTENTE MEDICO,ASISTENTE_MEDICO,0.9426,3,1,4,4,1.0,,False
JEFE DE PRODUCCION - B,JEFE DE PRODUCCION - A,0.9426,1,1,1,3,4.0,4.0,False
COORDINADOR COMPRAS Y CONTRATOS,COORDINADOR DE COMPRAS Y PROYECTOS,0.9426,5,1,12,1,3.0,3.0,False
GERENTE DE SEGURIDAD INDUSTRIAL Y MEDIO AMBIENTE,JEFE CORPORATIVO DE SEGURIDAD INDUSTRIAL Y MEDIO AMBIENTE,0.9426,3,1,4,2,5.0,4.0,True
JEFE DE COBRANZAS REGIONAL,SUPERVISOR DE COBRANZAS REGIONAL,0.9426,1,1,1,10,4.0,3.0,True
COORDINADOR DE SOFTWARE,COORDINADOR DE PROGRAMACION DE SOFTWARE,0.9426,1,1,2,4,3.0,3.0,False
JEFE TECNICO DE GRANJAS,COORDINADOR TECNICO DE GRANJAS,0.9426,1,1,2,1,4.0,3.0,True
JEFE DE CULTIVO - SANIDAD VEGETAL,JEFE DE SANIDAD VEGETAL,0.9426,5,5,14,7,4.0,4.0,False
JEFE DE COMUNICACION,COORDINADOR JUNIOR DE COMUNICACION,0.9426,14,2,23,4,4.0,3.0,True
RESPONSABLE DE FACTURACION,RESPONSABLE DE FACTURACION Y COSTOS,0.9426,2,1,3,1,,,False
TEC. SEG Y SALUD OCUPACIONAL,COORD. SEG Y SALUD OCUPACIONAL,0.9426,1,1,2,2,,,False
JEFE DE AUDITORIA OPERACIONAL,JEFE AUDITORIA ADMINISTRATIVA,0.9426,3,1,6,2,4.0,4.0,False
GERENTE ADMINISTRATIVO FINANCI,GERENTE ADM FINANCIERO,0.9426,157,13,277,25,5.0,5.0,False
AUXILIAR DE SERVICIO TECNICO,AYUDANTE SERVICIO TECNICO,0.9426,41,9,161,39,2.0,2.0,False
JEFE DE PRODUCCION MICROINGREDIENTES,ASISTENTE DE PRODUCCION MICROINGREDIENTES,0.9426,1,1,2,3,4.0,1.0,True
EJECUTIVO DE CUENTA JR,EJECUTIVA DE CUENTA JUNIOR,0.9426,7,6,16,16,,,False
COORDINADOR DE GESTION DOCUMENTAL,COORDINADOR DOCUMENTACION,0.9426,4,2,5,3,3.0,3.0,False
DIRECTOR DE ACREDITACION INTERNACIONAL,COORDINADOR DE ACREDITACION INTERNACIONAL,0.9426,1,1,1,1,5.0,3.0,True
JEFE DE LUBRICACION,JEFE DE PLANTA LUBRICANTES,0.9426,2,1,4,2,4.0,4.0,False
LICENCIADA EN IMAGENES,LICENCIADO/A DE IMAGENES,0.9425,2,1,3,6,,,False
JEFE DE SISTEMAS,JEFE DE SISTEMAS/DESA. Y TECN,0.9425,276,1,495,2,4.0,4.0,False
GERENTE NACIONAL DE CREDITO,GERENTE NACIONAL DE ORIGINACION DE CREDITO,0.9425,3,1,5,1,5.0,5.0,False
AUXILIAR DE MANTENIMIENTO GENERAL,AUXILIAR ADMINISTRATIVO MANTENIMIENTO,0.9425,5,3,9,3,1.0,1.0,False
DIRECTOR DE PLANIFICACION,DIRECTOR DE PLANIFICACION Y PROCESOS,0.9425,3,2,5,3,5.0,5.0,False
ANALISTA DE INFRAESTRUCTURA Y COM,ANALISTA INFRAESTRUCTURA SISTEMAS,0.9425,1,1,2,4,2.0,2.0,False
JEFE CADENA DE SUMINISTROS,JEFE DE SUMINISTRO,0.9425,7,2,12,5,4.0,4.0,False
COORDINADOR DE CITAS,COORDINADOR DE CITAS SUCURSAL,0.9425,3,1,10,5,3.0,3.0,False
HUMAN RESOURCES SENIOR ANALYST,"ANALYST, HUMAN RESOURCES",0.9425,1,1,2,1,,,False
FIELD MANAGER,FIELDWORK MANAGER,0.9425,2,1,5,4,,,False
JEFE CONTROL CALIDAD,JEFA DE CONTROL DE CALIDAD,0.9425,88,3,160,6,4.0,,False
ASISTENTE ADM Y CONTABLE,ASISTENTE CONTABLE Y GERENCIA,0.9425,3,2,3,3,1.0,1.0,False
SUPERVISOR ELECTRICO 2,SUPERVISOR ELECTRICO 3,0.9425,1,1,1,1,3.0,3.0,False
COORDINADOR CREDITO,COORDINADOR DE CREDITO Y COBRO,0.9425,80,1,147,3,3.0,3.0,False
AYU. OBRA R 2,AYU. OBRA LL2,0.9424,1,1,4,1,,,False
JEFE DE VENTAS,JEFE DE VENTAS JR,0.9424,356,1,1109,2,4.0,4.0,False
ANALISTA DE COMUNICACIONES E INFRAESTRUCTURA,ANALISTA DE INFRAESTRUCTURA Y COM,0.9424,4,1,17,2,2.0,2.0,False
ASISTENTE ADMIN. TECNICA,ADMIN - ASISTENTE TECNICO,0.9424,2,1,2,2,1.0,2.0,True
SUPERVISOR LOGISTICA Y OPERACIONES,SUPERVISOR DE LOGISTICA DE COMERCIALIZACION,0.9424,5,2,13,4,3.0,3.0,False
ASISTENTE ADMINISTRATIVA FACTURACION Y COBRANZA,ASISTENTE DE FACTURACION Y ATENCION AL C,0.9424,23,1,62,1,1.0,1.0,False
GERENTE DE MANTENIMIENTO Y DESARROLLO,JEFE DE DESARROLLO Y MANTENIMIENTO,0.9424,1,1,2,3,5.0,4.0,True
ADMINISTRADOR DE PROYECTOS,ADMINISTRADOR SENIOR DE PROYECTOS,0.9424,18,1,78,2,,,False
ESPECIALISTA DE INFORMACION COMERCIAL REGIONAL,ESPECIALISTA DE INFORMACION COMERCIAL,0.9424,1,1,2,3,3.0,3.0,False
EJECUTIVO DE CUENTAS,EJECUTIVO DE CUENTAS PT,0.9424,109,1,1027,1,,,False
DIRECTORA DE CIENCIAS,DIRECTORA CIENTIFICA,0.9424,1,1,1,2,,,False
ASISTENTE TECNICO (AT),ASISTENTE TECNICO I,0.9424,1,1,1,45,2.0,2.0,False
COORDINADOR (A) DE MARKETING,COORDINADOR DE MARKETING Y SERVICIO AL CLIENTE,0.9424,200,2,367,4,3.0,3.0,False
ASISTENTE CONTABLE,ASISTENTE ADM.CONTABLE,0.9424,1698,3,5614,3,1.0,1.0,False
ASISTENTE CONTABLE TESORERIA,ASISTENTE CONTABLE Y TESORERIA,0.9424,2,1,4,1,1.0,1.0,False
COMPRADOR/A,COMPRADOR SR.,0.9424,3,1,26,1,,,False
JEFE ADMINISTRACION Y FINANZAS,"JEFE DE ADMINISTRACION, FINANZAS Y TALENTO HUMANO",0.9424,11,1,18,1,4.0,4.0,False
AYUDANTE DEL SECTOR METALMECANICO 103,AYUDANTE DEL SECTOR METALMECANICO 130,0.9424,1,1,3,2,1.0,1.0,False
OPERADOR DE MAQUINARIA PESADA 3,OPERADOR DE MAQUINARIA PESADA 2,0.9423,2,1,6,32,1.0,1.0,False
SUPERVISOR CANALES ELECTRONICOS,SUPERVISOR CANAL ELECTRONICO,0.9423,1,1,3,2,3.0,3.0,False
JEFE DE VENTAS CANAL TRADICIONAL,JEFE DE VENTA CANAL TRADICIONAL E INSTITUCIONAL,0.9423,3,1,4,2,4.0,4.0,False
ASISTENTE ADMINISTRATIVO ADQUISICIONES,ASISTENTE DE ADQUISICIONES Y SERVICIOS GENERALES,0.9423,1,1,4,1,1.0,1.0,False
COORDINADOR DE ANALISTAS,COORDINADOR DE GESTION DE ANALISIS,0.9423,4,1,5,1,3.0,3.0,False
TECNICO MECANICO C,TECNICO MECANICO D,0.9423,4,1,35,1,2.0,2.0,False
ASISTENTE DE CAMARAS,AUXILIAR DE CAMARAS,0.9423,2,1,4,4,1.0,1.0,False
TECNICO DE SOPORTE IT,ASISTENTE DE SOPORTE IT,0.9423,2,2,7,3,2.0,1.0,True
TECNICO DE ENSAMBLAJE,TECNICO ENSAMBLADOR,0.9423,5,1,17,4,2.0,2.0,False
SUPERVISOR HSE PROYECTOS,JEFE DE HSE PROYECTOS,0.9423,1,1,5,2,3.0,4.0,True
COORDINADOR ADMINISTRATIVO & FINANCIERO,COORDINADOR ADM. FINANC.,0.9423,28,1,50,2,3.0,3.0,False
ESPECIALISTA RECURSOS HUMANOS,ESPECIALISTA DE RECURSOS HUMANOS (SELECCION),0.9423,13,1,26,2,3.0,3.0,False
GESTOR DE DE DOCUMENTACION,GESTOR DE DOCUMENTACION-TEMPORAL,0.9423,38,1,115,1,,,False
COORDINADOR TECNICO DE MARCA,JEFE TECNICO DE MARCA,0.9423,1,1,2,1,3.0,4.0,True
JEFE IMPLEMENTACION PRODUCTOS,EJECUTIVO IMPLEMENTACION PRODUCTOS,0.9423,1,1,1,12,4.0,,False
AUXILIAR DE PAGOS,AUXILIAR DE COBRANZAS Y PAGOS,0.9423,1,1,6,8,1.0,1.0,False
COORDINADOR DE DISENO Y MARKETING,EJECUTIVO DE MARKETING Y DISENO,0.9423,3,1,6,1,3.0,,False
TECNICO DE MONITOREO,DIRECTOR TECNICO DE MONITOREOS,0.9423,5,1,25,2,2.0,5.0,True
ANALISTA DE NOMINA Y GESTION DE PERSONAL,ANALISTA DE GESTION DE NOMINA,0.9423,1,1,1,1,2.0,2.0,False
ANALISTA DE BASE DE DATOS,ANALISTA DE BASE DE DATOS JR,0.9423,10,2,16,4,2.0,2.0,False
SUPERVISOR DE VENTAS JUNIOR,ASESOR DE VENTAS/SUPERVISOR JR,0.9422,1,1,1,1,3.0,3.0,False
ASISTENTE COMERCIAL DE VENTAS,ASISTENTE DEPARTAMENTO DE VENTAS,0.9422,1,1,1,1,1.0,1.0,False
JEFE DE TIENDA,JEFE TIENDA,0.9422,17,1,613,2,4.0,4.0,False
COORDINADOR DE CONTACT CENTER,LIDER DE OPERACIONES CONTACT CENTER,0.9422,6,5,11,9,3.0,,False
TECNICO1,TECNICO N1,0.9422,10,1,101,47,,2.0,False
OPERADOR DE FRIO,OPERADOR FRIO MANTENIMIENTO,0.9422,3,1,21,4,1.0,1.0,False
LICENCIADO/A EN FISIOTERAPIA,LICENCIADO EN TERAPIA FISICA,0.9422,1,1,5,2,,,False
ASIST. MARCA (R),ASIST. MARCA (EQ),0.9422,1,1,7,2,,,False
LIDER DE MANTENIMIENTO DE APLICACIONES,JEFE DE MANTENIMIENTO DE APLICACIONES,0.9422,2,1,6,1,,4.0,False
SUBGERENTE DE MARKETING,SUBGERENTE DE MARKETING Y COMUNICACION,0.9422,8,1,14,2,4.0,4.0,False
GERENTE COMERCIAL DE ECUADOR,GERENTE COMERCIAL ECUADOR OC,0.9422,2,1,3,2,5.0,5.0,False
JEFE DE GESTION DE PROCESOS,JEFE DE PROCESOS Y SISTEMA,0.9422,40,1,70,1,4.0,4.0,False
COORDINADORA DE BIENESTAR ESTUDIANTIL,COORDINADORA BIENESTAR UNIVERSITARIO,0.9422,7,1,13,2,,,False
ANALISTA DE RIESGO,ANALISTA GESTION RIESGOS,0.9422,41,2,111,3,2.0,2.0,False
ASISTENTE DE OBRA,002 ASISTENTE DE OBRA,0.9422,9,1,17,1,1.0,1.0,False
ENFERMERA (O),ENFERMERA/O MT,0.9422,28,1,873,16,,,False
ASISTENTE / AYUDANTE DE PROYECTOS,ASISTENTE DE GESTION DE PROYECTOS,0.9422,3,2,10,3,1.0,1.0,False
SUPERVISOR DE SERVICIOS I,SUPERVISOR DE SERVICIOS VARIOS,0.9422,1,1,2,3,3.0,3.0,False
SUPERVISOR GENERAL DE BODEGA,SUPERVISOR DE BODEGA DE A,0.9422,2,1,3,1,3.0,3.0,False
CUSTOMER SERVICE COORDINATOR,CUSTOMER EXPERIENCE COORDINATOR,0.9422,2,1,2,2,,,False
ANALISTA DE PROCESOS Y PROYECTOS,ANALISTA DE OPERACIONES Y PROYECTOS,0.9422,11,1,15,1,2.0,2.0,False
ANALISTA ADM Y DE COMPRAS,ANALISTA DE COMPRAS Y MANTENIMIENTO,0.9421,5,2,13,3,2.0,2.0,False
JEFE DE PRESUPUESTO Y PLANIFIC,JEFE DE PRESUPUESTO Y CONTROL,0.9421,6,3,9,3,4.0,4.0,False
DIRECTOR DE PLANIFICACION,COORDINADOR DE PLANIFICACION D,0.9421,3,1,5,1,5.0,3.0,True
ANALISTA AUDITORIA,ANALISTA AUDITORIA INTERNA,0.9421,26,6,78,12,2.0,2.0,False
JEFE DE INFRAESTRUCTURA TECNOLOGICA,JEFE DE INFRAESTRUCTURA Y TELECOMUNICACIONES,0.9421,7,4,12,7,4.0,4.0,False
TOURPUSHER III,TOURPUSHER LEVEL III,0.9421,1,1,1,18,,,False
SUPERVISOR DE OPERACIONES CONTACT CENTER,LIDER DE OPERACIONES CONTACT CENTER,0.9421,7,5,23,9,3.0,,False
ADMINISTRADOR DE REDES Y SOPORTE,ADMINISTRADOR DE REDES Y TI,0.9421,2,1,7,2,,,False
ENCARGADO DE BODEGA,ENCARGADO DE BODEGA INDUSTRIA,0.9421,18,1,73,1,,,False
ANALISTA ELECTRICO,ANALISTA SENIOR ELECTRICO,0.9421,1,1,1,1,2.0,2.0,False
COORDINADOR ADM. FIN.,COORDINADOR ADM. FINANC.,0.9421,2,1,4,2,3.0,3.0,False
ASISTENTE CAJA,ASISTENTE CAJA CHICA,0.9421,20,1,72,2,1.0,1.0,False
JEFE OPERACIONES AA,SUPERVISOR DE OPERACIONES AA,0.9421,1,1,2,1,4.0,3.0,True
GERENTE SERVICIO Y TALLERES,GERENTE DE MANTENIMIENTO Y TALLERES,0.9421,2,1,3,2,5.0,5.0,False
AUXILIAR COMPRAS Y COMERCIO EXTERIOR,AUXILIAR DE COMPRAS EXTERNAS,0.942,2,1,2,4,1.0,1.0,False
TECNICO DE PASTORAL JUVENIL SALESIANA,TECNICO DE PLANIFIACION PASTORAL JUVENIL SALESIANA,0.942,1,1,4,2,2.0,2.0,False
DIRECTOR DE PROYECTO,CODIRECTOR DE PROYECTO,0.942,5,1,6,1,5.0,,False
JEFE DE CUSTOMER SERVICE,JEFE DE CUSTOMER EXPERIENCE,0.942,1,1,2,1,4.0,4.0,False
EJECUTIVO DE DESARROLLO DE NEGOCIOS,RESPONSABLE DE DESARROLLO DE NEGOCIOS,0.942,3,1,5,1,,,False
OPERADOR MAQUINAS DE CORTE,OPERADOR DE MAQUINAS COMPLEJAS CORTE,0.942,1,1,1,3,1.0,1.0,False
GERENTE DE PLANEACION Y ABASTECIMIENTO,JEFE DE ABASTECIMIENTO Y PLANIFICACION,0.942,2,1,3,2,5.0,4.0,True
ESPECIALISTA EN SERVICIOS & INSTALACIONE,ESPECIALISTA DE INSTALACIONES,0.942,1,1,1,1,3.0,3.0,False
COORDINADORA DE LOGISTICA,COORDINADORA DE LOGISTICA E IMPORTACIONES,0.942,192,1,407,2,,,False
COORDINADOR DE INFRAESTRUCTURA Y REDES,SUPERVISOR DE INFRAESTRUCTURA Y REDES,0.942,5,1,8,2,3.0,3.0,False
INGENIERO DE COMUNICACIONES UNIFICADAS,INGENIERO DE COMUNICACIONES,0.942,2,1,14,3,,,False
SUPERVISOR DE CONTROL DE CALIDAD CIVIL 1,SUPERVISOR DE CONTROL DE CALIDAD CIVIL 3,0.942,1,1,7,2,3.0,3.0,False
PROF/TITULO IV NIVEL BASICO,PROF/TITULO III NIVEL BASICO,0.942,1,1,3,65,,,False
JEFE DE OUTSOURCING,GERENTE DE OUTSOURCING,0.942,2,1,4,1,4.0,5.0,True
RESPONSABLE DE AMBIENTE,RESPONSABLE DE GESTION AMBIENTAL,0.942,1,1,2,1,,,False
SUPERVISOR LOGISTICO Y BODEGA,SUPERVISOR DE LOGISTICA Y DESPACHO,0.942,4,3,7,3,3.0,3.0,False
JEFE DE PRODUCCION Y PROYECTOS,GERENTE DE PRODUCCION Y PROYECTOS,0.942,2,1,3,3,4.0,5.0,True
REGULATORY AFFAIRS EXPERT,REGULATORY AFFAIRS ANALYST,0.9419,2,1,3,2,,,False
AUXILIAR CONTROL DE CALIDAD F2,AUXILIAR 2 DE CALIDAD,0.9419,1,1,11,1,1.0,1.0,False
COORDINADOR INFRAESTRUCTURA,COORDINADOR DE INFRAESTRUCTURA Y SEGURIDAD,0.9419,36,3,64,3,3.0,3.0,False
JEFE DE PRODUCCION Y SEGURIDAD INDUSTRIAL,JEFE DE PRODUCCION INDUSTRIAL,0.9419,1,1,1,2,4.0,4.0,False
CUSTOMER SERVICE ANALYST,CUSTOMER MARKETING ANALYST,0.9419,7,1,17,1,,,False
ASISTENTE ADMINISTRATIVA DE MANTENIMIENTO,ASISTENTE DE MANTENIMIENTO GENERAL,0.9419,7,3,28,28,1.0,1.0,False
COORDINADORA DE SERVICIOS GESTIONADOS Y SOPORTE TI,COORDINADOR DE SERVICIOS DE TI,0.9419,1,1,6,1,,3.0,False
EC_COORDINADOR DE GENTE Y CULTURA,EC_JEFE DE GENTE & CULTURA,0.9419,1,1,2,1,,,False
JEFE (A) DE INFRAESTRUCTURA,JEFE DE INFRAESTRUCTURA TECNOLOGICA,0.9419,45,7,81,12,4.0,4.0,False
ANALISTA DE DISTRIBUCION,ANALISTA DISTRIBUCION ENVASADO,0.9419,8,1,17,2,2.0,2.0,False
ASISTENTE / AYUDANTE / AUXILIAR DE BODEGA,ASISTENTE DE BODEGA Y FARMACIA,0.9419,195,4,920,10,1.0,1.0,False
ANALISTA DE IMPORTACION,ANALISTA COMERCIAL Y DE IMPORTACIONES,0.9419,66,1,159,1,2.0,2.0,False
JEFE DE INFRAESTRUCTURA Y MANTENIMIENTO,JEFE DE INFRAESTRUCTURA Y SEGURIDAD,0.9419,4,2,7,3,4.0,4.0,False
JEFE DE OPERACIONES FRONT OFFICE,JEFE DE PROCESOS FRONT OFFICE,0.9419,1,1,1,1,4.0,4.0,False
JEFE DE SINIESTROS,JEFE DE SINIESTROS VH/P,0.9419,6,1,19,1,4.0,4.0,False
AUXILIAR CENTRO DISTRIBUCION,AUXILIAR DE CENTRO DE DISTRIBUCION III,0.9419,5,1,68,2,1.0,1.0,False
ENTREGADOR DE AUTOVENTA,VENDEDOR ENTREGADOR AUTOVENTA,0.9419,1,1,2,6,,,False
ANALISTA DE MERCADEO,ANALISTA DE MERCHANDISING,0.9419,17,2,38,4,2.0,2.0,False
OPERADOR CENTRO CONTROL,OPERADOR DE CONTROL CENTRAL,0.9419,2,1,9,8,1.0,1.0,False
GERENTE DE CENTRO DE DIST,GERENTE CENTRO DE DISTRIB,0.9419,1,1,2,1,5.0,5.0,False
ASISTENTE GERENCIA COMERCIAL,ASISTENTE EJECUTIVA (GERENCIA COMERCIAL),0.9419,11,1,25,2,1.0,1.0,False
JEFE FINANCIERO Y DE COSTOS,JEFE DE CONTABILIDAD Y COSTOS,0.9419,2,2,3,2,4.0,4.0,False
JEFE CONTROL CALIDAD,JEFE ASEGURAMIENTO CALIDAD,0.9418,88,36,160,69,4.0,4.0,False
PROFESOR DE FISICA DEL NIVEL EGB SUPERIOR Y BACHILLERATO,PROFESOR DE EDUCACION FISICA DEL NIVEL EGB ELEMENTAL Y MEDIA,0.9418,1,1,4,8,,,False
ANALISTA DE ANALITICA DE DATOS,ANALISTA DE DATA & ANALYTICS,0.9418,1,1,1,2,2.0,2.0,False
ANALISTA COMERCIAL Y DE GERENCIA,ANALISTA DE DIRECCION COMERCIAL,0.9418,1,1,1,1,2.0,2.0,False
JEFE DE SEMINUEVOS,JEFE REGIONAL DE SEMINUEVOS,0.9418,2,1,2,2,4.0,4.0,False
SUPERINTENDENTE TECNICO,SUPERINTENDENTE SERVICIOS TECNICOS,0.9418,4,1,10,2,2.0,2.0,False
OPERADOR ELECTRICO,OPERARIO ELECTRICO 1,0.9418,4,1,49,2,1.0,1.0,False
COORDINADOR TECNICO GENERAL DE PROGRAMAS-PROYECTOS,COORDINADOR GENERAL DE PROYECTOS,0.9418,1,1,1,2,3.0,3.0,False
JEFE DE GESTION DE PROVEEDORES,JEFE DE PROVEEDORES DE SERVICIOS,0.9418,4,1,10,2,4.0,4.0,False
AYUDANTE DE BODEGA M.P,ASISTENTE DE BODEGA MP,0.9418,5,4,23,6,1.0,1.0,False
TRABAJADOR ACUICOLA- TECNICO DE ALIMENTADORES AUTOMATICOS AQ1,TECNICO EN ALIMENTADORES AUTOMATICOS AQ1,0.9418,1,1,2,2,2.0,2.0,False
JEFE DE PLANEACION Y PROYECTOS,COORDINADOR DE PLANIFICACION Y PROYECTOS,0.9418,6,5,12,6,4.0,3.0,True
ASISTENTE DE CALIDAD Y LABORATORIO,ASISTENTE DE CALIDAD Y PROCESOS,0.9418,5,3,16,5,1.0,1.0,False
APOYO/MANTENIMIENTO,MANTENIMIENTO Y SOPORTE,0.9418,2,1,19,5,,,False
OPERADOR DE GRUA 90 TON,OPERADOR DE GRUA 60 TON,0.9418,1,1,13,6,1.0,1.0,False
SUPERVISOR DE RECURSOS HUMANOS,SUBJEFE RECURSOS HUMANOS,0.9418,7,3,15,6,3.0,,False
ASISTENTE ADMINISTRATIVA Y CONTABLE,ASISTENTE CONTABLE Y TESORERIA,0.9418,16,1,31,1,1.0,1.0,False
DIRECTOR(A) DE PLANIFICACION DE MEDIOS,PLANIFICADOR(A) DE MEDIOS,0.9418,2,2,17,63,5.0,,False
LIDER DE MANTENIMIENTO DE APLICACIONES,COORDINADOR DE MANTENIMIENTO DE APLICACI,0.9418,2,1,6,1,,3.0,False
CHOFER: PARA CAMIONES PASADOS,CHOFER: PARA CAMIONES PASADOS Y EXTRA PESADOS CON O SIN REMO,0.9418,116,1,548,6,,,False
GERENTE DE ESTRATEGIA,GERENTE DE DESARROLLO ESTRATEGICO,0.9418,6,1,10,1,5.0,5.0,False
ASISTENTE DE DIRECCION,ASISTENDE DE DIRECCON,0.9418,13,1,43,1,1.0,,False
DOCENTE DE QUIMICA CAHC,DOCENTE DE QUIMICA / BIOLOGIA CAHC-V,0.9418,1,1,4,3,,,False
ANALISTA SENIOR PRODUCCION,ANALISTA SENIOR - PRODUCTIVO,0.9417,1,1,1,1,2.0,2.0,False
JEFE DE CALIDAD Y PROCESO,EJECUTIVO DE CALIDAD Y PROCESOS,0.9417,11,3,19,6,4.0,,False
ASESOR DE REPUESTOS Y ACCESORIOS,ASESOR DE SERVICIOS Y REPUESTOS,0.9417,1,1,1,1,,,False
COORDINADOR AGENCIAS,COORDINADOR DE OPERACIONES DE AGENCIAS,0.9417,9,1,31,4,3.0,3.0,False
JEFE DE SSO Y AMBIENTE,LIDER DE SSO Y AMBIENTE,0.9417,5,1,8,2,4.0,,False
LIDER DE SERVICIO AL CLIENTE,LIDER DE OPERACIONES /SERVICIO AL CLIENT,0.9417,4,1,17,2,,,False
ASISTENTE DE INFORMACION Y TECNOLOGIA,ASISTENTE DE TECNOLOGIA DE LA INFORMACION/ PROFESI,0.9417,19,1,39,1,1.0,1.0,False
JEFE DE PRODUCCION Y PROYECTOS,JEFE DE PRODUCTO Y PROYECTOS,0.9417,2,1,3,4,4.0,4.0,False
EMPLEADA DE LIMPIEZA,EMPLEADO/A DE LIMPIEZA,0.9417,10,1,18,2,,,False
COORDINADOR (A) DE MARKETING,COORDINADOR DE MARKETING Y POSICIONAMIENTO,0.9417,200,1,367,3,3.0,3.0,False
COORDINADOR DE ADQUISICION DE TALENTOS,ASISTENTE DE ADQUISICION DE TALENTOS,0.9417,1,1,1,3,3.0,1.0,True
JEFE DE SEGURIDAD DE LA INFORMACION,JEFE DE SEG. DE LA INFORMACION,0.9417,15,1,23,2,4.0,4.0,False
AUXILIAR DE FABRICA,ASISTENTE DE FABRICA,0.9417,5,4,36,14,1.0,1.0,False
EJECUTIVO DE GESTION DE COBRANZAS,JEFE DE GESTION DE COBRANZAS,0.9417,1,1,6,2,,4.0,False
GERENTE DE PRODUCTO WHC,GERENTE DE PRODUCTO WHC/CNS,0.9417,1,1,2,2,5.0,5.0,False
GERENTE DE FINANCIERO,GERENTE ADMINISTRATIVO FINANCI,0.9417,357,157,630,277,5.0,5.0,False
SUPERVISOR DE FACILIDADES,SUPERVISOR DE FACILITACION,0.9417,5,1,18,4,3.0,3.0,False
ASESOR DE INVERSIONES,ESPECIALISTA DE INVERSIONES,0.9417,11,3,154,19,,3.0,False
COORDINADOR DE INFRAESTRUCTURA Y REDES,COORDINADOR DE INFRAESTRUCTURA Y SEGURIDAD,0.9417,5,3,8,3,3.0,3.0,False
COORDINADOR DE INVENTARIO,COORDINADOR DE INVENTARIO Y COMPRA,0.9417,8,2,16,3,3.0,3.0,False
COORDINADOR DE PLANIFICACION Y PROYECTOS,COORDINADOR DE PROYECTOS Y ESTRATEGIA,0.9416,5,1,6,2,3.0,3.0,False
CONSERJE - MENSAJERO,MENSAJERO / CONSEJE,0.9416,21,1,97,1,,,False
CONTROL Y SEGURIDAD,CONTROL Y VIGILANCIA,0.9416,1,1,5,1,,,False
ANALISTA ADM Y DE COMPRAS,ANALISTA SR. COMPRAS,0.9416,5,2,13,3,2.0,2.0,False
COORDINADOR DE PRICING,COORDINADOR PRICING TRADICIONAL,0.9416,2,1,3,2,3.0,3.0,False
AYUDANTE SERVICIO TECNICO,AYUD.GENERAL Y SERVICIO TECNICO,0.9416,9,1,39,2,2.0,2.0,False
SUPERVISOR DE MANTENIMIENTO ELECTROMECAN,SUPERVISOR DE MANTENIMIENTO ELECTRICO Y DE INSTRUMENTACION,0.9416,2,2,10,3,3.0,3.0,False
ASISTENTE DE SUPERVISOR DE PLANTA,ASISTENTE DE GERENCIA DE PLANTA,0.9416,52,4,155,7,3.0,1.0,True
ANALISTA ASUNTOS REGULATORIOS,ANALISTA TECNICO Y REGULATORIO,0.9416,27,1,76,1,2.0,2.0,False
OPERADOR DE TRATAMIENTO DE AGUAS,OPERARIO PLANTA TRATAMIENTO DE AGUA,0.9416,4,3,6,24,1.0,1.0,False
ANALISTA DE IMPORTACION,ANALISTA DE IMPORTACIONES Y CADENA DE SUMINISTRO,0.9416,66,1,159,2,2.0,2.0,False
GERENTE ADMINISTRATIVO/CONTABLE,GERENTE DE DEPARTAMENTO DE ADMINISTRACION Y CONTABILIDAD,0.9416,2,1,4,2,5.0,5.0,False
AUXILIAR DE SERVIC.GENERALES,ASESOR DE SERVICIOS GENERALES,0.9416,668,1,6688,2,1.0,,False
GERENTE DE PROYECTOS Y DISENO,GERENTE DE DISENO Y CONSTRUCCION,0.9416,1,1,1,1,5.0,5.0,False
OPERADOR DE SIERRA,OPERADOR DE SIERRA MULTIPLE,0.9416,3,1,12,4,1.0,1.0,False
AYUDANTES 1 DE EMPAQUE PIFO,OPERARIOS 1 DE EMPAQUE PIFO,0.9416,1,1,4,42,1.0,1.0,False
COORDINADOR DE PLANEACION,COORDINADOR 1 - DE PLANEACION,0.9416,11,1,21,2,3.0,3.0,False
LIDER DE PREVENCION DE FRAUDES,JEFE DE PREVENCION DE FRAUDES,0.9416,1,1,1,2,,4.0,False
ANALISTA DE COMPRAS Y MANTENIMIENTO,ANALISTA DE COMPRAS BIENES Y SERVICIOS,0.9416,2,1,3,2,2.0,2.0,False
AYUDANTE ADMINISTRATIVA,AYUD ADMINISTRADOR,0.9416,12,5,31,9,1.0,,False
ANALISTA CALIDAD,ANALISTA SISTEMAS DE CALIDAD,0.9415,162,5,890,10,2.0,2.0,False
EJECUTIVA BACK OFFICE,EJECUTIVA SAC-BACK OFFICE,0.9415,3,1,6,2,,,False
ASISTENTE ADMINISTRATIVA DE SERVICIO TECNICO,ASISTENTE ADMIN. TECNICA,0.9415,14,2,30,2,2.0,1.0,True
OPERADOR DE REFRIGERACION,OPERADOR DE REFRIGERACION JR,0.9415,7,1,25,1,1.0,1.0,False
AUDITOR DE OPERACIONES,"AUDITOR DE OPERACIONES, DESPERDICIO Y MEJORA CONTINUA",0.9415,2,1,3,2,,,False
ASISTENDE ADMINISTRATIVO,ASISTENTE ADMINISTRATIVO BASE,0.9415,28,1,60,2,,1.0,False
ANALISTA DE PROCESOS Y PROYECTOS,ANALISTA DE PROCESOS Y TECNOLOGIA,0.9415,11,1,15,4,2.0,2.0,False
AUXILIAR DE QUIROFANO,AUXILIAR QUIROFANO,0.9415,2,1,16,2,1.0,1.0,False
COORDINADOR DE CUSTOMER SERVICE,JEFE DE CUSTOMER SERVICE,0.9415,3,1,5,2,3.0,4.0,True
GERENTE DE OPERACIONES COMERCIALES,GERENTE ACTIVIDADES COMERCIALES,0.9415,8,1,12,2,5.0,5.0,False
ASISTEBTE ADMINISTRATIVO,ASISTENTE 2 ADMINISTRATIVO,0.9415,1731,17,7021,45,,1.0,False
TECNICO MANTENIMIENTO,TECNICO MANTENIMIENTO PREVENTIVO,0.9415,35,1,368,7,2.0,2.0,False
CONTROLADOR DE ALMACENES,CONTROLADOR DESPACHO Y ALMACEN,0.9415,2,1,4,6,,,False
JEFE DE INSTALACIONES,JEFE DE OBRA INSTALACIONES,0.9415,5,1,8,4,4.0,4.0,False
VENDEDOR (A). LINEA AGRICOLA,VENDEDOR - DESARROLLISTA LINEA AGRICOLA,0.9415,1,1,18,13,,,False
JEFE DE VENTAS DE REPUESTOS Y ACCESORIOS,ASISTENTE DE VENTAS DE REPUESTOS Y ACCESORIOS,0.9415,1,1,1,2,4.0,1.0,True
SUPERVISOR DE OPERACIONES MINA,SUPERVISOR DE OPERADORES MINEROS,0.9414,4,1,25,1,3.0,3.0,False
ESPECIALISTA DE PROCESOS,EXPERTO EN PROCESOS,0.9414,20,1,37,2,3.0,,False
EJECUTIVO DE IMPORTACIONES,ENCARGADO DE IMPORTACIONES,0.9414,1,1,6,1,,,False
AYUDANTE DE ACABADOS,AYUDANTE DE ACABADO,0.9414,4,1,53,2,1.0,1.0,False
ASISTENTE CONTABLE IMPUESTOS,ASISTENTE CONTABLE - IMPUESTOS CAHC,0.9414,2,1,8,3,1.0,1.0,False
JEFE DE FIDELIZACION Y CICLO DE VIDA,SUPERVISOR DE FIDELIZACION Y CICLO DE VIDA,0.9414,1,1,1,1,4.0,3.0,True
JEFE DE CALIDAD,JEFE DE CONTROL DE CALIDAD Y SUSTENTABILIDAD,0.9414,119,1,207,2,4.0,4.0,False
ASISTENTE AUDITORIA INTERNA,ASISTENTE GERENCIA DE AUDITORIA INTERNA,0.9414,16,1,29,1,1.0,1.0,False
JEFE DE DISENO Y PUBLICIDAD,JEFE DE DISENO Y COMUNICACIONES,0.9414,1,1,2,2,4.0,4.0,False
SUPERVISOR PRODUCCION,SUPERV. PRODUCCION,0.9414,250,1,1309,6,3.0,,False
ASISTENTE CONTABLE Y DE AUDITORIA,ASISTENTE CONTABLE Y TESORERIA,0.9414,3,1,14,1,1.0,1.0,False
ASISTENTE/AUXILIAR DE SERVICIOS GENERALES,ASESOR DE SERVICIOS GENERALES,0.9414,304,1,2959,2,1.0,,False
OPERADOR PLANTA AGUA,OPERADOR PLANTA AGUA COLA,0.9414,5,2,17,6,1.0,1.0,False
DIRECTOR DE CARRERA DE INGENIERIA INDUSTRIAL,DIRECTOR DE CARRERA DE INGENIERIA MECANICA,0.9414,1,1,4,4,5.0,5.0,False
JEFE TECNICO COMERCIAL,JEFE DEP./ TECNICO COMERCIAL,0.9414,11,1,23,1,4.0,4.0,False
ANALISTA CONTABILIDAD E IMPUESTOS,ANALISTA DE CONTABILIDAD Y ADMINISTRACION,0.9414,6,2,9,2,2.0,2.0,False
JEFE DE OPERACIONES DE SEGURIDAD FISICA,JEFE DE SEGURIDAD OPERACIONAL,0.9414,2,2,2,3,4.0,4.0,False
JEFE ADMINISTRACION Y RECURSOS HUMANOS,"JEFE DE ADMINISTRACION, FINANZAS Y TALENTO HUMANO",0.9414,4,1,6,1,4.0,4.0,False
ANALISTA DE PREVENCION Y FRAUDE,ANALISTA DE PREVENCION DE FRAUDES 1,0.9414,7,1,20,2,2.0,2.0,False
COORDINADOR PROCESOS,COORDINADOR DE PROD. EN PROCESO,0.9414,51,1,109,2,3.0,3.0,False
ESPECIALISTA DE TECNOLOGIA DE LA INFORMACION,ESPECIALISTA SISTEMAS INFORMACION,0.9414,5,1,10,2,3.0,3.0,False
JEFE DE DISTRIBUIDORES,JEFE DE DISTRIBUIDORES PYMES,0.9414,3,1,19,4,4.0,4.0,False
ASISTENTE DE ABASTECIMIENTO,ASISTENTE ABASTECIMIENTO Y SERVICIOS GENERALES,0.9413,11,1,53,1,1.0,1.0,False
CUSTOMER EXPERIENCE & LOGISTICS CHIEF ECUADOR,CUSTOMER EXPERIENCE CHIEF ECUADOR,0.9413,1,1,1,1,,,False
INSPECTOR DE SEGURIDAD,INSPECTOR DE SEGURIDAD INDUSTRIAL,0.9413,10,2,75,3,,,False
AUXILIAR DE DISTRIBUCION,AUXILIAR CENTRO DISTRIBUCION,0.9413,7,5,101,68,1.0,1.0,False
OPERADOR DE PLANTA DE AGUA,OPERARIO PLANTA TRATAMIENTO DE AGUA,0.9413,5,3,17,24,1.0,1.0,False
COORDINADOR DE RELACIONES INTERNACIONALES,COORDINADOR DE NEGOCIOS INTERNACIONALES,0.9413,2,2,4,2,3.0,3.0,False
JEFE TECNICO AGROPECUARIO,JEFE AGROPECUARIO,0.9413,3,1,4,2,4.0,4.0,False
COORDINADOR DE VENTAS,COORDINADOR DE VENTAS Y POSTVENTAS,0.9413,112,1,497,2,3.0,3.0,False
MAQUINISTA#3-SOLDADOR,MAQUINISTA # 5-SOLDADOR,0.9413,1,1,2,1,,,False
JEFE DE CUADRILLA,ENCARGADO DE CUADRILLA,0.9413,4,1,10,1,4.0,,False
TRABAJADOR AGRICOLA,TRABAJDOR DEL AGRO,0.9413,158,38,34668,3686,,,False
ASESOR COMERCIAL CORPORATIVO,ASESOR TECNICO COMERCIAL DE CORPORATIVO,0.9413,7,1,70,8,,2.0,False
ANALISTA DE CONTROL DE PRESUPUESTO,ANALISTA DE COMPENSACION Y CONTROL PRESUPUESTAL,0.9413,4,1,5,2,2.0,2.0,False
AUXILIAR DE OFICIOS VARIOS,AUXILIAR OFICIOS,0.9413,2,1,21,2,1.0,1.0,False
COORDINADOR (A) DE PLANIFICACION,COORDINADOR DE PLANIFICACION Y PROYECTOS,0.9413,21,5,35,6,3.0,3.0,False
ANALISTA COMERCIO EXTERIOR,ANALISTA DE COMERCIO EXTERIOR G,0.9413,8,1,22,2,2.0,2.0,False
CATMAN SPECIALIST,CATMAN EXPERT,0.9413,1,1,2,1,,,False
ASISTENTE BODEGA PRODUCTO TERMINADO,AUXILIAR BODEGA DE PRODUCTO TERMINADO 1,0.9413,8,5,26,44,1.0,1.0,False
ASISTENTE RRHH,ASISTENTE ADM & RRHH,0.9413,44,2,84,4,1.0,1.0,False
COORDINADORA DE GESTION DE CLIENTES,COORDINADORA DE SERV. CLIENTE,0.9413,1,1,1,1,,,False
ASISTENTE AMBIENTE,ASISTENTE I DE GESTION DE AMBIENTE,0.9412,10,1,19,11,1.0,1.0,False
COORDINADOR DE CAPACITACION,COORDINADORA DE CAPACITACION Y ENTRENAMIENTO,0.9412,6,1,11,2,3.0,,False
LIMPIEZA / MENSAJERIA,MENSAJERO - LIMPIEZA,0.9412,1,1,1,4,,,False
GERENTE DE TECNOLOGIA E INTELIGENCIA DE NEGOCIOS,GERENTE DE INTELIGENCIA Y TECNOLOGIA,0.9412,1,1,1,2,5.0,5.0,False
PLANIFICADOR DE SUMINISTRO,PLANIFICADOR DE SUMINISTRO REGIONAL,0.9412,3,1,4,1,,,False
SUPERVISOR DE SEGURIDAD PATRIMONIAL,JEFE DE SEGURIDAD PATRIMONIAL,0.9412,2,1,6,1,3.0,4.0,True
OBRERO DE LIMPIEZA,OPERARIO PRODUCCION LIMPIEZA,0.9412,4,3,22,15,1.0,1.0,False
OPERADOR MECANICO MAQ.SENCILLA SOLDADURA,OPERADOR DE MAQUINAS SENCILLAS SOLDADURA,0.9412,1,1,14,13,1.0,1.0,False
ANALISTA COMERCIAL SENIOR,ANALISTA SENIOR SOPORTE COMERCIAL,0.9412,3,1,3,2,2.0,2.0,False
EJECUTIVO POS-VENTA,EJECUTIVO POST VENTA,0.9412,1,1,2,20,,,False
ANALISTA DE TECNOLOGIA SENIOR,ANALISTA DE TECNOLOGIA DE LA INFORMACION SENIOR,0.9412,2,2,3,5,2.0,2.0,False
COORDINADORA DE TRABAJO SOCIAL,COORDINADORA DE TRABAJO SOCIAL Y ADMINISTRACION,0.9412,7,1,15,1,,,False
ASISTENTE DE DISENO,ASISTENTE DE DISENO B,0.9412,30,1,111,5,1.0,1.0,False
ANALISTA DE COMISIONES,ANALISTA DE NOMINA Y COMISIONES,0.9412,6,1,16,1,2.0,2.0,False
AUXILIAR CONTABILIDAD,AUXILIAR CONTA,0.9412,218,1,679,2,1.0,1.0,False
EJECUTIVO DE CAPTACIONES 2,EJECUTIVO DE CAPTACIONES MASTER 2,0.9412,2,1,7,2,,,False
COORDINADOR SEGURIDAD FISICA,COORDINADORA ADMINISTRATIVA DE SEGURIDAD FISICA,0.9411,28,1,56,1,3.0,,False
GERENTE DE TALENTO HUMANO - SSO,COORDINADOR DE TALENTO HUMANO - SSO,0.9411,1,1,1,1,5.0,3.0,True
COORDINADOR DE EDUCACION CONTINUA,DIRECTOR DE EDUCACION CONTINUA,0.9411,4,3,7,4,3.0,5.0,True
AUXILIAR DEL DEPARTAMENTO DE MOSTRADOR,ASISTENTE DPTO DE MOSTRADOR,0.9411,9,1,94,2,1.0,1.0,False
ASISTENTE OPERATIVO (E),ASISTENTE OPERATIVO B,0.9411,2,1,5,8,1.0,1.0,False
INGENIERO ESPECIALISTA EN SERVICIOS PROFESIONALES,INGENIERO ESPECIALISTA EN SERVICIOS PROFESIONALES SR,0.9411,1,1,4,2,3.0,3.0,False
AUXILIAR ELECTRICO,AUXILIAR MANT. ELECTRICO,0.9411,15,1,44,7,1.0,1.0,False
BARMAN (ESTABLECIMIENTOS CATEGORIA LUJO),BARMAN (ESTABLECIMIENTOS CATEGORIA TERCERA Y CUARTA,0.9411,2,1,9,1,,,False
COORDINADOR DE PRODUCCION Y EXPORTACIONES,COORDINADOR DE OPERACIONES Y EXPORTACIONES,0.9411,1,1,2,1,3.0,3.0,False
MECANICO DE MAQUINARIA PESADA,TECNICO MAQUINARIA PESADA,0.9411,3,2,4,7,,2.0,False
GERENTE DE COMPLIANCE,JEFE DE COMPLIANCE,0.9411,3,2,6,3,5.0,4.0,True
SUPERVISOR MTTO ELECT AGL LIJ,SUPERVISOR MTTO MEC AGL LIJ,0.9411,1,1,1,1,3.0,3.0,False
JEFE DE PRODUCCION E INFRAESTRUCTURA,JEFE DE PRODUCCION Y PROYECTOS,0.9411,5,2,9,3,4.0,4.0,False
ASISTENTE VACUNACION,AUXILIAR VACUNACION,0.9411,1,1,5,23,1.0,1.0,False
AUX DE MANTENIMIENTO,AUX.DE SERVICIO Y MANTENIMIENTO,0.941,1,1,2,23,,,False
JEFE DE PROCESOS Y CONTROL INTERNO,JEFE DE PROCESOS Y SISTEMA,0.941,2,1,3,1,4.0,4.0,False
GERENTE DE FINANCIERO,GERENTE FINANCIERO Y OPERATIVO,0.941,357,6,630,10,5.0,5.0,False
T/A ALIMENTADOR - AIREACION,T/A ALIMENTADOR/ AYUD AIREADORES,0.941,2,1,2,1,,,False
ASESOR DE CALL CENTER,AUXILIAR DE CALL CENTER,0.941,4,2,21,14,,1.0,False
JEFE DE FACTURACION Y COBRANZA,JEFE DE FACTURACION Y LOGISTICA,0.941,8,1,16,2,4.0,4.0,False
AUXILIAR DE SUMINISTRO,AYUDANTE DE SUMINISTROS,0.941,2,1,5,16,1.0,1.0,False
CEO (DIRECTOR EJECUTIVO),DIRECTORA EJECUTIVA - CEO,0.941,2,1,4,1,5.0,,False
GERENTE REGIONAL,GERENTE REGIONAL 1,0.941,53,1,142,1,5.0,5.0,False
COMPRADOR/A,COMPRADOR(A) JR,0.941,3,3,26,14,,,False
GERENTE ENTRENADOR,GERENTE EN ENTRENAMIENTO,0.941,2,2,6,7,5.0,5.0,False
ASESOR DE APLICACIONES SENIOR,ANALISTA SENIOR DE APLICACIONES,0.941,1,1,2,1,,2.0,False
MARINERO 2,MARINERO 1,0.941,1,1,2,9,,,False
ANALISTA FUNCIONAL,ANALISTA FUNCIONAL JR,0.941,3,3,21,7,2.0,2.0,False
AUXILIAR_DE_BODEGA,AUXILIAR OPERATIVO BODEGA,0.941,2,2,7,161,,1.0,False
LIDER DE MANTENIMIENTO,LIDER MANTENIMIENTO,0.941,16,2,37,3,,,False
ASISTENTE VENTA ALMACEN,ASISTENTE ALMACEN,0.941,2,2,3,62,1.0,1.0,False
INSPECTOR ASEGURAMIENTO DE CALIDAD,INSPECTOR DE CALIDAD ENTRADA,0.941,11,1,133,4,,,False
INFORMATION TECHNOLOGY MANAGER,INFORMATION TECHNOLOGY ASSISTANT MANAGER,0.9409,1,1,1,2,,,False
ASISTENTE / AYUDANTE / AUXILIAR,AUXILIAR / AYUDANTE,0.9409,15,1,49,4,1.0,1.0,False
SUPERVISOR TELEFONICO,SUPERVISOR DE TELEFONIA,0.9409,3,1,49,2,3.0,3.0,False
GERENTE DE TECNOLOGIA,GERENTE TECNOLOGIA,0.9409,29,2,54,3,5.0,5.0,False
MECANICO DE MANTENIMIENTO,OPERARIO DE MANTENIMIENTO MECANICO,0.9409,25,4,125,103,,1.0,False
OBRERO DE MICROINGREDIENTES LIDER,LIDER DE MICROINGREDIENTE,0.9409,1,1,9,2,1.0,,False
GERENTE REGIONAL PREVENTA,JEFE REGIONAL PREVENTA,0.9409,1,1,1,1,5.0,4.0,True
JEFE DE COMUNICACIONES Y MARCA,JEFE DE PUBLICIDAD Y COMUNICACION,0.9409,5,2,11,2,4.0,4.0,False
ANALISTA DE OPERACIONES LOGISTICA,ANALISTA COMERCIAL Y LOGISTICA,0.9409,3,1,20,2,2.0,2.0,False
AUXILIAR DE OPERACIONES,AUXILIAR DE PROCESOS OPERATIVOS,0.9409,48,4,993,175,1.0,1.0,False
SUPERVISOR LOGISTICA Y OPERACIONES,SUPERVISOR DE PROCESOS Y SEGURIDAD LOGISTICA,0.9409,5,1,13,2,3.0,3.0,False
TECNICO DE REGISTROS ELECTROMAGNETICOS,OPERADOR DE REGISTROS ELECTROMAGNETICOS,0.9409,1,1,4,8,2.0,1.0,True
ASISTENTE DE ACTIVOS FIJOS Y ARCHIVO,ASISTENTE ADMINISTRATIVO ACTIVOS FIJOS,0.9409,1,1,6,3,1.0,1.0,False
SUB GERENTE DE VENTAS,SUB GERENTE ZONAL DE VENTAS,0.9409,3,1,16,1,5.0,5.0,False
ANALISTA SUPPLY CHAIN,ANALISTA SR SUPPLY CHAIN,0.9409,5,1,11,1,2.0,2.0,False
TECNICO DE INFRAESTRUCTURA TECNOLOGICA,JEFE DE INFRAESTRUCTURA TECNOLOGICA,0.9409,23,7,47,12,2.0,4.0,True
JEFE DE INFRAESTRUCTURA TECNOLOGICA,JEFE DE INFRAESTRUCTURA Y SISTEMAS,0.9409,7,1,12,2,4.0,4.0,False
ASSOCIATE II,ASSOCIATE I,0.9409,1,1,2,2,,,False
JEFE DE CUADRILLA,JEFE DE CUADRILLEROS,0.9409,4,1,10,2,4.0,4.0,False
GERENTE DE RRHH,GERENTE CORPORATIVO RRHH,0.9409,13,1,20,1,5.0,5.0,False
SUBGERENTE COMERCIAL QUITO,SUBGERENTE DE VENTAS QUITO,0.9409,2,1,3,1,4.0,4.0,False
ADMINISTRADOR DE INFRAESTRUCTURA DE RED Y COMUNICACIONES,ADMINISTRADOR DE RED Y SISTEMAS,0.9409,7,2,12,4,,,False
SUPERVISOR DE OPERACION,SUPERVISOR OPERARIO,0.9409,166,1,887,2,3.0,3.0,False
AYUDANTE DE MANTENIMIENTO (ESTABLECIMIENTOS CATEGORIA LUJO,TECNICO DE MANTENIMIENTO (ESTABLECIMIENTOS CATEGORIA LUJO),0.9409,2,1,16,7,1.0,2.0,True
JEFE DE INFRAESTRUCTURA Y MANTENIMIENTO,SUPERVISOR DE INFRAESTRUCTURA Y MANTENIMIENTO,0.9408,4,3,7,8,4.0,3.0,True
ASISTENTE DE SOPORTE AL USUARIO,ADMINISTRADOR DE SOPORTE AL USUARIO,0.9408,7,1,35,2,1.0,,False
JEFE DE INGENIERIA Y MANTENIMIENTO,JEFE DE INFRAESTRUCTURA Y MANTENIMIENTO,0.9408,8,4,19,7,4.0,4.0,False
COORDINADOR (A) DE PLANIFICACION,COORDINADOR DE PLANIFICACION D,0.9408,21,1,35,1,3.0,3.0,False
JEFE DE OPERACIONES DE POSTCOSECHAS,JEFE GENERAL DE POSTCOSECHAS,0.9408,2,1,4,2,4.0,4.0,False
ANALISTA INFRAESTRUCTURA Y REDES,ANALISTA DE INFRAESTRUCTURA Y MANTENIMIENTO,0.9408,4,4,7,6,2.0,2.0,False
COORDINADOR BACHILLERATO INTERNACIONAL,COORDINADOR DE BACHILLERATO INTERNACIONAL Y PROFESOR TITULAR,0.9408,3,1,5,2,3.0,3.0,False
JEFE VENTAS/POST VENTA,JEFA DE VENTAS/POSTVENTAS,0.9408,3,1,6,2,4.0,,False
COORDINADOR INTELIGENCIA COMERCIAL,JEFE DE INTELIGENCIA COMERCIAL,0.9408,6,6,15,9,3.0,4.0,True
ASISTENTE DE FINANZAS,ASISTENTE DE CREDITO Y FINANZAS,0.9408,8,2,37,3,1.0,1.0,False
JEFE MARKETING Y SOSTENIBILIDAD,COORDINADOR(A) DE MARKETING Y SOSTENIBILIDAD,0.9408,1,1,2,2,4.0,3.0,True
JEFE DE MEDIOS,JEFE CORPORATIVO DE MEDIO,0.9408,2,1,2,2,4.0,4.0,False
OFICIAL DE CAMPO,OFICIAL GENERALISTA DE CAMPO,0.9408,1,1,52,35,,,False
SUPERVISOR DE CAMPO 1,SUPERVISOR DE CAMPO - MN1,0.9408,2,1,3,1,3.0,3.0,False
ASISTENTE PROCESOS,ASESOR DE PROCESOS,0.9408,45,3,76,32,1.0,,False
SUPERVISOR DE MANTENIMIENTO,SUPERVISOR DE MANTENIMIENTO DE EDIFICIOS,0.9408,225,1,672,2,3.0,3.0,False
JEFE DE SEGURIDAD INDUSTRIAL Y AMBIENTE,JEFE_DE_SEGURIDAD_INDUSTRIAL_Y_SALUD_OCUPACIONAL,0.9408,14,1,24,4,4.0,,False
AUXILIAR DE MERCADEO,AYUDANTE DE MERCADEO,0.9408,3,1,72,2,1.0,1.0,False
JEFE DE PUBLICIDAD Y COMUNICACION,COORDINADOR DE PUBLICIDAD Y COMUNICACION,0.9408,2,2,2,3,4.0,3.0,True
EJECUTIVO DE CUENTA JR,EJECUTIVO DE CUENTA DISTRIBUCION JR,0.9408,7,1,16,2,,,False
COORDINADOR DE SOPORTE IT,JEFE DE SOPORTE IT,0.9408,2,1,2,1,3.0,4.0,True
COORDINADOR DE INFRAESTRUCTURA Y REDES,COORDINADOR DE PROYECTOS DE INFRAESTRUCTURA,0.9408,5,1,8,3,3.0,3.0,False
COORDINADOR INFRAESTRUCTURA,COORDINADOR DE INFRAESTRUCTURA Y COMUNICACIONES,0.9408,36,3,64,4,3.0,3.0,False
ASISTENTE FACTURACION Y RECAUDACION,ASISTENTE DE FACTURACION FIN,0.9408,2,1,2,1,1.0,1.0,False
ASISTENTE ADMINISTRATIVA DE VENTAS,ASISTENTE COMERCIAL DE VENTAS,0.9408,16,1,57,1,1.0,1.0,False
ANALISTA DE CONTROL INTERNO,ANALISTA DE CONTROL INTERNO – ADMINISTRACION DE LA INFORMACION,0.9408,24,1,52,1,2.0,2.0,False
JEFE SEGURIDAD INDUSTRIAL,JEFE_DE_SEGURIDAD_INDUSTRIAL_Y_SALUD_OCUPACIONAL,0.9408,66,1,120,4,4.0,,False
ANALISTA DE NOMINA Y ADMINISTRACION,ANALISTA DE ADMINISTRACION SALARIAL Y NOMINA,0.9407,1,1,1,1,2.0,2.0,False
JEFE SEGURIDAD INDUSTRIAL,DIRECTOR DE SEGURIDAD INDUSTRIAL,0.9407,66,1,120,2,4.0,5.0,True
ANALISTA DE NOMINA,ANALISTA DE NOMINA Y ADMINISTRACION,0.9407,173,1,372,1,2.0,2.0,False
ANALISTA DE CAPACITACION Y DESARROLLO,ANALISTA DE CAPACITACION Y CULTURA,0.9407,7,1,13,3,2.0,2.0,False
AUXILIAR ADMINISTRATIVO MANTENIMIENTO,AUXILIAR SERVICIO DE MANTENIMI,0.9407,3,2,3,17,1.0,1.0,False
RESPONSABLE DE LA BODEGA DE MATERIAS PRIMAS Y COMPRAS,ENCARGADO BODEGA MATERIAS PRIMAS,0.9407,1,1,1,2,,,False
ANALISTA DE GTH,ANALISTA GTH,0.9407,26,1,43,2,2.0,2.0,False
JEFE DE SEGURIDAD INDUSTRIAL Y AMBIENTE,JEFE SEGURIDAD Y AMBIENTE,0.9407,14,9,24,19,4.0,4.0,False
SOPORTE DE NEGOCIOS,ESPECIALISTA DE SOPORTE DE NEGOCIOS,0.9407,2,1,3,1,,3.0,False
ESPECIALISTA DE RRHH,GENERALISTA DE RRHH,0.9407,1,1,2,2,3.0,,False
ASISTENTE GESTION CALIDAD,ASISTENTE ( CONT. CALIDAD ),0.9407,8,1,23,1,1.0,1.0,False
JEFE DE FINANZAS Y GESTION ADMINISTRATIVA,JEFA ADMINISTRATIVA Y FINANCIERA,0.9407,11,2,18,3,4.0,,False
JEFE DE TIENDA HIPERMARKET,JEFE DE TIENDA HIPERMARKET - 2,0.9407,1,1,1,1,4.0,4.0,False
JEFE DE OPERACIONES DE SEGURIDAD FISICA,JEFE DE SEGURIDAD FISICA Y SSO,0.9407,2,2,2,4,4.0,4.0,False
SUPERINTENDENTE DE MANTENIMIENTO DE MINA,SUPERINTENDENTE ASISTENTE DE OPERACIONES DE MINA,0.9407,1,1,2,2,,1.0,False
VENDEDOR AYUDANTE AUTOVENTA,VENDEDOR ENTREGADOR AUTOVENTA,0.9407,1,1,1,6,1.0,,False
ADM. AUXILIAR DE SERVICIOS GENERALES,ASESOR DE SERVICIOS GENERALES,0.9407,2,1,3,2,1.0,,False
JEFE DE OPERACION,JEFE DE OPERACIONES JR,0.9407,357,2,721,2,4.0,4.0,False
INGENIERO DE DATOS,INGENIERO DE DATOS E INFRAESTRUCTURA,0.9406,28,1,117,2,,,False
OPERADOR DE ETIQUETADO,OPERADOR MAQUINA ETIQUETADORA,0.9406,4,2,91,19,1.0,1.0,False
JEFE JURIDICO,JEFE DE LEGAL,0.9406,8,5,16,9,4.0,4.0,False
ADMINISTRADOR CONTROL CALIDAD,ADMINISTRADOR DE ASEGURAMIENTO DE LA CALIDAD,0.9406,2,1,3,2,,,False
JEFE DE RELACIONES INSTITUCIONALES,ASISTENTE DE RELACIONES INSTITUCIONALES,0.9406,3,1,4,1,4.0,1.0,True
COORDINADOR DE PLANIFICACION Y PROYECTOS,COORDINADOR DE PROYECTOS Y DESARROLLO,0.9406,5,4,6,7,3.0,3.0,False
ANALISTA DE INFRAESTRUCTURA Y COM,ANALISTA DE INFRAESTRUCTURA Y SERVICIOS GENERALES,0.9406,1,1,2,2,2.0,2.0,False
ASESOR DE EDUCACION CONTINUA,AUXILIAR DE EDUCACION CONTINUA,0.9406,1,1,3,1,,1.0,False
AUXILIAR ELECTRICO,AUXILIAR ELECTRICO JR.,0.9406,15,1,44,1,1.0,1.0,False
ESPECIALISTA DE CONTABILIDAD,ESPECIALISTA DE CONTABILIDAD Y TESORERIA,0.9406,7,1,20,2,3.0,3.0,False
ASISTENTE DE CAMPO,AUXILIAR DE CAMPO,0.9406,8,4,122,21,1.0,1.0,False
JEFE DE PROYECTOS COMERCIALES,COORDINADOR PROYECTOS COMERCIALES,0.9406,3,2,3,3,4.0,3.0,True
OBRERO FORESTAL SR,OBRERO FORESTAL JR,0.9406,1,1,15,51,1.0,1.0,False
DIRECTORA DE COMUNICACIONES,DIREC.COMUNICACIONES,0.9406,9,1,13,3,,,False
GERENTE DE CONSULTORIA,GERENTE SENIOR DE CONSULTORIA,0.9406,3,1,5,1,5.0,5.0,False
ASISTENTE ADMINISTRATIVA BODEGA,ASISTENTE ADMINISTRATIVA BODEGAS/ALMACENES,0.9406,11,1,20,1,1.0,1.0,False
SUB-DIRECTOR/A DE MARKETING,DIRECTOR/A DE MARKETING,0.9406,1,1,2,2,5.0,5.0,False
COORDINADOR DE DESARROLLO DE NEGOCIOS,COORDINADOR DE DESARROLLO COMERCIAL,0.9406,3,2,5,4,3.0,3.0,False
AUDITOR OPERATIVO,AUDITOR DE OPERACIONES,0.9406,3,2,7,3,,,False
JEFE DE PROYECTOS DE TECNOLOGIA,COORDINADOR DE PROYECTOS TECNOLOGICOS,0.9406,4,2,7,2,4.0,3.0,True
COORDINADOR TECNICO DE REGISTROS,TECNICO DE REGISTROS,0.9406,1,1,4,1,3.0,2.0,True
TECNICO SOPORTE USUARIOS,SOPORTE TECNICO A USUARIOS,0.9406,6,1,35,2,2.0,2.0,False
GESTOR DE CREDITO Y COBRO,GESTOR DE CREDITO,0.9406,3,2,19,8,,,False
ASISTENTE ADMINISTRATIVA Y DE RRHH,ASISTENTE ADMINISTRATIVA Y TTHH,0.9405,5,1,11,2,1.0,1.0,False
TECNICO SEGURIDAD INDUSTRIAL Y FISICA,TECNICO DE SEGURIDAD INDUSTRIAL Y CERTIFICACIONES,0.9405,2,1,7,2,2.0,2.0,False
ANALISTA DE PROCESOS Y PROYECTOS,ANALISTA DE PLANIFICACION Y PROCESOS,0.9405,11,1,15,1,2.0,2.0,False
JEFE DE SEGURIDAD Y SALUD EN EL TRABAJO,JEFE MANTENIMIENTO Y SEGURIDAD Y SALUD EN EL TRABAJO,0.9405,3,1,5,3,4.0,4.0,False
SUPERVISOR PRODUCCION,SUPERVISOR PROGRAMACION DE LA PRODUCCION,0.9405,250,1,1309,2,3.0,3.0,False
ANALISTA INFRAESTRUCTURA Y REDES,ANALISTA DE INFRAESTRUCTURA Y OPERACIONES DE TECNOLOGIA,0.9405,4,2,7,3,2.0,2.0,False
JEFE DE CUMPLIMIENTO,JEFE DE COMPLIANCE,0.9405,12,2,19,3,4.0,4.0,False
ANALISTA DE SOSTENIBILIDAD Y RESPONSABILIDAD SOCIAL,ANALISTA DE RESPONSABILIDAD SOCIAL,0.9405,10,5,17,8,2.0,2.0,False
AYUDANTE DE MECANICA AIREADOR,AYUDANTE DE AIREADORES,0.9405,2,1,2,2,1.0,1.0,False
ANALISTA DE PRESUPUESTO,ANALISTA PRESUPUESTOS JR,0.9405,28,2,49,6,2.0,2.0,False
JEFE DE CAMPO,JEFE DE CAMPO 2,0.9405,107,3,790,5,4.0,4.0,False
VICEPRESIDENTE DE OPERACIONES,VICEPRESIDENTE DE OPERACIONES Y TECNOLOGIA,0.9405,6,1,11,2,5.0,5.0,False
DOCENTE DE EGB ELEMENTAL CAHCV,DOCENTE EGB ELEMENTAL (2DO-3ERO) CAHC,0.9405,1,1,3,53,,,False
ASISTENTE GERENCIA COMERCIAL,ASISTENTE DE SUB GERENCIA COMERCIAL,0.9405,11,1,25,1,1.0,1.0,False
JEFE DE DESARROLLO DE NEGOCIOS,COORDINADOR DE DESARROLLO DE NEGOCIOS,0.9405,4,3,6,5,4.0,3.0,True
VENDEDOR DE REPUESTOS,VENDEDOR MAYOREO REPUESTOS,0.9405,19,1,110,1,,,False
AUXILIAR / AYUDANTE DE BODEGA,AUXILIAR DE BODEGA TIENDAS,0.9405,300,1,3116,10,1.0,1.0,False
ASISTENTE ATENCION AL SOCIO,ASISTENTE DE ATENCION AL SOCIO/CLIENTE,0.9405,2,1,20,1,1.0,1.0,False
JEFE DE ALMACEN,JEFE ALMACENAMIENTO Y DESPACHO,0.9405,43,1,689,2,4.0,4.0,False
ANALISTA GEORREFERENCIACION,ANALISTA_DE_GEOREFERENCIACION,0.9405,1,1,1,2,2.0,,False
JEFE DE MEDIO AMBIENTE,GERENTE DE MEDIO AMBIENTE,0.9405,8,2,15,3,4.0,5.0,True
GERENTE DE CALIDAD Y OPERACIONES,GESTOR DE CALIDAD Y PROCESOS,0.9405,3,2,3,2,5.0,,False
ASIST ADM PLANTA,ASIST. PLANTA,0.9404,1,1,2,1,,,False
ASISTENTE DE SEGURIDAD FISICA,ASISTENTE ADMINISTRATIVO SEGURIDAD FISICA,0.9404,26,2,87,2,1.0,1.0,False
ANALISTA DE PLANIFICACION ACADEMICA,ANALISTA DE PROGRAMACION ACADEMICA,0.9404,1,1,1,4,2.0,2.0,False
COORDINADOR DE MEDIO AMBIENTE Y SEGURIDAD INDUSTRIAL,JEFE DE SEGURIDAD INDUSTRIAL Y AMBIENTE,0.9404,16,14,30,24,3.0,4.0,True
JEFE DE PLANTA PESCADO,JEFE DE PESCADERIA,0.9404,1,1,1,1,4.0,4.0,False
COORDINADOR SERVICIOS ADMINISTRATIVOS,COORDINADOR SERVICIOS ADMINISTRATIVOS Y LOGISTICA,0.9404,6,6,10,13,3.0,3.0,False
ANALISTA DE INVESTIGACION & DESARROLLO,ANALISTA DE LABORATORIO E INVESTIGACION & DESARROLLO,0.9404,29,2,111,3,2.0,2.0,False
ANALISTA DE LABORATORIO,ANALISTA DE LABORATORIO E INVESTIGACION & DESARROLLO,0.9404,83,2,539,3,2.0,2.0,False
SUBGERENTE DE OPERACIONES LOGISTICA,SUBGERENTE ADMINISTRATIVO Y DE LOGISTICA,0.9404,3,1,6,1,4.0,4.0,False
COORDINADOR DE AUDITORIA MEDICA,CONSULTOR DE AUDITORIA MEDICA,0.9404,4,1,7,6,3.0,,False
COORDINADOR DE SANITIZACION,COORDINADOR GESTION AMBIENTAL - SANITIZACION,0.9404,2,1,5,1,3.0,3.0,False
1RO COCINA,1RO DE COCINA,0.9404,3,1,5,5,,,False
ENTRENADOR DE GIMNASIO,ENTRENADOR DE GYM,0.9404,1,1,7,1,,,False
ASISTENTE TECNOLOGIA DE LA INFORMACION Y COMUNICACION,ASISTENTE DE TECNOLOGIA DE LA INFORMACION/ PROFESI,0.9404,2,1,3,1,1.0,1.0,False
'ASISTENTE/AYUDANTE/INSTALADOR DE SISTEMAS,AUXILIAR E INSTALADOR SISTEMAS,0.9404,26,3,66,7,1.0,1.0,False
ANALISTA DE TECNOLOGIA DE LA INFORACION,ANALISTA DE TECNOLOGIA INFORMATICA,0.9404,13,6,32,6,2.0,2.0,False
AUX SERVICIO GENERALES,AUX. SERVICIOS EN GENERAL,0.9404,5,2,48,5,,,False
INGENIERO DE VALIDACIONES,INGENIERO DE DESARROLLO DE PRUEBAS DE VALIDACION,0.9404,1,1,1,1,,,False
COORDINADOR B,COORDINADOR C,0.9404,24,1,46,11,3.0,3.0,False
SUPERVISOR PROGRAMACION DE LA PRODUCCION,SUPERVISOR DE PROGRAMACIO,0.9404,1,1,2,2,3.0,3.0,False
SUPERVISOR DE SANITIZACION,COORDINADOR DE SANITIZACION,0.9404,8,2,30,5,3.0,3.0,False
INGENIERO SENIOR DE DESARROLLO,INGENIERO DE INVESTIGACION Y DESARROLLO SENIOR,0.9403,2,1,10,2,,,False
DIRECTOR DE TALENTO HUMANO,DIRECTOR DE TALENTO,0.9403,30,1,48,2,5.0,5.0,False
ASISTENTE DE TECNOLOGIA INFORMATICA,ASISTENTE TECNOLOGIA DE LA INFORMACION Y COMUNICACION,0.9403,4,2,23,3,1.0,1.0,False
JEFE COMERCIAL DE IMPORTACIONES,JEFE DE IMPORTACIONES Y POST VENTA,0.9403,129,1,232,2,4.0,4.0,False
ASISTENTE DE LOGISTIC,ASISTENTE DE LOGISTICA Y TRANS,0.9403,218,10,741,22,1.0,1.0,False
ASESOR COMERCIAL CORPORATIVO,ASESOR COMERCIAL INSTITUCIONAL,0.9403,7,1,70,11,,,False
ANALISTA SENIOR PRODUCCION,ANALISTA DE PRODUCCION SR,0.9403,1,1,1,3,2.0,2.0,False
RESPONSABLE DE PROCESOS,DIRECTOR DE PROCESOS,0.9403,6,1,8,1,,5.0,False
VICEPRESIDENTE DE CONTROL DE RIESGOS,VICEPRESIDENTE ADMINISTRACION DE RIESGOS,0.9403,1,1,2,1,5.0,5.0,False
ANALISTA JUNIOR,ANALISTA JR. SC,0.9403,12,1,41,2,2.0,2.0,False
JEFE SERVICIOS,JEFE DE SERVICIO/ ASESOR DE SERVICIO,0.9403,34,1,117,1,4.0,4.0,False
SUPERVISOR DE MANTENIMIENTO IN,SUPERVISOR DE MANTENIMIENTO EL,0.9403,1,1,2,5,3.0,3.0,False
TRABAJADOR ACUICOLA - OP. MAQ.,TRABAJADOR ACUICOLA- OP,0.9403,1,1,4,5,,,False
DIRECTOR DE RIESGOS FINANCIEROS,COORDINADOR RIESGOS FINANCIEROS,0.9403,1,1,1,1,5.0,3.0,True
T.G GUARDIA CAMARONERA,TG GUARDIA CAMARONERA,0.9402,3,1,116,1,,,False
JEFE DE PRODUCCION Y DISENO,JEFE DE PRODUCCION Y PROYECTOS,0.9402,3,2,5,3,4.0,4.0,False
ASESORA COMERCIAL - TEAM LEADER EXPANSION POSTGRADO,ASESORA COMERCIAL - TEAM LEADER POSTGRADOS,0.9402,1,1,1,1,,,False
OPERADOR DE LAVADO,OBRERO DE LAVANDERIA,0.9402,4,2,17,16,1.0,1.0,False
ANALISTA COMUNICACION Y DESARROLLO,ANALISTA DE COMUNICACION EXTERNA,0.9402,2,1,3,3,2.0,2.0,False
OPERADOR MULTIPLE,OPERADOR MULTIPLE A,0.9402,4,1,18,14,1.0,1.0,False
JEFE DE SISTEMAS Y TI,JEFE DE SISTEMAS Y C,0.9402,2,1,3,1,4.0,4.0,False
AUX. MANTENIMIENTO (CD),SUP. MANTENIMIENTO (CD),0.9402,2,1,20,2,,,False
JEFE DE PRODUCION,JEFE_DE_PRODUCTO,0.9402,334,1,705,16,4.0,,False
JEFE ADM. DE PRODUCION,JEFE DE AREA DE PRODUCCION,0.9402,334,3,705,5,4.0,4.0,False
ASESOR DE VENTAS,ASESOR VENDEDOR,0.9402,41,1,885,67,,,False
COORDINADOR DE COMPRAS DE MATERIA PRIMA,GERENTE DE COMPRAS DE MATERIA PRIMA,0.9402,3,1,5,2,3.0,5.0,True
ASESOR TECNICO DE REPUESTOS,ASESOR DE REPUESTOS Y ACCESORIOS,0.9402,4,1,16,1,2.0,,False
ANALISTA DE SERVICIO AL CLIENTE,ANALISTA EXCELENCIA AL CLIENTE,0.9402,15,1,39,3,2.0,2.0,False
JEFE ADMINISTRATIVO CONTABLE,CONTADORA-JEFE ADMINISTRATIVO,0.9402,3,1,5,2,4.0,4.0,False
GTE. MARKETING,GTE. MARKETING (MD),0.9402,1,1,2,3,,,False
EJECUTIVO DE EXPORTACIONES,EJECUTIVO DE IMPORTACIONES,0.9402,2,1,3,6,,,False
COORDINADOR DE PLANIFICACION Y PROYECTOS,JEFE DE PLANIFICACION PROCESOS Y PROYECTOS,0.9402,5,2,6,2,3.0,4.0,True
JEFE NACIONAL DE VENTAS DE CANAL,JEFE NACIONAL DE VENTAS (CANAL TRADICIONAL),0.9401,1,1,1,4,4.0,4.0,False
COORDINADOR DE EXPORTACION,COORDINADOR DE PRODUCCION Y EXPORTACIONES,0.9401,19,1,36,2,3.0,3.0,False
ESPECIALISTA DE AUDITORIA Y PROCESOS,ESPECIALISTA DE AUDITORIA,0.9401,1,1,1,1,3.0,3.0,False
ANALISTA DE TECNOLOGIA SENIOR,ANALISTA DE TECNOLOGIA JUNIOR,0.9401,2,1,3,2,2.0,2.0,False
ASISTENTE ADM.CONTABLE,ADMIN - ASISTENTE CONTABLE,0.9401,3,1,3,7,1.0,1.0,False
JEFE DE CUENTAS CORPORATIVAS,JEFE DE CUENTAS CORPORATIVAS Y NUEVOS NEGOCIOS,0.9401,4,1,6,1,4.0,4.0,False
JEFE COMPRA /IMPORTACIONES,JEFE DE IMPORTACIONES Y POST VENTA,0.9401,29,1,49,2,4.0,4.0,False
COORDINADOR DE GENTE Y CULTURA,EC_COORDINADOR DE GENTE Y CULTURA,0.9401,2,1,3,2,3.0,,False
ASISTENTE DE ARQUITECTURA,ASISTENTE DE DISENO ARQUITECTONICO,0.9401,6,1,12,10,1.0,1.0,False
ASISTENTE GERENCIA REGIONAL,ASISTENTE DE DIRECCION REGIONAL,0.9401,3,2,5,2,1.0,1.0,False
SUPERVISOR LOGISTICO ADMINISTRATIVO,SUBGERENTE ADMINISTRATIVO Y DE LOGISTICA,0.9401,2,1,3,1,3.0,4.0,True
GERENTE DE CUENTAS VIP,JEFE DE CUENTAS VIP,0.9401,1,1,1,1,5.0,4.0,True
ASISTENTE - AYUDANTE - AUXILIAR BODEGA,ASISTENTE/ AUX BODEGA,0.9401,9,1,19,1,1.0,1.0,False
ANALISTA DE INVESTIGACION DE MERCADO,AUXILIAR DE INVESTIGACION DE MERCADO,0.9401,2,1,5,3,2.0,1.0,True
ANALISTA ADM Y DE COMPRAS,ANALISTA DE PROCESOS DE COMPRAS,0.9401,5,1,13,1,2.0,2.0,False
EDITOR DE CONTENIDO DIGITAL,EDITOR DE CONTENIDO,0.94,1,1,2,2,,,False
DESARROLLADOR DE PROYECTOS,DESARROLLADOR DE INGENIERIA Y PROYECTOS,0.94,2,1,4,2,,,False
JEFE DE CUSTOMER SERVICE,JEFE DE CUSTOMER CARE CORPORATIVO,0.94,1,1,2,1,4.0,4.0,False
JEFE DE CONTABILIDAD Y COBRANZAS,JEFE DE CONTABILIDAD (F),0.94,1,1,2,2,4.0,4.0,False
IT BUSINESS INTELLIGENCE ANALYST,BUSINESS IT ANALYST,0.94,4,2,11,5,,,False
DOCENTE BASICA ELEMENTAL INGLES,DOCENTE BASICA ELEMENTAL ESPANOL,0.94,1,1,17,14,,,False
JEFE DE GOBIERNO DE LA DATA,JEFE DE DATA Y GOBIERNO DE LA INFORMACIO,0.94,1,1,1,1,4.0,4.0,False
ANALISTA DE CONTROL Y AUDITORIA INTERNA,ANALISTA DE CONTROL INTERNO Y CONTROL DE ACTIVOS,0.94,1,1,3,3,2.0,2.0,False
AYUDANTE DE MECANICA SOLDADOR,AUXILIAR MECANICO SOLDADOR,0.94,6,1,29,7,1.0,1.0,False
ANALISTA DE OPERACIONES LOGISTICA,ANALISTA DE LOGISTICA Y DESPACHO,0.94,3,2,20,5,2.0,2.0,False
JEFE DE MANT. ELECTRICO,JEFE TECNICO ELECTRICO,0.94,9,1,13,1,4.0,4.0,False
AYUDANTE DE CAMION,AUXILIAR DE CAMION,0.94,4,1,41,1,1.0,1.0,False
GERENTE LEGAL,GERENTE DE LEGAL,0.94,41,3,67,5,5.0,5.0,False
ASESOR DE SERVICIOS B,AUXILIAR DE SERVICIOS B,0.94,3,1,13,5,,1.0,False
COORDINADOR DE HSE,COORDINADOR SR HSE,0.94,8,1,14,3,3.0,3.0,False
COORDINADOR DE CAPACITACION,COORDINADOR DE DESARROLLO Y CAPACITACION,0.94,6,2,11,3,3.0,3.0,False
COORDINADORA DE LOGISTICA COMERCIAL,COORDINADORA DE LOGISTICA E IMPORTACIONES,0.94,2,1,3,2,,,False
ASESOR ADMINISTRATIVO,ADMINISTRATIVO-ASISTENTE ADMINISTRATIVO,0.94,11,1,20,1,,1.0,False
OPERADOR MAQUINARIA PESADA,OPERADOR DE MAQUINARIA PESADA 1,0.94,19,2,385,40,1.0,1.0,False
OPERADOR DE TRACTOR,OPERADOR TRACTOR IMPLEMENTOS AGRICOLAS,0.94,20,1,353,8,1.0,1.0,False
AUX. DE LABORATORIO,AUXILIAR DE LABORATORIO (AL),0.94,79,1,344,1,,1.0,False
AUXILIA DE BODEGA,AUXILIAR_DE_BODEGA,0.9399,4,2,7,7,,,False
ASISTENTE DE FLOTAS POSVENTA,ASESOR POSVENTA FLOTAS,0.9399,2,1,3,2,1.0,,False
ASISTENTE ADMINISTRATIVA DE MANTENIMIENTO,ASISTENTE MANTENIMIENTO SERVICIOS ADMIN,0.9399,7,1,28,2,1.0,1.0,False
ASISTENTE DE DOCUMENTACION Y EXPORTACIONES,ASISTENTE DOCUMENTACION EXPORTACION JUNIOR,0.9399,1,1,2,5,1.0,1.0,False
AUXILIAR SERV GENERALES,AUXILIAR SERV GENERAL,0.9399,15,2,100,3,1.0,1.0,False
RESPONSABLE DE TECNOLOGIA DE LA INFORMACION,RESPONSABLE DE TECNOLOGIAS DE LA INFORMACION Y COMUNICACION (TIC),0.9399,4,1,7,1,,,False
COORDINADOR SEG. INDUSTRIAL Y AMBIENTE,COORDINADOR SEG INDUSTRIAL / AMBIENTE/ SANIDAD,0.9399,1,1,2,2,3.0,3.0,False
JEFE DE SEGURIDAD INDUSTRIAL Y AMBIENTE,JEFE DE SEGURIDAD INDUSTRIAL Y FISICA,0.9399,14,2,24,2,4.0,4.0,False
COORDINADOR SENIOR DE PROYECTOS,COORDINADOR GENERAL DE PROYECTOS,0.9399,2,1,3,2,3.0,3.0,False
ASISTENTE DE ATENCION AL SOCIO/CLIENTE,ASISTENTE DE ATENCION Y SERVICIO,0.9399,1,1,1,1,1.0,1.0,False
INGENIERO INSPECTOR DE PROYECTOS 216,INGENIERO INSPECTOR DE PROYECTOS 205,0.9399,1,1,4,2,,,False
AYUDANTE DEL SECTOR METALMECANICO 103,AYUDANTE DEL SECTOR METALMECANICO 83,0.9399,1,1,3,1,1.0,1.0,False
AUXILIAR ADMINISTRATIVA,ASITENTE /AUXILIAR ADMINISTRATIVO,0.9399,454,1,1915,3,1.0,1.0,False
SUPERVISOR DE PUNTO DE VENTA,SUPERVISOR PUNTO VENTA,0.9399,5,1,32,2,3.0,3.0,False
ASISTENTE DE DOCUMENTACION EXPORT JR.,ASISTENTE DE DOCUMENTACION Y EXPORTACIONES,0.9399,1,1,3,2,1.0,1.0,False
JEFE PROCESOS REGULATORIOS,JEFE DE PROYECTOS REGULATORIOS,0.9399,2,1,4,1,4.0,4.0,False
ANALISTA TECNICO DE CALIDAD,ANALISTA DE CALIDAD ACONDICIONADO,0.9399,2,1,4,1,2.0,2.0,False
ANALISTA GESTION RIESGOS,ANALISTA DE ADMINISTRACION DE RIESGOS,0.9399,2,1,3,1,2.0,2.0,False
JEFE DE INFRAESTRUCTURA Y MANTENIMIENTO,EJECUTIVO DE MANTENIMIENTO E INFRAESTRUCTURA,0.9399,4,1,7,2,4.0,,False
GERENTE DE SOSTENIBILIDAD,GERENTE DE SOSTENIBILIDAD & INNOVACION,0.9399,8,1,14,2,5.0,5.0,False
JEFE DE GRUPO,LIDER DE GRUPO,0.9399,7,2,42,87,4.0,,False
ANALISTA DE CALL CENTER,ANALISTA DE CONTACT CENTER,0.9399,2,2,3,4,2.0,2.0,False
ASISTENTE /AYUDANTE ADMINISTRATIVO,AYUDANTE ADMINISTRATIVA,0.9399,420,12,2299,31,1.0,1.0,False
ASISTENTE DE SUBCONTRATOS,COORDINADOR DE SUBCONTRATOS,0.9399,1,1,1,2,1.0,3.0,True
GERENTE DE VENTAS INTERNACIONALES,GERENTE DE VENTAS EN LATAM,0.9398,3,1,7,2,5.0,5.0,False
SUPERVISOR DE BODEGA DE ENVASES,JEFE DE BODEGA DE ENVASES,0.9398,1,1,1,1,3.0,4.0,True
INTERNAL AUDITOR,INTERNAL AUDITOR/INVESTIGATOR,0.9398,1,1,4,1,,,False
JEFE DE PUBLICIDAD Y COMUNICACION,JEFE COMUNICACION Y PROMOCION,0.9398,2,1,2,2,4.0,4.0,False
JEFE ADMINISTRATIVO Y FINANCIERO,"JEFE DE ADMINISTRACION, FINANZAS Y TALENTO HUMANO",0.9398,85,1,146,1,4.0,4.0,False
JEFE SERVICIOS,JEFE ADMINISTRATIVO SERVICIOS,0.9398,34,7,117,9,4.0,4.0,False
ASISTENTE GESTION CALIDAD,ASISTENTE DPTO. CALIDAD,0.9398,8,1,23,3,1.0,1.0,False
ASISTENTE TECNOLOGIA DE LA INFORMACION Y COMUNICACION,"ASISTENTE DE TECNOLOGIA, INFORMATICA Y C",0.9398,2,1,3,4,1.0,1.0,False
ASIS./AYUDANTE/AUXI. DE BODEGA,ASISTENTE/ AUX BODEGA,0.9398,195,1,920,1,1.0,1.0,False
ANALISTA DE COMERCIO EXTERIOR Y COMPRAS,ANALISTA COMERCIAL Y DE IMPORTACIONES,0.9398,6,1,11,1,2.0,2.0,False
JEFE BODEGA Y ADMINISTRACION AGRICOLA,JEFE ADMINISTRATIVO AGRICOLA,0.9398,1,1,2,1,4.0,4.0,False
TECNICO DE SOPORTE IT,TECNICO DE SOPORTE DE TI,0.9398,2,2,7,4,2.0,2.0,False
JEFE CADENA DE SUMINISTROS,JEFE DE PLANEACION DE CADENA DE SUMINISTRO,0.9398,7,2,12,3,4.0,4.0,False
MONTACARGUISTA - CAMARA,MONTACARGAS CAMARA,0.9398,2,1,16,13,,,False
AYUDANTE SERVICIO TECNICO,AYUDANTE DEPARTAMENTO TECNICO,0.9398,9,2,39,20,2.0,2.0,False
COORDINADORA DE ASUNTOS REGULATORIO,COORDINADORA DE ASUNTOS REGULA,0.9398,31,1,63,2,,,False
COORDINADOR DE SST,COORDINADOR DE SST Y SISTEMAS DE GESTION,0.9398,2,1,4,1,3.0,3.0,False
DIRECTOR DE TIENDA 3,DIRECTOR DE TIENDA 1,0.9398,2,2,16,167,5.0,5.0,False
COORDINADOR DE CONTROL Y CUMPLIMIENTO,JEFE DE CONTROLES DE CUMPLIMIENTO,0.9398,2,1,3,2,3.0,4.0,True
ANALISTA COMERCIO EXTERIOR,ANALISTA_DE_COMERCIO_EXTERIOR,0.9398,8,1,22,2,2.0,,False
CHOFER CAMIONES PESADOS,CHOFER VEHICULO PESADO,0.9398,3,3,9,40,,,False
EJECUTIVO DE CUENTAS CLAVE,EJECUTIVO SENIOR DE CUENTAS CLAVE,0.9398,36,1,170,1,,,False
COORDINADOR (A) DE TRADE MARKETING,COORDINADOR DE TRADE MARKETING B2B,0.9397,43,1,113,2,3.0,3.0,False
ASISTENTE DE LOGISTICA Y TRANS,AYUDANTE DE LOGISTICA Y TRANSPORTE,0.9397,10,1,22,3,1.0,1.0,False
ADMINISTRADOR DE REDES SOCIALES,ADMININISTRADOR DE REEDES SOCIALES,0.9397,1,1,5,1,,,False
LIDER TECNICO DE PROYECTOS,LIDER INGENIERO DE PROYECTOS,0.9397,1,1,2,2,2.0,,False
GERENTE DE PROCESOS,GERENTE PLANTA DE PROCESOS,0.9397,7,1,12,1,5.0,5.0,False
ASISTENTE DE SERVICIO TECNICO,AYUDANTE SERVICIO TECNICO,0.9397,38,9,148,39,2.0,2.0,False
COORDINADOR DE ACTIVOS FIJOS,CONTROLADOR DE ACTIVOS FIJOS,0.9397,4,1,7,1,3.0,,False
ASISTENTE DE SERVICIOS GENERALES Y PROVEDURIA,ASESOR DE SERVICIOS GENERALES,0.9397,2,1,4,2,1.0,,False
TECNICO SISTEMAS,TECNICO DE SISTEMAS SR.,0.9397,11,1,18,1,2.0,2.0,False
COORDINADOR DE MANTENIMIENTO ELECTROMECANICO,SUPERVISOR DE MANTENIMIENTO ELECTROMECAN,0.9397,3,2,6,10,3.0,3.0,False
ASISTENTE 2 ADMINISTRATIVO,ASISTENTE ADMINISTRATIVO B,0.9397,17,2,45,19,1.0,1.0,False
GERENTE INFRAESTRUCTURA,ENCARGADO DE INFRAESTRUCTURA,0.9397,7,1,12,2,5.0,,False
ASESOR COMERCIAL,ASESOR COMERCIAL REGIONAL,0.9397,414,1,9435,6,,,False
JEFE DE MANTENIMIENTO Y CONSTRUCCION,JEFE DE INFRAESTRUCTURA Y MANTENIMIENTO,0.9397,5,4,6,7,4.0,4.0,False
COORDINADOR DE SSO & AMBIENTE,LIDER DE SSO Y AMBIENTE,0.9397,4,1,7,2,3.0,,False
AUXILIAR DE LIMPIEZA Y MENSAJERIA,AUXILIAR DE LOGISTICA Y LIMPIEZA,0.9397,8,1,22,81,1.0,1.0,False
ENCARGADO DE MANTENIMIENTO,EMPLEADO DE MANTENIMIENTO,0.9397,4,2,8,14,,,False
GERENTE DE PROYECTOS DE EXPORTACION,GERENTE DE PROYECTOS INDUSTRIAS Y EXPORTACIONES,0.9397,1,1,2,2,5.0,5.0,False
INGENIERO SENIOR DE MINA,INGENIERO JUNIOR DE MINA,0.9396,1,1,4,5,,,False
JEFE DE GESTION HUMANA,JEFE REGIONAL DE GESTION HUMANA,0.9396,19,1,38,2,4.0,4.0,False
ASISTENTE DE PUBLICIDAD / MERCADEO,AUXILIAR PUBLICIDAD Y MERCADERO,0.9396,23,2,60,2,1.0,1.0,False
INGENIERO BACK-END SENIOR,INGENIERO FRONT-END SENIOR,0.9396,1,1,2,1,,,False
ASESOR ADMINISTRATIVO,ASSISTENTE ADMINISTRATIVE,0.9396,11,1,20,2,,,False
ANALISTA DE TECNOLOGIA DE LA INFORMACION JUNIOR,ANALISTA DE TECNOLOGIA JUNIOR,0.9396,1,1,2,2,2.0,2.0,False
JEFE DE IMPORTACION-EXPORTACION,JEFE DE IMPORTACIONES Y POST VENTA,0.9396,4,1,7,2,4.0,4.0,False
ASISTENTE DE T.I.,ASISTENTE T.I.C,0.9396,1,1,2,6,1.0,1.0,False
HOSSTES,HOSTES,0.9396,6,1,13,1,,,False
JEFE DE INFRAESTRUCTURA TECNOLOGICA,SUPERVISOR DE INFRAESTRUCTURA TECNOLOGICA,0.9396,7,4,12,5,4.0,3.0,True
BODEGUERO,BODEGUERO B.M.P.,0.9396,837,1,3340,5,,,False
JEFE ALMACENES Y LOGISTICA,JEFE ALMACENAMIENTO Y DESPACHO,0.9396,9,1,19,2,4.0,4.0,False
ASISTENTE CONTABLE Y TRIBUTARIO,ASISTENTE CONTABLE Y TESORERIA,0.9396,2,1,3,1,1.0,1.0,False
GERENTE LEGAL,GERENTE SR LEGAL,0.9396,41,1,67,1,5.0,5.0,False
SUPERVISOR DE BODEGA Y DISTRIBUCION,SUPERVISOR DE BODEGA DISPENSACION,0.9396,3,1,6,2,3.0,3.0,False
COORDINADOR DE RELACIONES INTERNACIONALES,DIRECTOR(A) RELACIONES INTERNACIONALES,0.9396,2,1,4,1,3.0,5.0,True
TECNICO MECANICO,TECNICO MECANICO D,0.9396,84,1,1327,1,2.0,2.0,False
JEFE DE PRESUPUESTO,JEFE DE PRESUPUESTO Y PLANIFIC,0.9396,18,6,33,9,4.0,4.0,False
JEFE DE PRESUPUESTO Y PLANIFIC,JEFE DE PRESUPUESTO Y CONTROL DE GESTION,0.9396,6,1,9,2,4.0,4.0,False
ANALISTA CONTROL DE CALIDAD,ANALISTA DE CALIDAD Y LABORATORIO,0.9396,15,3,91,5,2.0,2.0,False
COORDINADOR INTELIGENCIA COMERCIAL,COORDINADOR DE INTELIGENCIA DE NEGOCIOS,0.9396,6,6,15,11,3.0,3.0,False
ASISTENTE DE AUDIOVISUALES,AYUDANTE DE AUDIOVISUAL,0.9396,4,1,7,3,1.0,1.0,False
COORDINADOR CREATIVO,COORDINADOR SERVICIOS CREATIVOS,0.9396,3,1,4,2,3.0,3.0,False
COORDINADOR TECNICO,COORDINADOR TECNICO MASTER,0.9396,47,1,121,6,3.0,3.0,False
EJECUTIVA OPERACIONES,EJECUTIVA OPERATIVA,0.9396,23,2,208,2,,,False
AYUDANTE DE TESORERIA 4,AYUDANTE DE TESORERIA 1,0.9396,1,1,1,1,1.0,1.0,False
ADMINISTRATIVA/AUXILIAR DE LIMPIEZA,AYUDANTE DE LIMPIEZA ADMINISTRATIVO,0.9396,1,1,2,5,1.0,1.0,False
ANALISTA INFRAESTRUCTURA Y REDES,ANALISTA DE INFRAESTRUCTURA Y SEGURIDAD,0.9396,4,2,7,2,2.0,2.0,False
ABOGADO/A CONSULTORIO JURIDICO,ASESOR DE CONSULTORIO JURIDICO,0.9395,1,1,8,3,,,False
AYUDANTE DE ELECTRICISTA,AYUDANTE DE MANTENIMIENTO ELECTRICO,0.9395,56,2,301,11,1.0,1.0,False
ANALISTA DE IMPORTACIONES,ANALISTA DE EXPORTACIONES,0.9395,66,14,159,53,2.0,2.0,False
COORDINADOR DE CONTROL DE PROYECTOS,COORDINADOR DE PROYECTOS Y CONTROL DE CAMBIOS,0.9395,1,1,2,2,3.0,3.0,False
GERENTE ADMINISTRATIVO FINANCI,JEFE ADMINISTRATIVO FINANCIER,0.9395,157,85,277,146,5.0,4.0,True
ASISTENTE EJECUTIVA,ASISTENTE DE EJECUCIONES,0.9395,32,1,66,25,1.0,1.0,False
JEFE DE FINANZAS Y CONTROL,JEFE DE OPERACIONES Y FINANZAS,0.9395,4,2,7,3,4.0,4.0,False
JEFE PROMOCION,JEFE NACIONAL DE PROMOCION,0.9395,3,1,6,1,4.0,4.0,False
OPERADOR DE ETIQUETADO,OPERADOR ETIQUETADO,0.9395,4,2,91,2,1.0,1.0,False
GERENTE ZONAL ZONA 2,GERENTE ZONAL ZONA 1,0.9395,1,1,2,2,5.0,5.0,False
ANALISTA CONTABLE Y TRIBUTARIO,ANALISTA CONTABILIDAD E IMPUESTOS,0.9395,14,6,26,9,2.0,2.0,False
JEFE DE CALIDAD Y PROCESO,JEFE DE CONTROL DE CALIDAD Y DESARROLLO,0.9395,11,1,19,2,4.0,4.0,False
JEFE DE VENTAS NACIONAL,JEFE NACIONAL DE VENTAS Y MARKETING,0.9395,32,1,46,2,4.0,4.0,False
ASISTENTE DE RENOVACIONES,ASISTENTE ADMINISTRATIVA Y DE RENOVACIONES,0.9395,2,1,4,2,1.0,1.0,False
ANALISTA FINANCIERA SENIOR,ANALISTA FINANCIERO/A,0.9395,10,2,16,4,2.0,2.0,False
ADMINISTRADOR FIDUCIARIO,ADMINISTRADOR FIDUCIARIO JR.,0.9395,4,1,49,17,,,False
GERENTE DE VENTAS ECUADOR,GERENTE VENTAS ECUADOR,0.9395,2,1,3,1,5.0,5.0,False
JEFE DE PROCESOS Y PROYECTOS,JEFE DE PROCESOS Y SISTEMA,0.9395,15,1,23,1,4.0,4.0,False
DIRECTORA ADMINISTRATIVA - FINANCIERA,DIRECTORA FINANCIERA ADMINISTRATIVA/PROFESORA TITULAR AUXILIAR,0.9395,4,1,6,2,,1.0,False
ASISTENTE DE CONTROL Y FACTURACION,ASISTENTE DE FACTURACION Y ATENCION AL C,0.9395,2,1,9,1,1.0,1.0,False
AUDITOR INTERNO,INTERNAL AUDITOR,0.9395,171,1,338,4,,,False
ARQUITECTO DE DESARROLLO SOFTWARE,ESPECIALISTA EN ARQUITECTURA DE SOFTWARE,0.9395,17,1,32,3,,3.0,False
ANALISTA CONTABLE JR,ANALISTA CONTABLE SR,0.9395,6,2,10,3,2.0,2.0,False
JEFE DE BODEGA INDUSTRIAL,COORDINADOR DE BODEGA INDUSTRIAL,0.9394,1,1,2,2,4.0,3.0,True
SUPERVISOR DE CONTROL PRESUPUESTAL,COORDINADOR DE CONTROL PRESUPUESTARIO,0.9394,1,1,2,1,3.0,3.0,False
REPRESENTATE TECNICO COMERCIAL,RESPONSABLE TECNICO COMERCIAL,0.9394,26,1,221,1,2.0,2.0,False
JEFE DE PRODUCTOS,JEFE DE GESTION DE PRODUCTOS I,0.9394,61,1,192,4,4.0,4.0,False
GESTOR DE DESARROLLO HUMANO,GERENTE GESTION DESARROLLO HUMANO,0.9394,7,1,17,2,,5.0,False
JEFE DE PRODUCCION Y PROYECTOS,JEFE TECNICO DE PRODUCCION,0.9394,2,2,3,3,4.0,4.0,False
ASISTENTE DE SERVICIOS FINANCIEROS,ASISTENTE DE CREDITO Y FINANZAS,0.9394,3,2,10,3,1.0,1.0,False
COORDINADOR DE PLANIFICACION DE PROYECTOS,COORDINADOR DE PROYECTOS Y SERVICIOS,0.9394,5,2,6,15,3.0,3.0,False
JEFE SERVICIO CLIENTE,JEFE DE GESTION DE CLIENTES,0.9394,47,2,83,4,4.0,4.0,False
GERENTE DE GESTION DE PROYECTOS,ASISTENTE DE GESTION DE PROYECTOS,0.9394,110,2,196,3,5.0,1.0,True
MENSAJERO MOTORIZADO 2,MENSAJERO MOTORIZADO1,0.9394,1,1,3,3,,,False
OFICIAL DE COBRANZAS EXTRAJUDICIAL,OFICIAL DE COBRANZAS JUDICIAL,0.9394,1,1,32,1,,,False
ANALISTA CALIDAD,ANALISTA 1 DE CALIDAD,0.9394,162,3,890,6,2.0,2.0,False
ASISTENTE DE SEGURIDAD INDUSTRIAL,ASISTENTE DE MANTENIMIENTO/ SEGURIDAD INDUSTRIAL,0.9394,39,1,102,1,1.0,1.0,False
AUXILIAR DE LOGISTICA INVERSA,AUXILIAR DE LOGISTICA E INVENTARIOS,0.9394,2,1,17,8,1.0,1.0,False
ASISTENTE OPERATIVO (E),ASISTENTE OPERATIVO II,0.9394,2,2,5,34,1.0,1.0,False
ASISTENTE CONTROL CALIDAD,AUXILIAR CONTROL DE CALIDAD,0.9394,43,26,153,78,1.0,1.0,False
LIDER OPERATIVO,LIDER OPERARIO,0.9394,3,2,10,22,,1.0,False
GESTOR DE NEGOCIOS JUNIOR,EJECUTIVO DE NEGOCIOS JUNIOR,0.9394,1,1,56,1,,,False
COORDINADOR DE MARKETING Y SERVICIO AL CLIENTE,COORDINADOR COMERCIAL Y MARKETING,0.9394,2,2,4,4,3.0,3.0,False
TECNICO SEGURIDAD INDUSTRIAL Y FISICA,ASISTENTE TECNICO DE SEGURIDAD INDUSTRIAL,0.9394,2,1,7,2,2.0,2.0,False
ESTIBADOR DE CARGA,ESTIBADOR DE CARGA AEREA,0.9394,1,1,15,98,,,False
ANALISTA DE COMPRAS SENIOR,JEFE DE COMPRAS SENIOR,0.9394,6,2,11,3,2.0,4.0,True
AYUDANTE DEL SECTOR METALMECANICO 103,AYUDANTE DEL SECTOR METALMECANICO 139,0.9393,1,1,3,6,1.0,1.0,False
COORDINADOR DE PROYECTOS E INNOVACION,COORDINADOR DE INNOVACION DE PROCESOS Y,0.9393,2,1,3,2,3.0,3.0,False
EJECUTIVO DE CUENTA EMISION JUNIOR,EJECUTIVO DE CUENTA EMISION SENIOR,0.9393,1,1,6,12,,,False
PROFESORA TIEMPO COMPLETO FACULTAD DE POSTGRADOS CON CARGA DE GESTION ACADEMICA COMO COORDINADORA ACADEMICA DE LAS MAESTRIAS EN ADMINISTRACION,"PROFESOR TIEMPO COMPLETO FAC. POSTGRADOS CON CARGA DE GESTION ACADEMICA COMO DIRECTOR DE LAS MAESTRIAS EN ADMINISTRACION, ADMINISTRACION PUBLICA Y TALENTO HUMANO",0.9393,1,1,2,2,,5.0,False
PROFESORA DE COMPUTACION,PROFESORA DE COMPUTACION DEL NIVEL INICIAL Y PREPARATORIA,0.9393,2,1,20,2,,,False
TUTORA DE QUINTOS DE BASICA,TUTORA DE QUINTOS DE BASICA/DOCENTE,0.9393,1,1,1,1,,,False
TRABAJADOR AGRICOLA 3,TRABAJADOR AGRICOLA CULTIVO S3,0.9393,3,3,55,134,,,False
AUXILIAR DE SERVICIO AL CLIENTE,ASISTENTE SERVICIO AL CLIENTE Y OPERACIONES,0.9393,11,3,127,8,1.0,1.0,False
TECNICO ESPECIALISTA EN MANTENIMIENTO,TECNICO DE MANTENIMIENTO SR.,0.9393,5,1,79,3,3.0,2.0,True
COORDINADOR SOSTENIBILIDAD,COORDINADOR DE SOSTENIBILIDAD Y SISTEMA DE GESTION,0.9393,8,1,12,2,3.0,3.0,False
JEFE DE CONTABILIDAD Y CONTROL INTERNO,JEFE DE CONTABILIDAD Y COBRANZAS,0.9393,2,1,5,2,4.0,4.0,False
COORDINADOR DE DESARROLLO DE SOFTWARE,COORDINADOR DE SOFTWARE,0.9393,4,1,9,2,3.0,3.0,False
DEYERBE,DESYERBE,0.9393,1,1,2,11,,,False
ASISTENTE CONTAC CENTER,ASISTENTE DE CONTAC CENTER,0.9393,2,1,3,1,1.0,1.0,False
GERENTE DESARROLLO COMERCIAL,GERENTE DEPARTAMENTO COMERCIAL,0.9393,2,1,6,2,5.0,5.0,False
INGENIERO INSPECTOR DE PROYECTOS 132,INGENIERO INSPECTOR DE PROYECTOS 146,0.9393,1,1,2,1,,,False
SUPERVISOR MEDICO,MEDICAL SUPERVISOR,0.9393,3,1,44,10,3.0,3.0,False
TECNICO REPARADOR,TECNICO DE REPARACION Y MANTENIMIENTO,0.9393,12,1,80,15,2.0,2.0,False
DIRECTOR DESARROLLO DE NEGOCIOS,LIDER DE DESARROLLO DE NEGOCIOS,0.9393,3,1,4,1,5.0,,False
DIRECTOR DE INDEMNIZACIONES MOTOR,DIRECTOR DE INDEMNIZACIONES NON MOTOR,0.9392,1,1,3,3,5.0,5.0,False
DIRECTOR_CADENA_ABASTECIMIENTO,DIRECTOR CADENA DE ABASTECIMIENTO,0.9392,1,1,2,2,,5.0,False
ASISTENTE ASEGURAMIENTO DE CALIDAD,ASISTENTE GESTION CALIDAD,0.9392,17,8,65,23,1.0,1.0,False
INSPECTOR DE MATERIALES,INSPECTOR DE RECEPCION DE MATERIALES,0.9392,2,1,9,8,,,False
PROGRAMADOR DE SOFTWARE SENIOR,INGENIERO DE SOFTWARE SENIOR,0.9392,17,2,395,16,,,False
JEFE DE CALIDAD Y PROCESO,JEFE DE CALIDAD E INNOVACION,0.9392,11,1,19,2,4.0,4.0,False
COORDINADOR DE PROYECTOS TI,RESPONSABLE DE PROYECTOS DE TI,0.9392,3,1,10,1,3.0,,False
ADMINISTRADOR DE REDES Y COMUNICACIONES,ADMINISTRADOR DE RED Y SISTEMAS,0.9392,8,2,14,4,,,False
ANALISTA CALIDAD,ANALISTA DE CALIDAD JR,0.9392,162,2,890,3,2.0,2.0,False
LIDER DE PROYECTOS,LIDER TECNICO DE PROYECTOS,0.9392,23,1,125,2,,2.0,False
COORDINADOR DE PROTECCION ACTIVOS,COORDINADOR DE PROTECCION DE ACTIVOS,0.9392,1,1,1,1,3.0,3.0,False
ASISTENTE DE PLANEACION MANTENIMIENTO,COORDINADOR DE MANTENIMIENTO (PLANIFICADOR),0.9392,2,2,2,4,1.0,3.0,True
REGULADOR - A,REGULADOR,0.9392,1,1,11,16,,,False
ASISTENTE DE MANTENIMIENTO GENERAL,AYUDANTE BASICO MANTENIMIENTO SERVICIOS GENERALES,0.9392,3,1,28,2,1.0,1.0,False
ANALISTA COMERCIAL Y MARKETING,ANALISTA COMERCIAL Y DE GERENCIA,0.9392,6,1,10,1,2.0,2.0,False
COORDINADOR DE PROYECTOS Y DESARROLLO,COORDINADOR DE PROYECTOS E INNOVACION,0.9392,4,2,7,3,3.0,3.0,False
JEFE DE LOGISTICA,JEFE DPTO. LOGISTICO,0.9392,193,1,373,1,4.0,4.0,False
TRABAJADOR ACUICOLA - ARRASTRE,TRABAJADOR ACUICOLA-ATARRAYADOR,0.9392,1,1,3,1,,,False
SUPERVISOR DE PRESA DE RELAVES Y GEOTECNIA,SUPERVISOR DE OPERACIONES DE SUPERFICIE Y PRESA DE RELAVES,0.9392,1,1,1,2,3.0,3.0,False
DIRECTOR BU ANDEAN – SALES ECUADOR B&I,MANAGER BU ANDEAN - SALES ECUADOR B&I,0.9392,1,1,3,6,5.0,,False
ANALISTA SUPPLY CHAIN,ANALISTA JR. SUPPLY CHAIN,0.9392,5,1,11,1,2.0,2.0,False
SUPERVISOR DE LIMPIEZA Y SANITIZACION,SUPERVISOR(A) DE HIGIENE Y DESINFECCION,0.9392,19,1,42,1,3.0,3.0,False
PERSONAL ACADEMICO TITULAR AGREGADO NIVEL 2,PERSONAL ACADEMICO TITULAR AGREGADO NIVEL 1 GRADO 3 MEDIO TIEMPO,0.9391,1,1,7,2,,,False
GERENTE SENIOR VENTAS,GERENTE SENIOR DE VENTAS,0.9391,1,1,1,1,5.0,5.0,False
ASISTENTE ADMINISTRATIVO SERVICIOS GENERALES,ASESOR DE SERVICIOS GENERALES,0.9391,5,1,7,2,1.0,,False
JEFA DE ALMACEN,JEFA DE VENTAS ALMACEN,0.9391,3,1,5,2,,,False
OPERADOR DE RODILLO D. TAMBOR,OPERADOR RODILLO DOBLE TAMBOR,0.9391,1,1,9,2,1.0,1.0,False
BUSINESS INTELLIGENCE,BUSINESS INTELIGENT,0.9391,4,1,5,2,,,False
AUXIILIAR DE LIMPIEZA,ADMINISTRATIVA/AUXILIAR DE LIMPIEZA,0.9391,446,1,3081,2,,1.0,False
GERENTE DE MARKETING,GERENCIA DE MARKETING,0.9391,117,1,213,2,5.0,,False
AUXILIAR DE METALMECANICA CON EXPERIENCIA,AYUDANTE DE METALMECANICA,0.9391,12,4,91,27,1.0,1.0,False
SECRETARIA DEL NIVEL EGB ELEMENTAL Y MEDIA,SECRETARIA DEL NIVEL EGB SUPERIOR Y BACHILLERATO,0.9391,1,1,4,2,,,False
COORDINADOR/A TECNICO DE ABASTECIMIENTOS,COORDINADOR/A GENERAL ABASTECIMIENTO,0.9391,2,1,3,1,3.0,3.0,False
SUPERVISOR CALIDAD,SUPERVISOR CALIDAD Y MATERIA PRIMA,0.9391,146,3,618,5,3.0,3.0,False
SUPERVISOR DE BODEGA,SUPERVISOR DE BODEGA DISPENSACION,0.9391,157,1,580,2,3.0,3.0,False
ASISTENTE DE SERVICIO AL CLIENTE EXPORTACION JUNIOR,ASISTENTE OPERACIONES EXPORTACION JUNIOR,0.9391,1,1,1,5,1.0,1.0,False
ASISTENTE DE CALL / CALL CENTER,ASESOR DE CALL CENTER,0.9391,39,4,582,21,1.0,,False
JEFE SERVICIO CLIENTE,JEFE DE SERVICIO AL CLIENTE NACIONAL,0.9391,47,4,83,8,4.0,4.0,False
OPERADOR TECNICO,OPERADOR TECNICO JR.,0.9391,10,1,48,1,2.0,2.0,False
MARINERO 2,MARINERO 3,0.9391,1,1,2,2,,,False
JEFE CALIDAD,JEFE DE CALIDAD Y PROCESO,0.9391,119,11,207,19,4.0,4.0,False
ASISTENTE COMERCIALIZACION,ASISTENTE COMERCIAL Y MARKETING,0.9391,8,6,25,10,1.0,1.0,False
JEFE SEGURIDAD INDUSTRIAL,COORDINADOR DE SEGURIDAD INDUSTRIAL,0.9391,66,30,120,86,4.0,3.0,True
ANALISTA DE PROCESOS Y PROYECTOS,ANALISTA DE PROYECTOS Y CONTROL,0.9391,11,2,15,4,2.0,2.0,False
ANALISTA DE RELACIONES INSTITUCIONALES,ESPECIALISTA RELACIONES INSTITUCIONALES,0.9391,2,1,3,2,2.0,3.0,True
DOCENTE INGLES SECUNDARIA,DOCENTE INGLES ELEMENTAL,0.9391,2,1,17,1,,,False
JEFE DE CONTROL DE CALIDAD Y SUSTENTABILIDAD,JEFE DE CONTROL DE CALIDAD Y DESARROLLO,0.9391,1,1,2,2,4.0,4.0,False
GERENTE DE GESTION ESTRATEGICA,LIDER DE GESTION ESTRATEGICA,0.9391,6,2,10,3,5.0,,False
ANALISTA ADM Y DE COMPRAS,ANALISTA DE COMPRAS BIENES Y SERVICIOS,0.939,5,1,13,2,2.0,2.0,False
ASISTENTE COMERCIAL Y COMPRAS PUBLICAS,ASESOR COMERCIAL COMPRAS PUBLICAS,0.939,2,1,3,1,1.0,,False
JEFE DE TIENDA CUENCA,JEFE DE TIENDA CUE,0.939,1,1,1,2,4.0,4.0,False
EC_VENDEDOR PANADERIA VACACIONISTA,EC_VENDEDOR PANADERIA,0.939,1,1,2,74,,,False
JEFE DE SEGURIDAD INDUSTRIAL Y SALUD OCUPACIONAL,JEFE CORPORATIVO DE SEGURIDAD INDUSTRIAL Y MEDIO AMBIENTE,0.939,14,1,21,2,4.0,4.0,False
EJECUTIVO ASISTENETE (OFIC 1) CSO,EJECUTIVO ASISTENTE (OFC 2) CSO,0.939,1,1,3,10,,1.0,False
ASISTENTE GERENCIA DE AUDITORIA INTERNA,ASISTENTE SENIOR DE AUDITORIA INTERNA,0.939,1,1,1,1,1.0,1.0,False
OPERADOR DE PTAR,PTAR OPERATOR,0.939,11,1,53,1,1.0,,False
ADMINISTRADOR DE INFRAESTRUCTURA Y REDES,COORDINADOR DE INFRAESTRUCTURA Y REDES,0.939,7,5,12,8,,3.0,False
AYUDANTE DE REDES,AYUDANTE OPERADOR REDES,0.939,1,1,2,9,1.0,1.0,False
GERENTE DE MARKETING PRODUCTO Y ALIANZAS,GERENTE DE MARKETING PRODUCTO Y GOBIERNO,0.939,2,2,2,3,5.0,5.0,False
INGENIERO SENIOR DE MINA,INGENIERO SENIOR DE TAJO DE MINA,0.939,1,1,4,2,,,False
ANALISTA SOPORTE TI,ANALISTA DE TI Y SOPORTE,0.939,4,1,10,2,2.0,2.0,False
COORDINADOR COORDINACION Y SERVICIOS,COORDINADOR PROD. Y SERVICIOS,0.939,24,1,61,1,3.0,3.0,False
CUADRILLERO,CUADRILLEROS,0.939,2,1,19,4,,,False
ASISTENTE TECNICO Y ADMINISTRA,ASISTENTE ADMINISTRATIVO DE TECNOLOGIA,0.939,14,2,30,4,2.0,1.0,True
JEFE DE COMUNICACION,JEFE DE COMUNICACION Y EXPERIENCIA,0.939,14,1,23,2,4.0,4.0,False
JEFE CENTRO ATENCION AL CLIENTE,GERENTE CENTROS DE ATENCION AL CLIENTE,0.939,3,1,75,1,4.0,5.0,True
GERENTE DE CALIDAD E INNOVACION,GERENTE DE CALIDAD Y PROCESOS,0.9389,3,2,5,2,5.0,5.0,False
AUX. DE SECRETARIA,ASIST. DE SECRETARIA,0.9389,17,1,70,2,,,False
GESTOR ADMINISTRATIVO CENTRO DISTRIBUCION,ADMINISTRADOR DE CENTRO DE DISTRIBUCION,0.9389,1,1,2,3,,,False
SUPERVISOR/A ADMINISTRATIVA,SUPERV. ADMINISTRATIVO,0.9389,14,1,27,2,3.0,,False
SUPERVISOR ADMINISTRATIVO COMERCIAL,SUPERVISOR ADMINISTRATIVO Y DE NEGOCIOS,0.9389,2,1,3,1,3.0,3.0,False
TECNICO DE FIBRA OPTICA,AYUDANTE TECNICO DE FIBRA OPTICA,0.9389,3,1,83,4,2.0,2.0,False
ASISTENTE DE LOGISTICA Y OPERACIONES,ASISTENTE DE PRODUCCION Y LOGISTICA,0.9389,10,1,22,2,1.0,1.0,False
DIRECTOR DE NEGOCIOS ESPECIALES,COORDINADOR NEGOCIOS ESPECIALES,0.9389,1,1,2,1,5.0,3.0,True
SUPERVISOR DE PLANTA 6,SUPERVISOR DE PLANTA 8,0.9389,1,1,4,4,3.0,3.0,False
ASISTENTE ACCESORIOS,ASISTENTE PRODUCTO ACCESORIOS,0.9389,5,1,10,2,1.0,1.0,False
SUPERVISOR LOGISTICA Y OPERACIONES,SUBGERENTE DE OPERACIONES LOGISTICA,0.9389,5,3,13,6,3.0,4.0,True
EJECUTIVO DE CUENTA EMISION JUNIOR,EJECUTIVO DE CUENTA JUNIOR I,0.9389,1,1,6,6,,,False
GERENTE DE PROYECTOS,GERENTE DE PROYECTOS Y DISENO,0.9389,110,1,196,1,5.0,5.0,False
OPERARIO DE COCINA DE ALMIDON,AYUDANTE DE COCINA DE ALMIDON,0.9389,2,1,5,4,1.0,1.0,False
JEFE DE INFRAESTRUCTURA Y MANTENIMIENTO,JEFE DE INFRAESTRUCTURA Y REDES,0.9389,4,2,7,3,4.0,4.0,False
ANALISTA DE INVESTIGACION & DESARROLLO,ANALISTA DE INVESTIGACION Y DESARROLLO DE CAMPO,0.9389,29,1,111,3,2.0,2.0,False
ANALISTA ADMINISTRATIVO SENIOR,ANALISTA DE ADMINISTRACION COMERCIAL SENIOR,0.9389,2,1,2,2,2.0,2.0,False
ASISTEBTE ADMINISTRATIVO,AYUDANTE ADMINISTRATIVA,0.9389,1731,12,7021,31,,1.0,False
COORDINADOR EXPERIENCIA AL CLIENTE,COORDINADOR DE CALIDAD Y EXPERIENCIA AL CLIENTE,0.9389,11,1,22,1,3.0,3.0,False
PROFESORA TIEMPO COMPLETO EDUCACION A DISTANCIA CON CARGA DE GESTION ACADEMICA COMO COORDINADORA DE CARRERAS ONLINE,PROFESORA TIEMPO COMPLETO DE LAS CARRERAS DE INGENIERIAS EN COMPUTACION CON CARGA EN GESTION ACADEMICA COMO COORDINADORA ACADEMICA ONLINE,0.9389,1,1,1,1,,,False
DIRECTOR DE PRODUCCION,DIRECTORA TECNICA - JEFE DE PRODUCCION,0.9389,14,1,29,2,5.0,4.0,True
ASISTENTE RECEPCION,ASISTENTE ADMINISTRATIVA RECEPCIONISTA,0.9389,14,7,121,10,1.0,1.0,False
SUPERINTENDENTE DE MANTENIMIENTO DE MINA,SUPERINTENDENTE DE INGENIERIA DE MINA,0.9389,1,1,2,1,,,False
IT ANALYST,INFORMATION TECHNOLOGY ANALYST,0.9388,2,1,3,1,,,False
MAQUINISTA 2LUCIA T,MAQUINISTA 1 LUCIA T,0.9388,1,1,2,2,,,False
ASISTENTE ADM.CONTABLE,ASISTENTE CONTABLE GENERAL,0.9388,3,1,3,5,1.0,1.0,False
ANALISTA OPERATIVO COMERCIAL,ANALISTA SENIOR DE OPERACIONES COMERCIAL,0.9388,1,1,2,1,2.0,2.0,False
ASESOR COMERCIAL CORPORATIVO,ASISTENTE COMERCIAL CORPORATIVO,0.9388,7,1,70,6,,1.0,False
JEFE DE GOBIERNO DE DATOS,JEFE DE GOBIERNO DE LA DATA,0.9388,3,1,5,1,4.0,4.0,False
LABORATORISTA DE CONTROL DE CALIDAD,SUPERVISOR DE LABORATORIO Y CONTROL DE CALIDAD,0.9388,2,1,3,6,,3.0,False
TECNICO DE MANTENIMIENTO DE LA,TECNICO DE MANTENIMIENTO SR.,0.9388,35,1,368,3,2.0,2.0,False
GERENTE DE ASEGURAMIENTO DE CALIDAD Y SISTEMAS DE GESTION,GESTOR DE CALIDAD Y PROCESOS,0.9388,5,2,7,2,5.0,,False
AYUDANTE OPERACIONES 5,AYUDANTE OPERACIONES 4,0.9388,1,1,3,3,1.0,1.0,False
GERENTE DE ANALISIS,COORDINADOR DE GESTION DE ANALISIS,0.9388,1,1,2,1,5.0,3.0,True
JEFE DE INNOVACION Y MARKETING,COORDINADOR MARKETING E INNOVACION,0.9388,1,1,2,2,4.0,3.0,True
RECEPCIONISTA POLIVALENTE CERTIFICADA (ESTABLECIMIENTOS CATEGORIA PRIMERA),RECEPCIONISTA CERTIFICADA (ESTABLECIMIENTOS CATEGORIA PRIMERA),0.9388,7,5,33,38,,,False
ASISTENTE SERVICIO AL CLIENTE Y OPERACIONES,ASISTENTE DE VENTAS Y SERVICIO AL CLIENTE,0.9388,3,3,8,17,1.0,1.0,False
COORDINADOR DE RELACIONES INTERNACIONALES,GERENTE RELACIONES INTERNACIONALES,0.9388,2,1,4,2,3.0,5.0,True
ASISTENTE FACTURACION Y RECAUDACION,ASISTENTE ADMINISTRATIVO FACTURACION,0.9388,2,2,2,18,1.0,1.0,False
GERENTE DE PROYECTOS Y NUEVOS NEGOCIOS,GERENTE DE NEGOCIOS PROYECTOS,0.9388,3,1,4,2,5.0,5.0,False
JEFE DE CREDITO,JEFE CREDITO Y CARTERA,0.9388,64,9,127,14,4.0,4.0,False
LIDER TECNICO,LIDER TECNICO ESPECIALISTA,0.9387,22,1,81,6,2.0,3.0,True
ANALISTA DE VENTAS Y DISTRIBUCION,ANALISTA DE DESAROLLO Y VENTAS,0.9387,2,1,2,1,2.0,2.0,False
TECNICO MANTA,TECNICOS MANTA,0.9387,1,1,1,1,2.0,2.0,False
ASISTENTE DIRECCION ACADEMICA,ASISTENTE DE COORDINACION ACADEMICA,0.9387,3,2,7,3,1.0,1.0,False
ANALISTA DE SISTEMAS TELECOMUNICACIONES,ANALISTA DE TELEMATICA E INFORMACION,0.9387,23,3,80,5,2.0,2.0,False
ANALISTA DE PROCESO Y MEJORA CONTINUA,ANALISTA DE CALIDAD Y MEJORA CONTINUA,0.9387,7,1,16,2,2.0,2.0,False
MECANICO DE MANTENIMIENTO,EMPLEADO DE MANTENIMIENTO,0.9387,25,2,125,14,,,False
COORDINADOR DE BODEGA Y LOGISTICA,COORDINADOR DE BODEGA Y DESPACHO,0.9387,13,2,21,3,3.0,3.0,False
ASISTENTE ADMINISTRATIVA Y DE GERENCIA,ASISTENTE TECNICO Y ADMINISTRA,0.9387,16,14,29,30,1.0,2.0,True
ASISTENTE DE SERVICIO TECNICO,ASISTENTE TECNICO Y ADMINISTRA,0.9387,38,14,148,30,2.0,2.0,False
JEFE ADMINISTRATIVA Y TALENTO HUMANO,"JEFE DE ADMINISTRACION, FINANZAS Y TALENTO HUMANO",0.9387,6,1,7,1,4.0,4.0,False
GERENTE DE FINANZAS,GERENTE SENIOR DE FINANZAS,0.9387,23,2,37,2,5.0,5.0,False
ANALISTA OPERATIVO TARJETA DE CREDITO,ANALISTA CONCILIACION OPERATIVA DE TARJETA DE CREDITO,0.9387,1,1,4,1,2.0,2.0,False
AYUDANTE DE LABORATORIO DE BIOTECNOLOGIA,TECNICO DE LABORATORIO DE BIOTECNOLOGIA,0.9387,1,1,2,2,1.0,2.0,True
COORDINADOR PROCESOS,COORDINADOR DE PROCESOS INDUSTRIALES,0.9387,51,1,109,5,3.0,3.0,False
SALES REPRESENTANTIVE,SALES REPRESENTATIVE PROFESSIONAL,0.9387,10,1,84,2,,,False
RECAUDADOR 2,RECAUDADOR 3,0.9387,3,1,6,1,,,False
JEFE DE SISTEMAS Y C,JEFE DE SISTEMAS Y PROYEC,0.9387,1,1,1,2,4.0,4.0,False
ASISTENTE ADMINISITRATIVA,ASISTENTE ADMINISTRA,0.9387,21,11,43,29,1.0,1.0,False
SUPERVISOR DE SALUD Y SEGURIDAD,SUPERVISOR DE SALUD,0.9387,2,2,2,5,3.0,3.0,False
JEFE DE TIENDA,JEFE DE TIENDA EN LINEA,0.9387,17,1,613,1,4.0,4.0,False
INGENIERO DE PROYECTOS ESP. PROTECCION CATODICA,INGENIERO JUNIOR DE PROTECCION CATODICA,0.9387,1,1,4,5,,,False
COORDINADOR DE IT,COORDINADOR DE SOPORTE IT,0.9386,24,2,50,2,3.0,3.0,False
JEFE SEGURIDAD INDUSTRIAL,JEFE DE SEGURIDAD INDUSTRIAL Y AMBIENTE,0.9386,66,14,120,24,4.0,4.0,False
TECNICO DE REPARACION DE REFRIGERADOS,TECNICO ESPECIALISTA EN REFRIGERACION,0.9386,1,1,26,2,2.0,3.0,True
COORDINADOR CREDITO PYME,COORDINADOR CREDITO EMPRESAS,0.9386,1,1,2,3,3.0,3.0,False
SERVICIOS,SERVICIOS PRESTADOS,0.9386,8,1,24,2,,,False
ANALISTA DE COMUNICACION EXTERNA Y SOSTENIBILIDAD,ANALISTA DE COMUNICACION EXTERNA,0.9386,1,1,1,3,2.0,2.0,False
JEFE DE PROYECTOS Y VENTAS,JEFE DE PROYECTOS Y POSVENTAS,0.9386,3,1,5,2,4.0,4.0,False
DIRECTOR EDUCACION BASICA,DIRECTOR DE CARRERA DE EDUCACION BASICA,0.9386,2,1,5,4,5.0,5.0,False
ANALISTA DE IMPORTACIONES Y CADENA DE SUMINISTRO,ANALISTA COMERCIAL Y DE IMPORTACIONES,0.9386,1,1,2,1,2.0,2.0,False
COORDINADOR DE SANITIZACION,CONTROLADOR DE SANITIZACION,0.9386,2,1,5,8,3.0,,False
ANALISTA DE OPERACIONES COMERCIALES,ANALISTA OPERATIVO COMERCIAL,0.9386,3,1,9,2,2.0,2.0,False
ASITENTE /AUXILIAR ADMINISTRATIVO,ASISTENTE ADMINISTRATIVO (AA),0.9386,1,1,3,2,1.0,1.0,False
AUXILIAR DE MENSAJERIA,ASISTENTE MENSAJERO,0.9386,9,2,16,4,1.0,1.0,False
JEFE ADMINISTRATIVO Y FINANCIERO,JEFE ADMINISTRATIVO Y TESORERIA,0.9386,85,1,146,2,4.0,4.0,False
MECANICO DE AIREACION,MECANICO/OP. AIREADORES,0.9386,17,1,148,4,,,False
GERENTE DE SOSTENIBILIDAD & INNOVACION,GERENTE DE INGENIERIA Y SOSTENIBILIDAD,0.9386,1,1,2,1,5.0,5.0,False
GERENTE DE TESORERIA,GESTOR OPERATIVO DE TESORERIA,0.9386,10,1,17,2,5.0,,False
ASISTENTE DE ATENCION AL CLIENTE Y OPERACIONES,ASISTENTE DE ATENCION Y EXPERIENCIA DEL CLIENTE,0.9385,3,1,8,5,1.0,1.0,False
JEFE DE COMPRAS Y PLANEACION,GERENTE PLANEACION Y COMPRAS,0.9385,6,1,9,2,4.0,5.0,True
ASESOR DE VENTAS,ASESOR DE VENTAS SR.,0.9385,41,1,885,4,,,False
SUPERVISOR DE CALIDAD Y PROCESOS,SUPERVISOR DE GESTION DE CALIDAD Y DESARROLLO,0.9385,5,1,12,2,3.0,3.0,False
ASESOR ATENCION AL CLIENTE,ASISTENTE DE ATENCION Y EXPERIENCIA DEL CLIENTE,0.9385,8,1,92,5,,1.0,False
ASESOR/A DE MOSTRADOR,ASISTENTE MOSTRADOR,0.9385,6,1,52,2,,1.0,False
ASISTENTE TECNICO Y ADMINISTRA,ASISTENTE ADMINISTRATIVO Y DE MANTENIMIENTO,0.9385,14,7,30,28,2.0,1.0,True
ASISTENTE ADMINISTRATIVA 1,ASISTENTE ADMINISTRATIVA 4,0.9385,14,2,70,16,1.0,1.0,False
OPERADOR DE MAQUINARIA PESADA 2,OPERADOR DE MAQUINARIA PESADA 4,0.9385,1,1,32,7,1.0,1.0,False
SUPERVISOR DE NEGOCIOS,SUPERVISOR ADMINISTRATIVO Y DE NEGOCIOS,0.9385,2,1,3,1,3.0,3.0,False
COORDINADOR DE PLANIFICACION Y PROYECTOS,COORDINADOR DE PLANIFICACION Y CONTROL,0.9385,5,3,6,5,3.0,3.0,False
EJECUTIVO DE CUENTA DE SALUD,EJECUTIVO JUNIOR DE CUENTAS DE SALUD,0.9385,1,1,5,1,,,False
ESPECIALISTA HELP DESK,ESPECIALISTA DE HELP DESK,0.9385,1,1,1,2,3.0,3.0,False
SUPERVISOR DE HOMOLOGACIONES,COORDINADOR DE HOMOLOGACION,0.9385,2,1,2,1,3.0,3.0,False
JEFE DE COMPRAS,JEFE DE COMPRAS CORPORATIVAS,0.9385,303,2,547,2,4.0,4.0,False
SUPERVISOR DE EMPAQUE,SUPERVISOR/A DE EMPAQUE FV,0.9385,23,1,68,2,3.0,3.0,False
PUBLICISTA - DISENADOR,DISENADOR-PUBLICISTA,0.9384,4,1,10,2,,,False
GERENTE ADMINISTRATIVO FINANCI,GERENTE DE FINANZAS,0.9384,157,23,277,37,5.0,5.0,False
JEFE DE PRODUCCION Y PROYECTOS,JEFE DE OPERACIONES Y PRODUCCION,0.9384,2,1,3,2,4.0,4.0,False
AUXILIAR DE SERVICIOS GENERALES MANTENIMIENTO,AUXILIAR DE SERVICIOS GENERALES / MANTEN,0.9384,5,1,9,24,1.0,1.0,False
AUXILIAR CONTROL DE CALIDAD,AUXILIAR DE PROCESOS Y CALIDAD,0.9384,26,1,78,1,1.0,1.0,False
AUXILIAR DE BODEGA - MONTACARGUISTA,AUXILIAR DE BODEGA ESP. MONTAC.,0.9384,3,1,17,2,1.0,1.0,False
COORDINADOR DE GESTION,COORDINADOR DE GESTION OPERATIVA,0.9384,8,2,18,3,3.0,3.0,False
ASISTENTE COMPRAS PUBLICAS,ASESOR COMERCIAL COMPRAS PUBLICAS,0.9384,12,1,17,1,1.0,,False
JEFE SERVICIOS,JEFE DE SERVICIOS GENERAL,0.9384,34,21,117,36,4.0,4.0,False
ASISTENTE DE ATENCION Y EXPERIENCIA DEL CLIENTE,ASISTENTE DEL CENTRO DE ATENCION AL CLIENTE,0.9384,1,1,5,4,1.0,1.0,False
SUPERVISOR DE CALL CENTER,SUPERVISOR DE CONTACT CENTER,0.9384,22,7,79,23,3.0,3.0,False
MONITOR DE CALIDAD,MONITORES DE CALIDAD,0.9384,8,1,46,10,,,False
GERENTE INDUSTRIA,GERENTE DE DIVISION INDUSTRIAL,0.9384,1,1,1,2,5.0,5.0,False
AUXILIAR DE CONTROL E INVENTARIOS,ASISTENTE DE CONTROL DE INVENTARIOS,0.9384,2,1,19,1,1.0,1.0,False
SUPERVISOR DE ACABADOS,SUPERVISOR DE TURNO DE ACABADOS,0.9384,2,1,4,14,3.0,3.0,False
JEFE CALIDAD Y GESTION,JEFE TECNICO Y CALIDAD,0.9384,16,7,31,13,4.0,4.0,False
JEFE DE NEGOCIOS,JEFE ADMINISTRATIVO DE NEGOCIOS,0.9384,34,1,66,2,4.0,4.0,False
ASISTENTE TRABAJO SOCIAL,ASISTENTE DE TRABAJO SOCIAL GRADO 1,0.9384,13,1,24,1,1.0,1.0,False
COORDINADOR DE INFRAESTRUCTURA Y REDES,COORDINADOR DE INFRAESTRUCTURA IT,0.9384,5,1,8,2,3.0,3.0,False
SUPERVISOR DE VENTAS PROFESIONAL,SUPERVISOR(A) EN VENTAS,0.9384,1,1,2,52,3.0,3.0,False
ASISTENTE DE DEVOLUCIONES,AUXILIAR DEVOLUCIONES,0.9384,10,3,17,10,1.0,1.0,False
MID-LEVEL DEVOPS ENGINEER,SENIOR DEVOPS ENGINEER,0.9384,1,1,2,2,,,False
ANALISTA DE RIESGO FINANCIERO,ANALISTA DE RIESGOS & FINANZAS COMERCIALES,0.9383,4,1,11,4,2.0,2.0,False
ANALISTA SERVICIOS GENERALES,ANALISTA DE SERVICIOS,0.9383,8,5,17,7,2.0,2.0,False
MANT. ELECTRICO,AYUD. MANT. ELECTRICO,0.9383,2,1,7,6,,,False
SUBGERENTE DE SERVICIOS,SUBGERENTE DE SERVICIOS COMPLEMENTARIOS,0.9383,3,1,7,2,4.0,4.0,False
JEFE DE COMPRAS,JEFE DE COMPRAS Y PLANEACION,0.9383,303,6,547,9,4.0,4.0,False
AUXILIAR DE PRODUCCION ARTEMIA,TECNICO DE PRODUCCION ARTEMIA,0.9383,1,1,3,1,1.0,2.0,True
JEFE DE PUBLICIDAD,JEFE DE PUBLICIDAD DIGITAL,0.9383,9,1,17,2,4.0,4.0,False
JEFE DE SMS,GERENTE DE SMS,0.9383,1,1,2,1,4.0,5.0,True
JEFE SERVICIOS,JEFE SERVICIO Y OPERACIONES,0.9383,34,6,117,150,4.0,4.0,False
CAJERO VENDEDOR/A SENIOR,CAJERO VENDEDOR/A JUNIOR,0.9383,1,1,5,34,,,False
ASISTENTE EN EL AREA DE SECRETRIA GENERAL,ASISTENTE ADMINISTRATIVO - SECRETARIO,0.9383,1,1,1,1,1.0,1.0,False
ANALISTA DE PROCESOS (E),ANALISTA DE PROCESOS SR.,0.9383,1,1,3,1,2.0,2.0,False
KEY ACCOUNT MANAGER SENIOR,KEY ACCOUNT MANAGER JUNIOR,0.9383,4,1,4,1,,,False
ASIST. DE COMPRAS,ASIST. COMPRAS (F),0.9383,1,1,1,13,,,False
ASESOR COMERCIAL II,ASESORCOMERCIAL II,0.9383,2,1,16,5,,,False
ANALISTA RIESGO AMBIENTAL Y SOCIAL,ANALISTA DE LA UNIDAD DE RIESGOS Y OFICIAL DE RIESGO AMBIENTAL Y SOCIAL,0.9383,2,1,2,2,2.0,2.0,False
ASESOR DE CAPTACIONES,ASESOR DE CAPTACIONES D.P.F.,0.9383,14,2,237,47,,,False
COORDINADOR/A SENIOR CONTROL DE INFECCIONES,COORDINADOR(A) DE CONTROL DE INFECCIONES,0.9383,1,1,1,1,3.0,3.0,False
*GERENTE DE OPERACIONES,GERENTE NACIONAL OPERACIONES,0.9383,406,2,694,4,5.0,5.0,False
SUBGERENTE DE SEGURIDAD,SUBGERENTE DE SEGURIDAD INTEGRAL,0.9383,3,1,7,1,4.0,4.0,False
JEFE DE ANALISIS COMERCIAL,ANALISTA DE ANALISIS COMERCIAL,0.9382,2,1,3,1,4.0,2.0,True
DIRECTOR DE CARRERA DE INGENIERIA INDUSTRIAL,DIRECTOR DE CARRERA DE INGENIERIA AUTOMOTRIZ,0.9382,1,1,4,8,5.0,5.0,False
ANALISTA DE TECNOLOGIA DE LA INFORMACION,ANALISTA DE TECNOLOGIA DE LA INFORMACION JUNIOR,0.9382,13,1,32,2,2.0,2.0,False
RESPONSABLE DE SEGURIDAD DE LA INFORMACION,RESPONSABLE DE SEGURIDAD INFORMATICA,0.9382,2,2,2,2,,,False
EJECUTIVO ADMINISTRATIVO SENIOR,EJECUTIVO ADMINISTRATIVO JUNIOR,0.9382,2,1,2,4,,,False
COORDINADOR DE PRICING,JEFE DE PRICING,0.9382,2,1,3,1,3.0,4.0,True
SUPERVSOR DE ALMACEN,SUPERVISOR ALMACENES,0.9382,26,1,160,2,,3.0,False
JEFE DE SEG. INDUSTRIAL Y AMBIENTE,COORDINADOR SEG. INDUSTRIAL Y AMBIENTE,0.9382,3,1,4,2,4.0,3.0,True
COORDINADOR DE BODEGA DE MATERIA PRIMA,RESPONSABLE DE LA BODEGA DE MATERIAS PRIMAS Y COMPRAS,0.9382,5,1,7,1,3.0,,False
TECNICO DE REPARACION DE REFRIGERADOS,TECNICO DE REFRIGERACION Y COCINAS,0.9382,1,1,26,1,2.0,2.0,False
ANALISTA COMERCIAL Y DE IMPORTACIONES,ANALISTA JR. DE IMPORTACIONES,0.9382,1,1,1,1,2.0,2.0,False
COORDINADOR INFRAESTRUCTURA,COORDINADOR DE INFRAESTRUCTURA SENIOR,0.9382,36,1,64,2,3.0,3.0,False
JEFE DE ESTRATEGIA DE PRECIOS,JEFE DE PRECIOS E INTELIGENCIA DE NEGOCIOS,0.9382,2,1,3,1,4.0,4.0,False
AYUDANTE DEL SECTOR METALMECANICO 103,AYUDANTE DEL SECTOR METALMECANICO 90,0.9382,1,1,3,1,1.0,1.0,False
COORDINADOR SERVICIOS ADMINISTRATIVOS,ASISTENTE COORDINACION ADMINISTRATIVA,0.9382,6,1,10,2,3.0,1.0,True
CHEF DE COCINA (ESTABLECIMIENTOS CATEGORIA PRIMERA,CHEF DE COCINA (ESTABLECIMIENTOS CATEGORIA LUJO),0.9382,6,1,14,8,,,False
SUBGERENTE DE MARKETING Y COMUNICACION,SUBGERENTE DE COMMS & MARKETING,0.9382,1,1,2,3,4.0,4.0,False
ASESOR DE REPUESTOS Y ACCESORIOS,ASESOR DE REPUESTOS TALLER,0.9382,1,1,1,12,,,False
SALES ADMINISTRATION COORDINATOR,COORDINATOR SALES COORDINATION,0.9382,1,1,1,8,,,False
ANALISTA DE SISTEMAS JUNIOR,ADMINISTRADOR DE SISTEMAS JUNIOR,0.9382,5,1,13,2,2.0,,False
EJECUTIVO DE NEGOCIOS,EJECUTIVO NEGOCIOS JR,0.9382,17,2,163,37,,,False
ANALISTA CALIDAD,ANALISTA DE CALIDAD Y DISENO,0.9382,162,1,890,5,2.0,2.0,False
EJECUTIVO/A DE CUENTA,EJECUTIVO DE CUENTA OPERATIVO,0.9382,3,1,58,3,,,False
ANALISTA DE NOMINA Y ADMINISTRACION,ANALISTA ADM DATOS Y NOMINA,0.9381,1,1,1,1,2.0,2.0,False
ASISTENTE DE VENTAS CORPORATIVAS,ASISTENTE COMERCIAL DE VENTAS,0.9381,4,1,5,1,1.0,1.0,False
RECEPCIONISTA CERTIFICADA (ESTABLECIMIENTOS CATEGORIA PRIMERA),RECEPCIONISTA CERTIFICADA (ESTABLECIMIENTOS CATEGORIA LUJO),0.9381,5,2,38,7,,,False
ASESOR COMERCIAL DE VENTAS,ASISTENTE COMERCIAL DE VENTAS,0.9381,41,1,885,1,,1.0,False
JEFE DE COMUNICACION,GERENTE DE COMUNICACION,0.9381,14,11,23,16,4.0,5.0,True
GERENTE SENIOR DE CONSULTORIA,SENIOR DE CONSULTORIA,0.9381,1,1,1,8,5.0,,False
GERENTE DE MANTENIMIENTO E INGENIERIA,GERENTE DE MANTENIMIENTO Y DESARROLLO,0.9381,2,1,3,2,5.0,5.0,False
GESTOR DE NEGOCIOS SENIOR,ASESOR DE NEGOCIOS SENIOR,0.9381,2,1,89,34,,,False
JEFE CONTROL CALIDAD,LIDER DE CONTROL DE CALIDAD,0.9381,88,15,160,33,4.0,,False
GERENTE SERVICIO Y TALLERES,JEFE DE SERVICIOS Y TALLERES,0.9381,2,1,3,2,5.0,4.0,True
ASISTENTE DE PRESIDENCIA EJECUTIVA,ASISTENTE ADMINISTRATIVO DE PRESIDENCIA,0.9381,11,1,18,2,1.0,1.0,False
ANALISTA DE INFORMACION,ANALISTA DE INFORMACION/RECEPCION,0.9381,18,1,59,7,2.0,2.0,False
JEFE DE INFRAESTRUCTURA Y PRODUCCION,JEFE DE INFRAESTRUCTURA Y MANTENIMIENTO,0.9381,5,4,9,7,4.0,4.0,False
LICENCIADO EN IMAGEN,LICENCIADO/A DE IMAGENES,0.9381,5,1,51,6,,,False
ANALISTA DE CALIDAD Y LABORATORIO,ANALISTA TECNICO DE CALIDAD,0.9381,3,2,5,4,2.0,2.0,False
ELECTRICISTA 2,ELECTRICISTA 3,0.9381,3,2,27,4,,,False
ANALISTA DE EFECTIVIDAD,ANALISTA EFICIENCIA,0.9381,1,1,1,1,2.0,2.0,False
DOCENTE VICERRECTORA,PROFESORA Y VICERRECTORA,0.9381,2,1,3,2,,,False
ANALISTA DE TECNOLOGIA INFORMATICA,ANALISTA INFORMATICO,0.9381,6,1,6,2,2.0,2.0,False
ASISTENTE/AUXILIAR DE SERVICIOS GENERALES,ASISTENTE DE RECEPCION Y SERVICIOES GENERALES,0.9381,304,2,2959,7,1.0,1.0,False
JEFE DE CALIDAD Y CERTIFICACION,JEFE DE CONTROL DE CALIDAD Y SUSTENTABILIDAD,0.9381,2,1,2,2,4.0,4.0,False
ASISTENTE DE ADM. DE PERSONAL,ASISTENTE DE ADMINISTRACION Y RECURSOS HUMANOS,0.9381,4,4,8,5,1.0,1.0,False
INGENIERO DE SOFTWARE JUNIOR,ANALISTA DE SOFTWARE JUNIOR,0.9381,2,1,13,2,,2.0,False
AUXILIAR COCINA,AUXILIAR DE COCINA FRIA,0.9381,49,1,431,1,1.0,1.0,False
ASISTENTE MENSAJERO,AYUDANTE DE MENSAJERIA,0.9381,2,1,4,1,1.0,1.0,False
TECNICO EN ENSAMBLAJE Y MANTENIMIENTO DE EQUIPOS DE COMPUTA,TECNICO EN MANT. EQUIPO COMPUTO,0.9381,9,1,50,1,2.0,2.0,False
GERENTE ADMINISTRATIVO FINANCIERO,GERENTE FINANCIERO Y OPERATIVO,0.9381,157,6,277,10,5.0,5.0,False
ASESOR ATENCION AL CLIENTE,REPRESENTANTE DE ATENCION AL CLIENTE,0.9381,8,7,92,30,,,False
ASISTENTE GERENCIA GENERAL,ASISTENTE GERENCIA REGIONAL,0.9381,50,3,99,5,1.0,1.0,False
ANALISTA DE SOPORTE COMERCIAL,ANALISTA SENIOR SOPORTE COMERCIAL,0.938,5,1,9,2,2.0,2.0,False
ASISTENTE PLANEACION DE LA DEMANDA,ASISTENTE DE INVENTARIO Y PLANEACION DE DEMANDA,0.938,2,1,5,1,1.0,1.0,False
COORDINADOR DE COMPRAS Y ADQUISICIONES,COORDINADOR DE INVENTARIO Y COMPRA,0.938,8,2,13,3,3.0,3.0,False
COORDINADOR ABASTECIMIENTO,COORDINADOR/A TECNICO DE ABASTECIMIENTOS,0.938,15,2,25,3,3.0,3.0,False
ASISTENTE CONTABLE Y GERENCIA,ASISTENTE CONTABLE CONTABILIDAD,0.938,2,2,3,5,1.0,1.0,False
COORDINADOR EXPERIENCIA AL CLIENTE,COORDINADOR COMERCIAL Y EXPERIENCIA AL CLIENTE,0.938,11,1,22,1,3.0,3.0,False
JEFE DE SISTEMAS INTEGRADOS,GERENTE DE SISTEMAS INTEGRADOS,0.938,4,1,6,2,4.0,5.0,True
JEFE DE PROPIEDAD INTELECTUAL,COORDINADOR DE PROPIEDAD INTELECTUAL,0.938,1,1,2,2,4.0,3.0,True
AYUDANTE DE INSTALACION,AYUDANTE DE INSTALACION CORPORATIVA,0.938,5,1,14,70,1.0,1.0,False
ASISTENTE ASEGURAMIENTO DE CALIDAD,ASISTENTE CALIDAD DE SERVICIO,0.938,17,1,65,1,1.0,1.0,False
AYUDANTE TECNICO,AYUDANTE DE SERVICIO TECNICO,0.938,21,9,319,39,2.0,2.0,False
"ASISTENTE COMERCIAL, CAJA Y LOGISTICA",ASISTENTE DE LOGISTICA Y COBRANZAS,0.938,1,1,2,1,1.0,1.0,False
CONTROLADOR DE DESCPACHO,CONTROLADOR DE DESPACHO,0.938,1,1,1,5,,,False
DIRECTOR DE COMPRAS,DIRECTOR DE COMPRAS 采购经理,0.938,4,1,9,1,5.0,5.0,False
ASESOR COMERCIAL TECNICO,ASESOR TECNICO COMERCIAL 业务员,0.938,59,1,423,3,2.0,2.0,False
OPERADOR EQUIPOS PORTUARIOS,OPERADOR OPERACIONES PORTUARIAS,0.938,1,1,18,16,1.0,1.0,False
ASISTENTE DE SUMINISTRO,AYUDANTE DE SUMINISTROS,0.938,1,1,4,16,1.0,1.0,False
COORDINADOR DE PROYECTO,CODIRECTOR DE PROYECTO,0.938,132,1,345,1,3.0,,False
SUPERVISOR DE SEGURIDAD PATRIMONIAL,ENCARGADO SEGURIDAD PATRIMONIAL,0.938,2,1,6,2,3.0,,False
ASISTENTE DE DESARROLLO ORGANIZACIONAL,ASISTENTE DE DESARROLLO Y COMUNICACION ORGANIZACIONAL,0.938,14,1,24,1,1.0,1.0,False
JEFE DE INGENIERIA DE DATOS,COORDINADOR DE INGENIERIA DE DATOS,0.9379,2,1,4,1,4.0,3.0,True
COORDINADOR PLANEAMIENTO COMERCIAL,ASISTENTE PLANIFICACION COMERCIAL,0.9379,3,2,6,7,3.0,1.0,True
COORDINADOR DE PRODUCTO A,COORDINADOR DE PRODUCTO C,0.9379,1,1,1,2,3.0,3.0,False
COORDINADOR DE ADMINISTRACION DE PERSONAL,COORDINADOR DE ADMINISTRACION DE OFICINAS DE PERSONAS Y ORGANIZACION,0.9379,2,1,3,1,3.0,3.0,False
AUXILIAR DE PROCESO,AUXILIAR PROCESOS,0.9379,10,1,27,1,1.0,1.0,False
GERENTE DE PLANIFICACION FINANCIERA,GERENTE PLANIFICACION FINANCIERA Y OD,0.9379,15,1,23,1,5.0,5.0,False
ANALISTA DE INTELIGENCIA COMERCIAL,ANALISTA DE ANALISIS COMERCIAL,0.9379,14,1,25,1,2.0,2.0,False
AUX. DE TALENTO HUMANO,2. AUXILIAR DE TALENTO HUMANO,0.9379,36,1,57,3,,1.0,False
GERENTE FINANCIERO Y OPERATIVO,GERENTE DE FINANZAS Y CONTABILIDAD,0.9379,6,1,10,2,5.0,5.0,False
ASESOR DE VENTAS,ASESOR TECNICO DE VENTAS,0.9379,41,5,885,27,,2.0,False
ASISTENTE ADMINISTRA,ASISENTE ADMINISTRATIVO,0.9379,11,4,29,13,1.0,,False
GERENTE DE TALENTO HUMANO - SSO,JEFE DE TALENTO HUMANO Y SSO,0.9379,1,1,1,1,5.0,4.0,True
GERENTE REGIONAL VENTAS COSTA,GERENTE VENTAS REGION COSTA,0.9379,3,1,9,1,5.0,5.0,False
ARQUITECTO DE SOLUCIONES,ARQUITECTO SOLUCIONES EMPRESARIALES,0.9379,13,2,65,2,,,False
COORDINADOR DE GESTION DE LA SALUD,JEFE DE GESTION DE LA SALUD,0.9379,3,2,12,8,3.0,4.0,True
JEFE DE VENTAS DE PROYECTOS,EJECUTIVO DE VENTAS DE PROYECTOS,0.9379,3,1,5,4,4.0,,False
SUBGERENTE DE PLANIFICACION ESTRATEGICA Y FINANZAS,SUBGERENTE DE PLANEACION Y PROYECTOS FINANCIEROS,0.9379,1,1,2,1,4.0,4.0,False
AYUDANTE ADMINISTRATIVA,ASSISTENTE ADMINISTRATIVE,0.9379,12,1,31,2,1.0,,False
GERENTE DE MEDIO AMBIENTE,GERENTE DE AMBIENTE Y RELACIONES COMUNITARIAS,0.9379,2,1,3,1,5.0,5.0,False
EMPLEADO/A DE LIMPIEZA,TRABAJADOR DE LIMPIEZA,0.9379,1,1,2,1,,,False
ASISTENTE ADMINISTRATIVO DE COBRANZAS,ASISTENTE ADMINISTRATIVO COBRADOR,0.9379,4,1,10,1,1.0,1.0,False
ANALISTA INFRAESTRUCTURA Y REDES,ANALISTA TECNICO INFRAESTRUCTURA,0.9379,4,1,7,1,2.0,2.0,False
SUPERVISOR GENERAL DE CALIDAD,SUPERVISOR DE GESTION DE CALIDAD Y DESARROLLO,0.9379,2,1,4,2,3.0,3.0,False
DIRECTORA CONSULTORIO JURIDICO,DIRECTORA ESTUDIO JURIDICO,0.9378,2,1,2,2,,,False
AUXILIAR_DE_BODEGA,AUXILIAR DE BODEGA 1,0.9378,2,2,7,15,,1.0,False
GERENTE Y/O AFINES,GERENTE O AFINES,0.9378,20,4,41,7,5.0,5.0,False
"GERENTE ADMINISTRACION, FINANZAS Y CONTROL",GERENTE DE ADMINISTRACION Y AUDITORIA,0.9378,3,1,4,1,5.0,5.0,False
AUXILIAR DE LOGISTICA Y COMPRAS,AUXILIAR DE LOGISTICA E INVENTARIOS,0.9378,9,1,24,8,1.0,1.0,False
ASISTENTE DE PLANTA DE BENEFICIO,AYUDANTE DE PLANTA DE BENEFICIOS,0.9378,1,1,5,20,1.0,1.0,False
ASESOR DE ADMISION,AUXILIAR DE ADMISION,0.9378,3,1,17,2,,1.0,False
ASESOR DE RRHH,ESPECIALISTA DE RRHH,0.9378,5,1,9,2,,3.0,False
SUPERVISOR TECNICO Y DE GARANTIAS,SUPERVISOR SERVICIOS Y GARANTIAS,0.9378,1,1,2,2,3.0,3.0,False
ANALISTA FINANCIERA SENIOR,ANALISTA SENIOR ESTADISTICO FINANCIERO,0.9378,10,1,16,1,2.0,2.0,False
ANALISTA CALIDAD,ANALISTA DE CALIDAD SENIOR,0.9378,162,8,890,18,2.0,2.0,False
JEFE CONTROL DE CALIDAD,JEFE TECNICO Y CALIDAD,0.9378,88,7,160,13,4.0,4.0,False
INSPECTOR DE PROCESOS,INSPECTOR DE PROCESOS Y MICROBIOLOGIA,0.9378,5,2,20,8,,,False
ANALISTA COMUNICACION Y DESARROLLO,"ANALISTA, COMUNICACIONES",0.9378,2,1,3,2,2.0,2.0,False
JEFE DE PLANIFICACION Y CONTROL PROYECTOS,JEFE DE PROYECTOS Y CONTROL INTERNO,0.9378,6,1,12,2,4.0,4.0,False
COORD. ADMINISTRATIVA,COORD. ADMINISTRATIVO GENERAL,0.9378,3,1,21,2,,,False
VENDEDOR MAYOREO,VENDEDOR POR MAYOR,0.9378,18,2,139,4,,,False
GERENTE DE LA SUCURSAL DE GUAYAQUIL,COORDINADOR SUCURSAL GUAYAQUIL,0.9378,2,1,2,2,5.0,3.0,True
JEFE DE BODEGA,JEFE DE BODEGA INDUSTRIAL,0.9378,339,1,969,2,4.0,4.0,False
ANALISTA COMERCIO EXTERIOR,ANALISTA DE COMERCIO EXTERIOR SENIOR,0.9378,8,3,22,5,2.0,2.0,False
ASESOR TECNICO JR,ASESOR TECNICO SR,0.9378,5,1,31,6,2.0,2.0,False
COORDINADOR SEGURIDAD FISICA,DIRECTOR DE SEGURIDAD FISICA,0.9378,28,1,56,1,3.0,5.0,True
JEFE DE PROCESOS,RESPONSABLE DE PROCESOS,0.9378,40,6,70,8,4.0,,False
OPERADOR DE BALANZA,OPERADOR DE BALANZA P1,0.9377,3,1,18,1,1.0,1.0,False
SUPERVISOR DE OBRA Y MANTENIMIENTO,SUPERVISOR DE MANTENIMIENTO DE EDIFICIOS,0.9377,2,1,2,2,3.0,3.0,False
ASISTENTE DE RECURSOS HUMANOS,AUXILIAR RECURSOS HUMANOS,0.9377,194,20,421,29,1.0,1.0,False
JEFE DE AREA DE PRODUCCION,JEFE DE PRODUCCION - A,0.9377,3,1,5,3,4.0,4.0,False
JEFE DE CALIDAD Y PROCESO,JEFE AREA DE CALIDAD,0.9377,11,3,19,6,4.0,4.0,False
COORDINADOR DE CONTROL DE GESTION HR,COORDINADOR DE HR/ADMIN,0.9377,1,1,2,2,3.0,3.0,False
GERENTE CREDITO Y COBRANZAS,GERENTE DE CREDITO,0.9377,8,4,14,6,5.0,5.0,False
COORDINADOR DE BODEGA GENERAL,COORDINADOR DE BODEGA Y DESPACHO,0.9377,3,2,5,3,3.0,3.0,False
SUPERVISOR DE MANTENIMIENTO T,SUPERVISOR DE MANTENIMIENTO IN,0.9377,2,1,2,2,3.0,3.0,False
BODEGUERO REPUESTOS,BODEGUERO DE REPUESTOS Y SUMINISTROS,0.9377,8,1,16,2,,,False
ADMINISTRADOR DE BASE DE DATOS,LIDER DE ADMINISTRACION DE BASE DE DATOS,0.9377,56,1,113,2,,,False
CINTA DE RE-INSPECCION PROCESO L3,CINTA DE RE-INSPECCION EMPAQUE L3,0.9377,1,1,3,6,,,False
ASISTENTE ADMINISTRATIVO I,ASITENTE /AUXILIAR ADMINISTRATIVO,0.9377,14,1,70,3,1.0,1.0,False
ANALISTA COMERCIAL Y DE IMPORTACIONES,ANALISTA DE OPERACIONES IMPORT,0.9377,1,1,1,1,2.0,2.0,False
JEFE DE PROYECTOS Y GESTION DE PROCESOS,JEFE DE PROYECTOS Y CONTROL INTERNO,0.9377,15,1,23,2,4.0,4.0,False
GERENTE DE PREVENCION DE FRAUDES,LIDER DE PREVENCION DE FRAUDES,0.9377,2,1,2,1,5.0,,False
JEFE DE VENTAS INDUSTRIAL,DIRECTOR DE VENTAS INDUSTRIALES,0.9377,3,1,5,2,4.0,5.0,True
INFUSIONISTA MALL DEL SOL,INFUSIONISTA MALL DE LOS ANDES,0.9377,1,1,6,2,,,False
AUXILIAR DE LA DIRECCION ADMINISTRATIVA FINANCIERA,DIRECTORA FINANCIERA ADMINISTRATIVA/PROFESORA TITULAR AUXILIAR,0.9377,2,1,3,2,1.0,1.0,False
SUPERVISOR DE MATERIA PRIMA,SUPERVISOR DE BODEGA DE MATERIA PRIMA,0.9377,7,7,14,12,3.0,3.0,False
ANALISTA DE INFORMACION COMERCIAL,ANALISTA DE DATOS COMERCIAL,0.9376,4,3,6,3,2.0,2.0,False
AYUDANTE DE MAQUINARIA,AYUDANTE DE MAQUINARIA / INSTRUMENTISTA,0.9376,47,2,751,6,1.0,1.0,False
COORDINADOR DE PROCESOS,RESPONSABLE DE PROCESOS,0.9376,51,6,109,8,3.0,,False
MAINTENANCE SUPERVISOR,MAINTENANCE EXECUTION SUPERVISOR (M),0.9376,2,1,6,4,3.0,3.0,False
SUPERVISOR DE MATERIA PRIMA,SUPERVISOR E&E DE MATERIA PRIMA,0.9376,7,1,14,2,3.0,3.0,False
EJECUTIVO DE EXPERIENCIA AL CLIENTE E*,EJECUTIVO DE EXPERIENCIA DEL CLIENTE CORPORATIVO,0.9376,1,1,9,38,,,False
JEFE DE GESTION OPERATIVA,DIRECTOR DE GESTION OPERATIVA,0.9376,2,1,4,3,4.0,5.0,True
ASISTENTE DE CONTROL,ASISTENTE DE CONTROL DE C,0.9376,4,2,7,3,1.0,1.0,False
OPERADOR DE CABINA,OPERADOR CABINA DE CONTRO,0.9376,1,1,16,15,1.0,1.0,False
ASISTENTE DE NEGOCIOS,ASESOR DE NEGOCIOS,0.9376,31,28,236,922,1.0,,False
JEFE DE COMUNICACION & MARKETING,JEFE DE COMUNICACION,0.9376,15,14,24,23,4.0,4.0,False
COORDINADOR DE SEGURIDAD INFORMATICA,SUBGERENTE DE SEGURIDAD INFORMATICA,0.9376,2,1,3,1,3.0,4.0,True
GERENTE DE PROYECTOS,GESTOR DE PROYECTO,0.9376,110,12,196,37,5.0,,False
AUXILIAR DE LOGISTICA Y MANTENIMIENTO,AUXILIAR DE LOGISTICA Y LIMPIEZA,0.9376,3,1,20,81,1.0,1.0,False
ASISTENTE 2 ADMINISTRATIVO,ASISTENTE ADMINISTRATIVO 3,0.9376,17,4,45,10,1.0,1.0,False
SUPERVISOR ADMINISTRATIVO Y DE NEGOCIOS,SUPERVISOR ADMINISTRATIVO Y DE COMPRAS,0.9376,1,1,1,1,3.0,3.0,False
SUPERVISOR DE MANTENIMIENTO (MECANICO),SUPERVISOR DE MANTENIMIENTO IN,0.9376,16,1,28,2,3.0,3.0,False
SUPERVISOR DE PLANIFICACION,SUPERVISOR DE PLANIFICACION DE OPERACIONES,0.9376,3,1,5,2,3.0,3.0,False
ASISTENTE SERVICIO AL CLIENTE Y OPERACIONES,AGENTE DE SERVICIO AL CLIENTE Y OPERACIONES,0.9376,3,1,8,1,1.0,,False
AYUDANTE DE DESPACHO,ASISTENTE DE DESPACHO,0.9376,12,11,118,24,1.0,1.0,False
COORDINADOR DE NEGOCIOS,COORDINADOR DE NEGOCIOS INTERNACIONALES,0.9376,16,2,79,2,3.0,3.0,False
INSPECTOR DE PROCESOS,INSPECTOR(A) / CALIDAD EN PROCESO,0.9376,5,2,20,13,,,False
COORDINADOR INFRAESTRUCTURA,COORDINADOR DE OPERACIONES E INFRAESTRUCTURA,0.9376,36,1,64,2,3.0,3.0,False
JEFE ADMINISTRATIVO COMERCIAL,JEFE ADMINISTRATIVO DE NEGOCIOS,0.9376,7,1,21,2,4.0,4.0,False
JEFE SEGURIDAD ELECTRONICA,JEFA SEGURIDAD ELECTRONICA,0.9376,3,1,4,1,4.0,,False
ASISTENTE FACTURACION Y RECAUDACION,ASISTENTE DE FACTURACION Y FINANZAS,0.9376,2,2,2,4,1.0,1.0,False
JEFE DE CONTABILIDAD Y COBRANZAS,JEFE DE CONTABILIDAD Y REPORTING,0.9376,1,1,2,1,4.0,4.0,False
ASISTENTE FINANZAS,AUXILIAR DE FINANZAS,0.9375,8,4,37,11,1.0,1.0,False
ASISTENTE TECNICO DE MANTENIMIENTO,ASISTENTE DE MANTENIMIENTO GENERAL,0.9375,6,3,14,28,2.0,1.0,True
GERENTE DE DESARROLLO HUMANO Y ORGANIZACIONAL,GERENTE DE DESARROLO ORGANIZACIONAL E INNOVACION,0.9375,4,1,9,1,5.0,5.0,False
SUPERVISOR CALIDAD,SUPERVISOR DE CALIDAD Y DISENO,0.9375,146,1,618,2,3.0,3.0,False
GERENTE COMERCIAL ACUICOLA,GERENTE DE VENTAS ACUICOLA,0.9375,1,1,2,2,5.0,5.0,False
ANALISTA COMERCIAL Y DE IMPORTACIONES,ANALISTA DE IMPORTACIONES Y COMPRAS LOCALES,0.9375,1,1,1,6,2.0,2.0,False
JEFE DE TIENDA,MANAGER DE TIENDA,0.9375,17,1,613,5,4.0,,False
MATERIAL PLANNER,MASTER MATERIAL PLANNER,0.9375,1,1,1,1,,,False
ASISTENTE DE GESTION DOCUMENTAL,ANALISTA DE GESTION DOCUMENTAL,0.9375,11,4,49,7,1.0,2.0,True
COORDINADOR DE REDES Y COMUNICACIONES,COORDINADOR DE REDES Y SEGURIDAD,0.9375,2,1,4,1,3.0,3.0,False
COORDINADOR PROCESOS,DIRECTOR DE PROCESOS,0.9375,51,1,109,1,3.0,5.0,True
ANALISTA DE CLIENTE,ANALISTA EXCELENCIA AL CLIENTE,0.9375,2,1,3,3,2.0,2.0,False
ASISTENTE DE BASE DE DATOS Y SISTEMAS,ASISTENTE DE BASE DE DATOS Y DESARROLLO,0.9375,1,1,4,2,1.0,1.0,False
COORDINADOR RETAIL,COORDINADOR VENTAS RETAIL,0.9375,3,2,6,2,3.0,3.0,False
ASISTENTE GERENCIA COMERCIAL,ASISTENTE DE DIRECCION COMERCIAL,0.9375,11,3,25,5,1.0,1.0,False
OPERARIO PROPAGACION,OPERARIO/A DE PROPAGACION,0.9375,1,1,1,15,1.0,1.0,False
SOUS CHEF DE COCINA (ESTABLECIMIENTOS CATEGORIA TERCERA Y CUARTA),SOUS CHEF DE COCINA (ESTABLECIMIENTOS CATEGORIA LU,0.9375,2,1,5,1,,,False
GERENTE DE OPERACIONES,GERENTE DE OPERACIONES CA,0.9375,406,1,694,2,5.0,5.0,False
EJECUTIVO COMPRAS (LOCALES),EJECUTIVO COMPRAS,0.9375,2,2,10,4,,,False
JEFE TECNICA,JEFE DE TECNICOS,0.9375,98,2,222,2,4.0,4.0,False
GERENTE DE GENERAL,GERENTE_GENERAL,0.9375,774,3,1320,6,5.0,,False
JEFE DE ASUNTOS REGULATORIOS Y CALIDAD,SUPERVISOR CALIDAD Y REGULATORIOS,0.9375,3,2,6,4,4.0,3.0,True
ASISTENTE GESTION CALIDAD,ASISTENTE ADMINISTRATIVO CALIDAD,0.9375,8,2,23,3,1.0,1.0,False
GERENTE DE TECNOLOGIA E INTELIGENCIA DE NEGOCIOS,GERENTE DE DESARROLLO DE NEGOCIOS E INNOVACION TECNOLOGICA,0.9375,1,1,1,2,5.0,5.0,False
VISITADOR MEDICO CARDIOMETA B SIERRA,VISITADOR MEDICO CARDIO CLIICA SIERRA,0.9375,1,1,27,3,,,False
CONTADOR FRANQUICIADOS,CONTADOR DE FRANQUICIAS,0.9374,1,1,1,1,,,False
ASISTENTE/AUXILIAR DE SERVICIOS GENERALES,AUXILIAR DE SERVICIOS EN GENERAL (GESTACION),0.9374,304,1,2959,5,1.0,1.0,False
OPERADOR DE MAQUINARIA PESADA 2,OPERADOR DE EQUIPO PESADO II,0.9374,1,1,32,35,1.0,1.0,False
CONTADOR (CON TITUTLO DE BACHILLER EN CONTABILIDAD),CONTADOR (CON TITUTLO DE BACHILLER EN CONTABILIDAD Y 2 ANOS DE EXPERIENCIA EN LABORES COMO ASISTENTE DE CONTABILIDAD),0.9374,8,1,14,2,,1.0,False
ASISTENTE DE CONTROL DE GESTION,ASISTENTE DE CONTROL,0.9374,5,4,19,7,1.0,1.0,False
COORDINADOR LOGISTICA NACIONAL,COORDINADOR 2 NACIONAL DEL LOGISTICA,0.9374,5,1,9,1,3.0,3.0,False
ASISTENTE DE COMUNICACION INTERNA,COORDINADOR DE COMUNICACION INTERNA,0.9374,7,7,13,10,1.0,3.0,True
INGENIERO EN ELECTRONICA Y TELECOMUNICACIONES,INGENIERO DE COMUNICACIONES,0.9374,2,1,4,3,,,False
JEFE DE CALIDAD Y SISTEMAS DE GESTION,JEFE DE CONTROL DE CALIDAD Y SUSTENTABILIDAD,0.9374,8,1,13,2,4.0,4.0,False
AYUDANTE DE TESORERIA,AYUDANTE DE TESORERIA 4,0.9374,20,1,43,1,1.0,1.0,False
MECANICO DE FABRICA,MECANICO DE PRODUCCION,0.9374,1,1,8,16,,,False
SUPERVISOR ASEG DE CALIDAD,JEFE DE ASEG DE CALIDAD Y,0.9374,146,1,618,2,3.0,4.0,True
PRESIDENTA,PRESIDENCIA,0.9374,21,7,30,12,,,False
COORDINADOR INNOVACION,COORDINADOR DE MEJORAMIENTO E INNOVACION,0.9374,11,1,17,1,3.0,3.0,False
CONSEJE RESIDENTE,ADM. CONSERJE RESIDENTE,0.9374,8,1,49,2,,,False
ASISTENTE DE CREDITO,ASISTENTE DE CREDITO Y FINANZAS,0.9374,72,2,274,3,1.0,1.0,False
COORDINADOR DE INFRAESTRUCTURA Y REDES,COORDINADOR(A) DE INFRAESTRUCTURA INFOR.,0.9374,5,1,8,2,3.0,3.0,False
AUXILIAR CONTA,ASISTENTE CONTA,0.9374,1,1,2,2,1.0,1.0,False
ASISTENTE FINANCIERA ONLINE,COORDINADORA FINANCIERA ONLINE,0.9374,1,1,3,2,1.0,,False
GERENTE REGIONAL SIERRA (AUT),GERENTE REGIONAL SIERRA / AUSTRO,0.9374,1,1,3,4,5.0,5.0,False
ASISTENTE AUXILIAR SERVICIOS EN GENERAL,ASESOR DE SERVICIOS GENERALES,0.9374,153,1,553,2,1.0,,False
JEFE DE INMUEBLES,JEFE DE INMOBILIARIO,0.9373,2,1,3,2,4.0,4.0,False
OPERADOR DE PORTACONTENEDOR,OPERADOR DE MAQUINA PORTACONTENEDOR,0.9373,10,2,142,2,1.0,1.0,False
ASISTENTE DE CLIENTES Y SERVICIOS,ASESOR ATENCION AL CLIENTE,0.9373,87,8,386,92,1.0,,False
ANALISTA DE INFRAESTRUCTURA Y SEGURIDAD,ANALISTA DE INFRAESTRUCTURA Y COM,0.9373,2,1,2,2,2.0,2.0,False
ASISTENTE DE TECNOLOGIA,ASISTENTE DE INFORMACION Y TECNOLOGIA,0.9373,21,19,85,39,1.0,1.0,False
ASISTENTE DE NOMINA Y GESTION DEL PERSONAL,ANALISTA DE NOMINA Y GESTION DE PERSONAL,0.9373,2,1,2,1,1.0,2.0,True
AUXILIAR DE PRENSAS OFFSET,OPERADOR DE PRENSAS OFFSET,0.9373,1,1,10,10,1.0,1.0,False
COORDINADOR DE TH,COORDINADORA T.H,0.9373,20,1,31,1,3.0,,False
COORDINADOR SHEQ-SGI CLTC,COORDINADOR SHEQ-SGI LQSA,0.9373,1,1,2,2,3.0,3.0,False
ASISTENTE ADMINISTRATIVA Y CONTABLE,ASISTENTE CONTABLE Y DE AUDITORIA,0.9373,16,3,31,14,1.0,1.0,False
COORDINADOR SEGURIDAD FISICA,GERENTE DE SEGURIDAD FISICA,0.9373,28,8,56,16,3.0,5.0,True
ASISTENTE TECNICO Y ADMINISTRA,ASISTENTE DE DEPARTAMENTO TECNICO,0.9373,14,2,30,4,2.0,2.0,False
TEC. MANT PRINCIPAL,TECNICO MANT PRINCIPAL,0.9373,1,1,1,4,,2.0,False
COORDINADOR/A DE PLANEACION DE ABASTECIMIENTO,COORDINADOR/A TECNICO DE ABASTECIMIENTOS,0.9373,3,2,8,3,3.0,3.0,False
AUXILIAR DE METALMECANICA CON EXPERIENCIA,AUXILIAR AYUDANTE METALMECANICA,0.9373,12,4,91,61,1.0,1.0,False
ANALISTA DE COMUNICACION INTERNA,ANALISTA DE COMUNICACIONES INTERNAS - MEDIOS DIGITALES,0.9373,10,1,15,3,2.0,2.0,False
OPERADOR CABINA DE CONTROL,OPERADOR DE CABINA,0.9373,2,1,34,16,1.0,1.0,False
COORDINADORA DE CAPACITACION Y DESARROLLO,COORDINADORA DE CAPACITACION Y ENTRENAMIENTO,0.9373,2,1,3,2,,,False
JEFE DE INSTALACIONES,JEFE DE INGENIERIA DE INSTALACION,0.9373,5,2,8,7,4.0,4.0,False
ANALISTA COMERCIO EXTERIOR,ANALISTA DE COMERCIO EXTERIOR Y COMPRAS,0.9373,8,6,22,11,2.0,2.0,False
INGENIERO INSPECTOR DE PROYECTOS 216,INGENIERO INSPECTOR DE PROYECTOS 146,0.9373,1,1,4,1,,,False
"JEFE DE INVESTIGACION, DESARROLLO E INNOVACION","JEFE DE INVESTIGACION, DESARROLLO Y SOPORTE TECNICO",0.9373,3,1,8,1,4.0,4.0,False
ASESOR COMERCIAL,ASESOR COMERCIAL GY,0.9372,414,4,9435,18,,,False
ANALISTA DE COMPRAS,ANALISTA DE COMPRAS JR,0.9372,199,5,544,11,2.0,2.0,False
ASISTENTE DE PAGOS LOGISTICOS,ASISTENTE DE LOGISTICA MEDIOS DE PAGO,0.9372,2,1,15,4,1.0,1.0,False
ASISTENTE DE COORDINACION TECNICA DE PROCESOS ACADEMICOS,COORDINADOR DE PROCESOS ACADEMICOS,0.9372,1,1,2,2,1.0,3.0,True
ANALISTA MICROBIOLOGIA,ANALISTA DE MICROBIOLOGIA JUNIOR,0.9372,30,1,64,5,2.0,2.0,False
COORDINADOR DE PROYECTO,DIRECTOR DE PROYECTO,0.9372,132,5,345,6,3.0,5.0,True
SUPERVISOR DE PLANEACION,SUPERVISOR DE PLANEAMIENT,0.9372,11,1,25,1,3.0,3.0,False
FISIOTERAPISTA AUXILIAR MEDICO,ASISTENTE FISIOTERAPEUTA,0.9372,1,1,3,2,1.0,1.0,False
COORDINACION VENTAS,COORD. DE VENTAS,0.9372,14,1,39,4,,,False
SUPERVISOR DE TRANSPORTE DE LARVAS,SUPERVISOR DE DESPACHO Y ABASTECIMIENTO DE LARVAS,0.9372,4,1,13,1,3.0,3.0,False
ASISTENTE CONTABILIDAD II,ASISTENTE CONTABILIDAD GENERAL,0.9372,7,2,18,9,1.0,1.0,False
ASISTENTE DE POSTCOSECHA,OPERARIO/A DE POSTCOSECHA,0.9372,9,3,16,564,1.0,1.0,False
ANALISTA DE PLANIFICACION ESTRATEGICA,ANALISTA DESARROLLO ESTRATEGICO,0.9372,3,2,5,2,2.0,2.0,False
ASISTENTE DE FLOTAS,ASESOR DE FLOTAS,0.9372,14,2,44,3,1.0,,False
RESPONSABLE DE EJECUCION DE VENTAS,RESPONSABLE DE VENTAS,0.9372,1,1,1,31,,,False
COORDINADOR DE PROYECTOS Y SERVICIOS,COORDINADOR PROD. Y SERVICIOS,0.9372,2,1,15,1,3.0,3.0,False
OPERARIO/A DE MANTENIMIENTO,OPERARIO DE MANTENIMIENTO ELECTRICO,0.9372,4,3,103,4,1.0,1.0,False
JEFE DE SEGURIDAD INDUSTRIAL Y AMBIENTE,JEFE SEGURIDAD INDUSTRIAL Y MEDIO AMBIEN,0.9372,14,1,24,2,4.0,4.0,False
JEFE DE INFRAESTRUCTURA TECNOLOGICA,JEFE DE INFRAESTRUCTURA IT,0.9372,7,2,12,3,4.0,4.0,False
ANALISTA DE TECNOLOGIA SENIOR,ANALISTA TECNICO SENIOR,0.9372,2,1,3,6,2.0,2.0,False
JEFE DE CIBERSEGURIDAD,JEFE CIBERINTELIGENCIA,0.9372,3,1,4,1,4.0,4.0,False
JEFE DE INFRAESTRUCTURA Y MANTENIMIENTO,COORDINADOR DE MANTENIMIENTOS E INFRAESTRUCTURA,0.9372,4,2,7,3,4.0,3.0,True
LIDER DE LOGISTICA,LIDER DE OPERACION LOGISTICA,0.9372,9,2,17,9,,,False
JEFE DE OPERACIONES TI,JEFE IT OPERACIONES,0.9372,2,2,3,2,4.0,4.0,False
ANALISTA CONTABLE Y DE TESORERIA,ASISTENTE CONTABLE Y TESORERIA,0.9372,2,1,2,1,2.0,1.0,True
ASISTENTE ADM FINANCIERO,ASISTENTE FINANZAS,0.9372,47,8,98,37,1.0,1.0,False
AYUDANTE SERVICIO TECNICO,ASISTENTE SERVICIO TECNIC,0.9372,9,1,39,6,2.0,1.0,True
JEFE DE CONTROL DE CALIDAD EN PRODUCCION,JEFE DE CONTROL DE CALIDAD Y SUSTENTABILIDAD,0.9372,4,1,7,2,4.0,4.0,False
MECANICO DE SERVICIO (MOTORIZADO),MECANICO DE SERVICIOS,0.9371,1,1,15,48,,,False
JEFE ATENCION A CLIENTES,JEFE DE SERVICIO AL CLIENTE Y OPERACIONES,0.9371,11,1,20,1,4.0,4.0,False
ASISTENTE DE SISTEMATIZACION,COORDINADORA DE SISTEMATIZACION,0.9371,2,1,3,1,1.0,,False
COMMERCIAL ACCOUNT MANAGER,COMMERCIAL KEY ACCOUNT MANAGER,0.9371,1,1,1,1,,,False
"ELECTRICISTA, MECANICO DE EQUIPOS ESPECIALIZADOS PROPIOS DE LA INDUSTRIA",TECNOLOGO ELECTRICISTA DE EQUIPOS INDUSTRIALES,0.9371,6,1,23,2,,,False
VICEPRESIDENTE OPERACIONES,VICEPRESIDENTE OPERATIVO,0.9371,1,1,2,1,5.0,5.0,False
JEFE DE SISTEMA,JEFE DE SISTEMAS Y C,0.9371,276,1,495,1,4.0,4.0,False
OFICIAL CUMPLIMIENTO SUPLENTE,OFICIAL CUMPLIMIENTO PRINCIPAL,0.9371,52,1,92,2,,,False
AUXILIAR DE GESTION DOCUMENTAL,AUXILIAR DE DOCUMENTACION,0.9371,7,6,33,9,1.0,1.0,False
COORDINADOR DE PROCESOS Y PROYECTOS,COORDINADOR DE PLANIFICACION Y PROYECTOS,0.9371,6,5,8,6,3.0,3.0,False
COORDINADOR CIBERSEGURIDAD,GERENTE DE CIBERSEGURIDAD,0.9371,6,2,8,3,3.0,5.0,True
JEFE DE PRESUPUESTO Y PLANIFIC,JEFE DE PLANEACION Y PROYECTOS,0.9371,6,6,9,12,4.0,4.0,False
COORDINADOR DE INVESTIGACIO Y DESARROLLO,DIRECTOR DE INVESTIGACION Y DESARROLLO,0.9371,15,7,36,12,3.0,5.0,True
GERENTE DE FINANZAS,GERENTE FINANCIERO Y OPERATIVO,0.9371,23,6,37,10,5.0,5.0,False
ANALISTA DE INFRAESTRUCTURA Y COM,ANALISTA TECNICO INFRAESTRUCTURA,0.9371,1,1,2,1,2.0,2.0,False
COORDINADOR DE MARKETING Y SERVICIO AL CLIENTE,COORDINADOR COMERCIAL DE SERVICIO AL CLIENTE,0.9371,2,2,4,17,3.0,3.0,False
COORDINADOR (A) PROYECTOS,COORDINADOR DE CONTROL DE PROYECTOS,0.9371,132,1,345,2,3.0,3.0,False
DIRECTOR DE PROCESOS Y AUTOMATIZACION,JEFE DE AUTOMATIZACION Y PROCESOS,0.9371,1,1,2,2,5.0,4.0,True
OPERADOR TRACTOR AGRICOLA,OPERADOR TRACTOR IMPLEMENTOS AGRICOLAS,0.9371,2,1,5,8,1.0,1.0,False
JEFE PROCESO LINEA 3,JEFE PROCESO LINEA 2,0.9371,1,1,1,1,4.0,4.0,False
ASISTENTE TECNICA,ASISTENTE ADMIN. TECNICA,0.9371,11,2,28,2,1.0,1.0,False
JEFE DE CALIDAD Y PROCESO,"JEFE DE CALIDAD, SEGURIDAD Y MEDIO AMBIENTE",0.937,11,3,19,4,4.0,4.0,False
LIDER DE OPERACIONES DE TRANSPORTE,JEFE DE OPERACIONES Y TRANSPORTE,0.937,2,2,3,5,,4.0,False
JEFE DE REPUESTOS,JEFE ZONAL DE REPUESTOS,0.937,23,2,59,6,4.0,4.0,False
AUXILIAR DE SERVICIOS GENERALES-CHOFER,CHOFER - AUX. SERVICIOS GENERALES,0.937,2,1,4,1,1.0,,False
ANALISTA SENIOR GESTION DE RIESGOS Y CUMPLIMIENTO,ANALISTA DE RIESGOS SENIOR,0.937,1,1,4,2,2.0,2.0,False
ASISTENTE DE INGENERIA,ASISTENTE INGENIERIA Y MANTENIMIENTO,0.937,28,3,112,13,1.0,1.0,False
LIDER DE FACTURACION,LIDER DE FACTURACION CREDITO Y COBRANZA,0.937,3,1,4,1,,,False
ANALISTA DE PROCESO Y MEJORA CONTINUA,ASISTENTE DE PROCESOS Y MEJORA CONTINUA,0.937,7,2,16,6,2.0,1.0,True
EJECUTIVO DE VENTAS DE PROYECTOS,COORDINADOR DE VENTAS PROYECTOS,0.937,1,1,4,1,,3.0,False
JEFE DE VENTAS,JEFE DE VENTAS (NT),0.937,356,1,1109,2,4.0,4.0,False
MERCHANT OPERATIONS SUPERVISOR,MERCHANT OPERATIONS MANAGER,0.937,1,1,2,2,3.0,,False
ASISTENTE ADM & RRHH,ASISTENTE ADM Y RRHH,0.937,2,2,4,4,1.0,1.0,False
"TRABAJADOR ACUICOLA (INCLUYE OPERADOR DE BOMBA DE AGUA, DIUR",TRABAJADOR ACUICOLA INCLUYE OPERADOR DE BOMBA DE AGUA,0.937,2,1,5,2,1.0,1.0,False
JEFE ADMINISTRACI,JEFE ADMINISTRATIVOS.,0.937,3,1,4,2,4.0,4.0,False
ANALISTA DE SELECCION,ANALISTA DE SELECCION / DESARR,0.937,39,2,79,3,2.0,2.0,False
GESTION DE PROYECTOS,GERENCIA DE PROYECTOS,0.937,1,1,2,2,,,False
ANALISTA DE ADQUISICIONES,ANALISTA DE ADQUISICIONES DE OBRA,0.937,14,1,44,2,2.0,2.0,False
AUX. DE SERVICIOS GENERALES,AUX SERVICIO GENERALES,0.9369,13,5,89,48,,,False
OPERADOR DE GRUA 90 TON,OPERADOR DE GRUA 140 TON,0.9369,1,1,13,2,1.0,1.0,False
ANALISTA DE NOMINA Y GESTION DE PERSONAL,ANALISTA DE CONTRATACION Y ADMINISTRACION DE PERSONAL,0.9369,1,1,1,1,2.0,2.0,False
GERENTE DE GENTE Y CULTURA,GERENTE DE GESTION HUMANA Y CULTURA,0.9369,2,1,4,2,5.0,5.0,False
COBRADOR RECAUDADOR,COBRADOR/RECAUDADOR/FACTURADOR,0.9369,18,9,74,25,,,False
JEFE DE CONVENIOS,JEFE REGIONAL DE CONVENIOS,0.9369,6,1,17,2,4.0,4.0,False
JEFE DE LEGAL,JEFE ADMINISTRATIVO LEGAL,0.9369,5,2,9,4,4.0,4.0,False
JEFE DE IMPORTACIONES Y POST VENTA,JEFE DE OPERACIONES IMPORTACION,0.9369,1,1,2,2,4.0,4.0,False
VENDEDOR AUTOVENTA B,VENDEDOR ENTREGADOR AUTOVENTA,0.9369,1,1,3,6,,,False
ANALISTA DE COMUNICACION INTERNA,ANALISTA DE COMUNICACION ORGANIZACIONAL,0.9369,10,1,15,3,2.0,2.0,False
JEFE DE ANALISIS DE DATOS,RESPONSABLE DE ANALISIS DE DATOS,0.9369,5,1,8,1,4.0,,False
JEFE DE CALIDAD PROCESO L3,JEFE CALIDAD/EMPAQUE L3,0.9369,1,1,1,1,4.0,4.0,False
TECNICO DE PLANTA,ASISTENTE TECNICO DE PLANTA,0.9369,7,1,134,1,2.0,2.0,False
MECANICO DE MANTENIMIENTO,MECANICO MANTENIMIENTO,0.9369,25,6,125,90,,,False
JEFE DE OPERACIONES DE POSTCOSECHAS,JEFE DE OPERACIONES DE POSTCOSECHAS FV,0.9369,2,1,4,1,4.0,4.0,False
ASISTENTE MESA DE SERVICIO,ASISTENTE MESA DE AYUDA,0.9369,4,3,10,10,1.0,1.0,False
JEFE VENTAS IMPORTACION GYE,JEFE DE VENTAS GYE,0.9369,1,1,1,2,4.0,4.0,False
COORDINADOR TECNICO DE POST VENTA,ASESOR TECNICO COMERCIAL DE POST VENTA,0.9368,1,1,2,1,3.0,2.0,True
GERENTE DE OPERACIONES TI,GERENTE OPERACIONES TIC,0.9368,2,1,3,2,5.0,5.0,False
SUBGERENTE DE PLANIFICACION ESTRATEGICA Y FINANZAS,SUBGERENTE DE PLANEAMIENTO FINANCIERO Y CONTROL DE GESTION,0.9368,1,1,2,2,4.0,4.0,False
COORDINADOR DE DISTRIBUCI,COORDINADOR DE DISTRIBUCION JR.,0.9368,19,1,61,2,3.0,3.0,False
TECNICO DE SEGURIDAD INDUSTRIAL Y AMBIENTE,TECNICO SEGURIDAD INDUSTRIAL Y FISICA,0.9368,4,2,5,7,2.0,2.0,False
JEFE ADMINISTRACION,JEFE ADMINISTRATIVOS.,0.9368,107,1,356,2,4.0,4.0,False
TECNICO DE GRANJA,ASISTENTE TECNICO DE GRANJA,0.9368,2,1,7,2,2.0,2.0,False
AYUDANTE DE MANTENIMIENTO ELECTRICO,AYUDANTE DE MANTENIMIENTO ELEC,0.9368,2,1,11,10,1.0,1.0,False
COORDINADOR DE PRECIOS,COORDINADOR JUNIOR DE PRECIOS,0.9368,1,1,2,1,3.0,3.0,False
CHOFER DESPACHOS,CHOFER DESPACHO,0.9368,1,1,2,13,,,False
JEFE DE SEGURIDAD INFORMATICA,SUBGERENTE DE SEGURIDAD INFORMATICA,0.9368,1,1,1,1,4.0,4.0,False
ASISTENTE COBRANZAS,ASISTENTE DE COBROS,0.9368,169,3,791,6,1.0,1.0,False
SUPERVISOR DE RIEGO Y FERTILIZACION,SUPERVISOR DE MANTENIMIENTO Y RIEGO,0.9368,1,1,2,1,3.0,3.0,False
ANALISTA DE MARKETING SENIOR,ANALISTA SENIOR MARKETING,0.9368,4,1,10,4,2.0,2.0,False
CHOFER TIPO E,CHOFER TIPO C,0.9368,3,2,16,42,,,False
OPERARIO PRODUCCION LIMPIEZA,OPERARIO DE LIMPIEZA E HIGIENE,0.9368,3,1,15,2,1.0,1.0,False
AGENTE DE CALL CENTER,ANALISTA DE CALL CENTER,0.9368,4,2,43,3,,2.0,False
ANALISTA DE PLANIFICACION ESTRATEGICA,COORDINADOR DE PLANIFICACION ESTRATEGICA,0.9368,3,3,5,4,2.0,3.0,True
GESTOR DE OPERACIONES,GESTOR OPERATIVO DE GERENCIA,0.9368,7,1,80,1,,,False
ASISTENTE DE LIMPIEZA,ADMINISTRATIVA/AUXILIAR DE LIMPIEZA,0.9368,128,1,572,2,1.0,1.0,False
SECRETARIA ADMINISTRATIVA,SECRETARIA DE GERENCIA ADMINISTRATIVA,0.9368,18,1,54,1,,,False
GERENTE DE PROGRAMAS Y PROYECTOS,GERENTE DE PROYECTOS Y SERVICIOS,0.9368,4,2,7,5,5.0,5.0,False
OFICIAL DE CUMPLIMIENTO (SUPLENTE),OFICIAL DE CUMPLIMIENTO 1,0.9368,52,2,92,3,,,False
ASISTENTE DEL SUPERVISOR DE PRODUCCION,ASISTENTE DE PRODUCCION EJECUTIVA,0.9368,1,1,9,5,3.0,1.0,True
COORDINADOR CREDITO,COORDINADOR DE CREDITO Y CARTERA,0.9368,80,3,147,9,3.0,3.0,False
ANALISTA ADM Y DE COMPRAS,ANALISTA COMPRAS Y CONTRATACIONES,0.9368,5,2,13,3,2.0,2.0,False
ASISTENTE DE FACTURACION Y ATENCION AL C,ASISTENTE DE FACTURACION Y DISTRIBUCION,0.9368,1,1,1,2,1.0,1.0,False
PROFESORA DEL NIVEL EGB ELEMENTAL Y MEDIA,PROFESORA DE INGLES DEL NIVEL EGB ELEMENTAL Y MEDIA,0.9368,1,1,22,22,,,False
AUXILIAR EN GENERAL EN SERVICIOS DE VENTAS,AUXILIARES EN GENERAL DE VENTAS,0.9368,2,1,3,2,1.0,1.0,False
ANALISTA 2 DE INVESTIGACION Y DESARROLLO QUIMICOS,ANALISTA 2 DE INVESTIGACION Y DESARROLLO,0.9368,1,1,2,2,2.0,2.0,False
ANALISTA DE SERVICIOS EN TIERRA,ANALISTA DE SERVICIOS DE CAMPO,0.9368,1,1,1,5,2.0,2.0,False
GERENTE COMERCIAL Y ADMINISTRATIVO,GERENTE GENERAL Y GERENTE COMERCIAL,0.9368,5,1,6,2,5.0,5.0,False
JEFE DE VENTAS DE REPUESTOS Y ACCESORIOS,JEFE DE REPUESTOS Y ACCESORIOS,0.9368,1,1,1,2,4.0,4.0,False
AYUDANTE DEL SECTOR METALMECANICO 103,AYUDANTE DEL SECTOR METALMECANICO 141,0.9368,1,1,3,8,1.0,1.0,False
ASESOR DE PROYECTOS,ASESOR EXTERNO DE PROYECTOS,0.9367,4,1,13,1,,,False
LIDER DE GESTION ESTRATEGICA,DIRECTOR DE GESTION ESTRATEGICA,0.9367,2,1,3,1,,5.0,False
SUB-GERENTE LOGISTICO,SUBGERENTE DE LOGISTICA Y COMPRAS,0.9367,1,1,2,2,5.0,4.0,True
ANALISTA DE VALIDACIONES SISTEMAS,ANALISTA DE VALIDACION DE PROCESOS INFORMATICOS,0.9367,1,1,2,1,2.0,2.0,False
AGENTE ATENCION CLIENTE,AGENTE DE SERVICIO AL CLIENTE Y OPERACIONES,0.9367,11,1,203,1,,,False
AUXILIAR OPERATIVO DE CONTROL DE INVENTARIOS,AUXILIAR OPERATIVO DE CONTROL DE INVENTARIOS CDS,0.9367,2,1,19,2,1.0,1.0,False
ANALISTA CONTABLE SR,ANALISTA CONTABLE T*,0.9367,2,1,3,1,2.0,2.0,False
ESPECIALISTA DE MARKETING Y COMUNICACION,ASESOR DE COMUNICACION Y MARKETING,0.9367,3,1,3,2,3.0,,False
COORDINADOR INFRAESTRUCTURA,COORDINADOR DE INFRAESTRUCTURA TECNOLOGICA,0.9367,36,4,64,7,3.0,3.0,False
EMPACADOR 1 L2,EMPACADOR 1,0.9367,1,1,75,23,,,False
COORDINADORA DE APRENDIZAJE,COORDINADOR DE APRENDIZAJE Y ENSENANZA,0.9367,2,2,5,3,,3.0,False
"ANALISTA ADMINISTRACION ,FINANZAS Y CONTROL","ANALISTA FINANCIERO, LOGISTICO Y ADMINISTRATIVO",0.9367,2,1,14,2,2.0,2.0,False
MERCO IMPULSADOR,MERCO IMPULSADORAS,0.9367,6,1,107,3,,,False
OPERADOR DE MAQUINARIAS PESADAS,OPERADOR DE MAQUINA PESADA,0.9367,2,1,5,2,1.0,1.0,False
AUXILIAR DE LABORATORIO (AL),AUXILIAR DE LABORATO,0.9367,1,1,1,1,1.0,1.0,False
SUPERVISOR ADMINISTRATIVO,SUPERVISOR ADMINISTRATIVO Y DE NEGOCIOS,0.9367,18,1,47,1,3.0,3.0,False
ESPECIALISTA SENIOR DE INFRAESTRUCTURA,COORDINADOR DE INFRAESTRUCTURA SENIOR,0.9367,1,1,3,2,3.0,3.0,False
JEFE VEHICULOS,JEFE DE GESTION VEHICULAR,0.9367,1,1,1,1,4.0,4.0,False
ASISTENTE/AUXILIAR DE SERVICIOS GENERALES,ASISTENTE DE SERVICIOS GENERALES Y MANTENIMIENTO,0.9367,304,3,2959,28,1.0,1.0,False
MENSAJERO/CONSERJE,MENSAJERO / CONSEJE,0.9367,21,1,37,1,,,False
SUPERVISOR DE RIEGO,SUPERVISOR DE RIEGO Y FERTILIZACION,0.9367,23,1,82,2,3.0,3.0,False
OPERADOR DE FINISHER,OPERADOR FINISHER,0.9367,5,1,18,2,1.0,1.0,False
ASESOR DE SERVICIO AL CLIENTE,ASISTENTE INTEGRAL DE SERVICIO AL CLIENTE,0.9367,28,1,632,4,,1.0,False
ASISTENTE 2 ADMINISTRATIVO,ASISTENTE AUXILIAR ADMINISTRATIVO,0.9366,17,13,45,34,1.0,1.0,False
JEFE DE SEGURIDAD INDUSTRIAL Y AMBIENTE,JEFE SEGURIDAD INDUSTRIAL Y SALUD OCUP.,0.9366,14,1,24,2,4.0,4.0,False
JEFE DE CAMPO,JEFE ZONAL DE CAMPO,0.9366,107,1,790,1,4.0,4.0,False
SUPERINTENDENTE,SUPERINTENDENTE REGIONAL,0.9366,21,1,115,2,,,False
JEFA ADMINISTRATIVA FINANCIERA,SUPERVISORA FINANCIERA ADMINISTRATIVA,0.9366,21,1,28,2,,,False
SUBJEFE RECURSOS HUMANOS,SUPERINTENDENTE DE RECURSOS HUMANOS,0.9366,3,1,6,2,,,False
GERENTE DE SOPORTE CORPORATIVO,COORDINADOR DE SOPORTE CORPORATIVO,0.9366,1,1,2,2,5.0,3.0,True
INGENIERO DE CONTROL DE CALIDAD,INGENIERO DE LABORATORIO DE CALIDAD,0.9366,2,1,5,2,,,False
JEFE SEGURIDAD INDUSTRIAL,JEFE SEGURIDAD INDUSTRIAL Y SALUD OCUP.,0.9366,66,1,120,2,4.0,4.0,False
SUPERVISOR DE COMPRAS,SUPERVISOR DE COMPRAS IMPORTACIONES,0.9366,14,2,32,3,3.0,3.0,False
TECNICO DE GARANTIAS,TECNICO DE GARANTIAS ON SITE,0.9366,3,1,8,3,2.0,2.0,False
ANALISTA DE PROCESOS Y PROYECTOS,ANALISTA DE PROYECTO Y DESARROLLO,0.9366,11,3,15,7,2.0,2.0,False
JEFE ATENCION A CLIENTES,JEFE DE PUNTO DE VENTAS Y ATENCION AL CLIENTE,0.9366,11,1,20,7,4.0,4.0,False
ANALISTA MICROBIOLOGIA,ANALISTA DE BACTERIOLOGIA,0.9366,30,3,64,7,2.0,2.0,False
JEFE DE COSTOS & COMPRAS,JEFE DE COSTOS E INVENTARIOS,0.9366,2,1,4,2,4.0,4.0,False
COORDINADORA DE SERVICIO,COORDINDORA DE SERVICLIENTES,0.9366,24,1,61,2,,,False
ASISTENTE DE PAGADURIA,AYUDANTE DE PAGADURIA,0.9366,6,1,19,7,1.0,1.0,False
OPERARIO 1 PUEMBO,OPERARIO PESAJE 1 PUEMBO,0.9366,1,1,2,4,1.0,1.0,False
ASESOR DE CAPTACIONES D.P.F.,ASESOR CAPTACIONES CDP,0.9366,2,1,47,28,,,False
ASISTENTE DE PRODUCCION Y CALIDAD,ASISTENTE DE PRODUCCION Y LOGISTICA,0.9366,2,1,12,2,1.0,1.0,False
REPRESENTANTE TECNICO,REPRESENTANTE TECNICO /ASESOR O SUPERVISOR TECNICO,0.9366,31,1,149,3,2.0,3.0,True
LIDER DE OPERACIONES/CONTAC CENTER,LIDER DE OPERACIONES CONTAC CENTER,0.9366,1,1,1,1,,,False
JEFE DE SIG,JEFE NACIONAL SIG,0.9366,2,1,2,2,4.0,4.0,False
INGENIERO INSPECTOR DE PROYECTOS 132,INGENIERO INSPECTOR DE PROYECTOS 264,0.9366,1,1,2,2,,,False
JEFE DE FACTURACION Y COBRANZAS,JEFE DE CONTABILIDAD Y COBRANZAS,0.9366,8,1,16,2,4.0,4.0,False
GERENTE COMERCIAL SIERRA,GERENTE COMERCIAL PROYECTOS SIERRA,0.9366,3,1,4,2,5.0,5.0,False
JEFE TECNICO Y CALIDAD,JEFE AREA DE CALIDAD,0.9366,7,3,13,6,4.0,4.0,False
INGENIERO PRODUCCION SENIOR,INGENIERO SENIOR DE PRODUCTIVIDAD Y OPERACIONES,0.9366,4,1,9,2,,,False
INGENIERO DE PROCESO,INGENIERO DE AUTOMATIZACION DE PROCESOS,0.9365,44,1,94,1,,,False
COORDINADOR COMERCIAL,COORDINADOR COMERCIAL SENIOR,0.9365,136,2,402,4,3.0,3.0,False
ASISTENTE DE RECEPCION Y ATENCION AL CLIENTE,ASISTENTE DE ATENCION Y EXPERIENCIA DEL CLIENTE,0.9365,2,1,3,5,1.0,1.0,False
JEFE DE PROYECTOS,JEFE DE PROYECTOS Y CONTROL INTERNO,0.9365,124,1,240,2,4.0,4.0,False
ASISTENTE CAJA,ASISTENTE DE CAJAS,0.9365,20,4,72,174,1.0,1.0,False
EXECUTIVE BUSINESS DEVELOPER,BUSINESS DEVELOPMENT EXECUTIVE,0.9365,1,1,8,4,,,False
ADMINISTRADOR DE RED Y SISTEMAS,ADMINISTRADOR DE REDES Y SEGURIDAD,0.9365,2,1,4,2,,,False
HR BUSINESS PARTNER,BUSINESS PARTNER HR,0.9365,28,1,61,4,,,False
LIDER DE OPERACIONES DE TRANSPORTE,COORDINADOR OPERATIVO DE TRANSPORTE,0.9365,2,1,3,1,,3.0,False
ASISTENTE DE PROVEEDORES,ASESOR DE PROVEEDORES,0.9365,3,2,8,4,1.0,,False
ANALISTA DE TECNOLOGIA DE LA INFORMACION JUNIOR,ANALISTA DE INFORMACION JUNIOR,0.9365,1,1,2,1,2.0,2.0,False
DIRECTORA ADMINISTRATIVA FINANCIERA,DIRECTORA FINANCIERA ADMINISTRATIVA/PROFESORA TITULAR AUXILIAR,0.9365,48,1,73,2,,1.0,False
JEFE DE PUBLICIDAD,DIRECTOR DE PUBLICIDAD,0.9365,9,1,17,2,4.0,5.0,True
ASISTENTE AUXILIAR DE BODEGA,AUXILIAR_DE_BODEGA,0.9365,195,2,920,7,1.0,,False
GERENTE DE PRODUCTOS Y MARKETING,JEFE DE MARKETING & DESARROLLO DE PRODUCTOS,0.9365,2,1,3,1,5.0,4.0,True
EJECUTIVO DE INDEMNIZACIONES JUNIOR,EJECUTIVO(A) DE INDEMNIZACIONES,0.9365,2,1,6,6,,,False
GERENTE INFRAESTRUCTURA,GERENTE DE INFRAESTRUCTURA TECNOLOGICA,0.9365,7,2,12,3,5.0,5.0,False
ASESOR DE VENTAS,ASESOR DE VENTAS ECOMMERCE,0.9365,41,1,885,3,,,False
AUXILIAR CONTROL DE CALIDAD,AUXILIAR DE CONTROL DE CALIDAD Y SEGURIDAD ALIMENT,0.9365,26,1,78,1,1.0,1.0,False
ANALISTA JUNIOR DE PROCESOS,ANALISTA DE PROCESOS SR.,0.9365,1,1,1,1,2.0,2.0,False
JEFE DE PROYECTOS,JEFE DE PROYECTOS Y POSVENTAS,0.9365,124,1,240,2,4.0,4.0,False
ASISTEBTE ADMINISTRATIVO,ADM ASISTENTE ADMINISTRATIVO,0.9365,1731,1,7021,4,,1.0,False
ASESOR DE NEGOCIOS,CONSULTOR DE NEGOCIO,0.9365,28,8,922,47,,,False
EJECUTIVO (A) DE RIESGOS,EJECUTIVO DE RIESGO OPERATIVO,0.9365,2,1,4,2,,,False
SUPERVISOR DE LOGISTICA INVERSA,SUPERVISOR DE LOGISTICA INTERNA,0.9365,3,2,6,6,3.0,3.0,False
ASESOR DE SEGURIDAD,ASESOR DE SEGURIDAD DE AGENCIA,0.9365,1,1,3,4,,,False
TECNICO SSOA,TECNICO S.S.O,0.9365,51,1,103,2,2.0,2.0,False
ASISTENTE DE CREDITO JUNIOR,ASISTENTE DE JEFE DE CREDITO,0.9365,2,1,3,1,1.0,4.0,True
ESPECIALISTA DE COMUNICACION Y ASUNTOS CORPORATIVOS,ESPECIALISTA EN COMUNICACION Y ADMINISTRACION,0.9365,4,1,6,3,3.0,3.0,False
ESPECIALISTA DE COMUNICACION,ESPECIALISTA EN COMUNICACION Y ADMINISTRACION,0.9365,13,1,25,3,3.0,3.0,False
JEFE DE ABASTECIMIENTO Y LOGISTICA,COORDINADOR DE LOGISTICA DE ABASTECIMIENTO,0.9365,9,1,14,2,4.0,3.0,True
JEFE IMPLEMENTACION PRODUCTOS,ASISTENTE IMPLEMENTACION PRODUCTOS,0.9364,1,1,1,1,4.0,1.0,True
JEFE DE SISTEMAS Y TECNOLOGIAS,JEFE DE SISTEMAS Y C,0.9364,5,1,7,1,4.0,4.0,False
COORDINADOR (A) DE GESTION Y ASEGURAMIENTO DE LA CALIDAD,COORDINADOR DE ASEGURAMIENTO Y CONTROL DE CALIDAD - RESPONSABLE TECNICO,0.9364,111,1,231,2,3.0,3.0,False
AYUDANTE DE LINEA,AYUDANTE DE LINEA AE,0.9364,5,1,191,19,1.0,1.0,False
SUPERINTENDENTE MANTENIMIENTO,SUPERINTENDENTE DE MANT.,0.9364,7,2,16,4,,,False
GERENTE DE MARKETING ESTRATEGICO,GERENTE DE ESTRATEGIA Y MARKET INTELLIGE,0.9364,3,1,4,2,5.0,5.0,False
JEFE DE IMPLEMENTACION,JEFE IMPLEMENTACION PRODUCTOS,0.9364,4,1,7,1,4.0,4.0,False
COORDINADOR CRM,COORDINADORA COMERCIAL CRM,0.9364,6,1,12,2,3.0,,False
ANALISTA DE CUENTAS,ANALISTA DE CUENTAS Y ESTADISTICA,0.9364,5,1,27,2,2.0,2.0,False
DELEGADO DE PROTECCION DE DATOS PERSONALES,DELEGADO DATOS PERSONALES,0.9364,16,1,26,2,,,False
GERENTE ADMINISTRATIVO - FINANCIERO,GERENTE ADMINISTRATIVO/CONTABLE,0.9364,49,2,84,4,5.0,5.0,False
GESTOR OPERATIVO DE TESORERIA,GERENTE TESORERIA Y OPERACIONES,0.9364,1,1,2,1,,5.0,False
TECNICO1,TECNICO I,0.9364,10,3,101,73,,2.0,False
ASISTENTE CONTABLE / FINANCIERO,ASISTENTE CONTABLE Y TESORERIA,0.9364,11,1,21,1,1.0,1.0,False
DOCENTE DE FISICA CAHC,DOCENTE DE ARTE / FISICA CAHC,0.9364,1,1,3,3,,,False
JEFE DE CONTROL DE CALIDAD Y SUSTENTABILIDAD,JEFE DE ASEGURAMIENTO DE LA CALIDAD E INOCUIDAD,0.9364,1,1,2,2,4.0,4.0,False
SUPERVISOR (A) DE PRODUCCION,SUPERVISOR DE SOPORTE Y PRODUCCION,0.9364,250,1,1309,2,3.0,3.0,False
JEFE DE CONTROL,JEFE DE CONTROL DE C,0.9364,3,1,5,2,4.0,4.0,False
INGENIERO DE SEGURIDAD INFORMATICA,ANALISTA DE SEGURIDAD INFORMATICA,0.9364,6,5,20,9,,2.0,False
SUPERVISOR BODEGA,SUPERVISOR BODEGA PT,0.9364,20,1,47,1,3.0,3.0,False
COORDINADOR DE INVENTARIO Y COMPRA,COORDINADOR DE INVENTARIO Y PRODUCCION,0.9364,2,1,3,2,3.0,3.0,False
JEFE DE PROCESOS Y SISTEMA,JEFE DE PROCESOS Y PRODUCTIVIDAD,0.9363,1,1,1,1,4.0,4.0,False
ARQUITECTO L6,ARQUITECTO L5,0.9363,1,1,1,2,,,False
ASISTENTE DE FINANCIERO,ASISTENTE DE CREDITO Y FINANZAS,0.9363,176,2,396,3,1.0,1.0,False
ESPECIALISTA DE PROYECTOS,ESPECIALISTA DE PROCESOS Y PROYECTOS,0.9363,14,5,31,8,3.0,3.0,False
ASISTENTE DE SECRETARIA,ASIST. DE SECRETARIA,0.9363,12,1,30,2,1.0,,False
COORDINADOR DE PROYECTOS Y SERVICIOS,COORDINADOR DE PROYECTOS Y CONTROL DE CAMBIOS,0.9363,2,1,15,2,3.0,3.0,False
COORDINADOR DE RELACIONES INTERNACIONALES,COORDINADOR DE RELACIONES INTERINSTITUCIONALES,0.9363,2,1,4,1,3.0,3.0,False
JEFE DE TRANSFORMACION DIGITAL,JEFE DIGITALIZACION,0.9363,4,2,7,2,4.0,4.0,False
SUPERVISORA DE CONTROL DE CALIDAD,SUPERVISORA DE CALIDAD E INOCUIDAD,0.9363,51,1,104,1,,,False
SUPERVISOR DE URBANISMO,COORDINADOR DE URBANISMO,0.9363,1,1,3,2,3.0,3.0,False
INGENIERO DE PRODUCCI�N SENIOR,INGENIERO DE PROCESOS SENIOR,0.9363,4,1,9,2,,,False
AUXILIAR DE AUDITORIA,ASISTENTE B DE AUDITORIA,0.9363,16,1,63,31,1.0,1.0,False
JEFE CREDITO Y CARTERA,JEFE DE CREDITO Y COBRO,0.9363,9,1,14,2,4.0,4.0,False
ASISTENTE ADM/PRODUCCION,ASISTENTE ADM. PRODUCCION,0.9362,13,2,42,2,1.0,1.0,False
DIRECTOR DE DESARROLLO,RESPONSABLE DE DESARROLLO,0.9362,2,1,2,1,5.0,,False
INGENIERO DE LABORATORIO DE CALIDAD,TECNICO DE LABORATORIO CALIDAD,0.9362,1,1,2,2,,2.0,False
COORDINADOR ASEGURAMIENTO CALIDAD,COORDINADOR DE ASEGURAMIENTO Y CONTROL DE CALIDAD - RESPONSABLE TECNICO,0.9362,68,1,121,2,3.0,3.0,False
EJECUTIVO DE CUENTA JR,EJECUTIVO DE CUENTA EMISION JUNIOR,0.9362,7,1,16,6,,,False
JEFE CONTROL CALIDAD,JEFE DE CONTROL DE CALIDAD Y DT,0.9362,88,1,160,1,4.0,4.0,False
OPERADOR DE ESTERILIZACION,AYUDANTE DE ESTERILIZACION,0.9362,4,2,28,11,1.0,1.0,False
COORDINADOR ELECTRICO,COORDINADOR MANT.ELECTRIC,0.9362,17,1,38,2,3.0,3.0,False
OPERARIO/A DE MANTENIMIENTO,TECNICO EN OPERACION Y MANTENIMIENTO,0.9362,4,2,103,4,1.0,2.0,True
ASESOR DE FLOTAS,ASESOR COMERCIAL DE FLOTAS,0.9362,2,1,3,2,,,False
COORDINADORA DE IMPORTACION Y EXPORTACION,COORDINADORA DE LOGISTICA E IMPORTACIONES,0.9362,65,1,125,2,,,False
ASISTENTE I DE ADMINISTRACION,ASISTENTE ADMINISTRA,0.9362,14,11,70,29,1.0,1.0,False
ASISTENTE ADMINISTRA,ASISTENTE ADMINISTRATIVO (AA),0.9362,11,1,29,2,1.0,1.0,False
ANALISTA ADM Y DE COMPRAS,ANALISTA JUNIOR DE COMPRAS,0.9362,5,5,13,11,2.0,2.0,False
COORDINADOR DE ATENCION AL CLIENTE,ASESOR ATENCION AL CLIENTE,0.9362,59,8,114,92,3.0,,False
GERENTE DE PRODUCTO PREPAGO,GERENTE DE PRODUCTO POSTPAGO,0.9362,1,1,1,1,5.0,5.0,False
JEFE DE CONTROLES DE CUMPLIMIENTO,JEFE DE CUMPLIMIENTO REGULATORIO,0.9362,1,1,2,1,4.0,4.0,False
GERENTE ADMINISTRATIIVA,GERENTE/AFINES ADMINISTRATIVA,0.9362,278,1,484,2,5.0,5.0,False
PERSONAL ACADEMICO TITULAR AGREGADO,PERSONAL ACADEMICO TITULAR,0.9362,3,2,9,45,,,False
SUBGERENTE FINANCIERO,SUBGERENTE DE NEGOCIOS FINANCIEROS,0.9362,20,1,34,2,4.0,4.0,False
JEFE DE INTELIGENCIA DE MARKETING Y SAC,JEFE DE MARKETING Y SAC,0.9362,1,1,2,1,4.0,4.0,False
SUPERVISOR DE COMUNICACION,SUPERVISOR DE COMUNICACIONES Y RELACIONES PUBLICAS,0.9362,3,1,5,1,3.0,3.0,False
LABORATORISTA DE CONTROL DE CALIDAD,TECNICO DE LABORATORIO CALIDAD,0.9362,2,1,3,2,,2.0,False
ANALISTA PLANEACION DEMANDA,ANALISTA DE INVENTARIO Y PLANEACION DE DEMANDA,0.9362,16,1,31,2,2.0,2.0,False
CUSTOMER SERVICE MANAGER,CUSTOMER BUSINESS MANAGER,0.9362,6,1,9,1,,,False
ANALISTA DE CONTRALORIA,ANALISTA_DE_CONTRALORIA,0.9362,8,1,28,4,2.0,,False
SUPERVISOR LOGISTICA Y OPERACIONES,SUPERVISOR DE MANTEIMIENTO LOGISTICA Y TRANSPORTE,0.9362,5,1,13,4,3.0,3.0,False
ANALISTA CREDITO Y COBRANZAS,ANALISTA DE CREDITO - ADMINISTRACION DE CREDITO,0.9362,80,1,268,7,2.0,2.0,False
JEFE DE ALMACENES Y DISTRIBUCION,JEFE ALMACENAMIENTO Y DESPACHO,0.9362,2,1,4,2,4.0,4.0,False
ASISTENTE / AYUDANTE / AUXILIAR DE CONTABILID,ASISTENTE CONTADORA,0.9362,3,3,15,8,1.0,1.0,False
MEDICADOR,T/A MEDICADOR,0.9362,5,2,18,10,,,False
ASISTENTE ADMINISTRATIVO FACTURACION,ASISTENTE OPERATIVO DE SERVICIOS - FACTURACION,0.9361,2,1,18,1,1.0,1.0,False
OPERARIO DE RIEGO F1,OPERARIO DE RIEGO F2,0.9361,1,1,4,5,1.0,1.0,False
COORDINADOR DE PROYECTOS E INNOVACION,COORDINADOR DE PROYECTOS Y ESTRATEGIA,0.9361,2,1,3,2,3.0,3.0,False
ASESOR DE COBRANZAS,ASESOR SENIOR DE COBRANZAS,0.9361,6,1,33,1,,,False
ANALISTA GESTION RIESGOS,ANALISTA RIESGOS,0.9361,2,2,3,3,2.0,2.0,False
EJECUTIVO DE DESARROLLO DE NEGOCIOS,COORDINADOR DE DESARROLLO DE NEGOCIOS,0.9361,3,3,5,5,,3.0,False
JEFE DE AUDITORIA Y PROCESOS,JEFE DE AUDITORIA OPERACIONAL,0.9361,4,3,5,6,4.0,4.0,False
LIDER DE CAPACITACION,LIDER DE ENTRENAMIENTO Y CAPACITACION,0.9361,1,1,1,7,,,False
ANALISTA DE LABORATORIO,ANALISTA DE DATOS DE LABORATORIO,0.9361,83,1,539,1,2.0,2.0,False
COORDINADOR INNOVACION,COORDINADOR DE INNOVACION DE PROCESOS Y,0.9361,11,1,17,2,3.0,3.0,False
AGENTE COUNTER,AGENTE DE COUNTER,0.9361,3,2,11,14,,,False
SUPERVISOR GENERAL DE BODEGA,SUPERVISOR OPERATIVO BODEGA,0.9361,2,1,3,6,3.0,3.0,False
ASISTENTE ADMINISTRATIVO DE LOGISTICA,ASISTENTE ADMINISTRATIVA - LOGISTICA Y CD,0.9361,14,1,55,1,1.0,1.0,False
PROFESORA DEL NIVEL EGB ELEMENTAL Y MEDIA,DIRECTORA DEL NIVEL EGB ELEMENTAL Y MEDIA,0.9361,1,1,22,4,,,False
GERENTE ACTIVIDADES COMERCIALES,GERENTE DE COMERCIO,0.9361,1,1,2,1,5.0,5.0,False
FUNCIONARIO 3,FUNCIONARIO 4,0.9361,1,1,78,175,,,False
ASISTENTE DE RECAUDACION Y FACTURACION,ASISTENTE DE FACTURACION Y ATENCION AL C,0.9361,2,1,2,1,1.0,1.0,False
JEFE TECNICO REGION COSTA,JEFE TECNICO COSTA,0.9361,2,1,3,1,4.0,4.0,False
JEFE TECNICO COSTA,JEFE TECNICO DE PRODUCTO COSTA,0.9361,1,1,1,4,4.0,4.0,False
TECNICO AUTOMOTRIZ,TECNICO MECANICO AUTOMOTRIZ,0.9361,9,2,46,11,2.0,2.0,False
ASISTENTE CONTABLE SR.,ASISTENTE ADM.CONTABLE,0.9361,4,3,7,3,1.0,1.0,False
ASISTENTE DE CORRESPONDENCIA INSTITUCIONAL,ASISTENTE DE CORRESPONDENCIA,0.9361,1,1,1,1,1.0,1.0,False
LIDER DESARROLLO TECNICO,LIDER DE DESARROLLO TECNOLOGICO,0.9361,3,1,5,1,2.0,,False
JEFE DE ALMACENES Y DISTRIBUCION,GERENTE DE ALMACENAMIENTO Y DISTRIBUCION,0.9361,2,2,4,3,4.0,5.0,True
CONSULTOR TECNICO ABAP,CONSULTOR ABAP,0.9361,1,1,1,2,2.0,,False
ANALISTA GESTION DEL EFECTIVO,ANALISTA DE CONTROL DE EFECTIVO,0.9361,1,1,2,2,2.0,2.0,False
OPERATIONS ASSISTANT,OPERATIONS ASSISTANT MANAGER,0.9361,5,1,11,1,,,False
GERENTE DE INNOVACION Y DESARROLLO,GERENTE DE DESARROLO ORGANIZACIONAL E INNOVACION,0.936,5,1,8,1,5.0,5.0,False
TECNICO DE CONTROL DE PRODUCCION,TECNICO DE CONTROL DE PROCESOS,0.936,1,1,1,16,2.0,2.0,False
COORDINADOR ADMINISTRATIVO DE PROYECTOS,COORDINADOR DE CONTROL DE PROYECTOS,0.936,6,1,20,2,3.0,3.0,False
GERENTE CUENTAS ESTRATEGICAS,GERENTE COMERCIAL DE CUENTAS ESTRATEGICAS,0.936,2,1,10,2,5.0,5.0,False
ANALISTA DE PROCESO SENIOR,ANALISTA DE PROCESOS SR.,0.936,3,1,5,1,2.0,2.0,False
ANALISTA DE IMPORTACIONES Y CADENA DE SUMINISTRO,ANALISTA DE OPERACIONES IMPORT,0.936,1,1,2,1,2.0,2.0,False
ANALISTA CALIDAD,ANALISTA SC CALIDAD,0.936,162,1,890,1,2.0,2.0,False
PROGRAMACION QUIRURGICA,PROGRAMADORA QUIRURGICA,0.936,1,1,2,2,,,False
LOGISTICA Y COMERCIAL,TRANSPORTE Y LOGISTICA,0.936,1,1,1,1,,,False
COORDINADORA DE LOGISTICA E IMPORTACIONES,"COORDINADORA DE COMERCIO EXTERIOR, LOGISTICA Y OPERACIONES",0.936,1,1,2,1,,,False
REGIONAL SALES MANAGER ECUADOR,SALES DIRECTOR ECUADOR & PERU,0.936,3,1,6,2,,5.0,False
CHOFER: PARA CAMIONES PESADOS,CHOFER VEHICULOS PESADOS,0.936,116,3,548,168,,,False
JEFE DE SEGURIDAD ALIMENTARIA,JEFE DE CONTROL DE CALIDAD Y SEGURIDAD ALIMENTARIA,0.936,2,1,2,1,4.0,4.0,False
RECEPCIONISTA 95,RECEPCIONISTA 81,0.936,1,1,1,1,,,False
ASESOR ATENCION AL CLIENTE,ASESOR SERVICIO Y ATENCION AL CLIENTE / AFINES,0.936,8,1,92,2,,,False
CREADOR DE CONTENIDO DIGITAL,EDITOR DE CONTENIDO DIGITAL,0.936,2,1,4,2,,,False
TECNICO DE SOPORTE,TECNICO DE SOPORTE II,0.936,26,1,183,1,2.0,2.0,False
ASISTENTE CONTABLE Y OPERATIVA,ASISTENTE CONTABLE Y TESORERIA,0.936,2,1,3,1,1.0,1.0,False
OPERADOR CONTROL ROOM (BC),OPERADOR CONTROL ROOM,0.936,1,1,5,2,1.0,1.0,False
COORDINADOR DE VUELOS,COORDINADOR DE DESPACHO DE VUELO,0.936,1,1,10,2,3.0,3.0,False
ANALISTA ADMINISTRATIVO SENIOR,ANALISTA SENIOR FINANCIERO ADMINISTRATIVO,0.936,2,1,2,4,2.0,2.0,False
ANALISTA INFRAESTRUCTURA Y REDES,ANALISTA DE INFRAESTRUCTURA Y SERVICIOS GENERALES,0.936,4,1,7,2,2.0,2.0,False
PERSONAL ACADEMICO TITULAR AGREGADO,PERSONAL ACADEMICO TITULAR AGREGADO NIVEL 2,0.936,3,1,9,7,,,False
JEFE DE VENTAS REGIONAL COSTA,GERENTE REGIONAL VENTAS COSTA,0.936,5,3,8,9,4.0,5.0,True
INGENIERO DE SEGURIDAD INFORMATICA,INGENIERO DE SEGURIDAD APLICATIVA,0.936,6,1,20,3,,,False
INGENIERO SENIOR DE DESARROLLO,INGENIERO(A) DE DESARROLLO,0.936,2,1,10,6,,,False
LIMPIEZA MANTENIMIENTO,MANT. Y LIMPIEZA,0.936,2,1,4,2,,,False
ASISTENTE CALL CENTER,ASISTENTE SAC | CALL CENTER,0.9359,18,1,84,2,1.0,1.0,False
ANALISTA CONTABILIDAD E IMPUESTOS,ANALISTA DE CONTABILIDAD Y PRESUPUESTO,0.9359,6,1,9,2,2.0,2.0,False
ASISTENTE ADMINISTRATIVO DE PRESIDENCIA,ASISTENTE DESPACHO PRESIDENCIA,0.9359,1,1,2,1,1.0,1.0,False
JEFE DE AREA DE MANTENIMIENTO,ENCARGADO DE MANTENIMIENTO,0.9359,7,4,10,8,4.0,,False
CODIFICADOR DE FUNDAS EMPAQUE L3,CODIFICADOR DE FUNDAS EMPAQUE L2,0.9359,1,1,1,1,,,False
JEFE DE PROCESOS Y SISTEMA,JEFE DE SISTEMAS Y PROYEC,0.9359,1,1,1,2,4.0,4.0,False
JEFE COSTOS Y PRESUPUESTOS,JEFE DE COSTOS & COMPRAS,0.9359,10,2,18,4,4.0,4.0,False
JEFE DE PYCP OBRA,JEFE DE PYCP,0.9359,1,1,5,3,4.0,4.0,False
ANALISTA DE NOMINA Y GESTION DE PERSONAL,ANALISTA DE ADMINISTRACION SALARIAL Y NOMINA,0.9359,1,1,1,1,2.0,2.0,False
ANALISTA DE ESTRUCTURAS,ANALISTA DE ESTRUCTURA Y COMPENSACION,0.9359,4,2,6,3,2.0,2.0,False
ASISTENTE DE FACTURACION Y FINANZAS,ASISTENTE DE FACTURACION Y ATENCION AL C,0.9359,2,1,4,1,1.0,1.0,False
ASESOR ADMINISTRATIVO,ASISTENTE ADMINISTRADOR,0.9359,11,3,20,8,,1.0,False
AYUDANTE,AYUDANTE TBH,0.9359,54,1,1313,8,1.0,1.0,False
AUXILIAR OPERATIVO LIMPIEZA,T/A AUXILIAR DE LIMPIEZA,0.9359,1,1,10,3,1.0,1.0,False
AUDITOR INTERNO SENIOR,AUDITOR INTERNO I,0.9359,7,3,13,10,,,False
ASISTENTE CONTABLE - FACTURACION,ASISTENTE FACTURACION Y RECAUDACION,0.9359,3,2,5,2,1.0,1.0,False
COORDINADOR DE GESTION DOCUMENTAL,SUPERVISOR DE GESTION DOCUMENTAL,0.9359,4,2,5,4,3.0,3.0,False
COORDINADOR METAL MECANICO,COORDINADOR INDUSTRIAL MECANICO,0.9359,2,1,2,2,3.0,3.0,False
ANALISTA AUXILIAR DE ADMINISTRACION,ANALISTA JUNIOR ADMINISTRATIVO,0.9359,8,1,20,2,2.0,2.0,False
CONTRAMAESTRE,CONTRAMAESTRE A,0.9359,12,1,31,32,,,False
JEFE DE VENTAS NACIONAL,JEFE DE VENTAS (NT),0.9359,32,1,46,2,4.0,4.0,False
AUXILIAR DE BODEGA,ASISTENTE/ AUX BODEGA,0.9359,499,1,5709,1,1.0,1.0,False
COORDINADOR DE CUSTOMER SERVICE,ASISTENTE DE CUSTOMER SERVICE,0.9359,3,2,5,10,3.0,1.0,True
COCINERO POLIVALENTE (ESTABLECIMIENTOS CATEGORIA PRIMERA),COCINERO POLIVALENTE (ESTABLECIMIENTOS CATEGORIA LUJO),0.9359,11,3,34,25,,,False
AUXILIAR OFICINA,AUXILIAR DE OFICINA 2,0.9359,41,2,183,3,1.0,1.0,False
OPERADOR DE LIMPIEZA,AUXILIAR OPERATIVO LIMPIEZA,0.9359,14,1,188,10,1.0,1.0,False
AUXILIAR DE MERCADEO,AUXILIAR DE MERCHANDISING,0.9359,3,3,72,111,1.0,1.0,False
CONSULTOR N1,CONSULTOR NIVEL 1,0.9358,1,1,6,4,,,False
ASISTENTE GESTION CALIDAD,ASISTENTE OPERATIVO CALIDAD,0.9358,8,1,23,1,1.0,1.0,False
COORDINADOR CREDITO,COORDINADOR ASESORES CREDITO,0.9358,80,1,147,5,3.0,3.0,False
MECANICO AIREADORES,T.A MECANICO AIREADORES,0.9358,4,3,8,11,,,False
INSPECTOR DE SEGURIDAD INDUSTRIAL,INSPECTOR DE RIESGOS Y SEGURIDAD Y SALUD OCUPACIONAL,0.9358,2,2,3,4,,,False
ASESOR ADMINISTRATIVO,ASISTENTE SERVICIOS ADMINISTRATIVOS,0.9358,11,2,20,7,,1.0,False
AUXILIAR DE BODEGA DE MATERIAL DE EMPAQUE,AUXILIAR DE BODEGA (EMPAQUE),0.9358,2,1,3,5,1.0,1.0,False
EC_VENDEDOR PANADERIA VACACIONISTA,EC_VENDEDOR VACACIONISTA PANAD,0.9358,1,1,2,3,,,False
AUX. DE SECRETARIA,AYUDANTE DE SECRETARIA,0.9358,17,1,70,1,,1.0,False
ASISTENTE INGENIERIA Y MANTENIMIENTO,ASISTENTE DE MANTENIMIENTO INDUSTRIAL,0.9358,3,3,13,19,1.0,1.0,False
ASISTENTE ADMINSTRATIVO CONTABLE,ASISTENTE OPERATIVO CONTABLE,0.9358,42,2,83,3,1.0,1.0,False
JEFE INTELIGENCIA NEGOCIOS,EJECUTIVO DE INTELIGENCIA DE NEGOCIOS,0.9358,15,1,25,2,4.0,,False
ACCOUNT MANAGER SENIOR,KEY ACCOUNT MANAGER SENIOR,0.9358,4,4,27,4,,,False
JEFE DE OPERACIONES Y PROCESOS,JEFE DE PROCESOS Y SISTEMA,0.9358,3,1,7,1,4.0,4.0,False
DIRECTOR DE PLANIFICACION ESTRATEGICA,DIRECTOR DE DESARROLLO ESTRATEGICO,0.9358,3,1,4,1,5.0,5.0,False
ANALISTA DE SERVICIO AL CLIENTE,ANALISTA DE GESTION DE CLIENTES,0.9358,15,1,39,6,2.0,2.0,False
ASISTENTE ADMINISTRATIVA POSTVENTA,ASISTENTE ADMINISTRATIVA DE SERVICIO POSVENTA,0.9358,2,1,4,3,1.0,1.0,False
ASISTENTE DE ADMINISTRATIVO,ASISTENTE TECNICO Y ADMINISTRA,0.9358,1731,14,7021,30,1.0,2.0,True
ASISTENTE MEDICO,ASISTENTE DE ATENCION A MEDICOS,0.9358,3,2,4,3,1.0,1.0,False
OPERARIO/A DE MANTENIMIENTO,OPERADOR DE MANTENIMIENTO INDUSTRIAL,0.9358,4,1,103,2,1.0,1.0,False
SUPERVISOR DE CONTRATOS,SUPERVISOR INGRESOS DE CONTRATOS,0.9358,2,1,2,3,3.0,3.0,False
ASISTENTE DE GERENTE GENERAL,ASISTENTE DE GERENCIA Y CONSEJOS,0.9358,3,1,6,2,5.0,1.0,True
ASISTENTE DE ASEGURAMIENTO DE CALIDAD,ASISTENTE DE CALIDAD Y LABORATORIO,0.9358,17,5,65,16,1.0,1.0,False
PROFESIONALES CON TITULO DE CUARTO NIVEL,PROFESORES CON TITULO DE CUARTO NIVEL,0.9358,14,3,30,3,,,False
AYUDANTE DE ENTREGAS,AYUDANTE DE BODEGA ENTREGAS,0.9358,4,1,7,10,1.0,1.0,False
ASISTENTE OPERATIVO DE AUDITORIA,ASISTENTE DE AUDITORIA TECNICA,0.9358,2,1,2,3,1.0,1.0,False
ANALISTA DE SERVICIO AL CLIENTE,ANALISTA DE CLIENTE,0.9358,15,2,39,3,2.0,2.0,False
AUXILIAR DE ENTREGA Y RECOLECCION,AUXILIAR DE ENTREGA,0.9358,1,1,288,2,1.0,1.0,False
COORDINADOR DE NUEVOS PROYECTOS,COORDINADOR DE PROYECTOS E INNOVACION,0.9358,3,2,5,3,3.0,3.0,False
SUPERVISOR ADMINISTRATIVO DE VENTAS,SUPERVISOR DE VENTAS GENERALES,0.9358,1,1,3,6,3.0,3.0,False
COORDINADOR ADMINISTRATIVO DE VENTAS,SUPERVISOR ADMINISTRATIVO DE VENTAS,0.9358,2,1,4,3,3.0,3.0,False
ASESOR DE NEGOCIOS MICROCREDITO,ASESOR DE NEGOCIOS MICROFINANZAS,0.9358,1,1,6,103,,,False
AUXILIAR DE CALIDAD DE AGUA,ANALISTA DE CALIDAD DE AGUA,0.9358,1,1,3,1,1.0,2.0,True
ESPECIALISTA,PROFESIONAL (ESPECIALISTA),0.9358,18,1,209,9,3.0,3.0,False
OPERADOR PULPER,OPERARIO PULPER,0.9358,1,1,8,15,1.0,1.0,False
COORDINADOR DE RETAIL,COORDINADOR VENTAS RETAIL,0.9357,4,2,6,2,3.0,3.0,False
SUPERVISOR LOGISTICO Y BODEGA,SUPERVISOR DE COORDINACION LOGISTICA,0.9357,4,2,7,3,3.0,3.0,False
ANALISTA DE SISTEMAS TELECOMUNICACIONES,ANALISTA DE TECNOLOGIA INFRAESTRUCTURA Y COMUNICACIONES,0.9357,23,4,80,17,2.0,2.0,False
SUPERVISOR DE INSTALACIONES,SUPERVISOR TECNICA EN GENERAL E INSTALACION,0.9357,5,1,28,2,3.0,3.0,False
ANALISTA DE CADENA DE SUMINISTRO,ANALISTA DE SUMINISTROS,0.9357,4,1,10,1,2.0,2.0,False
INGENIERO JEFE,JEFE DE INGENIERIA (F),0.9357,21,1,65,2,4.0,4.0,False
COORDINADOR COMERCIAL Y MARKETING,COMERCIAL/COORDINACION MARKETING,0.9357,2,1,4,2,3.0,,False
ASISTENTE INGENIERIA Y MANTENIMIENTO,ASISTENTE DE MANTENIMIENTO DE INSTALACIONES,0.9357,3,3,13,20,1.0,1.0,False
"AYUDANTE DE: PASTELERO / GALLETERO, PANADERO",ASISTENTE/AYUDANTE PANADERO/PASTELERO,0.9357,6,1,60,1,1.0,1.0,False
ASISTENTE TECNOLOGIA DE LA INFORMACION Y COMUNICACION,ASISTENTE COMUNICACION E INFORMACION,0.9357,2,1,3,5,1.0,1.0,False
JEFE DE DESARROLLO DE PRODUCTOS,JEFE DE MARKETING & DESARROLLO DE PRODUCTOS,0.9357,8,1,11,1,4.0,4.0,False
ASISTENTE CONTABLE COSTOS,ASISTENTE CONTABLE DE COSTOS,0.9357,2,2,4,3,1.0,1.0,False
LIDER COMERCIAL GRUPO,LIDER COMERCIAL MASIVO GRUPO,0.9357,1,1,1,1,,,False
SUPERVISOR DE CONTROL DE CALIDAD,SUPERVISOR DE GESTION DE CALIDAD Y DESARROLLO,0.9357,51,1,104,2,3.0,3.0,False
PRODUCT MANAGER JUNIOR,JUNIOR PRODUCT MARKETING MANAGER,0.9357,1,1,1,2,,,False
ASISTENTE DE INFORMACION Y TECNOLOGIA,ASISTENTE DE DIRECCION TECNICA DE TECNOLOGIAS DE LA INFORMACION,0.9357,19,1,39,2,1.0,1.0,False
ANALISTA CALIDAD,ANALISTA DE GESTION DE CALIDAD,0.9357,162,8,890,13,2.0,2.0,False
JEFE INTELIGENCIA NEGOCIOS,JEFE DE INTELIGENCIA COMERCIAL,0.9357,15,6,25,9,4.0,4.0,False
ANALISTA ADMINISTRATIVO/A Y LOGISTICA,"ANALISTA FINANCIERO, LOGISTICO Y ADMINISTRATIVO",0.9357,6,1,8,2,2.0,2.0,False
JEFE DE NEGOCIOS,JEFE DE NEGOCIOS INTEGRAL,0.9357,34,1,66,1,4.0,4.0,False
SUPERVISOR ROTATIVO 3,SUPERVISOR ROTATIVO 1,0.9357,1,1,2,4,3.0,3.0,False
JEFE ENTRENAMIENTO,JEFE DE ENTRENAMIENTO Y CAPACITACION,0.9357,2,2,3,4,4.0,4.0,False
TRABAJADOR AGRICOLA 3,TRABAJADOR AGRICOLA 1,0.9357,3,1,55,2,,,False
JEFE DE SISTEMAS,JEFE DE PROYECTOS DE SISTEMAS,0.9357,276,1,495,2,4.0,4.0,False
OPERADOR DE PELADO,OPERADOR DE PELADORA,0.9357,2,1,289,12,1.0,1.0,False
ASISTENTE / ADMINISTRATIVO,"ASISTENTE,AUXILIAR,ADMINISTRATIVO",0.9357,420,1,2299,1,1.0,1.0,False
SUPERVISOR DE MANTENIMIENTO IN,SUPERVISOR DE INGENIERIA Y MANTENIMIENTO,0.9356,1,1,2,2,3.0,3.0,False
ASESOR SERVICIO,ASESOR DE SERVICIO 1,0.9356,60,2,762,41,,,False
SUPERVISOR DE OBRA CIVIL,SUPERVISOR DE OBRA CIVIL 3,0.9356,7,1,14,4,3.0,3.0,False
JEFE DE PRODUCCION Y MANTENIMIENTO,JEFE DE PRODUCCION Y PROYECTOS,0.9356,6,2,9,3,4.0,4.0,False
SUPERVISOR DE CAMPO 1,SUPERVISOR DE PERSONAL DE CAMPO,0.9356,2,1,3,2,3.0,3.0,False
ANALISTA SENIOR DE GESTION HUMANA,ANALISTA SENIOR DE GESTION,0.9356,2,2,3,2,2.0,2.0,False
CUSTOMER SERVICE REPRESENTATIVE,CUSTOMER SERVICE REPRESENTATIV,0.9356,6,1,20,2,,,False
ASISTENTE ADMINISTRATIVO 160,ASISTENTE ADMINISTRATIVO 201,0.9356,1,1,2,1,1.0,1.0,False
COORDINADOR DE ENTRENAMIENTO,COORDINADOR SENIOR DE ENTRENAMIENTO,0.9356,4,1,6,2,3.0,3.0,False
JEFE DE PLANIFICACION Y COORDINACION,JEFE DE PLANIFICACION Y ESTADISTICA,0.9356,7,1,10,2,4.0,4.0,False
COORDINADOR DE MARKETING Y SERVICIO AL CLIENTE,COORDINADOR DE MERCADO Y CLIENTES,0.9356,2,1,4,1,3.0,3.0,False
JEFE DE INNOVACION,JEFE DE INNOVACION Y MARKETING,0.9356,8,1,11,2,4.0,4.0,False
ESPECIALISTA DE TELEFONIA Y SEGURIDADES,ESPECIALISTA EN TELEFONIA,0.9356,1,1,2,3,3.0,3.0,False
ASISTENTE DE LA GERENCIA GENERAL,ASISTENTE EN EL AREA DE SECRETRIA GENERAL,0.9356,50,1,99,1,1.0,1.0,False
MECANICO DE MANTENIMIENTO,COORDINADOR DE MANTENIMIENTO MECANICO,0.9356,25,10,125,24,,3.0,False
COORDINADORA DE NEGOCIOS,COORDINADORA DE UNIDAD DE NEGOCIOS,0.9356,16,1,79,2,,,False
AUXILIAR DE LIMPEZA,AUXILIAR DE LIMPIEZA Y MANTENIMIENTO,0.9356,446,19,3081,70,1.0,1.0,False
JEFE SERVICIOS,JEFE DEL DEPARTAMENTO DE SERVICIO,0.9356,34,1,117,18,4.0,4.0,False
AUXILIAR DE PRODUCCION - TALLER DE CORTE,AUXILIAR DE PRODUCCION CORTE,0.9356,1,1,4,6,1.0,1.0,False
TECNICO (A) DE ENFERMERIA,TECNICO (A) DE ENFERMERIA 2,0.9356,30,1,174,1,2.0,2.0,False
ANALISTA DE SELECCION,ANALISTA DE SELECCION Y VINCULACION,0.9356,39,1,79,2,2.0,2.0,False
ANALISTA SENIOR GESTION DE RIESGOS Y CUMPLIMIENTO,ANALISTA SENIOR RIESGOS OPERACIONALES,0.9356,1,1,4,1,2.0,2.0,False
ANALISTA COMUNICACION,ANALISTA DE COMUNICACION INTERNA,0.9356,28,10,44,15,2.0,2.0,False
RESPONSABLE DEL MODELO DE GESTION INTEGRADO,RESPONSABLE DE SISTEMA DE GESTION INTEGRADO,0.9356,1,1,1,2,,,False
ANALISTA FINANCIERA SENIOR,ANALISTA FINANCIERO JUNIOR,0.9356,10,2,16,4,2.0,2.0,False
ANALISTA DE CREDITO - ADMINISTRACION DE CREDITO,ANALISTA DE GESTION Y CONTROL DE CREDITO,0.9356,1,1,7,1,2.0,2.0,False
SUPERVISOR PRODUCCION,SUPERVISOR DE DESPACHO DE PRODUCCION,0.9356,250,1,1309,1,3.0,3.0,False
TECNICO DEPOT JR,TECNICO DEPOT,0.9356,1,1,9,12,2.0,2.0,False
ANALISTA PLANEACION DEMANDA,ANALISTA DE PLANIFICACION DE DEMANDA Y ABASTECIMIENTO,0.9355,16,2,31,8,2.0,2.0,False
ASISTENTE DE CONTABLE,ASISTENTE CONTABLE Y DE AUDITORIA,0.9355,5,3,22,14,1.0,1.0,False
OPERARIO/A DE MANTENIMIENTO,EMPLEADO DE MANTENIMIENTO,0.9355,4,2,103,14,1.0,,False
SUPERVISOR DE PRODUCCION / MANTENIMIENTO,SUPERVISOR DE SOPORTE Y PRODUCCION,0.9355,10,1,33,2,3.0,3.0,False
AUXILIAR / AYUDANTE DE BODEGA,ASISTENTE/ AUX BODEGA,0.9355,300,1,3116,1,1.0,1.0,False
ANALISTA DE PLANEAMIENTO,ANALISTA DE PLANIFICACION ESTRATEGICA,0.9355,55,3,140,5,2.0,2.0,False
GERENTE DE GESTION DE PROYECTOS,GESTOR TECNICO DE PROYECTOS,0.9355,110,1,196,2,5.0,2.0,True
CHOFER DE VEHICULO,CHOFER DE TRANSPORTE,0.9355,2,1,14,4,,,False
JEFE DPTO. RECURSOS HUMANOS,JEFE / AFINES RECURSOS HUMANOS,0.9355,1,1,2,1,4.0,4.0,False
RESPONSABLE CONTABLE FINANCIERO,RESPONSABLE FINANCIERA Y CONTABLE,0.9355,1,1,1,2,,,False
JEFE DE CUMPLIMIENTO,JEFE DE CONTROLES DE CUMPLIMIENTO,0.9355,12,1,19,2,4.0,4.0,False
ASISTENTE DE INFORMACION Y TECNOLOGIA,ASISTENTE DE SISTEMAS INFORMATICOS,0.9355,19,3,39,5,1.0,1.0,False
COORDINADOR DE DESARROLLO DE PROYECTOS,COORDINADOR DE PROYECTOS Y SERVICIOS,0.9355,4,2,7,15,3.0,3.0,False
COORDINADOR DE PROYECTOS E INNOVACION,COORDINADOR DE PROYECTOS DE TECNOLOGIA,0.9355,2,2,3,2,3.0,3.0,False
ASISTENTE ADMINISTRATIVO PROYECTOS,ASISTENTE / AYUDANTE DE PROYECTOS,0.9355,6,3,25,10,1.0,1.0,False
ASISTENTE DE GERENCIA GENERAL,ASISTENTE DE GERENCIAS/SUBGERE,0.9355,50,1,99,6,1.0,1.0,False
JEFE CONTABLE Y DE COSTOS,JEFE DE CONTABILIDAD Y COBRANZAS,0.9355,2,1,2,2,4.0,4.0,False
SUPERVISOR CALIDAD,SUPERVISOR GENERAL ASEGURAMIENTO DE CALIDAD,0.9355,146,2,618,4,3.0,3.0,False
ASISTENTE DE CONTROL,AUXILIAR DE CONTROL,0.9355,4,2,7,25,1.0,1.0,False
JEFE DE LOGISTICA Y OPERACIONES,SUPERVISOR LOGISTICA Y OPERACIONES,0.9355,16,5,24,13,4.0,3.0,True
GERENTE DE PROYECTOS Y SERVICIOS,GERENTE DE INGENIERIA Y PROYECTOS,0.9355,2,1,5,2,5.0,5.0,False
JEFE DE MANTENIMIENTO Y OPERACIONES,JEFE DE INFRAESTRUCTURA Y MANTENIMIENTO,0.9355,8,4,10,7,4.0,4.0,False
JEFE CONTROL CALIDAD,ENCARGADO DE CONTROL DE CALIDAD,0.9355,88,1,160,2,4.0,,False
JEFE DE COMPRAS CORPORATIVAS,JEFE DE COMPRAS GENERALES,0.9355,2,2,2,2,4.0,4.0,False
PRODUCCION,SECCION DE PRODUCCION,0.9355,28,1,899,5,,,False
REGULADOR - A,REGULADOR - B,0.9355,1,1,11,5,,,False
AUXILIAR DE POSTCOSECHA,AUXILIAR DE POSTCOSECHA Y SERVICIOS GENERALES,0.9355,9,1,16,2,1.0,1.0,False
ASESOR DE NEGOCIOS,ASESOR DE NEGOCIOS 1,0.9354,28,2,922,90,,,False
PSICOLOGO PREESCOLAR / PEP,PSICOLOGO PRE-ESCOLAR,0.9354,1,1,7,3,,,False
ANALISTA DE MARCA,ANALISTA PROYECTOS DE MARCA,0.9354,6,1,22,1,2.0,2.0,False
"ASISTENTE COMERCIAL, CAJA Y LOGISTICA",AUXILIAR DE CAJA Y LOGISTICA,0.9354,1,1,2,22,1.0,1.0,False
DESARROLISTA TECNICO ACUA,DESARROLLISTA TECNICO ACUACULTURA,0.9354,1,1,2,2,2.0,2.0,False
CHOFER DE OPERACIONES,CHOFER DE APOYO OPERACIONAL,0.9354,3,1,7,1,,,False
JEFE DE DISENO Y DESARROLLO,COORDINADOR DE DISENO Y DESARROLLO,0.9354,3,2,5,3,4.0,3.0,True
ASISTENTE DE GESTION HUMANA,ASISTENTE DE GESTION HUMANA JR,0.9354,16,1,44,2,1.0,1.0,False
T/A ALIMENTADOR,TA/ ALIMENTADOR AA,0.9354,3,1,125,3,,,False
TECNICO DE PROYECTOS,GESTOR TECNICO DE PROYECTOS,0.9354,18,1,52,2,2.0,2.0,False
GERENTE DE SISTEMAS,GERENTE DE SISTEMAS INTEGRADOS,0.9354,55,1,102,2,5.0,5.0,False
GESTOR DE INFRAESTRUCTURA DE REDES Y COMUNICA,GERENTE DE INFRAESTRUCTURA Y TELECOMUNICACIONES,0.9354,1,1,1,2,,5.0,False
ANALISTA DE COMPRAS Y MANTENIMIENTO,ANALISTA COMPRAS Y CONTRATACIONES,0.9354,2,2,3,3,2.0,2.0,False
DOCENTE DE BUSINESS,PROFESOR DE BUSINESS,0.9354,1,1,2,2,,,False
ASISTENTE DE LOGISTICA Y TRANS,ASISTENTE DE LOGISTICA Y ALMACENAMIENTO,0.9354,10,3,22,7,1.0,1.0,False
ASISTENTE 1 FINANCIERO,ASISTENTE FINANCIERO 3,0.9354,6,1,16,1,1.0,1.0,False
SUPERVISOR DE BILLING E INTERCONEXION,JEFE DE BILLING E INTERCONEXION,0.9354,1,1,1,1,3.0,4.0,True
JEFE TECNICA,JEFE DEPARTAMENTO TECNICO,0.9353,98,4,222,7,4.0,4.0,False
JEFE DE BASE,SUPERVISOR JEFE DE BASE,0.9353,4,1,16,1,4.0,4.0,False
JEFE DE CREDITO,ASISTENTE DE JEFE DE CREDITO,0.9353,64,1,127,1,4.0,4.0,False
JEFE TECNICO Y CALIDAD,JEFE DE CALIDAD E INNOVACION,0.9353,7,1,13,2,4.0,4.0,False
COORDINADOR DE PROYECTOS Y PROCESOS,COORDINADOR DE CONTROL DE PROYECTOS,0.9353,6,1,8,2,3.0,3.0,False
JEFE DE LOGISTICA,JEFE DE ABASTECIMIENTO Y LOGISTICA,0.9353,193,9,373,14,4.0,4.0,False
COORDINADOR DE ADMINISTRACION DE PERSONAL,COORDINADOR DE SERVICIOS AL PERSONAL,0.9353,2,1,3,2,3.0,3.0,False
COORDINADOR DE PROYECTOS TECNOLOGICOS,GESTOR DE PROYECTOS TECNOLOGICOS,0.9353,2,2,2,4,3.0,,False
ANALISTA DE COMUNICACION INTERNA,ASISTENTE DE COMUNICACION INTERNA,0.9353,10,7,15,13,2.0,1.0,True
SUPERVISOR LOGISTICO Y BODEGA,SUPERVISOR DE BODEGA Y DISTRIBUCION,0.9353,4,3,7,6,3.0,3.0,False
AUXILIAR DE LOGISTICA,AUXILIAR DE LOGISTICA Y LIMPIEZA,0.9353,68,1,911,81,1.0,1.0,False
ASISTENTE SINIESTROS,ASESOR DE SINIESTROS,0.9353,4,2,11,3,1.0,,False
ASISTENTE DEPARTAMENTO TECNICO,ASISTENTE TECNICO (AT),0.9353,2,1,4,1,2.0,2.0,False
JEFE SEGURIDAD ELECTRONICA,COORDINADOR SEGURIDAD ELECTRONICA,0.9353,3,3,4,4,4.0,3.0,True
EC_COORDINADOR DE GENTE Y CULTURA,EC_GERENTE DE GENTE & CULTURA,0.9353,1,1,2,2,,,False
BACKEND DEVELOPER,BACKEND JAVA DEVELOPER,0.9353,1,1,6,6,,,False
COORDINADOR DE PROYECTOS DE INVESTIGACION,ASISTENTE DE PROYECTO DE INVESTIGACION,0.9353,1,1,2,1,3.0,1.0,True
COORD. DE VENTAS,COORD. MERCADEO Y VENTAS,0.9353,1,1,4,4,,,False
ASISTENTE/AUXILIAR DE SERVICIOS GENERALES,AYUDANTE DE SERVICIO GENERAL,0.9353,304,27,2959,160,1.0,1.0,False
JEFE SERVICIO CLIENTE,GERENTE SERVICIO CLIENTE,0.9353,47,12,83,19,4.0,5.0,True
GERENTE FINANCIERO Y OPERATIVO,GERENTE CONTABLE Y FINANCIERO,0.9353,6,4,10,5,5.0,5.0,False
ASISTENTE DE VALIDACIONES,ASISTENTE DE VERIFICACION,0.9353,2,1,3,7,1.0,1.0,False
JEFE DE OPERACIONES FRONT OFFICE,GERENTE DE FRONT OFFICE,0.9353,1,1,1,1,4.0,5.0,True
ASESOR TECNICO DE CAMPO,ASESOR DE SERVICIOS EN CAMPO,0.9353,4,1,6,144,2.0,,False
ANALISTA DE COMUNICACION Y MARKETING,ASESOR DE COMUNICACION Y MARKETING,0.9353,5,1,12,2,2.0,,False
ASESOR DE INVERSIONES JUNIOR,ASESOR DE INVERSIONES SENIOR,0.9353,3,3,6,15,,,False
ESPECIALISTA GESTION DE REQUERIMIENTOS Y CONTROL,ASESOR DE GESTION DE REQUERIMIENTOS Y CONTROL,0.9353,1,1,2,2,3.0,,False
ANALISTA DE PROCESO Y MEJORA CONTINUA,ANALISTA DE OPERACIONES Y MEJORA CONTINUA,0.9353,7,1,16,2,2.0,2.0,False
ASISTENTE DE SOPORTE,AUXILIAR DE SOPORTE,0.9352,14,3,38,7,1.0,1.0,False
ANALISTA ADM Y DE COMPRAS,ANALISTA DE COMPRAS Y ABASTECIMIENTO,0.9352,5,2,13,3,2.0,2.0,False
TECNICO CAT,TECNICO MECANICO CAT,0.9352,2,1,4,5,2.0,2.0,False
ANALISTA DE DATOS,ANALISTA DE DATOS COMERCIAL,0.9352,87,3,162,3,2.0,2.0,False
AUXILIAR DE METALMECANICA CON EXPERIENCIA,ASISTENTE DE METALMECANICA,0.9352,12,4,91,17,1.0,1.0,False
TECNICO REPARADOR,AYUDANTE TECNICO REPARACIONES,0.9352,12,1,80,1,2.0,2.0,False
COORDINADOR COMPRAS Y CONTRATOS,COORDINADOR DE COMPRAS Y ADMINISTRACION,0.9352,5,2,12,5,3.0,3.0,False
LIDER DE GESTION ESTRATEGICA,EJECUTIVO DE GESTION ESTRATEGICA,0.9352,2,1,3,1,,,False
INGENIERO DE APLICACION,COORDINADOR DE INGENIERO DE APLICACION,0.9352,13,1,45,1,,3.0,False
GERENTE DE TALENTO HUMANO Y ADMINISTRACI,GERENTE DE TALENTO HUMANO Y CULTURA ORGANIZACIONAL,0.9352,5,2,7,3,5.0,5.0,False
GERENTE DE OPERACIONES,GERENTE DE OPERACIONES Y ENTRENAMIENTO,0.9352,406,2,694,3,5.0,5.0,False
ASISTENTE 1 - DE CONTABILIDAD,ASISTENTE CONTABILIDAD GENERAL,0.9352,9,2,45,9,1.0,1.0,False
TECNICO AGRONOMO,TECNICO AAGRONOMO,0.9352,1,1,2,1,2.0,2.0,False
JEFE ADMINISTRATIVO DE VENTAS,SUPERVISOR ADMINISTRATIVO DE VENTAS,0.9352,10,1,19,3,4.0,3.0,True
ANALISTA DE SISTEMAS TELECOMUNICACIONES,ANALISTA DE REDES Y COMUNICACIONES,0.9352,23,3,80,17,2.0,2.0,False
JEFE DE COMUNICACION,JEFE DE COMUNICACION Y CULTURA,0.9352,14,1,23,1,4.0,4.0,False
JEFE COMPENSACION Y BENEFICIOS,JEFE DE COMPENSACIONES Y SERV,0.9352,9,1,15,2,4.0,4.0,False
ANALISTA DE PROCESOS Y PROYECTOS,ANALISTA DE PROCESOS Y REQUERIMIENTOS,0.9352,11,1,15,1,2.0,2.0,False
COLECTORA,COLECTORA GENERAL,0.9352,73,1,166,2,,,False
ASISTENTE / ADMINISTRATIVO,ASISTENTE 2 ADMINISTRATIVO,0.9352,420,17,2299,45,1.0,1.0,False
COORDINADOR SENIOR ADMINISTRATIVO,COORDINADOR ADMINISTRATIVO JR.,0.9352,1,1,2,2,3.0,3.0,False
DIRECTOR DE PROYECTO,RESPONSABLE DE PROYECTO,0.9352,5,2,6,8,5.0,,False
ANALISTA DE OPERACIONES LOGISTICA,ANALISTA DE OPERACIONES Y TRANSPORTE,0.9352,3,2,20,4,2.0,2.0,False
ASISTENTE DE GERENCIA GENERAL,ASISTENTE DE GERENCIA Y CONSEJOS,0.9352,50,1,99,2,1.0,1.0,False
MENSAJERO DE COMPRAS,MENSAJERO DE VENTAS,0.9352,1,1,2,12,,,False
CREADOR DE CONTENIDO,CREADOR DE CONTENIDO DIGITAL,0.9352,12,2,20,4,,,False
GERENTE DE UNIDAD,GERENTE TECNICO UNIDAD,0.9352,2,1,3,1,5.0,5.0,False
GERENTE DE ADQUISICIONES,GERENTE DE ADQUISICION DE CLIENTES,0.9352,12,1,17,3,5.0,5.0,False
AYUDANTE DE BODEGA,AYUDANTE DE BODEGA ENTREGAS,0.9352,300,1,3116,10,1.0,1.0,False
JEFE ASEGURAMIENTO CALIDAD,JEFE DE CONTROL DE CALIDAD Y SUSTENTABILIDAD,0.9351,36,1,69,2,4.0,4.0,False
AYUDANTE ADMINISTRATIVA,ASISENTE ADMINISTRATIVO,0.9351,12,4,31,13,1.0,,False
JEFE CALIDAD Y GESTION,JEFE DE CONTROL DE CALIDAD Y SUSTENTABILIDAD,0.9351,16,1,31,2,4.0,4.0,False
ASISTENTE DE BODEGAS,ASISTENTE DE BODEGAS DE CONSIGNA,0.9351,3,1,27,2,1.0,1.0,False
JEFE CALIDAD,JEFE TECNICO Y CALIDAD,0.9351,119,7,207,13,4.0,4.0,False
COORDINADOR DE OBRA,COORDINADOR DE CONTROL DE OBRAS,0.9351,6,1,15,1,3.0,3.0,False
COORDINADOR DE GESTION Y SOPORTE OPERATIVO,GERENTE DE OPERACIONES Y SOPORTE,0.9351,2,1,3,1,3.0,5.0,True
SUPERVISOR CUENTAS CLAVES,SUPERVISOR DE CUENTAS CLAVES COSTA,0.9351,5,1,10,1,3.0,3.0,False
DIRECTOR DE RECURSOS HUMANOS,JEFE DPTO. RECURSOS HUMANOS,0.9351,12,1,19,2,5.0,4.0,True
GERENTE DE COMERCIAL,GERENTE ACTIVIDADES COMERCIALES,0.9351,10,1,22,2,5.0,5.0,False
ASISTENTE QUITO,ASISTENTE GENERAL QUITO,0.9351,1,1,3,2,1.0,1.0,False
ANALISTA DE NOMINA Y GESTION DE PERSONAL,ANALISTA ADMINISTRACION DE PERSONAL,0.9351,1,1,1,2,2.0,2.0,False
OPERADOR DE MAQUINARIA PESADA,OPERADOR DE MAQUINARIA PESADA 2,0.9351,19,1,385,32,1.0,1.0,False
ASISTENTE DE CONTROL DE GESTION,ASISTENTE DE CONTROLLER INTERNO Y DE GESTION,0.9351,5,1,19,2,1.0,1.0,False
ASESOR DE NEGOCIOS,ASESOR DE NEGOCIOS Y COBRANZAS,0.9351,28,1,922,3,,,False
ASISTENTE / ADMINISTRATIVO,ASESOR ADMINISTRATIVO,0.9351,420,11,2299,20,1.0,,False
JEFE CONTROL INTERNO,COORDINADOR CONTROL INTERNO,0.9351,30,10,49,18,4.0,3.0,True
COORDINADORA DE SELECCION Y DESARR,COORDINADORA DE SELECCION Y FORMACION,0.9351,1,1,1,1,,,False
JEFE DE COMPRAS Y PLANEACION,JEFE DE COMPRAS Y PROYECTOS,0.9351,6,1,9,1,4.0,4.0,False
GERENTE ADMINISTRATIVO Y FINAN,GERENTE ADMINISTRATIVO/CONTABLE,0.9351,27,2,50,4,5.0,5.0,False
DIRECTOR DE PLANIFICACION Y PROCESOS,JEFE DE PLANIFICACION PROCESOS Y PROYECTOS,0.9351,2,2,3,2,5.0,4.0,True
JEFE CONTROL INTERNO,GERENTE CONTROL INTERNO,0.9351,30,5,49,9,4.0,5.0,True
COORDINADOR DE OPERACIONES TERRESTRES,JEFE DE COORDINACION TERRESTRE,0.9351,2,1,63,1,3.0,4.0,True
LIDER DE OPERACIONES DE TRANSPORTE,GERENTE OPERACIONES TRANSPORTE,0.9351,2,2,3,4,,5.0,False
SUPERVISOR DE DESARROLLO DE SISTEMAS INFORMATICOS,SUPERVISOR DE SISTEMAS INFORMATICOS,0.9351,2,1,2,2,3.0,3.0,False
COORDINADOR DE GESTION COMERCIAL,LIDER DE GESTION COMERCIAL,0.9351,6,1,10,1,3.0,,False
SUPERVISOR MANTENIMIENTO GENERAL,SUPERVISOR DE MANTENIMIENTO IN,0.9351,5,1,8,2,3.0,3.0,False
COORDINADOR SENIOR DE SEGURIDAD FISICA,COORDINADOR DE SEGURIDAD FISICA INTEGRAL,0.935,1,1,2,2,3.0,3.0,False
ANALISTA COMUNICACION Y DESARROLLO,ANALISTA DE COMUNICACION Y DISENO,0.935,2,2,3,3,2.0,2.0,False
SUPERVISOR CALIDAD,SUPERV.CONTROL DE CALIDAD,0.935,146,1,618,4,3.0,,False
ESPECIALISTA JR EN ADMINISTRACION DE PLATAFORMAS DE TI,ADMINISTRADOR DE PLATAFORMAS Y OPERACIONES TI JR,0.935,1,1,4,3,3.0,,False
ASISTENTE DPTO DE MOSTRADOR,ASISTENTE MOSTRADOR,0.935,1,1,2,2,1.0,1.0,False
SUPERVISOR DE DESARROLLO TI,JEFE DE DESARROLLO TI,0.935,1,1,2,1,3.0,4.0,True
JEFE DE SISTEMAS Y TECNOLOGIAS,JEFE DE PROCESOS Y SISTEMA,0.935,5,1,7,1,4.0,4.0,False
COORDINADOR DE CONTROL DE PROYECTOS,GERENTE DE CONTROL DE PROYECTO,0.935,1,1,2,2,3.0,5.0,True
GERENTE ADMINISTRATIVO,GERENTE ADMINISTRATIVO COMERCIAL,0.935,278,5,484,6,5.0,5.0,False
COORDINADOR COORDINACION Y SERVICIOS,COORDINADOR SERVICIOS ADMINISTRATIVOS,0.935,24,6,61,10,3.0,3.0,False
TECNICO ENSAMBLAJE,TECNICO DE ENSAMBLE,0.935,5,2,17,11,2.0,2.0,False
EJECUTIVO DE VENTAS,EJECUTIVO/AFINES - EJECUTIVO DE VENTAS,0.935,276,1,5504,1,,,False
ASISTENTE DE POSVENTA,ASISTENTE OPERATIVO POSVENTA,0.935,3,1,15,2,1.0,1.0,False
ADMINISTRADOR DE SOPORTE TECNICO,ASISTENTE TECNICO ADMINISTRATIVO DE SOPORTE,0.935,1,1,2,3,2.0,2.0,False
JEFE DE CALIDAD Y PROCESO,SUPERVISOR DE CALIDAD Y PROCESOS,0.935,11,5,19,12,4.0,3.0,True
JEFE DE MANTENIMIENTO MAQUINAS,JEFE DE MANTENIMIENTO DE EQUIPOS,0.935,3,3,4,5,4.0,4.0,False
COORDINADOR DE CRM,JEFE DE CRM,0.935,2,2,4,2,3.0,4.0,True
JEFE DE GESTION DE PROYECTOS,GERENTE DE PROYECTOS Y SERVICIOS,0.935,4,2,7,5,4.0,5.0,True
JEFE DE PROCESOS Y PROYECTOS,EJECUTIVO DE PROYECTOS Y PROCESOS,0.935,15,1,23,1,4.0,,False
AUXILIAR DE COMUNICACION,AUXILIAR DE COMUNICACION CORPORATIVA,0.935,4,1,6,1,1.0,1.0,False
JEFE DE SEGURIDAD INFORMATICA,LIDER DE SEGURIDAD INFORMATICA,0.9349,1,1,1,2,4.0,,False
SUPERVISOR DE ALMACENES,CONTROLADOR DE ALMACENES,0.9349,26,2,160,4,3.0,,False
COORDINADOR SERVICIOS ADMINISTRATIVOS,COORDINADOR DE ADMINISTRACION,0.9349,6,6,10,13,3.0,3.0,False
TINTURADOS,TINTURADO,0.9349,1,1,45,1,,,False
GERENTE COMERCIAL REGIONAL,GERENTE COMERCIAL ZONAL,0.9349,6,2,14,11,5.0,5.0,False
SECRETARIA ADMINISTRADORA,SECRETARIO(A) ADMINISTRATIVO,0.9349,18,2,54,28,,,False
MECANICO DE MANTENIMIENTO,AYUDANTE MANTENIMIENTO MECANICO,0.9349,25,1,125,1,,1.0,False
DEVOPS ENGINEER,MID-LEVEL DEVOPS ENGINEER,0.9349,2,1,4,2,,,False
ASISTENTE DE INVENTARIO Y LOGISTICA,ASISTENTE DE LOGISTICA (GESTION DE INVENTARIOS),0.9349,2,1,9,4,1.0,1.0,False
ANALISTA DE PROYECTOS & GESTION DE CALIDAD,ANALISTA GESTION DE PROYECTOS,0.9349,1,1,3,4,2.0,2.0,False
COORDINADOR DE BODEGA Y DESPACHO,COORDINADOR SERVICIOS GENERALES Y BODEGA,0.9349,2,1,3,2,3.0,3.0,False
SALES SPECIALIST,SALES AND MARKETING SPECIALIST,0.9349,3,1,8,2,,,False
DRILLER LEVEL III,DRILLER (LEVEL II),0.9349,1,1,12,28,,,False
JEFE DE CONTROL DE GESTION,JEFE DE CONTROL,0.9349,12,3,22,5,4.0,4.0,False
DOCENTE RELIGIOSA,DOCENTE RELIGION,0.9349,4,4,13,43,,,False
SUBGERENTE CONTRATOS,SUBGERENTE DE CONTRATOS,0.9349,1,1,1,2,4.0,4.0,False
ASISTENTE COBRANZAS,AYUDANTE DE COBRANZAS,0.9349,169,15,791,57,1.0,1.0,False
2. AUXILIAR DE TALENTO HUMANO,AUXILIAR 2 DE GESTION DEL TALENTO HUMANO,0.9349,1,1,3,4,1.0,1.0,False
COORDINADOR DE RETENCION Y FIDELIZACION,JEFE DE RETENCION Y FIDELIZACION,0.9349,1,1,2,1,3.0,4.0,True
JEFE DE COMPENSACIONES Y NOMINA,GERENTE DE NOMINA Y COMPENSACIONES,0.9349,5,1,5,1,4.0,5.0,True
ANALISTA DE PROCESOS Y CALIDAD,ANALISTA DE PROCESOS Y PROYECTOS,0.9349,16,11,48,15,2.0,2.0,False
ASISTENTE ADM BODEGA,ASISTENTE/ AUX BODEGA,0.9349,2,1,10,1,1.0,1.0,False
DISENADOR 1,DISENADOR 2,0.9349,1,1,2,1,,,False
ANALISTA DE CLIENTE,ANALISTA DE CLIENTES Y SEGMENTOS,0.9349,2,1,3,3,2.0,2.0,False
JEFA DE VENTAS,JEFA DE VENTAS/POSTVENTAS,0.9349,7,1,19,2,,,False
ASESOR DE CREDITO JUNIOR,ASESOR DE CREDITO JR,0.9349,2,1,3,5,,,False
JEFE DEL DEPARTAMENTO LEGAL,JEFE DEL DEPARTAMENTO LEGAL Y COBRANZAS,0.9349,2,1,3,1,4.0,4.0,False
GERENTE DE DESARROLLO DE NEGOCIOS,DIRECTOR DESARROLLO DE NEGOCIOS,0.9349,16,3,27,4,5.0,5.0,False
COCINA Y LIMPIEZA,LIMPIEZA- COCINA,0.9349,1,1,2,1,,,False
JEFE (A) DE INFRAESTRUCTURA,COORDINADOR DE INFRAESTRUCTURA JUNIOR,0.9349,45,1,81,2,4.0,3.0,True
TECNICO DE PLANTA,TECNICO DE PLANTA EXTERNA,0.9348,7,1,134,1,2.0,2.0,False
SUPERVISOR PRODUCCION,SUPERV.TECNICO DE PRODUCCION,0.9348,250,1,1309,1,3.0,2.0,True
HEAD OF COMPLIANCE AND MLRO ECUADOR,JEFE DE CUMPLIMIENTO Y MLRO ECUADOR,0.9348,1,1,1,1,,4.0,False
SUPERVISOR DE CONTROL COMERCIAL,SUPERVISOR DE COMERCIAL,0.9348,2,1,8,1,3.0,3.0,False
EJECUTIVO DE EXPERIENCIA AL CLIENTE E*,EJECUTIVO DE EXPERIENCIA Y ATENCION AL CLIENTE,0.9348,1,1,9,232,,,False
ASISTENTE ASEGURAMIENTO DE LA CALIDAD,ADMINISTRADOR DE ASEGURAMIENTO DE LA CALIDAD,0.9348,17,1,65,2,1.0,,False
JEFE DE CALIDAD DE PROCESOS,GESTOR DE CALIDAD Y PROCESOS,0.9348,11,2,19,2,4.0,,False
ASISTENTE DE MERCADE,ASISTENTE MERCADEO,0.9348,43,10,80,14,1.0,1.0,False
GERENTE CORPORATIVO DE RECURSOS HUMANOS,GERENTE ASOCIADO DE RECURSOS HUMANO,0.9348,4,1,7,1,5.0,5.0,False
CAJERO - VENDEDOR,CAJERO / DESPACHADOR EN VENTAS,0.9348,13,1,486,99,,,False
INSPECTOR - CONTROL DE CALIDAD,INSPECTOR DE CALIDAD ENTRADA,0.9348,17,1,287,4,,,False
SUPERVISOR DE PROCESOS,SUPERVISOR DE PROCESOS INTERNOS,0.9348,21,1,50,2,3.0,3.0,False
ASISTENTE / AUXILIAR DE LIMPIEZA,EMPLEADO/A DE LIMPIEZA,0.9348,124,1,753,2,1.0,,False
COORDINADOR DE SOPORTE IT,ASISTENTE DE SOPORTE IT,0.9348,2,2,2,3,3.0,1.0,True
AYUDANTE MECANICO CERRADORA,AYUDANTE DE MAQUINA CERRADORA,0.9348,1,1,2,2,1.0,1.0,False
EJECUTIVO DE NORMATIVA,DIRECTOR DE NORMATIVA,0.9348,1,1,5,1,,5.0,False
ADMINISTRADOR DE SOPORTE AL USUARIO,EJECUTIVO DE SOPORTE AL USUARIO,0.9348,1,1,2,5,,,False
JEFE DE INFRAESTRUCTURA Y MANTENIMIENTO,JEFE DE INFRAESTRUCTURA OPERACIONAL,0.9348,4,4,7,6,4.0,4.0,False
ANALISTA DE CALIDAD Y LABORATORIO,TECNICO DE LABORATORIO CALIDAD,0.9348,3,1,5,2,2.0,2.0,False
ASISTENTE DE ATENCION Y EXPERIENCIA DEL CLIENTE,ASISTENTE DE OPERACION Y EXPERIENCIA DE CLIENTES,0.9348,1,1,5,1,1.0,1.0,False
GERENTE CREDITO Y COBRANZAS,GERENTE DE CREDITOS Y COB,0.9348,8,1,14,2,5.0,5.0,False
ASESOR TECNICO COMERCIAL D,ASESOR TECNICO COMERCIAL (1),0.9348,1,1,1,4,2.0,2.0,False
INGENIERO DE SISTEMAS SENIOR,INGENIERO EN APLICACIONES SENIOR,0.9348,2,2,8,8,,,False
ASISTENTE DE INFORMACION Y TECNOLOGIA,ASISTENTE DE TECNOLOGIA Y MEDIOS,0.9348,19,1,39,2,1.0,1.0,False
GERENTE FINANCIERO Y OPERATIVO,GERENTE DE ADMINISTRACION FINANCIERA Y CONTROL,0.9348,6,3,10,4,5.0,5.0,False
LEGAL MANAGER,LEGAL ASSOC MANAGER,0.9348,3,1,5,1,,,False
COORDINADOR DE DESARROLLO Y CAPACITACION,COORDINADORA DE CAPACITACION Y DESARROLL,0.9347,2,1,3,1,3.0,,False
AUXILIAR ADMINISTRATIVO DE LOGISTICA,AUXILIAR DE LOGISTICA Y LIMPIEZA,0.9347,3,1,10,81,1.0,1.0,False
ASISTENTE SERVICIOS MEDICOS,ASISTENTE DE SERVICIO A PROVEEDORES MEDICOS,0.9347,2,1,3,2,1.0,1.0,False
AGENTE DE ATENCION AL CLIENTE,TITULAR DE ATENCION AL CLIENTE,0.9347,11,3,203,5,,,False
JEFE DE SEGURIDAD DE LA INFORMACION,SUPERVISOR DE SEGURIDAD DE LA INFORMACION,0.9347,15,2,23,3,4.0,3.0,True
ANALISTA DE COBRANZA,ANALISTA DE COBRANZA CORPORATIVA,0.9347,9,1,17,1,2.0,2.0,False
ANALISTA DE RESPONSABILIDAD SOCIAL,ANALISTA DE BIENESTAR Y RESPONSABILIDAD SOCIAL,0.9347,5,1,8,1,2.0,2.0,False
ASISTENTE DE CALIDAD Y LABORATORIO,ASISTENTE TECNICO Y DE CALIDAD,0.9347,5,1,16,1,1.0,2.0,True
ASISTENTE ADMIN. TECNICA,ASISTENTE ADMINISTRATIVO DE TECNOLOGIA,0.9347,2,2,2,4,1.0,1.0,False
COORDINADOR AMBIENTAL Y DE TRATAMIENTO DE AGUAS,COORDINADOR DE GESTION SOCIAL Y AMBIENTAL DEL AGUA,0.9347,1,1,2,2,3.0,3.0,False
AUXILIAR DE SERVICIO TECNICO,AUXILIAR SOPORTE TECNICO,0.9347,41,8,161,11,2.0,2.0,False
COORDINADOR DE TECNOLOGIA DE LA INFORMACION,RESPONSABLE DE TECNOLOGIA DE LA INFORMACION,0.9347,13,4,23,7,3.0,,False
ASESOR DE ATENCION AL CLIENTE,ASISTENTE DE CUSTOMER SERVICE,0.9347,8,2,92,10,,1.0,False
JEFE DE SISTEMAS,JEFE DE PROCESOS Y SISTEMA,0.9347,276,1,495,1,4.0,4.0,False
ASISTENTE DE BIENESTAR,ASISTENTE DE BENEFICIO,0.9347,2,1,7,6,1.0,1.0,False
COORDINADOR PASTORAL FAMILIAR,COORD. PASTORAL FAMILIAR,0.9347,1,1,3,1,3.0,,False
COORDINADO ADMINISTRATIVA,COORD. ADMINISTRATIVA,0.9347,223,3,516,21,,,False
AYUDANTE ADMINISTRATIVO,ASESOR ADMINISTRATIVO,0.9347,12,11,31,20,1.0,,False
CUADRILLERO DE PLANTA,CUADRILLA DE PLANTA,0.9347,1,1,4,9,,,False
ASESOR DE PROYECTOS LOGISTICOS,ASESOR DE SERVICIOS LOGISTICOS,0.9347,1,1,2,5,,,False
CHOFER PARA CAMIONES,CHOFER PARA CAMIONES DE 4.5 TONELADAS,0.9347,4,1,10,2,,,False
COORDINADOR DE ADMINISTRACION Y RRHH,COORDINADORA DE RH & ADMINISTRACION,0.9347,4,1,4,1,3.0,,False
AUX SERVICIO GENERALES,AUX DE SERVICIOS GENERALES 1,0.9347,5,1,48,13,,,False
ASISTENTE ATENCION AL CLIENTE,ASISTENTE DE CUSTOMER SERVICE,0.9347,19,2,247,10,1.0,1.0,False
SUPERVISOR DE CALL CENTER,SUPERVISOR EXT. CALL CENTER CORPORATIVO,0.9347,22,1,79,3,3.0,3.0,False
JEFE DE MANTENIMIENTO MECANICA,JEFE DE MANTENIMIENTO MAQUINAS,0.9347,12,3,27,4,4.0,4.0,False
ASISTENTE DE ANALISIS DE DATOS,AUXILIAR DE ANALITICA Y DATOS,0.9347,2,1,2,2,1.0,1.0,False
COORDINADOR DE SOPORTE IT,COORDINADOR DE SERVICIOS IT,0.9347,2,1,2,1,3.0,3.0,False
GERENTE CONTABLE Y FINANCIERO,GERENTE ADMINISTRATIVO/CONTABLE,0.9347,4,2,5,4,5.0,5.0,False
INGENIERO DE SISTEMAS SENIOR,INGENIERO DE PROCESOS SENIOR,0.9347,2,1,8,2,,,False
ASISTENTE ADMINISTRATIVO DE PRESIDENCIA,ASISTENTE DE PRESIDENCIA Y GESTION DE PROCESOS,0.9347,1,1,2,1,1.0,1.0,False
AUX. TECNICO,AUXILIAR SOPORTE TECNICO,0.9347,24,8,195,11,2.0,2.0,False
AUXILIAR DE MANTENIMIENTO,ASISTENTE DE MANTENIMIENTO GENERAL,0.9347,216,3,1609,28,1.0,1.0,False
ANALISTA COMERCIAL Y DE GERENCIA,ANALISTA COMERCIAL CORPORATIVO,0.9346,1,1,1,1,2.0,2.0,False
ANALISTA DE SOFTWARE,ANALISTA DE SOFTWARE JUNIOR,0.9346,23,1,75,2,2.0,2.0,False
JEFE DE PRODUCTO SERVICIO,JEFE DE SOPORTE DE PRODUCTO,0.9346,2,1,4,2,4.0,4.0,False
ASISTENTA DE FACTURACION,ASISTENTE FACTURACION Y RECAUDACION,0.9346,145,2,478,2,,1.0,False
JEFE DE TECNOLOGIA DE INFORMACION Y COMUNICACION,JEFE DE TEC DE LA INFORMACION,0.9346,9,1,15,2,4.0,4.0,False
ANALISTA SENIOR PRODUCCION,ANALISTA SENIOR CONTROL DE LA PRODUCCION,0.9346,1,1,1,2,2.0,2.0,False
GERENTE ADMINISTRATIVA - FINANCIERA,GERENTE FINANCIERO Y OPERATIVO,0.9346,49,6,84,10,5.0,5.0,False
ASESOR DE VENTAS,ASESOR DE VENTAS EN TIENDA,0.9346,41,2,885,90,,,False
ASISTENTE DE RETAIL,ASESOR DE RETAIL,0.9346,2,1,7,1,1.0,,False
ANALISTA CONTROL CALIDAD,ANALISTA DE CALIDAD ACONDICIONADO,0.9346,15,1,91,1,2.0,2.0,False
AUXILIAR CONTROL DE CALIDAD,AUXILIAR DE CALIDAD MATERIALES,0.9346,26,1,78,1,1.0,1.0,False
SUPERVISOR DE DESARROLLO TI,COORDINADOR DESARROLLO TI,0.9346,1,1,2,1,3.0,3.0,False
ASISTENTE ADMINISTRATIVO AYB,ASISTENTE DE AYB,0.9346,1,1,1,2,1.0,1.0,False
SUPERVISOR LOGISTICO Y BODEGA,SUPERVISOR DE LOGISTICA Y TRANSPORTE,0.9346,4,2,7,6,3.0,3.0,False
JEFE DE PRODUCTO INDUSTRIAL,JEFE DE GESTION DE PRODUCTO,0.9346,2,1,10,3,4.0,4.0,False
JEFE DE AUTOSERVICIOS,GERENTE DE AUTOSERVICIOS,0.9346,4,1,10,2,4.0,5.0,True
ANALISTA DE NOMINA Y ADMINISTRACION,ANALISTA DE NOMINA Y COBRANZA,0.9346,1,1,1,2,2.0,2.0,False
COORDINADOR SERVICIOS ADMINISTRATIVOS,COORDINADOR ADMINISTRATIVO Y COBRANZAS,0.9346,6,2,10,6,3.0,3.0,False
CHOFER CAMIONES PESADOS,CHOFER DE VEHICULO PESADO,0.9346,3,3,9,168,,,False
ADMINISTRADOR DE ARCHIVO,GESTOR DE ARCHIVO,0.9346,2,1,4,2,,,False
PANADERO/PASTELERO,PASTELERO Y/O PANADERO,0.9346,5,1,11,2,,,False
ASISTENTE TECNICO DE PLANTA,ASISTENTE GERENTE DE PLANTA,0.9346,1,1,1,1,2.0,5.0,True
SUPERVISOR CANALES ELECTRONICOS,SUPERVISOR CANALES DIGITALES,0.9346,1,1,3,1,3.0,3.0,False
GERENTE DE PREVENTA,GERENTE REGIONAL PREVENTA,0.9346,1,1,1,1,5.0,5.0,False
COORDINADOR DE CITAS,ASISTENTE DE CITAS,0.9346,3,1,10,1,3.0,1.0,True
PRE-SALES MANAGER,PRE SALES SPECIALIST,0.9346,1,1,1,2,,,False
ASISTENTE DE GERENCIA DE PLANTA,ASISTENTE TECNICO DE PLANTA,0.9346,4,1,7,1,1.0,2.0,True
MARKETING ANALYST,CUSTOMER MARKETING ANALYST,0.9346,7,1,13,1,,,False
JEFE TECNICO,JEFE TECNICO TALLER,0.9346,98,1,222,1,4.0,4.0,False
TECNICO DE AGUAS,TECNICO TRATAMIENTO AGUAS,0.9346,2,1,3,2,2.0,2.0,False
CUSTOMER EXPERIENCE MANAGER PROFESSIONAL,CUSTOMER EXPERIENCE CONSULTANT PROFESSIONAL,0.9345,1,1,2,63,,,False
GERENTE NEGOCIOS,GERENTE CORPORATIVO DE NEGOCIOS,0.9345,36,6,112,29,5.0,5.0,False
ASISTENTE SOPORTE COMERCIAL,ASISTENTE COMERCIAL DE VENTAS,0.9345,2,1,2,1,1.0,1.0,False
AUXILIAR DE BODEGA TIENDAS,AUXILIAR DE BODEGA/VENTAS,0.9345,1,1,10,7,1.0,1.0,False
GERENTE DE VENTAS TRADICIONAL,GERENTE COMERCIAL TRADICIONAL,0.9345,1,1,1,1,5.0,5.0,False
ASISTENTE DE SEGURIDAD DE LA INFORMACION,TECNICO DE SEGURIDAD DE LA INFORMACION,0.9345,16,2,32,3,1.0,2.0,True
TRIPULANTE 2,TRIPULANTE 1,0.9345,1,1,5,2,,,False
ANALISTA DE ADQUISICIONES,ANALISTA DE ADQUISICIONES I+D,0.9345,14,1,44,2,2.0,2.0,False
ELECTRICISTA JEFE,JEFE TECNICO ELECTRICO,0.9345,10,1,15,1,4.0,4.0,False
ANALISTA SENIOR DE COMPRAS,ANALISTA ADM Y DE COMPRAS,0.9345,6,5,11,13,2.0,2.0,False
JEFE OFICINA,JEFE DE OFICINA ADMINISTRATIV,0.9345,11,1,68,1,4.0,4.0,False
SUBGERENTE ADMINISTRATIVO Y DE LOGISTICA,SUBGERENTE DE LOGISTICA Y COMPRAS,0.9345,1,1,1,2,4.0,4.0,False
ANALISTA DE DATOS,ANALISTA DE BASE DE DATOS,0.9345,87,10,162,16,2.0,2.0,False
ASISTENTE DE COMPRAS INTERNACIONALES,AUXILIAR 1 DE COMPRAS INTERNACIONALES,0.9345,3,1,8,5,1.0,1.0,False
ASISTENTE DE GERENCIAS/SUBGERE,ASISTENTE ADMINISTRACION GERENCIAS,0.9345,1,1,6,2,1.0,1.0,False
JEFE DE PRESUPUESTO Y PLANIFIC,JEFE DE PRESUPUESTO Y TESORERIA,0.9345,6,5,9,9,4.0,4.0,False
ASISTENTE ADMINISTRATIVO PROYECTOS,COORDINADOR ADMINISTRATIVO DE PROYECTOS,0.9345,6,6,25,20,1.0,3.0,True
GERENTE RELACIONES INSTITUCIONALES Y SUSTENTABILIDAD,GESTOR DE RELACIONES INSTITUCIONALES,0.9345,1,1,1,1,5.0,,False
ASISTENTE DE SERVICIO TECNICO,ASISTENTE TECNICO (AT),0.9345,38,1,148,1,2.0,2.0,False
ASISTENTE FACTURACION Y RECAUDACION,ASISTENTE DE FACTURACION Y DISTRIBUCION,0.9345,2,1,2,2,1.0,1.0,False
AUXILIAR DE INGLES DE PRIMARIA,AUXILIAR DE INGLES DE PREESCOLAR,0.9345,1,1,6,2,1.0,1.0,False
ANALISTA COMERCIAL Y DE IMPORTACIONES,ANALISTA DE IMPORTACIONES Y ASUNTOS GUBERNAMENTALES,0.9345,1,1,1,4,2.0,2.0,False
LIDER DE TECNOLOGIAS DE INFORMACION,LIDER TECNOLOGIA DE LA INFORMACION,0.9345,2,1,3,1,,,False
ASISTENTE ADMINISTRATIVO DE GESTION DOCUMENTAL,AUXILIAR DE GESTION DOCUMENTAL,0.9345,11,7,49,33,1.0,1.0,False
EJECUTIVO DE OPERACIONES,EJECUTIVO OPERACIONES 1,0.9345,23,1,208,10,,,False
AUXILIAR_DE_BODEGA,AUX. DE BODEGA (F),0.9345,2,1,7,26,,,False
ASISTENTE ADMISIONES,ASESORA DE ADMISIONES,0.9345,4,3,9,17,1.0,,False
ASISTENTE ADMINISTRATIVA BODEGA,"ASISTENTE, AYUDANTE BODEGA",0.9345,11,9,20,19,1.0,1.0,False
ASISTENTE ADMINISTRATIVO DE SERVICIO,ASITENTE /AUXILIAR ADMINISTRATIVO,0.9345,2,1,7,3,1.0,1.0,False
REGIONAL SALES MANAGER ECUADOR,SALES MANAGER DEALERS ECUADOR,0.9345,3,1,6,2,,,False
COORDINADOR DE EQUIPOS,COORDINADOR EQUIPAJE,0.9345,6,1,28,2,3.0,3.0,False
PASTELERO-PANADERO,PASTELERO Y/O PANADERO,0.9344,2,1,2,2,,,False
SUPERVISOR DE MATERIA PRIMA,SUPERVISOR CALIDAD Y MATERIA PRIMA,0.9344,7,3,14,5,3.0,3.0,False
JEFE DE FINANZAS Y CONTROL,JEFE ADMINISTRATIVA Y FINANCIERA,0.9344,4,2,7,3,4.0,4.0,False
ASISTENTE/AUXILIAR DE SERVICIOS GENERALES,AUXILIAR DE SERVICIOS GENERALES Y CONSERJERIA,0.9344,304,1,2959,4,1.0,1.0,False
JEFE DE SERVICIO TECNICO Y POSTVENTA,JEFE DE SERVICIO POSTVENTA,0.9344,1,1,5,3,4.0,4.0,False
COORDINADOR DE PLANIFICACION Y PROYECTOS,COORDINADOR DE PROYECTACION,0.9344,5,1,6,1,3.0,3.0,False
JEFE ADMINISTRATIVO - FINANCIERO,JEFA ADMINISTRATIVA Y FINANCIERA,0.9344,85,2,146,3,4.0,,False
PROFESOR DE FISICA DEL NIVEL EGB SUPERIOR Y BACHILLERATO,DOCENTE FISICA PRIMERO-SEGUNDO Y TERCERO BACHILLERATO,0.9344,1,1,4,1,,,False
AYUDANTE DE ENVASE,AUXILIAR DE ENVASE,0.9344,2,1,20,34,1.0,1.0,False
ASISTENTE DE FACTURACION Y ATENCION AL C,ASISTENTE COMERCIAL Y FACTURACION,0.9344,1,1,1,1,1.0,1.0,False
AUXILIAR DE MANTENIMIENTO GENERAL,AYUDANTE BASICO MANTENIMIENTO SERVICIOS GENERALES,0.9344,5,1,9,2,1.0,1.0,False
AUXILIAR DE SERV. GENERALES,ASESOR DE SERVICIOS GENERALES,0.9344,15,1,100,2,1.0,,False
COORDINADOR DE CENTRO DE SERVICIO,ENCARGADO CENTRO DE SERVICIOS,0.9344,3,1,9,33,3.0,,False
AYUDANTE SERVICIO TECNICO,AYUDANTE SERVICIO TECNICO PROYECTOS,0.9344,9,2,39,10,2.0,2.0,False
GERENTE DE ANALISIS,JEFE DE ANALISIS,0.9344,1,1,2,1,5.0,4.0,True
AUXILIAR DE AUDITORIA,ASISTENTE OPERATIVO DE AUDITORIA,0.9344,16,2,63,2,1.0,1.0,False
JEFE CONTABLE Y ADMINISTRATIVO,GERENTE ADMINISTRATIVO/CONTABLE,0.9344,3,2,5,4,4.0,5.0,True
AUXILIAR_DE_BODEGA,AUXILIAR DE BODEGA GENERAL,0.9344,2,2,7,15,,1.0,False
JEFE TECNICO Y CALIDAD,JEFE DE PRODUCCION Y CALIDAD,0.9344,7,4,13,7,4.0,4.0,False
ASESOR CREDITO,ASESOR DE CREDITO Y COBRANZA,0.9344,27,7,1755,226,,,False
COORDINADOR DE GESTION OPERATIVA,DIRECTOR DE GESTION OPERATIVA,0.9344,2,1,3,3,3.0,5.0,True
EJECUTIVO DE GESTION DE COBRANZAS,EJECUTIVO DE COBRANZAS Y PAGOS,0.9344,1,1,6,2,,,False
ASESORA DE SALUD,ASESORA DE SALUD JR.,0.9344,2,1,30,1,,,False
GERENTE DE OPERACIONES & TI,GERENTE OPERACIONES TIC,0.9344,3,1,4,2,5.0,5.0,False
INGENIERO INSPECTOR DE PROYECTOS 216,INGENIERO INSPECTOR DE PROYECTOS 223,0.9344,1,1,4,3,,,False
AUXILIAR_DE_BODEGA,AUXILIAR DE BODEGA EXTERNA,0.9344,2,2,7,10,,1.0,False
COORDINADOR EXPERIENCIA AL CLIENTE,LIDER DE EXPERIENCIA AL CLIENTE,0.9344,11,2,22,4,3.0,,False
JEFE_DE_PRODUCTO,JEFE DE PRODUCTO 1,0.9344,1,1,16,14,,4.0,False
ASESOR DE SERVICIO Y ATENCION AL CLIENTE,ASISTENTE SERVICIO AL CLIENTE Y OPERACIONES,0.9344,8,3,92,8,,1.0,False
COORDINADOR COBRANZA JUDICIAL,COORDINADOR DE COBRANZA EXTRAJUDICIAL,0.9344,2,2,4,4,3.0,3.0,False
DOCENTE TITULAR AUXILIAR 1 (TIEMPO COMPLETO ),PROFESOR TITULAR AUXILIAR 1 A TIEMPO COMPLETO,0.9343,3,1,61,11,1.0,1.0,False
GERENTE DE GESTION DE PROYECTOS,GERENTE DE INGENIERIA Y PROYECTOS,0.9343,110,1,196,2,5.0,5.0,False
ASISTENTE DE CERTIFICACION,ASISTENTE DE CERTIFICACIONES BA,0.9343,19,1,41,1,1.0,1.0,False
ASISTENTE ADMINISTRATIVO PROYECTOS,ASISTENTE DE PROYECTOS ADMINISTRATIVOS FINANCIEROS,0.9343,6,1,25,1,1.0,1.0,False
QUALITY COORDINATOR,QUALITY SUPERVISOR,0.9343,3,1,5,2,,3.0,False
ESPECIALISTA OPERATIVO PROCESOS,TECNICO ESPECIALISTA DE PROCESOS,0.9343,1,1,1,1,3.0,3.0,False
OVS PROCESO 3,OVS PROCESO 1,0.9343,1,1,4,8,,,False
ASISTENTE ADMINISTRATIVO CONTABLE,ASISTENTE CONTABLE Y DE AUDITORIA,0.9343,42,3,83,14,1.0,1.0,False
LABORATORISTA DE CONTROL DE CALIDAD,ENCARGADA/O LABORATORIO - CONTROL DE CALIDAD,0.9343,2,1,3,1,,,False
SUPERVISOR DE CAMARA,SUPERVISOR CAMARA,0.9343,7,1,22,9,3.0,3.0,False
OFFICIAL DE CUMPLIMIENTO,OFICIAL CUMPLIMIENTO PRINCIPAL,0.9343,238,1,449,2,,,False
ASISTENTE/ AUX BODEGA,ASISTENTE BODEGA/COMPRAS,0.9343,1,1,1,2,1.0,1.0,False
COORDINADOR DE RRHH,COORDINADOR RRHH,0.9343,29,14,51,23,3.0,3.0,False
PROGRAMADOR DE MANTENIMIENTO,PROGRAMADOR DE REPUESTOS MANTENIMIENTO,0.9343,5,1,8,2,,,False
JEFE DE CONVENIOS,JEFE COMERCIAL Y CONVENIOS,0.9343,6,2,17,2,4.0,4.0,False
ESPECIALISTA DE APLICACION Y CALIDAD DE AGUAS,TECNICO DE APLICACION Y CALIDAD DE AGUAS,0.9343,1,1,1,1,3.0,2.0,True
AUXILIAR DE CONSOLA,ASISTENTE DE CONSOLA,0.9343,2,1,5,3,1.0,1.0,False
AUXILIAR DE ATENCION AL CLIENTE,ASISTENTE DE ATENCION Y EXPERIENCIA DEL CLIENTE,0.9343,4,1,10,5,1.0,1.0,False
ASISTENTE SERVICIO AL CLIENTE,ASISTENTE SERVICIO AL CLIENTE DL,0.9343,87,1,386,2,1.0,1.0,False
PRODUCT MANAGER JUNIOR,PRODUCT MANAGER JR,0.9343,1,1,1,2,,,False
COORDINADOR DE FINANZAS,COORDINADOR ADM. FINANC.,0.9343,6,1,10,2,3.0,3.0,False
ASISTENTE SERVICIO AL CLIENTE Y OPERACIONES,ASISTENTE INTEGRAL DE SERVICIO AL CLIENTE,0.9343,3,1,8,4,1.0,1.0,False
SEMISENIOR DEVELOPER,SEMISENIOR DEVELOPER R&D,0.9343,1,1,5,1,,,False
JEFE DE CONTACT CENTER,LIDER DE OPERACIONES CONTACT CENTER,0.9343,9,5,19,9,4.0,,False
ASISTENTE POSTVENTA,ASESOR POSTVENTA,0.9343,5,4,5,8,1.0,,False
COORDINADOR FINANCIERO,COORDINADOR ADM. FINANC.,0.9343,68,1,128,2,3.0,3.0,False
ASISTENTE TECNICO-ADMINISTRATIVO,ASISTENTE TECNICO (AT),0.9343,14,1,30,1,2.0,2.0,False
COORDINADOR(A) DE MERCADEO B2B,COORDINADOR DE TRADE MARKETING B2B,0.9343,2,1,3,2,3.0,3.0,False
ASISTENTE DE MICROFINANZAS,COORDINADOR DE MICROFINANZAS,0.9343,1,1,19,18,1.0,3.0,True
COORDINADOR BODEGA,COORDINADOR DE BODEGA INDUSTRIAL,0.9343,126,1,321,2,3.0,3.0,False
COORD. IMPORTACIONES (R),COORD DE IMPORTACIONES,0.9343,2,2,6,2,,,False
SUPERVISOR DE SEGURIDAD INDUSTRIAL Y MEDIO AMBIENTE,JEFE CORPORATIVO DE SEGURIDAD INDUSTRIAL Y MEDIO AMBIENTE,0.9342,6,1,34,2,3.0,4.0,True
ASISTENTE DE DOCUMENTACION,ASISTENTE SENIOR DOCUMENTACION,0.9342,22,2,101,34,1.0,1.0,False
ASISTENTE OPERATIVO (E),ASISTENTE SOPORTE OPERATIVO,0.9342,2,1,5,1,1.0,1.0,False
GESTOR OPERATIVO DE TESORERIA,JEFE DE OPERACIONES TESORERIA,0.9342,1,1,2,1,,4.0,False
EJECUTIVO DE ATENCION AL CLIENTE,ASESOR ATENCION AL CLIENTE,0.9342,12,8,144,92,,,False
CONSULTOR SNR,CONSULTOR SNR T&L,0.9342,2,1,13,6,,,False
COORDINADOR DE PROYECTOS Y SERVICIOS,COORDINADOR_DE_SOLUCIONES_Y_PROYECTOS,0.9342,2,1,15,2,3.0,,False
JEFE DE ADMINISTRACION DE VENTAS,JEFA DE ADMINISTRACION DE VENTAS Y OPERACIONES,0.9342,10,1,19,2,4.0,,False
SUPERVISOR DE ADMINISTRACION DE CARTERA,SUPERVISOR DE CARTERA Y AGENCIAS,0.9342,2,1,3,1,3.0,3.0,False
JEFE DE COMPRAS Y PLANEACION,JEFE COMPRAS Y ADMINISTRACION,0.9342,6,5,9,10,4.0,4.0,False
ANALISTA DE COSTOS DE PROYECTOS,ANALISTA DE COSTOS Y PLANIFICACION,0.9342,5,3,14,6,2.0,2.0,False
JEFE DE MANTENIMIENTO MAQUINAS,SUPERVISOR DE MANTENIMIENTO DE MAQUINA,0.9342,3,1,4,2,4.0,3.0,True
ASISTENTE COMERCIAL Y MARKETING,ASISTENTE DE VENTAS - MARKETING,0.9342,6,1,10,2,1.0,1.0,False
JEFE DE FOMENTO GANADERO,COORDINADOR DE FOMENTO GANADERO,0.9342,2,1,3,1,4.0,3.0,True
ANALISTA CREDITO,ANALISTA DE CREDITO - ADMINISTRACION DE CREDITO,0.9342,67,1,527,7,2.0,2.0,False
ASESOR DE NEGOCIOS JUNIOR,GESTOR DE NEGOCIOS JUNIOR,0.9342,3,1,68,56,,,False
ASISTENTE/AUXILIAR DE SERVICIOS GENERALES,ASISTENTE /AYUDANTE/SERVICIOS EN GENERAL,0.9341,304,3,2959,12,1.0,1.0,False
ANALISTA DE PROCESOS Y PROYECTOS,ANALISTA GESTION DE PROYECTOS,0.9341,11,1,15,4,2.0,2.0,False
DIRECTOR DE GRUPO DE MEDIOS,DIRECTOR DE MEDIOS,0.9341,3,2,11,3,5.0,5.0,False
SSR. HR BUSINESS PARTNER,SR. HR BUSINESS PARTNER,0.9341,1,1,2,2,,,False
ANALISTA DE TECNOLOGIA INFORMATICA,ANALISTA DE DESARROLLO INFORMATICO,0.9341,6,2,6,8,2.0,2.0,False
SUPERVISOR PRODUCCION,SUPERVISOR DE PRODUC Y S.S.O,0.9341,250,1,1309,2,3.0,3.0,False
ANALISTA DE OPERACIONES DE CREDITO,ANALISTA DE CREDITO - ADMINISTRACION DE CREDITO,0.9341,2,1,5,7,2.0,2.0,False
AYUDANTE DE BODEGA P.T,AYUDANTE DE BODEGA OPERACIONES,0.9341,2,1,6,29,1.0,1.0,False
JEFE/A DE FACTURACION,JEFE DE FACTURACION Y LOGISTICA,0.9341,19,1,34,2,4.0,4.0,False
INGENIERO SOPORTE Y MANTENIMIENTO CORPORATIVO,INGENIERA SOPORTE Y MANTENTEMIENTO,0.9341,1,1,15,4,,,False
AUXILIAR_DE_BODEGA,AUXILIAR DE BODEGA V,0.9341,2,1,7,1,,1.0,False
ASISTENTE ADMINISTRATIVO 1,ASISTENTE ADMINISTRATIVO 201,0.9341,14,1,70,1,1.0,1.0,False
JEFE DE TECNOLOGIA DE LA INFORMACION,RESPONSABLE DE TECNOLOGIA DE LA INFORMACION,0.9341,45,4,73,7,4.0,,False
JEFE DE SEGURIDAD INFORMATICA,EJECUTIVO SENIOR SEGURIDAD INFORMATICA,0.9341,1,1,1,3,4.0,,False
ASISTENTE TESORERIA,ASISTENTE CONTABLE TESORERIA,0.9341,201,2,478,4,1.0,1.0,False
COORDINADOR DE DISENO Y DESARROLLO,SUPERVISOR DE DISENO Y DESARROLLO,0.9341,2,1,3,2,3.0,3.0,False
ASISTENTE DE CONTABILIDAD,ASISTENTE CONTABLE Y TESORERIA,0.9341,447,1,1561,1,1.0,1.0,False
SUPERVISOR DE PANADERIAS,SUPERVISOR PANADERIAS,0.9341,2,1,2,4,3.0,3.0,False
TECNICO DE PRODUCCION AGRICOLA Y PECUARIA,TECNICO AGROPECUARIO,0.9341,1,1,2,2,2.0,2.0,False
ASISTENTE DE OPERACIONES Y CREDITO,ASISTENTE DE CREDITO Y FINANZAS,0.9341,6,2,19,3,1.0,1.0,False
ASISTENTE ADM. PRODUCCION,ASISTENTE DEL SUPERVISOR DE PRODUCCION,0.9341,2,1,2,9,1.0,3.0,True
ASISTENTE DE ATENCION AL USUARIO,ASISTENTE DE ATENCION Y EXPERIENCIA DEL CLIENTE,0.9341,6,1,33,5,1.0,1.0,False
JEFE DE PUBLICIDAD Y COMUNICACION,JEFE DE PUBLICIDAD Y RESPONSABILIDAD SOCIAL,0.9341,2,1,2,1,4.0,4.0,False
SUPERVISOR DE VENTAS JUNIOR,SUPERVISOR(A) EN VENTAS,0.9341,1,1,1,52,3.0,3.0,False
ENCARGADO CENTRO DE SERVICIOS,EJECUTIVO DE CENTRO DE SERVICIO,0.9341,1,1,33,8,,,False
COORDINADOR DE PLANIFICACION Y PROYECTOS,ASISTENTE DE PLANIFICACION Y PROYECTOS,0.9341,5,1,6,2,3.0,1.0,True
INGENIERO GEOMECANICO,INGENIERO DE MODELADO GEOMECANICO,0.9341,1,1,3,2,,,False
ANALISTA CALIDAD,ANALISTA SR TECNICO Y DE CALIDAD,0.9341,162,1,890,2,2.0,2.0,False
GERENTE NACIONAL DE CREDITO,GERENTE NACIONAL DE CREDITOS Y COBRANZAS,0.9341,3,1,5,2,5.0,5.0,False
COORDINADOR DE DESARROLLO DE NEGOCIOS,LIDER DE DESARROLLO DE NEGOCIOS,0.934,3,1,5,1,3.0,,False
ASISTENTE AUXILIAR DE BODEGA,AUXILIAR DE BODEGA TIENDAS,0.934,195,1,920,10,1.0,1.0,False
GERENTE ADMINISTRATIVO/OPERATIVO,GERENTE ADMINISTRATIVO/CONTABLE,0.934,4,2,5,4,5.0,5.0,False
ANALISTA FINANCIERA SENIOR,ANALISTA SENIOR FINANCIERO CONTABLE,0.934,10,1,16,2,2.0,2.0,False
ASISTENTE CONTABLE,ASISTENTE OPERATIVO CONTABLE,0.934,1698,2,5614,3,1.0,1.0,False
ASISTENTE CREDITO,ASISTENTE CREDITO Y CARTERA,0.934,72,7,274,29,1.0,1.0,False
ASISTENTE DE TALLER,ASISTENTE ADMINISTRATIVA DE TALLER,0.934,20,3,96,5,1.0,1.0,False
GERENTE DE EJECUCION ESTRATEGICA,JEFE DE EJECUCION Y GESTION DE ESTRATEGIA,0.934,1,1,1,3,5.0,4.0,True
AJUSTADOR SENIOR,MECANICO AJUSTADOR SEMI SENIOR,0.934,1,1,4,12,,,False
EJECUTIVA CUENTAS CLAVE,EJECUTIVA DE CUENTAS CLAVES CM,0.934,36,1,170,4,,,False
TECNICO EN MANTENIMIENTO DE COMPUTADORAS,TECNICO EN MANT. EQUIPO COMPUTO,0.934,10,1,28,1,2.0,2.0,False
LATERO-PINTOR,LATONERO-PINTOR,0.934,1,1,1,8,,,False
GERENTE DE VENTAS ECUADOR,GERENTE COMERCIAL DE ECUADOR,0.934,2,2,3,3,5.0,5.0,False
ASESOR COMERCIAL SERVICIO TECNICO,ASESOR TECNICO COMERCIAL D,0.934,59,1,423,1,2.0,2.0,False
TECNICO DE CONSTRUCCIONES Y MANTENIMIENTO,TECNICO DE OBRAS CIVILES Y MANTENIMIENTO,0.934,2,1,12,3,2.0,2.0,False
INGENIERO SENIOR DE MINA,INGENIERO DE MINA,0.934,1,1,4,2,,,False
CONSULTOR DE AUDITORIA MEDICA,EJECUTIVO DE AUDITORIA MEDICA,0.934,1,1,6,3,,,False
VENDEDOR (A). LINEA AGRICOLA,VENDEDOR (A). LINEA AGRICOLA FLORES,0.934,1,1,18,1,,,False
INGENIERO JUNIOR DE MINA,INGENIERO DE MINA,0.934,1,1,5,2,,,False
JEFE INTELIGENCIA NEGOCIOS,COORDINADOR DE INTELIGENCIA DE NEGOCIOS,0.934,15,6,25,11,4.0,3.0,True
ANALISTA DE SISTEMAS TELECOMUNICACIONES,ASESOR SISTEMAS TELECOMUNICACIONES,0.934,23,1,80,2,2.0,,False
COORDINADOR DE PROYECTOS TECNOLOGICOS,COORDINADOR DE DESARROLLO TECNOLOGICO,0.934,2,2,2,3,3.0,3.0,False
ASISTENTE DE MARKETING,ASISTENTE DE MARKETING Y PLANEACION ESTRATEGICA,0.934,205,1,439,2,1.0,1.0,False
GERENTE DE CONTROL DE CALIDAD,GESTOR DE CALIDAD Y PROCESOS,0.9339,7,2,11,2,5.0,,False
COORDINADOR EXCELENCIA OPERACIONAL,COORDINADOR DE EXCELENCIA DE SERVICIO,0.9339,3,1,5,1,3.0,3.0,False
OPERADOR DE WELL TESTING,TECNICO DE WELL TESTING,0.9339,1,1,309,145,1.0,2.0,True
COORDINADOR RRHH,COORDINADOR DE RR HH,0.9339,14,3,23,6,3.0,3.0,False
COORDINADOR DE SOFTWARE,COORDINADOR DE INGENIERIA EN SOFTWARE,0.9339,1,1,2,2,3.0,3.0,False
ASESOR DE NEGOCIOS,ASISTENTE DE CONSULTORIA DE NEGOCIOS,0.9339,28,1,922,2,,1.0,False
OPTOMETRA 80,OPTOMETRA 90,0.9339,1,1,1,2,,,False
JEFE DE CALL CENTER,ASESOR DE CALL CENTER,0.9339,5,4,8,21,4.0,,False
COORDINADORA FINANCIERA - ADMINISTRATIVA,SUPERVISORA FINANCIERA ADMINISTRATIVA,0.9339,16,1,22,2,,,False
COORDINADOR 1 DE PROYECTOS,COORDINADOR GENERAL DE PROYECTOS,0.9339,2,1,3,2,3.0,3.0,False
ANALISTA CALIDAD,ANALISTA CALIDAD DE PROCESOS,0.9339,162,16,890,48,2.0,2.0,False
DIRECTOR DE COMPETICIONES,EJECUTIVO COMPETICIONES,0.9339,1,1,2,2,5.0,,False
EJECUTIVO DE GESTION DE COBRANZAS,EJECUTIVO DE COBRANZAS CORPORATIVAS,0.9339,1,1,6,9,,,False
TECNICO ELECTROMECANICA,TECNICO ELECTROMECANICO B,0.9339,16,1,89,1,2.0,2.0,False
COORDINADOR (A) PROYECTOS,COORDINADOR SENIOR DE PROYECTOS,0.9339,132,2,345,3,3.0,3.0,False
ASISTENTE ADM DE CREDITO Y COBRANZAS,ASISTENTE DE CREDITO Y FINANZAS,0.9339,104,2,360,3,1.0,1.0,False
ASISTENTE DE REGISTROS,JEFE DE REGISTROS,0.9339,2,1,4,3,1.0,4.0,True
GERENTE DE INTELIGENCIA DE NEGOCIO,GERENTE DE TECNOLOGIA E INTELIGENCIA DE NEGOCIOS,0.9339,6,1,9,1,5.0,5.0,False
COORDINADOR TECNICO,COORDINADOR TECNICO REGIONAL,0.9339,47,1,121,1,3.0,3.0,False
ANALISTA PRODUCCION,ANALISTA PLANEADOR DE PRODUCCION,0.9339,41,5,127,10,2.0,2.0,False
ASISTENTE DE TELECOMUNICACIONES,ASISTENTE TELEMATICA,0.9339,5,1,19,12,1.0,1.0,False
COORDINADOR DE CONTROL DE INVENTARIO,COORDINADOR DE INVENTARIO Y COMPRA,0.9339,3,2,22,3,3.0,3.0,False
COORDINADORA DE FORMACION,COORDINADOR FORMACION PROFESIONAL,0.9339,2,1,4,8,,3.0,False
ASISTENDE ADMINISTRATIVO,AYUDANTE ADMINISTRATIVA,0.9339,28,12,60,31,,1.0,False
CHOFER: PARA CAMIONES PESADOS,CHOFER CAMIONES PESADOS,0.9339,116,3,548,9,,,False
DIRECTOR DE PLANIFICACION Y PROCESOS,DIRECTOR DE PROYECTOS Y PROCESOS,0.9339,2,1,3,2,5.0,5.0,False
JEFE CONTABILIDAD E IMPUESTOS,JEFE DE CONTABILIDAD Y COBRANZAS,0.9339,6,1,12,2,4.0,4.0,False
AUXILIAR DE BIENESTAR,ASESOR DE BIENESTAR,0.9339,1,1,1,1,1.0,,False
LOGISTICA Y COMERCIAL,LOGISTICA Y COMERCIO EXTERIOR,0.9339,1,1,1,1,,,False
JEFE DE COORDINACION TERRESTRE,JEFE DE OPERACIONES TERRESTRES,0.9339,1,1,1,2,4.0,4.0,False
JEFE DE NEGOCIOS Y SERVICIOS,JEFE ADMINISTRATIVO DE NEGOCIOS,0.9338,2,1,4,2,4.0,4.0,False
SUPERVISOR / A DE BODEGA,SUPERVISOR GENERAL DE BODEGA,0.9338,157,2,580,3,3.0,3.0,False
GERENTE DE VENTAS,GERENTE DE VENTAS EN LATAM,0.9338,234,1,463,2,5.0,5.0,False
GESTOR REGIONAL DE COBRANZAS,JEFE DE COBRANZAS REGIONAL,0.9338,2,1,18,1,,4.0,False
SUPERVISOR LOGISTICA Y OPERACIONES,SUPERVISOR DE DISTRIBUCION LOGISTICA,0.9338,5,3,13,21,3.0,3.0,False
SUPERVISOR CONTROL DE INVENTARIOS,SUPERVISOR CONTROL DE INVENTARIO,0.9338,2,2,2,3,3.0,3.0,False
COORDINADORA DE SERVCIO AL CLIENTE,COORDINADORA DE GESTION DE CLIENTES,0.9338,59,1,114,1,,,False
ASISTENTE COMERCIAL ADMINISTRATIVA,ASISTENTE GERENCIA COMERCIAL,0.9338,24,11,93,25,1.0,1.0,False
ASISTENTE CAJA,ASISTENTE CAJA/PAGADURIA,0.9338,20,1,72,2,1.0,1.0,False
ASISTENTE AYUDANTE AUXILIAR DE LIMPIEZA,AUXILIAR OPERATIVO LIMPIEZA,0.9338,124,1,753,10,1.0,1.0,False
COORDINADOR DE SSOMA,SUPERVISOR DE SSOMA,0.9338,1,1,7,29,3.0,3.0,False
GERENTE DE MANTENIMIENTO Y OPERACIONES,GERENTE DE MANTENIMIENTO Y DESARROLLO,0.9338,8,1,16,2,5.0,5.0,False
GERENTE DE CALIDAD Y SISTEMA DE GESTION,GERENTE DE CALIDAD E INNOVACION,0.9338,5,3,7,5,5.0,5.0,False
ASISTENTE DE COMPENSACION Y LIQUIDACION,COORDINADOR DE COMPENSACION Y LIQUIDACION,0.9338,1,1,4,3,1.0,3.0,True
AYUDANTE DE LUBRICACION,JEFE DE LUBRICACION,0.9338,6,2,23,4,1.0,4.0,True
COORDINADOR DE NEGOCIOS INTERNACIONALES,REPRESENTANTE DE NEGOCIOS INTERNACIONALES,0.9338,2,1,2,2,3.0,,False
ASISTENTE AMBIENTE,ASISTENTE DE GESTION AMBIENTAL,0.9338,10,6,19,11,1.0,1.0,False
JEFE DE PLANIFICACION OPERACIONES,SUPERVISOR DE PLANIFICACION DE OPERACIONES,0.9338,5,1,7,2,4.0,3.0,True
ANALISTA CALIDAD,ANALISTA DE CALIDAD (I+D),0.9338,162,1,890,2,2.0,2.0,False
GERENTE DE NEGOCIO,GERENTE UNIDAD DE NEGOCIO,0.9338,36,10,112,38,5.0,5.0,False
ANALISTA DE PLANIFICACION ESTRATEGICA,ANALISTA DE ESTRATEGIA,0.9338,3,3,5,4,2.0,2.0,False
ANALISTA DE GESTION DOCUMENTAL,ANALISTA DE CONTROL DE DOCUMENTOS,0.9338,4,3,7,6,2.0,2.0,False
RESPONSABLE DE COMUNICACION,RESPONSABLE DE COMUNICACION INTERNA,0.9338,1,1,2,2,,,False
ASISTENTE SERVICIOS LABORALES,ASISTENTE DE RELACIONES LABORALES,0.9338,1,1,5,8,1.0,1.0,False
JEFE AREA ARTE,COORDINADOR AREA ARTE,0.9338,1,1,3,3,4.0,3.0,True
INSTALADOR DE DISPOSITIVOS,AUXILIAR DE INSTALACION DISPOSITIVOS,0.9338,2,1,3,26,,1.0,False
ASISTENTE SRV.TECNICO,ASISTENTE TECNICO B,0.9337,38,2,148,11,2.0,2.0,False
ASISTENTE 1 DE AUDITORIA INTERNA,ASISTENTE GERENCIA DE AUDITORIA INTERNA,0.9337,3,1,5,1,1.0,1.0,False
ANALISTA FINANCIERA SENIOR,ANALISTA SENIOR COMERCIAL FINANCIERO,0.9337,10,3,16,8,2.0,2.0,False
GERENTE ADMINISTRATIVA - FINANCIERA,JEFA ADMINISTRATIVA Y FINANCIERA,0.9337,49,2,84,3,5.0,,False
ASESOR ATENCION AL CLIENTE,RESPONSABLE DE ATENCION AL CLIENTE,0.9337,8,2,92,2,,,False
COORDINADOR DE PROYECTOS E INNOVACION,COORDINADOR DE PLANIFICACION E INNOVACION,0.9337,2,1,3,3,3.0,3.0,False
COORDINADOR DE PROYECTOS Y SERVICIOS,COORDINADOR DE CONTROL DE PROYECTOS,0.9337,2,1,15,2,3.0,3.0,False
ANALISTA DE PROCESO,ANALISTA DE PROCESOS Y PROYECTOS,0.9337,102,11,249,15,2.0,2.0,False
AUXILIAR OPERATIVO LIMPIEZA,AUXILIAR DE LIMPIEZA 1,0.9337,1,1,10,11,1.0,1.0,False
ASISTENTE BODEGA PRODUCTO TERMINADO,COORDINADOR DE BODEGA PRODUCTO TERMINADO,0.9337,8,2,26,5,1.0,3.0,True
SUPERVISOR DE PRODUCCION/PROCESOS,SUPERVISOR DE SOPORTE Y PRODUCCION,0.9337,2,1,3,2,3.0,3.0,False
JEFE DE SOSTENIBILIDAD,JEFE DPTO SOSTENIBILIDAD,0.9337,15,1,23,1,4.0,4.0,False
JEFE DE SEG Y SALUD OCUP,JEFE DE SEGURIDAD Y SALUD OCUP,0.9337,1,1,2,2,4.0,4.0,False
SUPERVISOR DE MANTENIMIEN,13.1 SUPERVISOR DE MANTENIMIEN,0.9337,4,1,8,1,3.0,3.0,False
2 ENCARGADO,ENCARGADO 2,0.9337,1,1,11,2,,,False
ASESOR TECNICO COMERCIAL PROYECTOS,ANALISTA TECNICO COMERCIAL PROYECTO,0.9337,1,1,2,4,2.0,2.0,False
ASISTENTE DE PROYECTO,ASISTENTE DE GESTION DE PROYECTOS,0.9337,70,2,149,3,1.0,1.0,False
ASISTENTE ADMINISTRTIVO,ADM ASISTENTE ADMINISTRATIVO,0.9337,8,1,23,4,1.0,1.0,False
COORDINADOR DE EMBARQUES,ASISTENTE DE COORDINACION DE EMBARQUES,0.9337,5,2,9,15,3.0,1.0,True
EJECUTIVO DE SINIESTROS DE VEHICULOS,JEFE DE SINIESTROS DE VEHICULOS,0.9337,1,1,11,2,,4.0,False
COORDINADOR DE INFRAESTRUCTURA Y REDES,COORDINADOR DE OPERACIONES E INFRAESTRUCTURA,0.9337,5,1,8,2,3.0,3.0,False
JEFE DE ABASTECIMIENTO Y LOGISTICA,JEFE DE ABASTECIMIENTO E IMPORTACIONES,0.9337,9,1,14,1,4.0,4.0,False
AUXILIAR ADMINISTRATIVO MANTENIMIENTO,AUXILIAR SERV. GEN. MANTENIMIENTO,0.9337,3,1,3,4,1.0,1.0,False
AYUDANTE A DE MANTENIMIENTO,AUXILIAR ADMINISTRATIVO MANTENIMIENTO,0.9337,123,3,643,3,1.0,1.0,False
ANALISTA JUNIOR - INTELIGENCIA DE NEGOCIOS,ANALISTA JUNIOR INTELIGENCIA COMERCIAL,0.9337,2,1,4,1,2.0,2.0,False
ASISTENTE DE OPERACIONES LOGISTICA,ANALISTA DE OPERACIONES LOGISTICA,0.9337,10,3,22,20,1.0,2.0,True
BILLING ANALYST,BILLING ANALYST- SENIOR,0.9337,2,1,3,2,,,False
ANALISTA DE CALIDAD Y ASUNTOS REGULATORIOS,ANALISTA DE CALIDAD Y LABORATORIO,0.9337,6,3,9,5,2.0,2.0,False
GERENTE DE PLANEACION Y ABASTECIMIENTO,GERENTE ABASTECIMIENTO Y OPERACIONES,0.9337,2,2,3,5,5.0,5.0,False
JEFE DE INFRAESTRUCTURA TECNOLOGICA,JEFE DE INFRAESTRUCTURA OPERACIONAL,0.9336,7,4,12,6,4.0,4.0,False
ASISTENTE DE DISTRIBUCION Y LOGISTICA,ASISTENTE DE PRODUCCION Y LOGISTICA,0.9336,7,1,20,2,1.0,1.0,False
JEFE DE RECURSOS HUMANO,JEFE RECURSOS HUMANOS PROYECTO,0.9336,231,1,425,2,4.0,4.0,False
JEFE ADMINISTRATIVA Y TALENTO HUMANO,DIR. ADMINISTRATIVA Y TALENTO HUMANO,0.9336,6,1,7,1,4.0,,False
ASISTENTE DE PLANEACION MANTENIMIENTO,JEFE DE PLANIFICACION DE MANTENIMIENTO,0.9336,2,2,2,2,1.0,4.0,True
PRODUCTOR-LOCUTOR DE PRODUCTOS AUDIOVISUALES,PRODUCTOR AUDIOVISUALES,0.9336,1,1,2,2,,,False
ASIST /AYUDANTE /AUX. ADMINIS,ASIST/AUX. ADMINISTRATIVO,0.9336,1,1,2,2,1.0,,False
ADMINISTRADOR FIDUCIARIO JR.,ADMINISTRADOR FIDUCIARIO JUNIOR,0.9336,1,1,17,9,,,False
COORDINADOR DE PROYECTOS Y PROCESOS,COORDINADOR DE PROYECTOS E INNOVACION,0.9336,6,2,8,3,3.0,3.0,False
JEFE DE COMPRAS Y PLANEACION,JEFE DE CONTROL Y COMPRAS,0.9336,6,1,9,2,4.0,4.0,False
JEFE DE SEMILLAS,JEFE DE PRODUCCION AGRICOLA SEMILLAS,0.9336,1,1,4,3,4.0,4.0,False
ASISTENTE DE MARKETING Y COMERCIAL,ASISTENTE DE MARKETING Y PLANEACION ESTRATEGICA,0.9336,6,1,10,2,1.0,1.0,False
ENCARGADO DE TALLER MOLDES INYECCION,SUPERVISOR DE TALLER MOLDES INYECCION,0.9336,1,1,2,2,,3.0,False
COORDINADOR DE DESARROLLO DE NEGOCIOS,COORDINADOR DE SOPORTE DE NEGOCIOS,0.9336,3,1,5,1,3.0,3.0,False
MAESTRO DE DATOS SAP,ANALISTA SAP DATOS MAESTRO,0.9336,1,1,1,6,,2.0,False
ESPECIALISTA DE PROCESOS,ESPECIALISTA OPERATIVO PROCESOS,0.9336,20,1,37,1,3.0,3.0,False
ENCARGADO CENTRO DE SERVICIOS,JEFE DE CENTRO DE SERVICIOS,0.9336,1,1,33,2,,4.0,False
ESPECIALISTA RECURSOS HUMANOS,CONSULTOR RECURSOS HUMANOS,0.9336,13,4,26,6,3.0,,False
GERENTE DE MARKETING PRODUCTO Y ALIANZAS,GERENTE ESTRATEGIA DE PRODUCTOS Y MARKETING,0.9336,2,1,2,3,5.0,5.0,False
ASISTENTE CHEF,SOUS CHEF - ASISTENTE,0.9336,4,1,10,2,1.0,1.0,False
ASISTENTE DE MANTENIMIENTO GENERAL,AUXILIAR SERV. GEN. MANTENIMIENTO,0.9336,3,1,28,4,1.0,1.0,False
JEFE DE VENTAS VEHICULOS,JEFE DE VENTAS CAMIONES,0.9335,1,1,10,5,4.0,4.0,False
JEFE DE PRODUCTO INDUSTRIAL,JEFE NAC. DE PRODUCTO,0.9335,2,1,10,1,4.0,4.0,False
ASISTENTE DE OPERACI,ASISTENTE OPERATIVO (E),0.9335,345,2,1754,5,1.0,1.0,False
JEFE REGIONAL DE CONVENIOS,JEFE NACIONAL DE CONVENIOS,0.9335,1,1,2,1,4.0,4.0,False
JEFE DE DISTRIBUCION,JEFE DE ZONA DISTRIBUIDORES,0.9335,46,1,85,4,4.0,4.0,False
ANALISTA DE DATOS,ANALISTA DE DATOS JR,0.9335,87,3,162,8,2.0,2.0,False
SUPERVISOR INTELIGENCIA COMERCIAL,SUPERVISOR INTELIGENCIA DE NEGOCIOS,0.9335,2,1,3,2,3.0,3.0,False
ANALISTA DE NOMINA Y ADMINISTRACION,ANALISTA DE PROCESOS DE NOMINA,0.9335,1,1,1,1,2.0,2.0,False
AUXILIAR DE SERVICIOS GENERALES - LIMPIEZA,AUXILIAR OPERATIVO LIMPIEZA,0.9335,15,1,391,10,1.0,1.0,False
EXPERTO SENIOR (FUN 4) CSO,EXPERTO SENIOR (FUN 4),0.9335,1,1,9,50,,,False
SALES AND MARKETING ASSISTANT MANAGER,SALES AND MARKETING MANAGER,0.9335,1,1,2,2,,,False
SUPERVISOR DE DE VENTAS,SUPERVISOR DE VENTAS JUNIOR,0.9335,276,1,1569,1,3.0,3.0,False
ANALISTA DE IMPORTACIONES Y LOGISTICA,ANALISTA DE IMPORTACIONES Y CADENA DE SUMINISTRO,0.9335,4,1,8,2,2.0,2.0,False
ASISTENTE DE FUNDRAISING,COORDINADORA DE FUNDRAISING,0.9335,1,1,1,1,1.0,,False
SUPERVISOR TECNICO Y DE GARANTIAS,SUPERVISOR DE INSTALACIONES Y GARANTIAS,0.9335,1,1,2,2,3.0,3.0,False
GERENTE DE PLANIFICACION ESTRATEGICA,GERENTE DE DESARROLLO ESTRATEGICO,0.9335,2,1,4,1,5.0,5.0,False
AYUDANTE DE MANTENIMIENTO ELECTRICO,AUXILIAR MANT. ELECTRICO,0.9335,2,1,11,7,1.0,1.0,False
ANALISTA PLANEACION DEMANDA,ANALISTA DE COMPRAS Y PLANIFICACION DE LA DEMANDA,0.9335,16,1,31,2,2.0,2.0,False
SAFETY AND SECURITY MANAGER ECUADOR,SECURITY SUPERVISOR ECUADOR,0.9335,1,1,2,2,,3.0,False
JEFE DE PLANEAMIENTO DE LA DEMANDA,ASISTENTE PLANEACION DE LA DEMANDA,0.9335,9,2,15,5,4.0,1.0,True
JEFE DE MONITOREO,JEFE MONITOREO,0.9335,1,1,2,1,4.0,4.0,False
ANALISTA DE COMUNICACION INTERNA,ANALISTA DE CAPACITACION Y COMUNICACION INTERNA,0.9335,10,1,15,1,2.0,2.0,False
JEFE DE PLANIFICACION ESTRATEGICA,ANALISTA DE PLANIFICACION ESTRATEGICA,0.9335,6,3,9,5,4.0,2.0,True
PLANEADOR DE PRODUCCION,PLANIFICADOR DE PROCESOS DE PRODUCCION,0.9335,34,1,83,1,,,False
ANALISTA DE OPERACIONES LOGISTICA,ANALISTA DE LOGISTICA INTERNACIONAL,0.9335,3,1,20,2,2.0,2.0,False
DESARROLLISTA TECNICO,DESARROLLISTA TECNICO COMERCIAL,0.9335,5,2,38,16,2.0,2.0,False
COORDINADOR DE PROYECTOS Y SERVICIOS,COORDINADORA ADMINISTRATIVA Y DE PROYECTOS,0.9335,2,2,15,4,3.0,,False
ESPECIALISTA MARKETING,ESPECIALISTA DE SERVICIOS DE MARKETING,0.9334,25,1,41,1,3.0,3.0,False
SUPERVISOR DE SEGURIDAD DE LA INFORMACION,RESPONSABLE DE SEGURIDAD DE LA INFORMACION,0.9334,2,2,3,2,3.0,,False
GERENTE DE AUDITORIA,GERENTE DE AUDITORIA FINANCIERA,0.9334,24,1,93,1,5.0,5.0,False
JEFE ENTRENAMIENTO,JEFE DE ENTRENAMIENTO TECNICO,0.9334,2,1,3,4,4.0,4.0,False
ASISTENTE 2 ADMINISTRATIVO,ASISENTE ADMINISTRATIVO,0.9334,17,4,45,13,1.0,,False
COORDINADOR DE PROYECTOS Y SERVICIOS,COORDINADOR SENIOR DE PROYECTOS,0.9334,2,2,15,3,3.0,3.0,False
INGENIERO DE SEGURIDAD DE LA INFORMACION,TECNICO DE SEGURIDAD DE LA INFORMACION,0.9334,6,2,20,3,,2.0,False
ASISTENTE DE DOCUMENTACION,ASISTENTE DE DOCUMENTACION Y EXPORTACIONES,0.9334,22,1,101,2,1.0,1.0,False
ASISTENTE RECEPCION,AUXILIAR OPERATIVO RECEPCION,0.9334,14,1,121,2,1.0,1.0,False
ASISTENTE/AUXILIAR,AUXILIAR / AYUDANTE,0.9334,3,1,8,4,1.0,1.0,False
JEFE SERVICIO CLIENTE,JEFE DE EXPERIENCIA Y SERVICIO AL CLIENT,0.9334,47,11,83,17,4.0,4.0,False
ESPECIALISTA SENIOR DE PROYECTOS,COORDINADOR SENIOR DE PROYECTOS,0.9334,2,2,3,3,3.0,3.0,False
ANALISTA DE PROCESOS Y PROYECTOS,ANALISTA DE PROCESOS & INVESTIGACION Y DESARROLLO,0.9334,11,2,15,2,2.0,2.0,False
CONTADOR ADMINISTRADOR,CONTADORA-JEFE ADMINISTRATIVO,0.9334,2,1,3,2,,4.0,False
GERENTE DE TRANSFORMACION E INNOVACION,GERENTE TRANSFORMACION TECNOLOGICA,0.9334,2,1,4,1,5.0,5.0,False
GERENTE DE PROYECTOS Y SERVICIOS,GESTOR ADMINISTRATIVO Y DE PROYECTOS,0.9334,2,1,5,9,5.0,,False
OPERADOR DE EQUIPO INDUSTRIAL EN ETIQUETADO Y ENCARTONADO,OPERARIO DE ETIQUETADO Y ENCARTONADO,0.9334,1,1,25,58,1.0,1.0,False
COORDINADORA COMPRAS E IMPORTACIONES,COORDINADORA DE LOGISTICA E IMPORTACIONES,0.9334,15,1,24,2,,,False
JEFE DE SISTEMAS/DESA. Y TECN,JEFE DE SISTEMAS Y C,0.9334,1,1,2,1,4.0,4.0,False
ASISTENTE ADMINISTRATIVA Y FINANCIERA,JEFA ADMINISTRATIVA Y FINANCIERA,0.9334,47,2,98,3,1.0,,False
ANALISTA DE PLANIFICACION COMERCIAL,COORDINADOR PLANEAMIENTO COMERCIAL,0.9334,6,3,12,6,2.0,3.0,True
JEFE DE MATERIALES,GERENTE DE MATERIALES,0.9334,5,3,11,5,4.0,5.0,True
OP. DE MOTONIVELADORA,OP. MOTONIVELADORA # 02,0.9334,1,1,24,6,,,False
ASISTENTE DE ACTIVOS FIJOS,ASISTENTE DE ACTIVOS FIJOS Y ARCHIVO,0.9334,14,1,34,6,1.0,1.0,False
ANALISTA DE ASEGURAMIENTO Y CONTROL DE CALIDAD,ANALISTA DE CALIDAD Y LABORATORIO,0.9334,50,3,221,5,2.0,2.0,False
JEFE DE ADMINISTRACION DE CONTRATO,JEFE CONTRATACIONES,0.9334,3,2,5,3,4.0,4.0,False
ANALISTA CALIDAD,ANALISTA DE CERTIFICACION DE CALIDAD,0.9334,162,2,890,2,2.0,2.0,False
ASISENTE ADMINISTRATIVO,ASISTENTE ADMINISTRATIVO BASE,0.9334,4,1,13,2,,1.0,False
JEFE DE COMPRAS SENIOR,JEFE DE COMPRAS GENERALES,0.9334,2,2,3,2,4.0,4.0,False
BUSINESS SYSTEM ANALYST 1 - DEVELOPMENT,BUSINESS SYSTEMS ANALYST 1,0.9334,1,1,1,11,,,False
RECAUDADOR 2,RECAUDADOR 4,0.9334,3,1,6,1,,,False
ASISTENTE ADMINISTRATIVA CONTABLE,ASISTENTE CONTABLE Y TESORERIA,0.9334,42,1,83,1,1.0,1.0,False
AGENTE DE CONTROL INTERNO,AGENTES DE CONTROL INTERNO,0.9333,5,2,53,30,,,False
ASISTENTE DE MANTENIMIENTO MECANICO,ASISTENTE DE MANTENIMIENTO GENERAL,0.9333,8,3,57,28,1.0,1.0,False
SUPERVISOR DE CALIDAD Y ASUNTOS REGULATORIOS,SUPERVISOR DE GESTION DE CALIDAD Y DESARROLLO,0.9333,2,1,4,2,3.0,3.0,False
COORDINADOR DE COMUNICACION Y MARKETING,COORDINADOR DE OPERACIONES DE MARKETING,0.9333,25,2,43,4,3.0,3.0,False
GERENTE DE VENTAS - UIO,SUPERVISOR DE VENTAS UIO,0.9333,1,1,1,1,5.0,3.0,True
ANALISTA PRESUPUESTOS JR,ANALISTA PRESUPUESTOS,0.9333,2,1,6,1,2.0,2.0,False
SUPERVISOR DE COMUNICACION,SUPERVISORA DE COMUNICACION-COMUNIDADES,0.9333,3,1,5,1,3.0,,False
ASISTENTE I LEGAL,ASISTENTE DEL AREA LEGAL,0.9333,3,2,6,4,1.0,1.0,False
ASISTENTE DE LIQUIDACION,ASISTENTE DE COMPENSACION Y LIQUIDACION,0.9333,15,1,83,4,1.0,1.0,False
JEFE DE INFRAESTRUCTURA Y MANTENIMIENTO,JEFE DE INFRAESTRUCTURA Y DISENO,0.9333,4,1,7,2,4.0,4.0,False
AYUDANTE COCINA,AYUD. COCINA,0.9333,11,1,145,8,1.0,,False
ASISTENTE DE LIMPIEZA,EMPLEADO/A DE LIMPIEZA,0.9333,128,1,572,2,1.0,,False
ASISTENTE ADM.CONTABLE,ASISTENTE OPERATIVO CONTABLE,0.9333,3,2,3,3,1.0,1.0,False
ASISTENTE/AUXILIAR DE SERVICIOS GENERALES,AUXILIAR/ ASISTENTE EN SERVICIOS,0.9333,304,3,2959,21,1.0,1.0,False
ANALISTA DE TALENTO HUMANO Y COMUNICACION,ANALISTA DE TALENTO HUMANO Y ADMINISTRAC,0.9333,1,1,1,1,2.0,2.0,False
SUPERVISOR DE LOGISTICA Y DESPACHO,SUPERVISOR DE LOGISTICA INTERNA,0.9333,3,2,3,6,3.0,3.0,False
COORDINADOR RENOVACIONES,JEFE DE RENOVACIONES,0.9333,6,1,10,1,3.0,4.0,True
TECNICO1,TECNICO 2,0.9333,10,9,101,177,,2.0,False
ANALISTA DE CALIDAD ACONDICIONADO,ANALISTA DE CALIDAD Y MEJORA CONTINUA,0.9333,1,1,1,2,2.0,2.0,False
CONDUCTOR PROFESIONAL,CONDUCTOR PROFESIONAL LOCAL,0.9333,3,1,187,9,,,False
AUXILIAR DE SERVICIOS B,AUXILIAR DE SERVICIOS (E.),0.9333,1,1,5,44,1.0,1.0,False
JEFE CREDITO Y CARTERA,GERENTE DE CREDITO Y CARTERA,0.9333,9,4,14,8,4.0,5.0,True
GERENTE DE MARCA,GERENTE DESARROLLO Y MARCA,0.9333,13,1,27,2,5.0,5.0,False
ASISTENTE DE CUSTOMER EXPERIENCE,ASISTENTE DE ATENCION Y EXPERIENCIA DEL CLIENTE,0.9333,5,1,8,5,1.0,1.0,False
ASISTENETE DE MANTENIMIENTO,AGENTE DE MANTENIMIENTO,0.9333,213,1,646,9,,,False
COORDINADOR DE GESTION,GERENTE DE COORDINACION,0.9333,8,2,18,4,3.0,5.0,True
GERENTE AUDITORIA INTERNA,ASISTENTE GERENCIA DE AUDITORIA INTERNA,0.9333,4,1,7,1,5.0,1.0,True
ASISTENTE DE ACTIVOS FIJOS Y ARCHIVO,ASISTENTE DE ACTIVOS FIJOS Y BIENES,0.9333,1,1,6,1,1.0,1.0,False
TECNICO MECANICO A,TECNICO DE MECANICA,0.9333,4,1,20,1,2.0,2.0,False
ANALISTA DE PROCESO,ANALISTA JUNIOR DE PROCESOS,0.9333,102,1,249,1,2.0,2.0,False
ASISTENTE ADMINISTRAIVA,ASISTENTE ADMINISTRATIVA 4,0.9333,1731,2,7021,16,1.0,1.0,False
GERENTE TIENDAS DE CONVENIENCIA,GERENTE DE TIENDAS,0.9333,1,1,3,1,5.0,5.0,False
SUPERVISOR DE VENTAS MAYORISTA,SUPERVISOR DE VENTAS GENERALES,0.9333,2,1,12,6,3.0,3.0,False
GERENTE COMERCIAL EMPRESARIAL,GERENTE ADMINISTRATIVO COMERCIAL,0.9333,10,5,22,6,5.0,5.0,False
ASISTENTE TECNICO Y ADMINISTRA,ASISTENTE DE GERENCIA TECNICA,0.9332,14,3,30,4,2.0,1.0,True
ASISTENTE PROYECTOS Y MANTENIMIENTO,ASISTENTE DE MANTENIMIENTO Y EDIFICACIONES,0.9332,2,1,2,1,1.0,1.0,False
ASISTENTE FINANCIERO,ASISTENTE FINANCIERO 3,0.9332,176,1,396,1,1.0,1.0,False
ANALISTA AUDITORIA INTERNA,ANALISTA DE AUDITORIA INTERNA SENIOR,0.9332,6,1,12,2,2.0,2.0,False
BUSINESS PARTNER TALENTO HUMANO,CONSULTOR DE TALENTO HUMANO - BUSINESS PARTNER,0.9332,3,1,8,3,,,False
ANALISTA OPERATIVO TARJETA DE CREDITO,ANALISTA CONTABLE TARJETA DE CREDITO,0.9332,1,1,4,8,2.0,2.0,False
AUXILIAR ADMINISTRATIVO DE LOGISTICA,AUXILIAR DE LOGISTICA E INVENTARIOS,0.9332,3,1,10,8,1.0,1.0,False
ESPECIALISTA DE RIESGOS Y CONTROL INTERN,ESPECIALISTA RIESGOS YCONTROL INTERNO IT,0.9332,3,1,6,2,3.0,3.0,False
ANALISTA SISTEMAS DE CALIDAD,ANALISTA DE CALIDAD ACONDICIONADO,0.9332,5,1,10,1,2.0,2.0,False
"SUPERVISORES TECNICOS DE: CONTROL DE CALIDAD, LABORATORIO, MANTENIMIENTO, PLANTA, PRODUCCION / PROCESOS; Y, DEMAS",SUPERVISORES TECNICO DE CONTROL DE CALIDAD,0.9332,15,1,49,4,3.0,3.0,False
ANALISTA AUXILIAR DE ADMINISTRATIVO,ANALISTA ADMINISTRATIVO SENIOR,0.9332,8,2,20,2,2.0,2.0,False
JEFE DE CONTABILIDAD Y COBRANZAS,JEFE DE CONTABILIDAD-CONTADOR GENERAL,0.9332,1,1,2,2,4.0,4.0,False
JEFE ATENCION A CLIENTES,JEFE DE REGISTRO Y ATENCION AL CLIENTE,0.9332,11,1,20,2,4.0,4.0,False
ESPECIALISTA DE NOMINA Y COMPENSACIONES,ESPECIALISTA DE NOMINA Y BENEFICIOS,0.9332,4,1,5,1,3.0,3.0,False
ANALISTA DE PROCESOS Y PROYECTOS,ANALISTA DE PROYECTOS Y PRESUPUESTOS,0.9332,11,1,15,2,2.0,2.0,False
SUPERVISOR ADMINISTRATIVO COMERCIAL,SUPERVISOR ADMINISTRATIVO DE VENTAS,0.9332,2,1,3,3,3.0,3.0,False
JEFE DE VENTAS JR,EJECUTIVO/A DE VENTAS JR,0.9332,1,1,2,2,4.0,,False
COORDINADORA DE FORMACION,COORDINADORA DE DESARROLLO FORMATIVO,0.9332,2,1,4,1,,,False
JEFE E-COMMERCE,JEFE ECOMMERCE,0.9332,1,1,1,2,4.0,4.0,False
ANALISTA DE CREDITO Y CARTERA,ANALISTA DE CREDITO Y CALIDAD,0.9332,7,1,27,4,2.0,2.0,False
SUPERVISORA GENERAL PRODUCCION,CHEF SUPERVISOR DE PRODUCCION,0.9332,5,1,10,6,,3.0,False
CUSTOMER BUSINESS MANAGER,CUSTOMER BUSINESS DEVELOPMENT MANAGER,0.9332,1,1,1,1,,,False
INGENIERO DE MANTENIMIENTO,ASISTENTE INGENIERIA Y MANTENIMIENTO,0.9332,15,3,68,13,,1.0,False
COORDINADOR DE OPERACIONES DE AGENCIAS,SUPERVISOR DE OPERACIONES AGENCIAS,0.9332,1,1,4,2,3.0,3.0,False
SUPERVISOR DE SANIDAD,SUPERVISOR DE SALUD,0.9332,4,2,10,5,3.0,3.0,False
ANALISTA DE CALIDAD Y LABORATORIO,LABORATORISTA DE CONTROL DE CALIDAD,0.9332,3,2,5,3,2.0,,False
SUPERVISOR DE MEDIOS GUIADOS NOC/GPON,SUPERVISOR DE MEDIOS GUIADOS FTH/GPON,0.9331,1,1,1,1,3.0,3.0,False
EJECUTIVO DE SERVICIOS VIP,SUPERVISOR DE SERVICIOS VIP,0.9331,2,1,18,3,,3.0,False
JEFE DE AUDITORIA OPERACIONAL,ASISTENTE OPERATIVO DE AUDITORIA,0.9331,3,2,6,2,4.0,1.0,True
ASISTENTE RECEPCION,ASISTENTE DE GERENCIA - RECEPCIONISTA,0.9331,14,3,121,6,1.0,1.0,False
ANALISTA DE PROCESOS SR.,ANALISTA DE PROCESAMIENTO,0.9331,1,1,1,1,2.0,2.0,False
EJECUTIVO (A) VENTAS,EJECUTIVO/AFINES - EJECUTIVO DE VENTAS,0.9331,25,1,101,1,,,False
SUPERINTENDENTE 3,SUPERINTENDENTE 2,0.9331,1,1,5,1,,,False
ANALISTA DE NOMINA Y ADMINISTRACION,ANALISTA DE NOMINA & ADMIN DE PERSONAL,0.9331,1,1,1,1,2.0,2.0,False
JEFA ADMINISTRATIVA Y FINANCIERA,RESPONSABLE FINANCIERA Y ADMINISTRATIVA,0.9331,2,2,3,3,,,False
ESPECIALISTA,ESPECIALISTA CATEGORIA,0.9331,18,3,209,27,3.0,3.0,False
ASISTENTE A DE CONTABILIDAD,ASISTENTE C CONTABILIDAD,0.9331,447,1,1561,8,1.0,1.0,False
SALES MANAGER DEALERS ECUADOR,COMERCIAL SALES MANAGER ECUADOR,0.9331,1,1,2,2,,,False
ASISTENTE ADMIN,ASISTENTE ADMIN. TECNICA,0.9331,4,2,10,2,1.0,1.0,False
"CHOFER DE CAMIONETAS LIVIANAS O MIXTAS HASTA 3,5 TONELADAS",CHOFER: CAMIONES LIVIANOS O MIXTOS HASTA 3.5 TONELADAS,0.9331,2,1,12,2,,,False
GERENTE SENIOR DE FINANZAS,COORDINADOR SENIOR DE FINANZAS,0.9331,2,1,2,1,5.0,3.0,True
AYUDANTE DEL SECTOR METALMECANICO 103,AYUDANTE DEL SECTOR METALMECANICO 233,0.9331,1,1,3,7,1.0,1.0,False
COORDINADOR DE APLICACIONES IT,COORDINADOR DE APLICACIONES TI,0.9331,1,1,1,1,3.0,3.0,False
ASISTENTE CONTABLE Y DE AUDITORIA,ASISTENTE CONTABLE AUDITORIA DE VENTAS,0.9331,3,1,14,1,1.0,1.0,False
ASISTENTE DE EMBARQUE,ASISTENTE DE COORDINACION DE EMBARQUES,0.9331,3,2,5,15,1.0,1.0,False
INGENIERO DE DATOS E INFRAESTRUCTURA,INGENIERO DE INFRAESTRUCTURA IT,0.9331,1,1,2,5,,,False
REDACTOR CREATIVO,REDACTOR CREATIVO JR,0.9331,12,1,61,1,,,False
ASESOR TECNICO COMERCIAL D,"ASESOR TECNICO COMERCIAL SR,",0.9331,1,1,1,2,2.0,2.0,False
REGIONAL GENERAL MANAGER,REGIONAL MANAGER,0.9331,1,1,2,1,,,False
SUPERVISOR DE CONTROL DE GASTO DE TRANSPORTE,ANALISTA DE CONTROL DE GASTO DE TRANSPORTE,0.9331,1,1,2,4,3.0,2.0,True
SECRETARIA DE GERENCIA ADMINISTRATIVA,SECRETARIA DE GERENCIA (E),0.9331,1,1,1,2,,,False
ORIENTADOR DE UNIVERSIDADES,ASISTENTE DE ORIENTACION DE UNIVERSIDADES,0.9331,1,1,3,1,,1.0,False
ANALISTA DE TIEMPOS,ANALISTA DE TIEMPOS Y MOVIMIENTOS,0.9331,1,1,1,2,2.0,2.0,False
SUPERVISOR DE VENTAS MAYORISTA,SUPERVISOR AREA DE VENTAS,0.9331,2,1,12,2,3.0,3.0,False
ANALISTA DE OPERACIONES,ANALISTA OPERACIONES EMPRESAS,0.933,86,1,338,10,2.0,2.0,False
AUDITOR INTERNO SENIOR,AUDITOR INTERNO SUPERVISOR,0.933,7,1,13,4,,3.0,False
ASITENTE /AUXILIAR ADMINISTRATIVO,ADMINISTRATIVO-ASISTENTE ADMINISTRATIVO,0.933,1,1,3,1,1.0,1.0,False
MECANICO DE REFRIGERACION,TECNICO DE REPARACION DE REFRIGERADOS,0.933,3,1,8,26,,2.0,False
ESPECIALISTA EN GESTION DEL TALENTO,ESPECIALISTA DE GESTION DE TALENTOS,0.933,2,1,6,2,3.0,3.0,False
SUPERVISOR LOGISTICO Y BODEGA,SUPERVISOR DE LOGISTICA DE COMERCIALIZACION,0.933,4,2,7,4,3.0,3.0,False
AYUDANTE DE COCINA (ESTABLECIMIENTOS CATEGORIA PRIMERA),CHEF DE COCINA (ESTABLECIMIENTOS CATEGORIA PRIMERA,0.933,22,6,169,14,1.0,,False
ANALISTA CALIDAD,ANALISTA DE CALIDAD Y MEJORA CONTINUA,0.933,162,1,890,2,2.0,2.0,False
AUX ADMINIST,AUXIL ADMINIST,0.933,1,1,3,8,,,False
TECNICO DE SOPORTE Y MANTENIMIENTO,JEFE DE SOPORTE Y MANTENIMIENTO,0.933,2,2,23,3,2.0,4.0,True
ASISTENTE ADIMINISTRATIVO,ASITENTE /AUXILIAR ADMINISTRATIVO,0.933,8,1,23,3,1.0,1.0,False
COORDINADOR INNOVACION,DIRECTOR DE INNOVACION,0.933,11,4,17,7,3.0,5.0,True
ANALISTA DE CALIDAD Y PROCESOS,ANALISTA DE CALIDAD Y LABORATORIO,0.933,16,3,48,5,2.0,2.0,False
COORDINADOR DE BODEGA Y DESPACHO,COORDINADOR BODEGA COMERCIAL,0.933,2,1,3,1,3.0,3.0,False
AUXILIAR DE ENFERMERIA DE HOSP H-1,ENCARGADA/O ENFERMERIA HOSP H-1,0.933,1,1,16,1,1.0,,False
GERENTE DE PROYECTOS Y SERVICIOS,GERENTE DE PROYECTOS 项目经理,0.933,2,1,5,1,5.0,5.0,False
DOCENTE DE CISO CAHC,DOCENTE DE CISO,0.933,1,1,6,2,,,False
COORDINADOR DE CONTROL DE PROYECTOS,COORDINADOR GENERAL DE PROYECTOS,0.933,1,1,2,2,3.0,3.0,False
TECNICO MECANICO B,TECNICO MECANICO INDUSTRIAL A,0.933,5,1,48,40,2.0,2.0,False
SUPERVISOR TECNICO DE ASEGURAMIENTO DE CALIDAD,COORDINADOR DE ASEGURAMIENTO Y CONTROL DE CALIDAD - RESPONSABLE TECNICO,0.933,146,1,618,2,3.0,3.0,False
ASISTENTE DE PARTIDA,AUXILIAR DE PARTIDA,0.933,1,1,2,4,1.0,1.0,False
EJECUTIVO DE ATENCION AL CLIENTE,JEFE ATENCION A CLIENTES,0.933,12,11,144,20,,4.0,False
ANALISTA DE GESTION HUMAN,ANALISTA SENIOR DE GESTION HUMANA,0.933,21,2,49,3,2.0,2.0,False
AYUDANTE DE LIMPIEZA Y SERVICIOS GENERALES,ADMINISTRATIVA/AUXILIAR DE LIMPIEZA,0.933,2,1,10,2,1.0,1.0,False
ASISTENTE DE COMPENSACIONES Y BENEFICIOS,ASISTENTE DE REMUNERACIONES Y COMPENSACI,0.9329,7,1,24,2,1.0,1.0,False
AUXILIAR DE LIMPIEZA/ SERVICIOS GENERALES,ADMINISTRATIVA/AUXILIAR DE LIMPIEZA,0.9329,15,1,391,2,1.0,1.0,False
ASISTENTE OPERATIVO (E),ASISTENTE / AYUDANTE OPERATIVO,0.9329,2,1,5,3,1.0,1.0,False
JEFE DE PRESUPUESTO Y PLANIFIC,JEFE DE PLANIFICACION PROCESOS Y PROYECTOS,0.9329,6,2,9,2,4.0,4.0,False
ANALISTA DE PROCESOS Y PROYECTOS,ANALISTA DE PROCESOS Y PRODUCTOS,0.9329,11,1,15,1,2.0,2.0,False
COORDINADOR ASEGURAMIENTO CALIDAD,ADMINISTRADOR DE ASEGURAMIENTO DE LA CALIDAD,0.9329,68,1,121,2,3.0,,False
ASISTENTE ADMINISTRATIVA DE OBRA,ASISTENTE ADMINISTRATIVO CONTROL DE OBRAS,0.9329,1,1,1,1,1.0,1.0,False
JEFE DE PLANIFICACION ESTRATEGICA,ASISTENTE DE PLANIFICACION ESTRATEGICA,0.9329,6,1,9,2,4.0,1.0,True
EJECUTIVO DE PROYECTOS Y PROCESOS,DIRECTOR DE PROYECTOS Y PROCESOS,0.9329,1,1,1,2,,5.0,False
TITULAR DE ATENCION AL CLIENTE,RESPONSABLE DE ATENCION AL CLIENTE,0.9329,3,2,5,2,,,False
OFICIAL CAPTACIONES,CAPTACIONES,0.9329,11,2,140,6,,,False
ASISTENTE DISENO GRAFICO,ASISTENTE GRAFICO,0.9329,3,3,8,17,1.0,1.0,False
ASISTENTE ADMINISTRATIVO Y COMERCIAL,ASITENTE /AUXILIAR ADMINISTRATIVO,0.9329,3,1,6,3,1.0,1.0,False
JEFE DE DESPACHOS,JEFE DESPACHOS,0.9329,10,1,22,2,4.0,4.0,False
COORDINADOR DE GESTION DE MANTENIMIENTO,ENCARGADO DE MANTENIMIENTO,0.9329,132,4,269,8,3.0,,False
COORDINADOR/A DE PLANEACION DE ABASTECIMIENTO,COORDINADOR/A GENERAL ABASTECIMIENTO,0.9329,3,1,8,1,3.0,3.0,False
ASITENTE /AUXILIAR ADMINISTRATIVO,ASISTENTE ADMINISTRATIVO Y DOCUMENTAL,0.9329,1,1,3,1,1.0,1.0,False
ASISTENTE COMERCIAL CORPORATIVO,ASISTENTE DE ASESOR COMERCIAL,0.9329,1,1,6,2,1.0,1.0,False
SUPERVISOR CALIDAD,SUPERINTENDENTE DE CALIDAD,0.9329,146,4,618,6,3.0,,False
ASISTENTE DE DIRECCION TECNICA DE FINANZAS Y PRESUPUESTO,DIRECTOR TECNICO DE FINANZAS Y PRESUPUESTO,0.9329,1,1,6,6,1.0,5.0,True
INGENIERO DE PROYECTOS ESTANDAR B,INGENIERO DE PROYECTOS ESTANDAR,0.9329,1,1,1,194,,,False
PLANIFICADOR DE MATERIALES,PLANIFICADOR DE MATERIALES Y SERVICIOS,0.9329,7,1,14,7,,,False
JEFE DE IMPORTACIONES & LOGISTICA,JEFE DE IMPORTACIONES Y POST VENTA,0.9329,5,1,8,2,4.0,4.0,False
COORDINADOR DE FINANZAS,COORDINADOR FINANCIERO Y DE COSTOS,0.9329,6,1,10,2,3.0,3.0,False
ANALISTA CALIDAD,ANALISTA DE CALIDAD DE PRODUCCION,0.9329,162,1,890,6,2.0,2.0,False
GERENTE GENERAL SUBROGANTE,GERENTE SUBROGANTE,0.9329,1,1,1,1,5.0,5.0,False
AUXILIAR DE AGENTE ADUANA,AUXILIAR AGENTE ADUANA COSTA,0.9329,2,1,39,14,1.0,1.0,False
ASISTENTE DE CONTROL,ASISTENTE DE MESA DE CONTROL,0.9329,4,1,7,3,1.0,1.0,False
JEFE DE INFRAESTRUCTURA TECNOLOGICA,JEFE DE INFRAESTRUCTURA Y PROYECTOS,0.9328,7,3,12,3,4.0,4.0,False
ASISTENTE DE MANTENIMIENTO Y EDIFICACIONES,ASISTENTE DE MANTENIMIENTO OBRA CIVIL,0.9328,1,1,1,1,1.0,1.0,False
EXPERTO (FUN 3 CSO),EXPERTO JUNIOR (FUN 3) CSO,0.9328,1,1,14,1,,,False
ASISTENTE ADMINISTRA,ASISTENTE ADMINISTRATIV0,0.9328,11,1,29,2,1.0,1.0,False
INGENIERO DE DESARROLLO,INGENIERO SENIOR DE DESARROLLO,0.9328,15,2,259,10,,,False
SUPERVISOR DE VISITA MEDICA,SUPERVIDOR DE VISITA MEDICA,0.9328,3,1,7,2,3.0,,False
ANALISTA DE MESA DE SERVICIO,ANALISTA DE MESA DE ATENCION TECNICA,0.9328,3,1,5,7,2.0,2.0,False
ANALISTA DE OPERACIONES LOGISTICA,ANALISTA DE DATOS Y LOGISTICA,0.9328,3,2,20,3,2.0,2.0,False
CHOFER: PARA CAMIONES PASADOS,CHOFER: PARA CAMIONES SIN ACOPLADOS,0.9328,116,19,548,212,,,False
ANALISTA CALIDAD,ANALISTA DE CALIDAD Y DESARROLLO,0.9328,162,3,890,6,2.0,2.0,False
SUPERVISOR DE LA PLANTA DE PROCESOS,GERENTE PLANTA DE PROCESOS,0.9328,3,1,23,1,3.0,5.0,True
ANALISTA DE COBRANZAS SENIOR,ASESOR SENIOR DE COBRANZAS,0.9328,3,1,8,1,2.0,,False
LIDER COMERCIAL GRUPO,LIDER COMERCIAL DISTRIBUCION,0.9328,1,1,1,1,,,False
BARMAN (CANTINERO) (ESTABLECIMIENTOS CATEGORIA PRIMERA),BARMAN (ESTABLECIMIENTOS CATEGORIA LUJO),0.9328,6,2,14,9,,,False
EJECUTIVO SERVICIO AL CLIENTE,EJECUTIVO ATENCION CLIENTE N,0.9328,52,1,354,5,,,False
ANALISTA DE NOMINA Y ADMINISTRACION,ANALISTA DE NOMINA Y COMISIONES,0.9328,1,1,1,1,2.0,2.0,False
JEFE DE COMPRA,JEFE DE COMPRAS SENIOR,0.9328,303,2,547,3,4.0,4.0,False
ASISTENDE DE BODEGA,ASISTENTE ADMINISTRATIVA BODEGA,0.9328,423,11,2097,20,,1.0,False
ASESOR BANCA PERSONAS,ASISTENTE BANCA DE PERSONAS,0.9328,2,1,128,1,,1.0,False
GERENTE DE COMPRA Y FRUTA,JEFE DE COMPRA DE FRUTA,0.9328,2,2,3,3,5.0,4.0,True
GESTOR DE PROYECTOS,GERENTE DE PROYECTOS Y SERVICIOS,0.9328,12,2,37,5,,5.0,False
ASESOR DE SERVICIO AL CLIENTE,ASISTENTE SERVICIO AL CLIENTE Y OPERACIONES,0.9328,28,3,632,8,,1.0,False
ASISTENTE FINANCIERO SR.,ASIST. FINANCIERO,0.9328,1,1,1,2,1.0,,False
JEFE DE GESTION DE CALIDAD,GESTOR DE CALIDAD Y PROCESOS,0.9328,16,2,31,2,4.0,,False
INSPECTOR/CONTROL DE CALIDAD,REVISOR-INSPECTOR CONTROL CALIDAD,0.9328,17,5,287,14,,,False
TECNICO DE SOPORTE INFORMATICO,TECNICO DE SOPORTE IT,0.9328,3,2,8,7,2.0,2.0,False
SUPERVISOR I+D,SUPERVISOR DE I+D,0.9328,2,2,6,2,3.0,3.0,False
DOCENTE DE FISICA CAHC,DOCENTE DE EDUCACION FISICA CAHC,0.9328,1,1,3,22,,,False
SUPERVISOR CULTIVO F2,SUPERVISOR CULTIVO F1,0.9328,1,1,19,6,3.0,3.0,False
JEFE DE REVENUE,JEFE REVENUE MANAGER,0.9328,2,1,3,1,4.0,4.0,False
JEFE DE INNOVACION Y GESTION CON CLIENTES,JEFE DE INNOVACION Y MARKETING,0.9327,3,1,4,2,4.0,4.0,False
WAREHOUSE COORDINATOR,WAREHOUSING & DISTRIBUTION COORDINATOR,0.9327,2,1,3,1,,,False
TECNICO DE SOPORTE II,TECNICO DE SOPORTE III,0.9327,1,1,1,1,2.0,2.0,False
ANALISTA DE TALENTO HUMANO,ANALISTA DE TALENTO HUMANO Y COMUNICACION,0.9327,171,1,376,1,2.0,2.0,False
ANALISTA DE CALIDAD Y LABORATORIO,LABORATORISTA DE CALIDAD,0.9327,3,2,5,7,2.0,,False
ASISTENTE DE CALIDAD Y LABORATORIO,ASISTENTE CALIDAD Y REGULATORIO,0.9327,5,1,16,2,1.0,1.0,False
JEFE CONTROL INTERNO,JEFE CONTROL INTERNO Y PROCESOS,0.9327,30,2,49,3,4.0,4.0,False
ASISTENTE FACTURACION Y RECAUDACION,AYUDANTE DE FACTURACION,0.9327,2,2,2,3,1.0,1.0,False
CHOFER INSTALADOR,CHOFER -INSTALADOR,0.9327,2,1,7,3,,,False
ASISTENTE DE GESTION DE PROYECTOS,ASISTENTE DE CONTROL DE PROYECTOS,0.9327,2,2,3,2,1.0,1.0,False
SUPERVISOR LOGISTICO Y BODEGA,SUPERVISOR EN LOGISTICA Y COMPRAS,0.9327,4,2,7,3,3.0,3.0,False
OPERADOR DE CONTROL,OPERADOR DE CONTROL CENTRAL,0.9327,4,1,36,8,1.0,1.0,False
ASISTENTE DE DISENO B,ASISTENTE DE DISENO 1,0.9327,1,1,5,4,1.0,1.0,False
AYUDANTE ADMINISTRATIVA,ADMINISTRATIVO-ASISTENTE ADMINISTRATIVO,0.9327,12,1,31,1,1.0,1.0,False
ASISTENTE CONTABLE Y TESORERIA,ASISTENTE DE CONTABILIDAD-TESORERIA,0.9327,1,1,1,2,1.0,1.0,False
SUPERVISOR PRODUCCION,SUPERVISOR DE PRODUCCION Y REGISTRO,0.9327,250,1,1309,2,3.0,3.0,False
ASISTENTE DE ANALISIS DE DATOS,ASISTENTE DE ANALISIS,0.9327,2,1,2,2,1.0,1.0,False
JEFE DE SERVICIOS TECNICOS,JEFE DE TECNICOS,0.9327,16,2,63,2,4.0,4.0,False
COORDINADOR OPERATIVO CREDITO,COORDINADOR CREDITO Y COB,0.9327,2,1,4,1,3.0,3.0,False
VAQUERO REEMPLAZO MG2,VAQUERO MG2,0.9327,1,1,2,2,,,False
AUX. TECNICO,AUXILIAR DEP. TECNICO,0.9327,24,1,195,10,2.0,2.0,False
ANALISTA DE PROCESOS Y PROYECTOS,ANALISTA DE PROCESOS SR.,0.9327,11,1,15,1,2.0,2.0,False
ANALISTA DE PROCESOS Y PROYECTOS,ANALISTA DE PROCESOS Y DATOS,0.9327,11,5,15,9,2.0,2.0,False
JEFE DE MONITOREO,JEFE DE SOPORTE AL SERVICIO MONITOREO,0.9327,1,1,2,2,4.0,4.0,False
GERENTE ADMINISTRACION Y FINANZAS,GERENTE DE ADMINISTRACION Y AUDITORIA,0.9327,27,1,50,1,5.0,5.0,False
ASESOR TECNICO DE PROYECTO,ASESOR TECNICO COMERCIAL PROYECTOS,0.9327,4,1,8,2,2.0,2.0,False
GERENTE INDUSTRIA,GERENTE TECNICO INDUSTRIAL,0.9327,1,1,1,2,5.0,5.0,False
COORDINADOR DE BIENESTAR SOCIAL,ASESOR DE BIENESTAR SOCIAL,0.9327,8,1,13,2,3.0,,False
ENCARGADO DE MANTENIMIENTO,JEFE DE MANTENIMIENTO E I,0.9327,4,2,8,3,,4.0,False
OPERADOR DE FRIO,OPERADOR DE PLANTA FRIO,0.9327,3,1,21,4,1.0,1.0,False
ASESOR TECNICO COMERCIAL D,ASESOR TECNICO COMERCIAL G,0.9327,1,1,1,1,2.0,2.0,False
ASISTENTE ADMINISTRATIVO Y CONTABLE,ASITENTE /AUXILIAR ADMINISTRATIVO,0.9327,16,1,31,3,1.0,1.0,False
JEFE DE SEGURIDAD INDUSTRIAL Y,JEFE CORPORATIVO DE SEGURIDAD INDUSTRIAL Y MEDIO AMBIENTE,0.9327,66,1,120,2,4.0,4.0,False
JEFE DE AREA DE PRODUCCION,JEFE DE PRODUCCION Y PROYECTOS,0.9327,3,2,5,3,4.0,4.0,False
PROFESIONALES CON TITULO DE CUARTO NIVEL,PERSONAL CON TITULO DE CUARTO NIVEL,0.9326,14,1,30,2,,,False
JEFE DE CONTABILIDAD Y TESORERIA,JEFE DE CONTABILIDAD Y REPORTING,0.9326,2,1,3,1,4.0,4.0,False
ANALISTA CONTROL DE CALIDAD,ANALISTA DE CONTROL DE CALIDAD Y MEDIOAM,0.9326,15,1,91,1,2.0,2.0,False
COORDINADOR DE BODEGA Y LOGISTICA,SUPERVISOR LOGISTICO Y BODEGA,0.9326,13,4,21,7,3.0,3.0,False
ATENDEDOR DE TIENDA,ASISTENTE DE TIENDA,0.9326,1,1,66,22,,1.0,False
ANALISTA DE COMPRAS Y LOGISTICA,ANALISTA DE OPERACIONES LOGISTICA,0.9326,4,3,11,20,2.0,2.0,False
JEFE DE TIENDA CIUDAD CELESTE,ASISTENTE DE TIENDA CIUDAD CELESTE,0.9326,1,1,1,1,4.0,1.0,True
TRABAJADOR DE LA FINCA,TRABAJADOR FINCA,0.9326,1,1,4,2,,,False
ASISTENTE ADMINISTRATIVO Y DE GERENCIA,ASISTENTE DE GERENCIA Y CONSEJOS,0.9326,16,1,29,2,1.0,1.0,False
SUPERVISOR CALIDAD Y REGULATORIOS,SUPERVISOR DE CALIDAD PROCESOS Y AMBIENT,0.9326,2,2,4,3,3.0,3.0,False
JEFE DE PROVEEDURIA,JEFE PROVEEDURIA,0.9326,1,1,2,2,4.0,4.0,False
COORDINADOR SOSTENIBILIDAD,COORDINADOR DE SOSTENIBILIDAD Y ASUNTOS REGULATORIOS,0.9326,8,1,12,2,3.0,3.0,False
GERENCIA GENERAL,GERENTE_GENERAL,0.9326,8,3,19,6,,,False
ASESOR DE MICROCREDITO,ASESOR DE MICROCREDITO SENIOR,0.9326,5,1,73,6,,,False
AUXILIAR JEFE DE FLOTA,AUXILIAR OPERATIVO DE FLOTA,0.9326,1,1,4,1,4.0,1.0,True
CONTROLADORA DE PRE- CAJAS ( GENERAL ),CONTROLADORA PRE- CAJAS 1,0.9326,1,1,4,2,,,False
COORDINADOR EXPERIENCIA AL CLIENTE,ASISTENTE DE EXPERIENCIA DEL CLIENTE,0.9326,11,6,22,18,3.0,1.0,True
DOCENTE VICERRECTORA,DOCENTE-VICERRECTORA,0.9326,2,1,3,1,,,False
ASISTENTE SOPORTE COMERCIAL,ASISTENTE COMERCIAL CORPORATIVO,0.9326,2,1,2,6,1.0,1.0,False
GERENTE REGIONAL SIERRA,GERENTE REGIONAL SIERRA (AUT),0.9326,6,1,10,3,5.0,5.0,False
ANALISTA DE SISTEMAS SENIOR,INGENIERO DE SISTEMAS SENIOR,0.9326,4,2,15,8,2.0,,False
JEFE DE RRHH,DIRECTORA DE RRHH,0.9326,32,3,49,6,4.0,,False
EJECUTIVA DE ATENCION AL SOCIO,EJECUTIVO DE SERVICIO AL SOCIO,0.9325,3,1,11,2,,,False
ASISTENTE DE INFORMACION,ASISTENTE INFORMACION OPERACIONAL,0.9325,8,1,36,1,1.0,1.0,False
GESTOR DE SERVICIOS GENERALES,ASESOR DE SERVICIOS GENERALES,0.9325,2,1,6,2,,,False
COORDINADOR DE REDES E INFRAESTRUCTURA,COORDINADOR DE REDES Y SEGURIDAD,0.9325,5,1,8,1,3.0,3.0,False
JEFE DE PROYECTOS LOGISTICOS,ASESOR DE PROYECTOS LOGISTICOS,0.9325,2,1,3,2,4.0,,False
ANALISTA DE LOGISTICA Y DESPACHO,ANALISTA LOGISTICA DE DESPACHOS,0.9325,2,1,5,2,2.0,2.0,False
ASISTENTE A DE CONTABILIDAD,ASISTENTE CONTABLE Y DE AUDITORIA,0.9325,447,3,1561,14,1.0,1.0,False
ASESOR DE MARKETING,ASESOR DE COMUNICACION Y MARKETING,0.9325,3,1,6,2,,,False
COORDINADOR DE DISENO E INGENIERIAS,COORDINADOR DE INGENIERIA (DISENO),0.9325,3,1,7,2,3.0,3.0,False
GERENTE OPERACIONAL,GESTOR OPERATIVO DE GERENCIA,0.9325,18,1,34,1,5.0,,False
ANALISTA EXCELENCIA AL CLIENTE,ANALISTA DE EXCELENCIA EN SERVICIO,0.9325,1,1,3,1,2.0,2.0,False
COORDINADOR COMPRAS Y CONTRATOS,COORDINADOR COMPRAS DE SERVICIOS,0.9325,5,4,12,7,3.0,3.0,False
ENCARGADO DE MANTENIMIENTO,DIRECTOR DE MANTENIMIENTO,0.9325,4,3,8,7,,5.0,False
AYUDANTE DE MECANICO,AYUDANTE MECANICO AUTOMOTRIZ,0.9325,149,5,917,18,1.0,1.0,False
TECNICO ASESOR MECANICO DIESEL 1,TECNICO MECANICO DIESEL,0.9325,1,1,3,16,2.0,2.0,False
ADMINISTRATIVE ASSISTANT,ADMINISTRATIVE ASSISTANT - INTERMEDIATE,0.9325,18,1,57,1,,,False
ANALISTA CONTROL DE CALIDAD 1,ASISTENTE CONTROL CALIDAD 1,0.9325,15,2,91,6,2.0,1.0,True
AYUDANTE DEL SECTOR METALMECANICO 103,AYUDANTE DEL SECTOR METALMECANICO 263,0.9325,1,1,3,4,1.0,1.0,False
JEFE DE SERVICIO AL CLIENE,JEFE CENTRO ATENCION AL CLIENTE,0.9325,47,3,83,75,4.0,4.0,False
CHOFER LOGISTICO,CHOFER Y LOGISTICA,0.9325,7,1,32,1,,,False
JEFE DE CONTROL PRESUPUESTARIO,SUPERVISOR DE CONTROL PRESUPUESTAL,0.9325,2,1,2,2,4.0,3.0,True
JEFE DE COBRANZAS,JEFE DE COBRANZAS REGIONAL,0.9325,118,1,236,1,4.0,4.0,False
CHEF DE PARTIDA EN COCINA (ESTABLECIMIENTOS CATEGORIA TERCERA Y CUARTA),SOUS CHEF DE COCINA (ESTABLECIMIENTOS CATEGORIA TERCERA Y CUARTA),0.9325,6,2,14,5,,,False
ASISTENTE| ADMINISTRATIVO,"ASISTENTE,AUXILIAR,ADMINISTRATIVO",0.9325,1731,1,7021,1,1.0,1.0,False
AYUDANTE DE PANADERIA/PASTELERIA,ASISTENTE/AYUDANTE PANADERO/PASTELERO,0.9325,28,1,198,1,1.0,1.0,False
ASISTENTE DE RECIBOS Y ALMACEN,ASISTENTE DE ALMACENAMIENTO Y DESPACHO,0.9325,1,1,1,1,1.0,1.0,False
ASISTENTE GERENCIA,ASISTENTE GERENCIA REGIONAL,0.9325,433,3,843,5,1.0,1.0,False
GESTOR DE PROYECTOS TECNOLOGICOS,GESTOR TECNICO DE PROYECTOS,0.9325,2,1,4,2,,2.0,False
GERENTE DE RECLAMOS,RESPONSABLE DE GESTION DE RECLAMOS,0.9325,5,1,7,2,5.0,,False
JEFE CONTROL CALIDAD,JEFE DE ASEG. DE LA CALIDAD,0.9325,88,1,160,2,4.0,4.0,False
JEFE DE COSTOS & COMPRAS,JEFE DE CONTABILIDAD Y COSTOS,0.9325,2,2,4,2,4.0,4.0,False
ASIST. ADMINISTRATIVO,ASISTENTE ADMINISTRA,0.9325,25,11,87,29,,1.0,False
JEFE DE PROYECTOS Y OPERACIONES,JEFE DE PROYECTOS Y CONTROL INTERNO,0.9325,4,1,7,2,4.0,4.0,False
DIRECTOR DE TRANSFORMACION DIGITAL,DIRECTOR DE TECNOLOGIA Y TRANSFORMACION DIGITAL,0.9325,1,1,2,1,5.0,5.0,False
ASISTENTE CONTAC CENTER,ASISTENTE CALL / CONTAC CENTER,0.9324,2,1,3,5,1.0,1.0,False
ESPECIALISTA DE SELECCION,ESPECIALISTA DE SELECCION Y CONTRTACION,0.9324,4,1,9,1,3.0,3.0,False
AUXILIAR E INSTALADOR SISTEMAS,INSTALADOR DE SISTEMAS,0.9324,3,3,7,5,1.0,,False
MAINTENANCE MANAGER,MAINTENANCE COORDINATOR,0.9324,2,1,5,1,,,False
ASISTENTE DE REPRESENTANTE TECNICO,REPRESENTANTE TECNICO /ASESOR O SUPERVISOR TECNICO,0.9324,2,1,4,3,2.0,3.0,True
EJECUTIVA OPERACIONES,EJECUTIVO OPERATIVO,0.9324,23,4,208,54,,,False
ASISTENTE DE GERENTE GENERAL,ASISTENTE DE GERENCIAS/SUBGERE,0.9324,3,1,6,6,5.0,1.0,True
COORDINADORA ACADEMICA DE LA FACULTAD DE CIENCIAS DE LA SALUD,DIRECTORA ACADEMICA - FAC. CIENCIAS DE LA SALUD,0.9324,1,1,1,2,,,False
ANALISTA ADMINISTRITO DE VENTAS,ANALISTA DE DESAROLLO Y VENTAS,0.9324,30,1,90,1,2.0,2.0,False
DIRECTOR DE TRANSFORMACION DIGITAL,RESPONSABLE DE TRANSFORMACION DIGITAL,0.9324,1,1,2,1,5.0,,False
ANALISTA DE CALIDAD DE SERVICIO,ASISTENTE CALIDAD DE SERVICIO,0.9324,3,1,4,1,2.0,1.0,True
COORDINADOR SERVICIOS TRANSACCIONALES,JEFE SERVICIOS TRANSACCIONALES,0.9324,1,1,4,2,3.0,4.0,True
COORDINADOR DE COMUNICACION Y MARKETING,ASESOR DE COMUNICACION Y MARKETING,0.9324,25,1,43,2,3.0,,False
TRADE MARKETING CORDINATOR,TRADE MARKETING MANAGER,0.9324,4,4,11,6,,,False
PLANNER DE DEMANDA,PLANIFICADOR DEMANDA,0.9324,2,1,3,1,,,False
SUPERVISOR CALIDAD,SUPERVISORA DE CALIDAD E INOCUIDAD,0.9324,146,1,618,1,3.0,,False
JEFE CONTROL CALIDAD,JEFE DE CALIDAD Y SISTEMAS DE GESTION,0.9324,88,8,160,13,4.0,4.0,False
AUXILIAR CONTROL DE CALIDAD F3,AUXILIAR CONTROL DE CALIDAD F2,0.9324,2,1,6,11,1.0,1.0,False
COORDINADOR SERVICIO AL CLIENTE,COORDINADOR EXPERIENCIA AL CLIENTE,0.9324,59,11,114,22,3.0,3.0,False
OPERADOR DE CERRADORA,OPERADOR DE CERRADORAS,0.9324,2,1,21,27,1.0,1.0,False
TECNICO DE REFRIGERACION Y ELECTRICIDAD,TECNICO DE REPARACION DE REFRIGERADOS,0.9324,3,1,7,26,2.0,2.0,False
JEFE DE PLANEAMIENTO,JEFE DE PLANIFICACION Y ESTADISTICA,0.9324,39,1,69,2,4.0,4.0,False
OPERARIO DE PARQUEADERO,AYUDANTE DE PARQUEADERO,0.9324,6,3,498,9,1.0,1.0,False
LIDER TORNO,LIDER TORNERO,0.9324,1,1,1,1,,,False
JEFE SEGURIDAD Y SALUD OCUPACIONAL,JEFE MANTENIMIENTO Y SEGURIDAD Y SALUD EN EL TRABAJO,0.9324,42,1,72,3,4.0,4.0,False
JEFE DE DESARROLLO E INVESTIGACION,DIRECTOR DE INVESTIGACION Y DESARROLLO,0.9324,28,7,52,12,4.0,5.0,True
COORDINADOR DE IMPORTACION,COORDINADOR IN HOUSE IMPORTACIONES,0.9324,65,3,125,111,3.0,3.0,False
ASISTENTE DE AUDITORIA FINANCIERA,GERENTE DE AUDITORIA FINANCIERA,0.9324,2,1,4,1,1.0,5.0,True
COORDINADOR OPERATIVO DE PROYECTOS,COORDINADOR DE CONTROL DE PROYECTOS,0.9324,3,1,13,2,3.0,3.0,False
DOCENTE PREESCOLAR ESPANOL,PROFESOR DE PREESCOLAR,0.9323,2,1,17,35,,,False
JEFE DE INVESTIGACION Y DESARROLLO,COORDINADOR INVESTIGACION Y DESARROLLO,0.9323,28,15,52,36,4.0,3.0,True
ANALISTA DE CONTRATACION Y ADMINISTRACION DE PERSONAL,ANALISTA DE SELECCION Y CONTRATACION,0.9323,1,1,1,1,2.0,2.0,False
SUPERVISOR MECANICO,SUPERVISOR TALLER MECANICO,0.9323,32,2,156,4,3.0,3.0,False
OPERARIO/A DE MANTENIMIENTO,ASISTENTE DE OPERACIONES Y MANTENIMIENTO,0.9323,4,2,103,2,1.0,1.0,False
BODEGUERO 221,BODEGUERO 211,0.9323,1,1,1,1,,,False
DIRECTOR DE GESTION OPERATIVA,DIRECTOR OPERATIVO,0.9323,1,1,3,2,5.0,5.0,False
SUPERVISOR LOGISTICO Y BODEGA,SUPERVISOR DE DISTRIBUCION LOGISTICA,0.9323,4,3,7,21,3.0,3.0,False
GERENTE DE ADMINISTRACION Y AUDITORIA,GERENTE DE DEPARTAMENTO DE ADMINISTRACION Y CONTABILIDAD,0.9323,1,1,1,2,5.0,5.0,False
DIRECTOR OPERACIONES,DIRECTOR OPERACIONES Y PROYECT,0.9323,53,1,85,1,5.0,5.0,False
SUPERVISOR DE MONITOREO,JEFE DE MONITOREO,0.9323,10,1,24,2,3.0,4.0,True
CUSTOMER SERVICES COORDINATOR - ECUADOR,COORDINATOR LOGISTICS & CUSTOMER SERVICE ECUADOR,0.9323,2,1,3,2,,,False
SUPERINTENDENTE DE OPERACIONES DE MINA,SUPERINTENDENTE DE INGENIERIA DE MINA,0.9323,1,1,2,1,,,False
SUBGERENTE DE DISTRIBUCION,SUBGERENTE DE DISTRIBUCION Y TRANSPORTE,0.9323,3,1,7,4,4.0,4.0,False
ANALISTA DE CONTROL DE CALIDAD Y MICROBIOLOGIA,ANALISTA DE CALIDAD Y LABORATORIO,0.9323,4,3,21,5,2.0,2.0,False
ANALISTA DE EFECTIVIDAD,ANALISTA DE EFECTIVO,0.9323,1,1,1,2,2.0,2.0,False
JEFE SEGURIDAD INDUSTRIAL,JEFE DE SEGURIDAD INDUSTRIAL Y SALUD OCUPACIONAL,0.9323,66,14,120,21,4.0,4.0,False
EJECUTIVO DE VENTAS JUNIOR,SUPERVISOR DE VENTAS JUNIOR,0.9323,9,1,43,1,,3.0,False
JEFE DE ATENCION AL CLIENTE,JEFE DE CUSTOMER SERVICE,0.9323,11,1,20,2,4.0,4.0,False
ASISTENTE DE COMERCIAL,ASISTENTE COMERCIAL INDUSTRIA,0.9323,266,1,776,1,1.0,1.0,False
SUBJEFE DE LOCAL,SUBJEFE DE LOCAL SENIOR,0.9323,1,1,18,5,,,False
GERENTE DE TESORERIA Y COBRANZAS,GERENTE TESORERIA Y OPERACIONES,0.9323,2,1,4,1,5.0,5.0,False
JEFE DE INFRAESTRUCTURA TECNOLOGICA,JEFE DE INFRAESTRUCTURA Y REDES,0.9323,7,2,12,3,4.0,4.0,False
COORDINADOR DE CONTAC CENTER,ASESOR DE CONTAC CENTER,0.9323,4,2,6,12,3.0,,False
GERENTE DE MANTENIMIENTO,ENCARGADO DE MANTENIMIENTO,0.9323,39,4,65,8,5.0,,False
COORDINADOR INNOVACION,COORDINADOR SENIOR DE PROYECTOS DE INNOVACION,0.9323,11,2,17,3,3.0,3.0,False
ASISTENTE DE SOPORTE DE TI,ASISTENTE SOPORTE IT,0.9323,6,2,8,3,1.0,1.0,False
SALES MANAGER,SALES AND MARKETING MANAGER,0.9323,14,1,28,2,,,False
JEFE DE CALIDAD DE PROCESOS,JEFE TECNICO Y CALIDAD,0.9323,11,7,19,13,4.0,4.0,False
JEFA DE ALMACEN,JEFA DE ALMACEN SUCURSAL,0.9322,3,1,5,4,,,False
DIRECTOR DE GESTION OPERATIVA,LIDER DE GESTION OPERACIONAL,0.9322,1,1,3,7,5.0,,False
JEFE ADMINISTRACION Y RECURSOS HUMANOS,JEFE DPTO. RECURSOS HUMANOS,0.9322,4,1,6,2,4.0,4.0,False
TECNICO LABORATORIO,ESPECIALISTA TECNICO DE LABORATORIO,0.9322,7,1,24,2,2.0,3.0,True
JEFE TECNICO ELECTRICO,JEFE DE ELECTRICIDAD Y AUTOMATIZACION,0.9322,1,1,1,2,4.0,4.0,False
LIMPIADOR DE CUERNOS EN LIMPIEZA DE MATERIA PRIMA,RECOGEDOR DE CUERNOS EN LIMPIEZA DE MATERIA PRIMA,0.9322,1,1,90,11,,,False
GERENTE DE PRODUCTO E INNOVACION,GERENTE DE PRODUCTO I&D,0.9322,2,1,4,1,5.0,5.0,False
EJECUTIVO DE CUENTA SENIOR,EJECUTIVO SENIOR DE CUENTAS CLAVE,0.9322,9,1,53,1,,,False
JEFE COMERCIAL REGIONAL COSTA,COORDINADOR COMERCIAL REGIONAL COSTA Y,0.9322,4,1,8,1,4.0,3.0,True
GERENTE ADMINISTRATIIVA,ADMINISTRADOR / GERENCIAL,0.9322,278,1,484,1,5.0,,False
ANALISTA DE CARTERA,ANALISTA CARTERA Y COBRANZAS,0.9322,40,4,113,10,2.0,2.0,False
DIRECTOR DE BIENESTAR UNIVERSITARIO,COORDINADORA BIENESTAR UNIVERSITARIO,0.9322,2,1,4,2,5.0,,False
ASISTENTE ADMINISTRATIVA-RECEPCION,ASISTENTE GENERAL-RECEPCIONISTA,0.9322,2,1,4,2,1.0,1.0,False
ASISTENTE DE CUSTOMER SERVICE,JEFE/A DE CUSTOMER SERVICE,0.9322,2,1,10,2,1.0,4.0,True
JEFE DE ANALITICA DE DATOS,ANALISTA DE ANALITICA DE DATOS,0.9322,5,1,8,1,4.0,2.0,True
ASISTENTE DE VENTAS Y SERVICIO AL CLIENTE,ASISTENTE COMERCIAL DE VENTAS,0.9322,3,1,17,1,1.0,1.0,False
COORDINADOR DE MARKETING Y COMUNICACION,COORDINADOR DE MARKETING Y POSICIONAMIENTO,0.9322,25,1,43,3,3.0,3.0,False
COORDINADOR DE SEGURIDAD INDUSTRIAL & GESTION AMBIENTAL,JEFE CORPORATIVO DE SEGURIDAD INDUSTRIAL Y MEDIO AMBIENTE,0.9322,16,1,30,2,3.0,4.0,True
ASISTENTE TECNICO Y ADMINISTRA,ASISTENTE ADM. Y OPERACIONAL,0.9322,14,2,30,3,2.0,1.0,True
ANALISTA DE SEGURIDAD DE INFORMACION,ANALISTA INGENIERIA Y ARQUITECTURA SEGURIDAD DE LA INFORMACION,0.9322,23,1,49,1,2.0,2.0,False
DIRECTOR DE ESTRATEGIA,DIRECTOR DE DESARROLLO ESTRATEGICO,0.9322,9,1,12,1,5.0,5.0,False
ASISTENTE CONTABLE I,ASISTENTE ADM.CONTABLE,0.9322,14,3,42,3,1.0,1.0,False
ELECTRICISTA LINIERO,LINIERO ELECTRICO,0.9322,2,2,20,3,,,False
ANALISTA DE MESA DE ATENCION TECNICA,JEFE DE MESA DE ATENCION TECNICA,0.9322,1,1,7,2,2.0,4.0,True
SECRETARIA ACADEMICA POSGRADOS,SECRETARIA DE POSGRADO,0.9322,3,2,5,3,,,False
COORDINADOR DE EVENTOS,JEFE DE EVENTOS,0.9322,44,7,106,10,3.0,4.0,True
COORDINADOR DE PRODUCTO,COORDINADOR DE LINEAS DE PRODUCTOS,0.9322,20,1,34,1,3.0,3.0,False
JEFE DE FINANZAS Y CONTROL,COORDINADOR FINANCIERO Y DE CONTROL INTERNO,0.9322,4,2,7,5,4.0,3.0,True
HSE COORDINATOR,COORDINADOR SR HSE,0.9322,3,1,7,3,,3.0,False
CHOFER DE VEHICULOS DE OPERACION,CHOFER DE TRANSPORTE,0.9322,3,1,7,4,,,False
COORDINADORA DE RECLUTAMIENTO Y SELECCION,COORDINADORA DE SELECCION Y DESARR,0.9322,5,1,9,1,,,False
AYUDANTE DE SENALIZACION VIAL,JEFE DE SENALIZACION VIAL,0.9322,1,1,3,2,1.0,4.0,True
REPARACIONES Y MANTENIMIENTO,SERVICIO DE MANTENIMIENTO,0.9322,1,1,2,2,,,False
ASISTENTE DE INFORMACION Y TECNOLOGIA,ASISTENTE DE TECNOLOGIA Y SISTEMAS,0.9322,19,1,39,2,1.0,1.0,False
WAREHOUSE COORDINATOR,WAREHOUSE & DIST. COORDINATOR,0.9322,2,1,3,1,,,False
JEFE DE FABRICA DE CREDITO,COORDINADOR DE FABRICA DE CREDITO,0.9321,4,4,7,7,4.0,3.0,True
COMUNICADORA ORGANIZACIONAL,COMUNICADOR_ORGANIZACIONAL,0.9321,2,1,2,2,,,False
JEFE TECNICO Y CALIDAD,JEFE DE OPERACIONES Y CALIDAD,0.9321,7,2,13,4,4.0,4.0,False
ANALISTA DE VENTAS,ANALISTA DE VENTAS INTERNACIONALES,0.9321,30,1,90,2,2.0,2.0,False
JEFE DE PLANIFICACION Y PRESUPUESTO,JEFE DE PLANIFICACION Y ESTADISTICA,0.9321,6,1,9,2,4.0,4.0,False
TECNICO LABORATORIO,TECNOLOGO DE LABORATORIO,0.9321,7,5,24,20,2.0,,False
AUXILIAR DE BIENESTAR,AUXILIAR ADMINISTRATIVO DE BIENESTAR,0.9321,1,1,1,1,1.0,1.0,False
JEFE DE AUDITORIA Y CONTROL DE GESTION,GERENTE DE ADMINISTRACION Y AUDITORIA,0.9321,2,1,6,1,4.0,5.0,True
ASISTENTE ADMINISTRA,ASISTENTE ADMINISTRACION GENERAL,0.9321,11,2,29,4,1.0,1.0,False
AUX SERVICIOS VARIOS,AUX DE SERV.VARIOS,0.9321,2,1,5,1,,,False
AUXILIAR BODEGA PRODUCTOS TERMINADOS,AYUDANTE DE BOD. PRODUCTOS TERMINADOS,0.9321,5,1,44,4,1.0,1.0,False
ASISTENTE DE SERVICIO,ASISTENTE MESA DE SERVICIO,0.9321,30,4,257,10,1.0,1.0,False
INFUSIONISTA MALL DEL SOL,INFUSIONISTA MALL DEL RIO,0.9321,1,1,6,3,,,False
COORDINADOR DE GESTION DOCUMENTAL,JEFE DE GESTION DOCUMENTAL,0.9321,4,3,5,8,3.0,4.0,True
ANALISTA DE LOGISTICA DE EXPORTACIONES,ANALISTA DE OPERACIONES LOGISTICA,0.9321,4,3,8,20,2.0,2.0,False
ALIMENTADOR EMPAQUE L3,ALIMENTADOR EMPAQUE L2,0.9321,1,1,1,1,,,False
ANALISTA TECNICO COMPRAS,ANALISTA ADM Y DE COMPRAS,0.9321,6,5,10,13,2.0,2.0,False
JEFE DE AREA,COORDINADOR DE AREA,0.9321,21,4,96,17,4.0,3.0,True
COORDINADOR COBRANZAS,COORDINADOR DE COBRANZAS EXTERNA,0.9321,47,1,92,2,3.0,3.0,False
JEFE DE COMUNICACION,JEFE DE DESARROLLO Y COMUNICACION,0.9321,14,1,23,1,4.0,4.0,False
SALES BUS DEV SR ASSOCIATE,SALES BUS DEV SUPERVISOR,0.9321,1,1,3,2,,3.0,False
OPERADOR CALIDAD,OPERADOR ANALISTA DE CALIDAD,0.9321,7,1,23,2,1.0,2.0,True
SUBGERENTE DE SEGURIDAD INFORMATICA,SUBGERENTE DE SEGURIDAD DIGITAL,0.9321,1,1,1,3,4.0,4.0,False
SOLDADOR A,SOLDADOR B,0.9321,3,2,10,4,,,False
AUXILIAR DE SERVICIO,AUXILIAR DE SERVICIOS B,0.9321,161,1,1511,5,1.0,1.0,False
GERENTE DEL PROYECTO,DIRECTOR DE PROYECTO,0.9321,34,5,96,6,5.0,5.0,False
ASISTENTE ADMININISTRATIVO,ASITENTE /AUXILIAR ADMINISTRATIVO,0.9321,21,1,43,3,1.0,1.0,False
SUPERVISOR(A) CONTABLE,SUPERVISOR CONTABLE JR,0.9321,1,1,1,2,3.0,3.0,False
COORDINADOR COMPRAS Y CONTRATOS,COORDINADOR DE COMPRAS E IMP,0.9321,5,2,12,2,3.0,3.0,False
COORDINADOR EXPERIENCIA AL CLIENTE,COORDINADOR DE EXPERIENCIA AL CLIENTE Y SOSTENIBILIDAD,0.9321,11,1,22,1,3.0,3.0,False
ESPECIALISTA DE SEGURIDAD,ESPECIALISTA SEGURIDAD Y SALUD,0.9321,5,2,11,5,3.0,3.0,False
INGENIERO DE AUTOMATIZACION DE PROCESOS,INGENIERO EN APLICACION DE PRODUCTO Y AUTOMATIZACION INDUSTRIAL,0.9321,1,1,1,4,,,False
LIMPIEZA DE EMPACADORA,LIMPIEZA DE EMPAQUE,0.9321,3,1,26,1,,,False
JEFE DE PROCESOS Y SISTEMA,JEFE DE SISTEMAS DE PRODUCCION,0.9321,1,1,1,2,4.0,4.0,False
GERENTE DE ANALISIS DE DATOS,GERENTE DE ANALISIS,0.9321,3,1,3,2,5.0,5.0,False
SUPERVISOR DE OBRA CIVIL,SUPERINTENDENTE DE OBRA CIVIL,0.9321,7,1,14,2,3.0,,False
GERENTE TESORERIA Y OPERACIONES,GERENTE DE CONTABILIDAD Y TESORERIA,0.9321,1,1,1,2,5.0,5.0,False
ASISTENTE DE CALIDAD Y LABORATORIO,LABORATORISTA Y ANALISTA DE CONTROL DE CALIDAD,0.9321,5,2,16,3,1.0,2.0,True
ASISTENTE COMERCIAL,ASISTENTE GERENCIA COMERCIAL,0.9321,266,11,776,25,1.0,1.0,False
ASISTENTE 2 ADMINISTRATIVO,AUXILIAR 1 ADMINISTRATIVO,0.9321,17,2,45,3,1.0,1.0,False
TRABAJDOR DEL AGRO,TRABAJADOR AGRICOLA CULTIVO,0.932,38,4,3686,160,,,False
ASISTENTE DE LOGISTICA Y ALMACENAMIENTO,ASISTENTE DE PRODUCCION Y LOGISTICA,0.932,3,1,7,2,1.0,1.0,False
JEFE DE SEGURIDAD INDUSTRIAL Y SALUD OCUPACIONAL,JEFE DE PRODUCCION Y SEGURIDAD INDUSTRIAL,0.932,14,1,21,1,4.0,4.0,False
AUDITOR INTERNO,AUDITOR INTERNO SENIOR,0.932,171,7,338,13,,,False
SUPERVISOR CALIDAD,SUPERVISOR CALIDAD Y REGULATORIOS,0.932,146,2,618,4,3.0,3.0,False
JEFE PRODUCCION FABRICACION,JEFE DE PRODUCTO INDUSTRIAL,0.932,8,2,11,10,4.0,4.0,False
TECNICO DE MANTENIMIENTO DE LA,MECANICO DE MANTENIMIENTO,0.932,35,25,368,125,2.0,,False
SUPERVISOR CENTRO DISTRIBUCION,SUPERVISOR CENTRO DE DISTRIBUCION CUENCA,0.932,9,1,37,1,3.0,3.0,False
ASESOR CREDITO,ASITENTE DE CREDITO,0.932,27,4,1755,5,,,False
SUPERVISOR OPERACIONES TERRESTRES,SUPERVISOR DE OPERACIONES TRANSPORTE TERRESTRE,0.932,2,2,30,4,3.0,3.0,False
AYUDANTE DE INSTALACIONES,AYUDANTE DE INSTALACION CORPORATIVA,0.932,3,1,48,70,1.0,1.0,False
ASISTENTE DE ADUANA,AUXILIAR DE AGENTE ADUANA,0.932,3,2,5,39,1.0,1.0,False
SUPERVISOR DE SERVICIOS I,SUPERVISOR EN GESTION DEL SERVICIO,0.932,1,1,2,4,3.0,3.0,False
ASISTENTE DE PROYECTOS,ASISTENTE DE PROYECTOS CORPORATIVOS,0.932,70,1,149,1,1.0,1.0,False
ARTEFINALISTA,ARTE FINALISTA,0.932,2,1,3,4,,,False
GERENTE DE PROYECTOS Y SERVICIOS,"GERENTE PLANIFICACION, CONTROL Y GESTION DE PROYECTOS",0.932,2,1,5,1,5.0,5.0,False
ASISTENTE ADMINISTRATIVA DE MANTENIMIENTO,ASISTENTE DE MANTENIMIENTO Y EDIFICACIONES,0.932,7,1,28,1,1.0,1.0,False
ASISTENTE ADMINISTRATIVO DE COBRANZA,ASISTENTE ADMINISTRATIVO COBRADOR,0.932,3,1,13,1,1.0,1.0,False
JEFE SENIOR DE OPERACIONES,JEFE DE OPERACIONES JR,0.932,5,2,25,2,4.0,4.0,False
GERENTE DE TALENTO HUMANO,GERENTE DE TALENTO HUMANO Y CULTURA ORGANIZACIONAL,0.932,99,2,175,3,5.0,5.0,False
ASISTENTE/RECEPCIONISTA,ASISTENTE GENERAL-RECEPCIONISTA,0.932,14,1,121,2,1.0,1.0,False
ASISTENTE ADMINISITRATIVO,ASISTENTE ADMIN. TECNICA,0.932,21,2,43,2,1.0,1.0,False
JEFE DE ASEGURAMIENTO DE LA CALIDAD,ADMINISTRADOR DE ASEGURAMIENTO DE LA CALIDAD,0.932,36,1,69,2,4.0,,False
ASESOR ADMINISTRATIVO,ASITENTE /AUXILIAR ADMINISTRATIVO,0.932,11,1,20,3,,1.0,False
EJECUTIVO DE DESARROLLO DE NEGOCIOS,LIDER DE DESARROLLO DE NEGOCIOS,0.932,3,1,5,1,,,False
JEFE DE BODEGA Y ENTREGAS,JEFE DE BODEGA Y MANTENIMIENTO,0.932,2,1,7,1,4.0,4.0,False
ASISTENTE DE GERENCIA 5,ASISTENTE ADMINISTRATIVA 5,0.9319,1,1,4,16,1.0,1.0,False
AUX SERVICIOS,AUX SERVICIOS VARIOS,0.9319,3,2,21,5,,,False
INGENIERO DE PROYECTOS Y SGC,INGENIERO DE PROYECTOS (G),0.9319,1,1,2,13,,,False
ANALISTA SERVICIO AL CLIENTE,ANALISTA DE SERVICIO,0.9319,15,5,39,7,2.0,2.0,False
CINTA DE RE-INSPECCION PROCESO L3,CINTA DE RE-INPECCION PROCESO L3,0.9319,1,1,3,4,,,False
COORDINADOR MECANICO,COORDINADOR INDUSTRIAL MECANICO,0.9319,4,1,7,2,3.0,3.0,False
ASISTENTE/AYUDANTE/AUXILIARDE BODEGA,ASISTENTE DE BODEGA Y FARMACIA,0.9319,9,4,19,10,1.0,1.0,False
ESPECIALISTA SISTEMAS INFORMACION,ESPECIALISTA DE SISTEMAS Y BASE DE DATOS,0.9319,1,1,2,1,3.0,3.0,False
ANALISTA DE RIESGOS & FINANZAS COMERCIALES,ASISTENTE DE RIESGOS & FINANZAS COMERCIALES,0.9319,1,1,4,1,2.0,1.0,True
ANALISTA DE INFRAESTRUCTURA TECNOLOGICA,ANALISTA DE INFRAESTRUCTURA Y COM,0.9319,2,1,3,2,2.0,2.0,False
ASISTENTE CAJA,ASISTENTE ADMINISTRATIVA- CAJA,0.9319,20,1,72,2,1.0,1.0,False
ASITENTE /AUXILIAR ADMINISTRATIVO,ASISTENTE ADMINISTRATIVO-CLINICO,0.9319,1,1,3,2,1.0,1.0,False
INSIDE SALES EXPORT JR.,INSIDE SALES IMPORT JR,0.9319,1,1,3,7,,,False
ASISTENTE ATENCION AL CLIENTE,ASISTENTE INTEGRAL DE SERVICIO AL CLIENTE,0.9319,19,1,247,4,1.0,1.0,False
ASIS./AYUDANTE/AUXI. DE BODEGA,AYUDANTE DE BODEGA P.T,0.9319,195,2,920,6,1.0,1.0,False
ASISTENTE/AUXILIAR DE SERVICIOS GENERALES,AUXILIAR DE SERVICIOS GENERALES Y MANTENIMIENTO,0.9319,304,5,2959,9,1.0,1.0,False
"GERENTE LEGAL, ASUNTOS CORPORATIVOS & COMPLIANCE","GERENTE LEGAL, CUMPLIMIENTO Y AUDITORIA",0.9319,2,1,4,2,5.0,5.0,False
ASISTENTE DE OFICINA 1,ASISTENTE DE OFICINA 3,0.9319,1,1,3,5,1.0,1.0,False
DOCENTE DE INGLES EDUCACION BASICA MEDIA,DOCENTE DE INGLES EDUCACION INICIAL,0.9319,2,1,11,4,,,False
GERENTE COMERCIAL Y R&D,GERENTE DE MARKETING R&D,0.9319,1,1,1,2,5.0,5.0,False
OVS PROCESO 3,OVS PROCESO,0.9319,1,1,4,149,,,False
ASISTENTE FACTURACION Y RECAUDACION,ASISTENTE DE FACTURACION Y CARTERA,0.9319,2,2,2,4,1.0,1.0,False
TRABAJADOR DE MANTENIMIENTO,OPERARIO/A DE MANTENIMIENTO,0.9319,5,4,42,103,,1.0,False
GERENTE DE TALENTO HUMANO Y CULTURA ORGANIZACIONAL,GERENTE DE CULTURA Y DESARROLLO ORGANIZACIONAL,0.9319,2,2,3,2,5.0,5.0,False
ANALISTA DE OPERACIONES LOGISTICA,ANALISTA DE LOGISTICA Y FACTURACION,0.9319,3,1,20,2,2.0,2.0,False
ASISTENTE DE FARMACIA,ASISTENTE DE BODEGA Y FARMACIA,0.9319,5,4,19,10,1.0,1.0,False
ASISTENTE DE PRODUCCION,ASISTENTE DE PRODUCCION Y LOGISTICA,0.9319,246,1,866,2,1.0,1.0,False
AYUDANTE ADMINISTRATIVA,ASESORA ADMINISTRATIVA,0.9319,12,4,31,5,1.0,,False
ACCOUNTANT MANAGER,"MANAGER, ACCOUNT MANAGEMENT",0.9319,8,3,12,9,,,False
SECRETARIO TECNICO DE GESTION CULTURAL,DIRECTOR/A TECNICO/A DE GESTION CULTURAL,0.9319,1,1,2,1,2.0,5.0,True
JEFE CONTROL CALIDAD,EJECUTIVO DE CONTROL DE CALIDAD,0.9319,88,3,160,6,4.0,,False
GESTOR DE PROYECTO,ESPECIALISTA GESTOR DE PROYECTOS,0.9319,12,1,37,1,,3.0,False
ASISTENTE / AYUDANTE / AUXILIAR CONTABILIDAD,ASISTENTE CONTABILIDAD GENERAL,0.9319,446,2,1359,9,1.0,1.0,False
GERENTE DE PROYECTOS Y SERVICIOS,GERENTE DE DESARROLLO Y PLANIFICACION PROYECTOS,0.9319,2,2,5,3,5.0,5.0,False
COORDINADOR DE DISENO,COORDINADOR DE SERVICIOS DE DISENO,0.9319,16,1,27,1,3.0,3.0,False
ASISTENTE DE AREA TECNICA,ASISTENTE TECNICO (AT),0.9319,11,1,28,1,1.0,2.0,True
TECNOLOGA MEDICA,TECNOLOGOS MEDICOS,0.9318,25,1,212,12,,,False
ASISTENTE ADMINISTRATIVO FACTURACION,ASISTENTE DE FACTURACION S. SR,0.9318,2,1,18,5,1.0,1.0,False
JEFE DE TESORERIA Y PRESUPUESTO,JEFE ADMINISTRATIVO Y TESORERIA,0.9318,5,1,9,2,4.0,4.0,False
JEFE DE COBRANZAS REGIONAL,JEFE DE COBRANZAS NORTE,0.9318,1,1,1,1,4.0,4.0,False
ASISTENTE AUXILIAR ADMINISTRATIVA,AYUDANTE ADMINISTRATIVA,0.9318,13,12,34,31,1.0,1.0,False
ASISTENTE DE OBRA,ASISTENTE ADMINISTRATIVA DE OBRA,0.9318,9,1,17,1,1.0,1.0,False
ANALISTA DE COMPRAS JR,ANALISTA DE COMPRAS SR,0.9318,5,2,11,3,2.0,2.0,False
COORDINADOR TECNICO DE SIMULACION,COORDINADOR GENERAL DE SIMULACION,0.9318,1,1,2,2,3.0,3.0,False
MECANICO DE EQUIPOS AUXILIARES,MECANICO DE EQUIPOS,0.9318,4,2,7,48,1.0,,False
GERENTE DE ADMINISTRACION,GERENTE DE ADMINISTRACION Y AUDITORIA,0.9318,146,1,272,1,5.0,5.0,False
JEFE DE PROCESOS Y CONTROL INTERNO,JEFE DE PROYECTOS Y CONTROL INTERNO,0.9318,2,1,3,2,4.0,4.0,False
ASISTENTE ADMINISTRATIVA BODEGA,ASISTENTE DE BODEGA Y DESPACHO,0.9318,11,5,20,25,1.0,1.0,False
ASISTENTE ACCESORIOS,ASESOR DE ACCESORIOS,0.9318,5,2,10,3,1.0,,False
AUXILIAR DE ATENCION CLIENTE,ASISTENTE SERVICIO AL CLIENTE Y OPERACIONES,0.9318,4,3,10,8,1.0,1.0,False
OPERADOR DE CALL CENTER,ASESOR DE CALL CENTER,0.9318,15,4,258,21,1.0,,False
ANALISTA DE VALIDACION,ANALISTA DE VALIDACIONES SISTEMAS,0.9318,12,1,67,2,2.0,2.0,False
ASISTENTE CONTABLE Y GERENCIA,ASISTENTE DE CONTABILIDAD GENERAL,0.9318,2,2,3,9,1.0,1.0,False
ASISTENTE DE TECNICO A.,ASISTENTE TECNICO (AT),0.9318,141,1,730,1,2.0,2.0,False
ANALISTA SR SUPPLY CHAIN,ANALISTA JR. SUPPLY CHAIN,0.9318,1,1,1,1,2.0,2.0,False
COORDINADOR COMPRAS Y CONTRATOS,COORDINADOR DE CONTRATOS Y COMPRAS PUBLICAS,0.9318,5,4,12,8,3.0,3.0,False
ANALISTA DE OPERACIONES DE CREDITO,ANALISTA OPERATIVO TARJETA DE CREDITO,0.9318,2,1,5,4,2.0,2.0,False
ANALISTA DE CALIDAD ACONDICIONADO,ANALISTA DE CALIDAD DE PRODUCCION,0.9318,1,1,1,6,2.0,2.0,False
JEFE ALMACENAMIENTO Y DESPACHO,JEFE INGRESOS Y ALMACENAMIENTO,0.9318,1,1,2,1,4.0,4.0,False
TECNICO DE PROYECTOS,LIDER TECNICO DE PROYECTOS,0.9318,18,1,52,2,2.0,2.0,False
COORDINADOR DE SEGURIDAD DE LA INFORMACION,RESPONSABLE DE SEGURIDAD DE LA INFORMACION,0.9318,6,2,9,2,3.0,,False
JEFE DE COMUNICACION,"JEFE DE COMUNICACION, EDUCACION E INFORMACION",0.9318,14,1,23,1,4.0,4.0,False
GUARDIA SEGURIDAD,GUARDIA DE SEGURIDAD Y CONTROL,0.9318,58,1,1462,2,,,False
AGENTE VENDEDOR,AGENTE VENDEDOR INT,0.9318,4,1,389,6,,,False
RESPONSABLE DE COMUNICACION,RESPONSABLE DE COMUNICACION Y RELACIONES INSTITUCIONALES,0.9318,1,1,2,1,,,False
REPRESENTANTE DE SERVICIO TECNICO,REPRESENTANTE TECNICO /ASESOR O SUPERVISOR TECNICO,0.9318,3,1,54,3,2.0,3.0,True
DIRECTOR COMERCIAL/ADMINISTRATIVO,DIRECTOR COMERCIAL Y OPERACIONES,0.9318,2,2,4,2,5.0,5.0,False
COORDINADOR (A) DE INVESTIGACION Y DESARROLLO,COORDINADOR DE PRODUCCION E INVESTIGACION Y DESARROLLO,0.9318,15,1,36,1,3.0,3.0,False
SUPERVISOR CULTIVO,SUPERVISOR CULTIVO F2,0.9318,13,1,126,19,3.0,3.0,False
ANALISTA DE FACTURACION,ANALISTA OPERATIVO DE SERVICIOS - FACTURACION,0.9318,59,1,151,2,2.0,2.0,False
GESTOR DE CALIDAD Y PROCESOS,LIDER DE PROCESOS Y SISTEMA DE GESTION DE CALIDAD,0.9317,2,2,2,3,,,False
COORDINADOR DE PROYECTOS DE INVESTIGACION,ANALISTA DE PROYECTOS DE INVESTIGACION,0.9317,1,1,2,4,3.0,2.0,True
GERENTE DE CULTURA Y DESARROLLO ORGANIZACIONAL,GERENTE DE GESTION HUMANA Y CULTURA,0.9317,2,1,2,2,5.0,5.0,False
ASESOR DE REPUESTOS Y ACCESORIOS,ASISTENTE DE VENTAS DE REPUESTOS Y ACCESORIOS,0.9317,1,1,1,2,,1.0,False
GERENTE CONTROL DE GESTION,GERENTE CONTROL Y SEGUIMIENTO,0.9317,7,2,14,3,5.0,5.0,False
ANALISTA FINANCIERA SENIOR,ANALISTA FINANCIERA A,0.9317,10,2,16,4,2.0,2.0,False
LIDER DE SELECCION,LIDER DE SELECCION Y DESARROLLO,0.9317,2,1,2,2,,,False
GERENTE DE TALENTO HUMANO Y CULTURA ORGANIZACIONAL,GERENTE DE GESTION HUMANA Y CULTURA,0.9317,2,1,3,2,5.0,5.0,False
GERENTE CALIDAD,GESTOR DE CALIDAD Y PROCESOS,0.9317,43,2,74,2,5.0,,False
JEFE DE PRODUCCION Y CALIDAD,JEFE DE PRODUCCION Y PROYECTOS,0.9317,4,2,7,3,4.0,4.0,False
"ASISTENTE, AYUDANTE BODEGA",AYUDANTE DE BODEGA P.T,0.9317,9,2,19,6,1.0,1.0,False
JEFE ADMINISTRATIVO,JEFE ADMINISTRATIVO Y TESORERIA,0.9317,310,1,627,2,4.0,4.0,False
AUXILIAR / AYUDANTE DE BODEGA,AYUDANTE DE BODEGA P.T,0.9317,300,2,3116,6,1.0,1.0,False
ASISTENTE BODEGA PRODUCTO TERMINADO,ADMINISTRADOR DE BODEGA PRODUCTO TERMINADO,0.9317,8,1,26,2,1.0,,False
T.A MECANICO AIREADORES,T/A MECANICO DE AIREADORES,0.9317,3,2,11,4,,,False
COORDINADOR PAISAJES SOSTENIBLES,COORDINADORA DE GESTION DEL PAISAJE SOSTENIBLE,0.9317,1,1,2,2,3.0,,False
JEFE DE EVENTOS,JEFE COMERCIAL Y EVENTOS,0.9317,7,1,10,2,4.0,4.0,False
ASISTENTE DE CONTROL DE OPERACIONES,ASISTENTE DE CONTROL,0.9317,6,4,17,7,1.0,1.0,False
AYUDANTE ADMINISTRATIVA,ASISTENTE ADMINISTRADOR,0.9317,12,3,31,8,1.0,1.0,False
GERENTE CREDITO Y COBRANZAS,GERENTE DE CREDITO Y CARTERA,0.9317,8,4,14,8,5.0,5.0,False
ASISTENTE COMERCIAL Y OPERACIO,ASISTENTE SERVICIO AL CLIENTE Y OPERACIONES,0.9317,5,3,8,8,1.0,1.0,False
JEFE DE MARKETING Y PUBLICIDAD,JEFE DE PUBLICIDAD,0.9317,15,9,24,17,4.0,4.0,False
ASISTENTE DE ADMINISTRATIVA,ASISTENTE DE ADM. DE PERSONAL,0.9317,1731,4,7021,8,1.0,1.0,False
PERSONAL ACADEMICO TITULAR AUXILIAR NIVEL 2 TIEMPO COMPLETO,PERSONAL ACADEMICO TITULAR AGREGADO NIVEL 2,0.9317,2,1,65,7,1.0,,False
COORDINADOR COBRANZAS,COORDINACION COBRANZAS,0.9317,47,1,92,1,3.0,,False
TECNICO EN MECANICA B,TECNICO MECANICO A,0.9317,5,4,48,20,2.0,2.0,False
ASISTENTE DE LOGISTICA Y TRANS,ASISTENTE DE OPERACIONES LOGISTICA,0.9317,10,10,22,22,1.0,1.0,False
OBRERO DE MICROINGREDIENTES LIDER,OBRERO DE MICROINGREDIENTES,0.9317,1,1,9,29,1.0,1.0,False
ASISTENTE DE LOGISTICA,ASISTENTE LOGISTICA Y DESPCHO,0.9317,218,2,741,3,1.0,1.0,False
ASISTENTE CONTABLE FINANICERO,ASISTENTE CONTABLE Y DE AUDITORIA,0.9317,11,3,21,14,1.0,1.0,False
ANALISTA DE ADM. Y FINANZAS,"ANALISTA FINANCIERO, LOGISTICO Y ADMINISTRATIVO",0.9317,2,1,3,2,2.0,2.0,False
ANALISTA DE DISTRIBUCION Y LOGISTICA,ANALISTA DE OPERACIONES LOGISTICA,0.9317,6,3,9,20,2.0,2.0,False
GERENTE DE METALURGIA,JEFE DE METALISTERIA,0.9317,1,1,1,2,5.0,4.0,True
"SENIOR MANAGER, IMC STRATEGY","SENIOR PROFESSIONAL(M), IMC STRATEGY",0.9317,1,1,2,2,,,False
ANALISTA DE CALIDAD Y LABORATORIO,ANALISTA DE CALIDAD QA,0.9317,3,2,5,2,2.0,2.0,False
COORDINADOR SERVICIOS,COORDINADOR SERVICIOS ADMINIST,0.9317,24,1,61,1,3.0,3.0,False
ANALISTA DE PLANEAMIENTO,ANALISTA DE PLANIFICACION E INVENTARIOS,0.9317,55,2,140,5,2.0,2.0,False
JEFE DE ALMACENES Y DISTRIBUCION,JEFE / ADMINISTRADOR DE ALMACE,0.9316,2,2,4,3,4.0,4.0,False
GERENTE DE MARKETING CAMARON LATAM,JEFE DE MARKETING CATEGORIA CAMARON,0.9316,1,1,1,1,5.0,4.0,True
ANALISTA DE INFRAESTRUCTURA Y COM,ANALISTA DE INFRAESTRUCTURA Y TELECOMUNICACIONES SR,0.9316,1,1,2,2,2.0,2.0,False
ANALYTICS CONSULTING MANAGER,ANALYTICS CONSULTANT - SPECIALIST,0.9316,1,1,2,2,,,False
JEFE DE BODEGA LOGISTICO,SUPERVISOR LOGISTICO Y BODEGA,0.9316,31,4,61,7,4.0,3.0,True
ANALISTA DE COMUNICACION Y MEDIOS,ANALISTA DE COMUNICACION Y CULTURA,0.9316,4,2,5,2,2.0,2.0,False
ASISTENTE OPERATIVO DE VENTAS,ASISTENTE COMERCIAL DE VENTAS,0.9316,3,1,11,1,1.0,1.0,False
ANALISTA ADMINISTRACION,ANALISTA ADMINISTRATIVO SENIOR,0.9316,158,2,364,2,2.0,2.0,False
COORDINADOR DE REFRIGERACION,COORDINADOR DE FRIGORIFICO,0.9316,2,1,4,1,3.0,3.0,False
JEFE CONTROL OPERACIONAL,JEFE DE CONTROL,0.9316,6,3,14,5,4.0,4.0,False
ASESOR DE PROCESOS OPERACIONALES,AUXILIAR DE PROCESOS OPERATIVOS,0.9316,18,4,39,175,,1.0,False
VENDEDOR SANTO DOMINGO,VENDEDOR STO DOMINGO,0.9316,1,1,3,2,,,False
SUPERVISOR CALIDAD,SUPERVISOR DE CALIDAD Y PROCESOS,0.9316,146,5,618,12,3.0,3.0,False
DESARROLLADOR DE INGENIERIA Y PROYECTOS,INGENIERO DE PROYECTOS DE DESARROLLO,0.9316,1,1,2,7,,,False
OPERADOR DE MAQUINA CARGADORA TRACTOR,OPERADOR DE TRACTOR - EXCAVADORA,0.9316,2,1,2,2,1.0,1.0,False
SUPERVISOR DE MANT.ELECTRICO,SUPERVISOR DE MANTENIMIENTO ELECTROMECAN,0.9316,13,2,35,10,3.0,3.0,False
ANALISTA CALIDAD,ANALISTA CONTROL DE CALIDAD INVESTIGACION,0.9316,162,1,890,4,2.0,2.0,False
ANALISTA DE RECURSO HUMANOS,ANALISTA DE RECURSOS HUMANOS JUNIOR,0.9316,80,1,190,1,2.0,2.0,False
GERENTE DE PROYECTOS Y PROCESOS,GERENTE DE INGENIERIA Y PROYECTOS,0.9316,5,1,8,2,5.0,5.0,False
GERENTE FINANCIERO Y OPERATIVO,JEFE DE OPERACIONES Y FINANZAS,0.9316,6,2,10,3,5.0,4.0,True
COORDINADOR DE VENTA,COORDINADOR DE POST VENTA,0.9316,112,3,497,5,3.0,3.0,False
JEFE DE SERVICIOS GENERALES,DIRECTOR DE SERVICIOS GENERALES,0.9316,21,2,36,4,4.0,5.0,True
SECRETARIA (O) RECEPCIONISTA,SECRETARIA-RECEPCIONISTA,0.9316,45,6,112,10,,,False
JEFE DE LABORATORIO Y CONTROL CALIDAD,LABORATORISTA DE CONTROL DE CALIDAD,0.9316,3,2,7,3,4.0,,False
ESPECIALISTA DE DISTRIBUCION,"ESPECIALISTA, SERVICIOS AL DISTRIBUIDOR",0.9316,1,1,1,2,3.0,3.0,False
SUPERVISOR INSTALACIONES,SUPERVISOR ESTABLECIMIENTOS,0.9316,5,1,28,1,3.0,3.0,False
COORDINADOR DE AUDITORIA Y CONTROL INTERNO,ANALISTA DE CONTROL Y AUDITORIA INTERNA,0.9316,2,1,2,3,3.0,2.0,True
AUXILIAR ADMINISTRATIVO MANTENIMIENTO,AUXILIAR TECNICO DE MANTENIMIENTO,0.9316,3,2,3,5,1.0,2.0,True
ASISTENTE COMERCIAL,ASISTENTE COMERCIALIZACION,0.9316,266,8,776,25,1.0,1.0,False
ASISTENTE DE CREDITO,ASISTENTE DE PRODUCTO CREDITO,0.9316,72,1,274,1,1.0,1.0,False
ANALISTA CALIDAD DE PROCESOS,ANALISTA DE CALIDAD ACONDICIONADO,0.9316,16,1,48,1,2.0,2.0,False
ASISTENTE RECEPCION,ASISTENTE DE RECEPCION Y SERVICIOES GENERALES,0.9316,14,2,121,7,1.0,1.0,False
GERENTE DE ABASTECIMIENTO,GERENTE DE PLANEACION Y ABASTECIMIENTO,0.9316,5,2,6,3,5.0,5.0,False
ASISTENTE SISTEMA DE GESTION DE CALIDAD,ASISTENTE CALIDAD DE SERVICIO,0.9315,5,1,7,1,1.0,1.0,False
ADMINISTRADOR DE REDES Y COMUNICACIONES,ADMINISTRADOR DE REDES Y TI,0.9315,8,1,14,2,,,False
AYUDANTE DE LABORATORIO,AUXILIAR DE LABORATORIO (AL),0.9315,30,1,172,1,1.0,1.0,False
ASISTENTE DE DEPARTAMENTO LEGAL,ANALISTA DE DEPARTAMENTO LEGAL,0.9315,2,1,4,6,1.0,2.0,True
ASISTENTE DE FACTURACION Y SERVICIO AL CLIENTE,ASISTENTE FACTURACION Y RECAUDACION,0.9315,3,2,10,2,1.0,1.0,False
COORDINADOR DE INVESTIGACIO Y DESARROLLO,COORDINADOR DE PROYECTOS DE INVESTIGACION,0.9315,15,1,36,2,3.0,3.0,False
ASESOR ADMINISTRATIVO,ASESOR LEGAL ADMINISTRATIVO,0.9315,11,1,20,1,,,False
JEFE COMERCIAL DE REPUESTOS,SUBGERENTE COMERCIAL DE REPUESTOS,0.9315,1,1,4,1,4.0,4.0,False
COORDINADOR DE DESARROLLO Y,COORDINADOR DE DESARROLLO Y CAPACITACION,0.9315,30,2,49,3,3.0,3.0,False
AUXILIAR TECNICO,AYUDANTE TECNICO,0.9315,24,21,195,319,2.0,2.0,False
OPERADOR DE TRACTOR,OPERADOR DE MAQUINA CARGADORA TRACTOR,0.9315,20,2,353,2,1.0,1.0,False
CHOFER DE SERVICIOS,CHOFER DE TRANSPORTE,0.9315,1,1,2,4,,,False
ANALISTA DE COMPRAS,ANALISTA DE COMPRAS Y MANTENIMIENTO,0.9315,199,2,544,3,2.0,2.0,False
ASISTENTE/AUXILIAR DE SERVICIOS GENERALES,AUXILIAR 1 DE SERVICIOS GENERALES,0.9315,304,5,2959,51,1.0,1.0,False
ANALISTA INTELIGENCIA DE NEGOC,ANALISTA JUNIOR - INTELIGENCIA DE NEGOCIOS,0.9315,26,2,58,4,2.0,2.0,False
JEFE DE MECANICA,JEFE MECANICO AUTOMOTRIZ,0.9315,9,3,19,5,4.0,4.0,False
ANALISTA CARTERA Y COBRANZAS,ANALISTA DE ADMINISTRACION DE CARTERA,0.9315,4,2,10,3,2.0,2.0,False
ESPECIALISTA SENIOR DE PROYECTOS,ANALISTA DE PROYECTOS SENIOR,0.9315,2,2,3,2,3.0,2.0,True
SUPERVISOR DE SERVICIOS I,SUPERVISOR DE ADMINISTRACION DE SERVICIOS,0.9315,1,1,2,1,3.0,3.0,False
ASISTENTE ADMINISTRATIVA COMERCIAL,ASISTENTE COMERCIAL CORPORATIVO,0.9315,24,1,93,6,1.0,1.0,False
COORDINADORA DE OPERACIONES,COORDINADORA DE OPERACIONES EXTERNAS,0.9315,259,1,735,2,,,False
COORDINADOR INFRAESTRUCTURA,EJECUTIVO DE INFRAESTRUCTURA,0.9315,36,4,64,12,3.0,,False
COORDINADOR DE COMPRESORES,RESPONSABLE DE COMPRESORES,0.9315,1,1,2,2,3.0,,False
ANALISTA DE MERCADO,ANALISTA DE INVESTIGACION DE MERCADO,0.9315,6,2,14,5,2.0,2.0,False
ANALISTA CALIDAD,ANALISTA DE CONTROL DE CALIDAD,0.9315,162,50,890,221,2.0,2.0,False
JEFE AGENCIA GYE,JEFE ADMINISTRATIVA GYE,0.9315,1,1,2,2,4.0,4.0,False
COORDINADOR CONTABLE Y DE COSTOS,COORDINADOR FINANCIERO Y DE COSTOS,0.9315,2,1,5,2,3.0,3.0,False
JEFE DE PLANEAMIENTO,JEFE DE PRESUPUESTO Y PLANIFIC,0.9315,39,6,69,9,4.0,4.0,False
COORDINADOR DE REGISTRO ACADEMICO DE POSGRADOS,COORDINADORA DE REGISTRO ACADEMICO DE PREGRADOS,0.9315,1,1,1,1,3.0,,False
ANALISTA PRODUCCION,ANALISTA DE PRODUCCION AUDIOVISUAL,0.9315,41,1,127,1,2.0,2.0,False
JEFE SEGURIDAD INDUSTRIAL,SUPERVISOR SEGURIDAD INDUSTRIAL,0.9315,66,29,120,114,4.0,3.0,True
EJECT. ASIST. SEN. (OFIC 2),EJECT. ASIST. SEN. (OFIC 2) CSO,0.9315,1,1,2,1,,,False
COORDINADOR OPERATIVO CREDITO,COORDINADOR DE CREDITO Y COBRO,0.9315,2,1,4,3,3.0,3.0,False
SUPERVISOR DE TRANSITO,SUPERVISOR DE TRAFICO,0.9314,11,2,26,8,3.0,3.0,False
GERENTE ADMINISTRATIVO FINANCI,GERENTE FINANCIERO Y CONTABILIDAD,0.9314,157,4,277,5,5.0,5.0,False
COORDINADOR/A DE TRADE MARKETING,TRADE MARKETING CORDINATOR,0.9314,43,4,113,11,3.0,,False
AUXILIAR DE AUDITORIA,ASISTENTE DE AUDITORIA JUNIOR,0.9314,16,3,63,9,1.0,1.0,False
ASISTENTE DE SOPORTE A USUARIOS,ASISTENTE DE SISTEMAS - SOPORTE USUARIO,0.9314,7,1,35,2,1.0,1.0,False
JEFE DE RECURSOS HUMANO,SUBJEFE RECURSOS HUMANOS,0.9314,231,3,425,6,4.0,,False
CHOFER DE TRANSPORTE,CHOFER DE CARRETERA,0.9314,1,1,4,10,,,False
INVESTIGADOR PESQUERO GOBERNANZA-PROYECTO HABLA TIBURON (2),INVESTIGADOR PESQUERO CUANTITATIVO PROYECTO HABLA TIBURON (2),0.9314,1,1,1,1,,,False
ASISTENTE COMERCIAL DE VENTAS,ASISTENTE / AYUDANTE COMERCIAL,0.9314,1,1,1,1,1.0,1.0,False
ESPECIALISTA EN INSTRUMENTACION,ESPECIALISTA EN INSTRUMENTACI�N Y CONTROL,0.9314,1,1,2,12,3.0,3.0,False
COORDINADOR DE COMUNICACION,JEFE DE COMUNICACION,0.9314,45,14,78,23,3.0,4.0,True
ANALISTA DE PROYECTO,ANALISTA DE PROCESOS Y PROYECTOS,0.9314,43,11,114,15,2.0,2.0,False
COORDINADOR DE MARKETING Y COMUNICACION,COORDINADOR DE MARKETING Y SERVICIO AL CLIENTE,0.9314,25,2,43,4,3.0,3.0,False
ADM ASISTENTE ADMINISTRATIVO,ASISTENTE ADMINISTRATIVO..D,0.9314,1,1,4,4,1.0,1.0,False
ANALISTA DE IMPORTACIONES Y CADENA DE SUMINISTRO,ANALISTA DE IMPORTACIONES Y COMPRAS LOCALES,0.9314,1,1,2,6,2.0,2.0,False
EJECUTIVO DE CONVENIOS,EJECUTIVO JUNIOR DE CONVENIOS,0.9314,3,1,55,8,,,False
JEFE DE FINANZAS Y CONTROL,JEFE DE CONTABILIDAD Y CONTROL INTERNO,0.9314,4,2,7,5,4.0,4.0,False
COORDINADOR ASEGURAMIENTO DE CALIDAD,COORDINADOR/A ASEGURAMIENTO DE LA CALIDAD Y VINCULACION,0.9314,68,1,121,2,3.0,3.0,False
SUPERVISOR DE PROCESOS INTERNOS,COORDINADOR DE CONTROL INTERNO Y PROCESOS,0.9314,1,1,2,1,3.0,3.0,False
ASISTENTE ADMINISTRATIVA DE TALLER,ADMINISTRADORA DE TALLER,0.9314,3,1,5,2,1.0,,False
GERENTE LOGISTICO,SUB-GERENTE LOGISTICO,0.9314,41,1,80,2,5.0,5.0,False
SUPERVISOR ADMINISTRATIVO Y DE NEGOCIOS,SUPERVISOR ADMINITRATIVO Y SERVICIOS GENERALES,0.9313,1,1,1,1,3.0,3.0,False
ASISTENTE BODEGA PRODUCTO TERMINADO,JEFE DE BODEGA DE PRODUCTO TERMINADO,0.9313,8,8,26,16,1.0,4.0,True
ASISTENTE TECNOLOGIA DE LA INFORMACION Y COMUNICACION,AUXILIAR DE TECNOLOGIA DE LA INFORMACION,0.9313,2,2,3,12,1.0,1.0,False
DIRECTOR DE CARRERA DE INGENIERIA INDUSTRIAL,DIRECTOR DE CARRERA DE INGENIERIA ELECTRICA,0.9313,1,1,4,2,5.0,5.0,False
GERENTE TECNICO Y REASEGUROS,GERENTE (A) DE REASEGUROS,0.9313,2,2,3,3,5.0,5.0,False
SERVICIOS VARIOS 1,SERVICIOS VARIOS/U,0.9313,1,1,2,1,,,False
DIRECTORA DE MARKETING DIGITAL,DIRECTOR DIGITAL DE MARKETING,0.9313,1,1,1,2,,5.0,False
JEFE DE NACIONAL DE VENTAS Y MERCADEO,JEFE NACIONAL DE VENTAS Y MARKETING,0.9313,2,1,3,2,4.0,4.0,False
TINTURADOR,TINTORERO,0.9313,6,4,48,20,,,False
SUPERVSOR DE ALMACEN,SUPERVISOR VENDEDOR DE ALMACEN,0.9313,26,1,160,99,,3.0,False
DIRECTOR DE OPERACIONES,DIRECTOR DE GESTION OPERATIVA,0.9313,53,1,85,3,5.0,5.0,False
GERENTE ADMINISTRATIVO/OPERATIVO,ADMINISTRADOR / GERENCIAL,0.9313,4,1,5,1,5.0,,False
JEFE DE COMPRAS Y PLANEACION,JEFE DE COMPRAS Y ADQUISICIONES,0.9313,6,3,9,4,4.0,4.0,False
MAYORDOMO,MAYORDOMO D,0.9313,36,1,159,2,,,False
ASISTENTE DE BODEGA Y DE OPERACION,ASISTENTE DE BODEGA Y FARMACIA,0.9313,5,4,25,10,1.0,1.0,False
ASISTENTE ADMINISTRATI COMPRAS,ASISTENTE ADMINISTRATIVO ADQUISICIONES,0.9313,8,1,17,4,1.0,1.0,False
ASESOR DE SEGURIDAD,ASESOR DE SEGURIDAD PRIVADA,0.9313,1,1,3,2,,,False
SUPERVISOR DE PESCAS,JEFE DE SUPERVISORES DE PESCA,0.9313,2,1,6,1,3.0,4.0,True
AYUDANTE DE MANTENIMIENTO,AYUDANTE DE MANTENIMIENTO ELECTRICO,0.9313,123,2,643,11,1.0,1.0,False
SUPERVISOR TECNICO DE PRODUCCION,SUPERVISOR DE SOPORTE Y PRODUCCION,0.9313,8,1,21,2,3.0,3.0,False
COORDINADOR DE BODEGA DE SUMINISTROS,COORDINADOR DE SUMINISTRO,0.9313,1,1,2,1,3.0,3.0,False
CUSTOMER SUCCESS MANAGER,CUSTOMER BUSINESS MANAGER,0.9313,5,1,12,1,,,False
ASESOR/A DE SERVICIO DE CONSULTA EXTERNA,ASISTENTE DE CONSULTA EXTERNA,0.9313,1,1,3,3,,1.0,False
ASISTENTE AUDITORIA INTERNA,ANALISTA AUDITORIA INTERNA,0.9313,16,6,29,12,1.0,2.0,True
ASISTENTE DE MANTENEMIENTO,ENCARGADO DE MANTENIMIENTO,0.9313,213,4,646,8,1.0,,False
ASISTENTE ADMINISTRATIVO SENIOR,ANALISTA ADMINISTRATIVO SENIOR,0.9313,5,2,6,2,1.0,2.0,True
ANALISTA DE COMUNICACION Y CULTURA,ANALISTA DE CULTURA Y COMUNICACION CORPORATIVA,0.9313,2,1,2,2,2.0,2.0,False
GESTOR DE PROCESOS ADMINISTRATIVOS,GESTOR DE PROCESOS OPERACIONALES,0.9313,1,1,13,2,,,False
ANALISTA DE PLANEACION Y ABASTECIMIENTO,ANALISTA DE ABASTECIMIENTO Y LOGISTICA,0.9313,3,2,38,4,2.0,2.0,False
AUXILIAR DE PICKING,SUBJEFE DE PICKING,0.9313,1,1,12,8,1.0,,False
SUPERINTENDENTE MANTENIMIENTO,SUPERINTENDENTE DE OFICINA TECNICA DE MANTENIMIENTO,0.9313,7,1,16,1,,,False
COORDINADOR TECNICO REGIONAL,JEFE TECNICO REGIONAL,0.9313,1,1,1,3,3.0,4.0,True
BUSINESS SR ANALYST,BUSINESS ANALYSIS SR MANAGER,0.9313,3,1,9,1,,,False
OFICIAL DE MICROCREDITO,OFICIAL DE MICROCREDITO JUNIOR,0.9312,5,1,225,2,,,False
COBRADOR MENSAJERO,MENSAJERO COBRADOR AGENCIA,0.9312,6,1,11,3,,,False
COORDINADOR COMERCIAL,COORDINADOR DE GESTION COMERCIAL,0.9312,136,6,402,10,3.0,3.0,False
SUPERVISOR DE RESERVAS,SUPERVISOR VENTAS Y RESERVAS,0.9312,2,1,4,4,3.0,3.0,False
COORDINADOR (A) ADMINISTRATIVA,COORDINADOR SENIOR ADMINISTRATIVO,0.9312,223,1,516,2,3.0,3.0,False
GERENTE DE PROYECTOS Y SERVICIOS,GERENTE DE PROYECTOS Y FACILIDADES,0.9312,2,1,5,2,5.0,5.0,False
GERENTE REGIONAL VENTAS COSTA,JEFE ZONAL VENTAS COSTA,0.9312,3,2,9,6,5.0,4.0,True
JEFE DE CONTABILIDAD Y ADMINISTRACION,JEFE DE FINANZAS Y CONTROL,0.9312,7,4,14,7,4.0,4.0,False
SUPERVISOR DE PLANIFICACION DE OPERACIONES,SUBGERENTE DE PLANEACION DE OPERACIONES,0.9312,1,1,2,2,3.0,4.0,True
ASISTENTE I LEGAL,ASISTENTE LEGAL 2,0.9312,3,3,6,10,1.0,1.0,False
INGENIERO DE PROYECTO,DESARROLLADOR DE INGENIERIA Y PROYECTOS,0.9312,46,1,176,2,,,False
JEFE DE PRODUCCCION,JEFE DE PRODUCCION - B,0.9312,334,1,705,1,4.0,4.0,False
ASISTENTE ADMINISTRATIVO I,ASISTENTE ADMINISTRATIVO BASE,0.9312,14,1,70,2,1.0,1.0,False
ASISTENTE /AUXILIAR DE CONTABILIDAD,ASISTENTE CONTABLE Y DE AUDITORIA,0.9312,446,3,1359,14,1.0,1.0,False
JEFE DE MERCADEO-COMERCIAL,JEFE COMERCIAL SEGMENTO COMERCIO,0.9312,5,1,9,2,4.0,4.0,False
ASESOR DE VENTAS,ASESOR DE VENTAS JR.,0.9312,41,1,885,2,,,False
JEFE DE CUMPLIMIENTO,JEFE DE CUMPLIMIENTO LABORAL,0.9312,12,1,19,1,4.0,4.0,False
LIDER DE INGENIERIA Y PRESUPUESTOS,LIDER INGENIERO DE PROYECTOS,0.9312,1,1,1,2,,,False
EJECUTIVO CUENTAS CORPORATIVAS,EJECUTIVO DE CUENTAS CORPORATIVAS SENIOR,0.9312,8,2,104,3,,,False
ASISTENTE BODEGA / BODEGUERO,ASISTENTE/ AUX BODEGA,0.9312,2,1,3,1,1.0,1.0,False
COORDINADOR CANALES DIGITALES,COORDINADOR DE CANALES ELECTRONICOS,0.9312,10,1,21,1,3.0,3.0,False
ASISTENTE DE INFORMACION Y TECNOLOGIA,ASISTENTE DE INFORMACION,0.9312,19,8,39,36,1.0,1.0,False
INGENIERO DE SOPORTE SERVICIOS TIC,INGENIERO DE SOPORTE IT,0.9312,1,1,2,2,,,False
PERSONAL ACADEMICO TITULAR AUXILIAR,PERSONAL ACADEMICO TITULAR AUXILIAR TIEMPO COMPLETO,0.9312,11,2,686,65,1.0,1.0,False
SUPERVISOR DE CARTERA,SUPERVISOR DE CARTERA Y AGENCIAS,0.9312,15,1,25,1,3.0,3.0,False
COORDINADOR DE CREDITOS,COORDINADOR DE CREDITOS/ TESORERIA,0.9312,3,1,4,2,3.0,3.0,False
ASISTENTE TECNICO DE ATENCION AL CLIENTE,ASISTENTE DE ATENCION Y EXPERIENCIA DEL CLIENTE,0.9312,2,1,7,5,2.0,1.0,True
ASISTENTE DE SEGURIDAD,ASISTENTE DE SEGURIDAD INTEGRAL,0.9312,23,1,66,1,1.0,1.0,False
COORDINADOR DE BIENESTAR ESTUDIANTIL,COORDINADOR BIENESTAR ESTUDIANTIL SENIOR,0.9312,7,1,13,1,3.0,3.0,False
SUPERVISOR DE MANTENIMIENTO MECANICO,SUPERVISOR DE MANTENIMIENTO ELECTROMECAN,0.9312,16,2,28,10,3.0,3.0,False
ASISTENTE RECEPCION,ASISTENTE DE RECEPCION Y DESCABEZADO,0.9312,14,1,121,8,1.0,1.0,False
AUDITOR(A) DE CONTROL DE INVENTARIOS,AUDITOR DE PROCESOS PRODUCTIVOS Y CONTROL DE INVENTARIOS,0.9312,1,1,1,1,,,False
GERENTE DE PROYECTOS Y OPERACIONES,GERENTE DE INGENIERIA Y PROYECTOS,0.9312,6,1,9,2,5.0,5.0,False
GERENTE DE CALIDAD E INNOVACION,GERENTE DE CALIDAD E I/D,0.9312,3,2,5,2,5.0,5.0,False
TECNICO SEGURIDAD INDUSTRIAL Y FISICA,TECNICO DE SEGURIDAD Y PREVENCION RIESGOS,0.9312,2,1,7,2,2.0,2.0,False
GERENTE DE SERVICIO TECNICO Y PROYECTOS,GERENTE DE INGENIERIA Y PROYECTOS,0.9312,4,1,7,2,5.0,5.0,False
COORDINADOR DE TRANSFORMACION DIGITAL,DIRECTOR DE TRANSFORMACION DIGITAL,0.9311,2,1,3,2,3.0,5.0,True
SUPERVISOR ADMINISTRATIVO DE VENTAS,SUPERVISOR AREA DE VENTAS,0.9311,1,1,3,2,3.0,3.0,False
GERENTE DE INGENIERIA Y PROYECTOS,INGENIERO DE PROYECTOS (G),0.9311,1,1,2,13,5.0,,False
JEFE DE SISTEMAS DE GESTION INTEGRADOS,GERENTE DE SISTEMAS INTEGRADOS,0.9311,23,1,38,2,4.0,5.0,True
COORDINADOR DE CAPACITACION,LIDER DE CAPACITACION,0.9311,6,1,11,1,3.0,,False
ANALYTICS CONSULTING MANAGER,ANALYTICAL CONSULTANT,0.9311,1,1,2,2,,,False
COORDINADORA DE INVESTIGACION,COORDINADORA DEL DECANATO DE INVESTIGACION,0.9311,8,1,15,1,,,False
SUBGERENTE DE TESORERIA Y CREDITO,TESORERO/SUBGERENTE FINANCIERO,0.9311,3,1,4,1,4.0,4.0,False
AYUDANTE DE SERVICIO GENERAL,ASESOR DE SERVICIOS GENERALES,0.9311,27,1,160,2,1.0,,False
COORDINADOR PLANTA,COORDINADOR ADMINSTRATIVO DE PLANTA,0.9311,16,3,30,11,3.0,3.0,False
JEFE DE ALMACEN,JEFE DE ALMACENES Y DISTRIBUCION,0.9311,43,2,689,4,4.0,4.0,False
ASISTENTE ADMINISTRATIVO C,ASISTENTE ADMINISTRATIVO CP,0.9311,2,1,19,2,1.0,1.0,False
JEFE DE COMPENSACIONES Y RELACIONES LABORALES,JEFE DE COMPENSACIONES Y SERV,0.9311,2,1,6,2,4.0,4.0,False
DOCENTE RELIGIOSA,PROFESORA DE RELIGION,0.9311,4,1,13,6,,,False
SENIOR DE COBRANZAS,TECNICO DE COBRANZAS SENIOR,0.9311,2,1,2,1,,2.0,False
ASISTENTE ADMINSTRATIVA,AYUDANTE ADMINISTRATIVA,0.9311,21,12,43,31,1.0,1.0,False
ASISTENTE ADMINISTRATIVO M,ADM ASISTENTE ADMINISTRATIVO,0.9311,2,1,5,4,1.0,1.0,False
COORDINADOR DE NOMINA,COORDINADORA DE NOMINA Y ADMIN,0.9311,53,2,101,3,3.0,,False
TECNICO DE AMBIENTE,TECNICO EN AMBIENTE Y OPERACIONES,0.9311,5,1,9,2,2.0,2.0,False
COORDINADOR DE OPERACIONES DE MARKETING,COORDINADOR DE MARKETING Y POSICIONAMIENTO,0.9311,2,1,4,3,3.0,3.0,False
AUXILIAR DE COBRANZA,ASISTENTE OPERATIVO DE COBRANZA,0.9311,4,1,11,2,1.0,1.0,False
ANALISTA DE BASE DE DATOS JR,ADMINISTRADOR DE BASE DE DATOS JR,0.9311,2,2,4,2,2.0,,False
JEFE DE ASEGURAMIENTO DE CALIDAD,JEFE TECNICO Y CALIDAD,0.9311,36,7,69,13,4.0,4.0,False
AUXILIAR DE SERVICIO AL CLIENTE,ASISTENTE INTEGRAL DE SERVICIO AL CLIENTE,0.9311,11,1,127,4,1.0,1.0,False
ANALISTA / PLANIFICADOR DE LA DEMANDA,ANALISTA DE PLANIFICACION DE DEMANDA COLEC,0.9311,16,1,31,1,2.0,2.0,False
JEFE DE PROYECTOS E INNOV,COORDINADOR DE PROYECTOS E INNOVACION,0.9311,3,2,5,3,4.0,3.0,True
SUPERVISOR DE FERTILIZACION,SUPERVISOR DE RIEGO Y FERTILIZACION,0.9311,9,1,16,2,3.0,3.0,False
RESPONSABLE DE SEGURIDAD INFORMATICA,SUBGERENTE DE SEGURIDAD INFORMATICA,0.9311,2,1,2,1,,4.0,False
ASISTENTE DE VENTAS Y SERVICIO AL CLIENTE,ASISTENTE DE CUSTOMER SERVICE,0.9311,3,2,17,10,1.0,1.0,False
ESPECIALISTA SEGURIDAD SALUD Y AMBIENTE,ESPECIALISTA DE SEGURIDAD Y SALUD,0.9311,4,2,14,5,3.0,3.0,False
JEFE DE BASE,COORDINADOR DE BASE,0.9311,4,3,16,6,4.0,3.0,True
EJECUTIVO DE RECEPCION,ENCARGADO DE RECEPCION,0.931,2,1,2,1,,,False
JEFE DE PLANIFICACION DE TRANSPORTE,ASISTENTE DE PLANIFICACION TRANSPORTE,0.931,2,1,3,2,4.0,1.0,True
ASISTENTE/AUXILIAR DE SERVICIOS GENERALES,ASISTENTE / AYUDANTE / AUXILIAR DE SERVICIOS,0.931,304,8,2959,16,1.0,1.0,False
EC_ANALISTA FINANCIERO,EC_ANALISTA PLANIFICACION FINANCIERA,0.931,2,1,3,1,,,False
SUPERVISOR DE GESTION DE SEGURIDAD Y SALUD OCUPACIONAL,SUPERVISOR DE SALUD Y SEGURIDAD,0.931,6,2,9,2,3.0,3.0,False
GERENTE DE ESTRATEGIA COMERCIAL Y MARKETING,GERENTE DE MARKETING ESTRATEGICO Y TECNICO I,0.931,3,1,4,1,5.0,5.0,False
JEFE DEPARTAMENTO TECNICO,JEFE DE TECNICOS,0.931,4,2,7,2,4.0,4.0,False
ASISTENTE DE MERCADE,ASISTENTE DE MERCADEO B,0.931,43,2,80,6,1.0,1.0,False
DOCENTE DE DEPORTES,PROFESOR DE DEPORTES,0.931,2,1,3,34,,,False
JEFE DE PAGOS,JEFE DE MEDIOS DE PAGOS,0.931,3,1,5,2,4.0,4.0,False
JEFE DE CONTABILIDAD Y COBRANZAS,JEFE/A DE CONTABILIDAD Y TRIBUTACION,0.931,1,1,2,1,4.0,4.0,False
ANALISTA DE CALIDAD ACONDICIONADO,ANALISTA DE CALIDAD Y DISENO,0.931,1,1,1,5,2.0,2.0,False
LIDER DE LOGISTICA,LIDER DE LOGISTICA Y CD,0.931,9,1,17,1,,,False
INGENIERO AGRONOMO,INGENIERO(A) AGRONOMO,0.931,3,1,9,3,,,False
ANALISTA DE TECNOLOGIA INFORMATICA,ANALISTA DE TECNOLOGIA DE LA INFORMACION Y COMUNICACION,0.931,6,3,6,5,2.0,2.0,False
ASISTENTE ADMINISTRATIVO 160,ASISTENTE ADMINISTRATIVO 256,0.931,1,1,2,1,1.0,1.0,False
COORDINADOR INTELIGENCIA COMERCIAL,SUPERVISOR INTELIGENCIA COMERCIAL,0.931,6,2,15,3,3.0,3.0,False
EJECUTIVO ASISTENETE (OFIC 1) CSO,EJECUTIVO ASISTENTE (OFC 1) CO,0.931,1,1,3,9,,1.0,False
COORDINADOR DE INFRAESTRUCTURA Y REDES,COORDINADOR DE INFRAESTRUCTURA TECNOLOGICA,0.931,5,4,8,7,3.0,3.0,False
TECNICO DE SOPORTE IT,TECNICO DE SOPORTE COMPUTACION,0.931,2,1,7,3,2.0,2.0,False
OPERADOR EQUIPOS PORTUARIOS,ASISTENTE OPERADOR EQUIPOS PORTUARIOS,0.931,1,1,18,10,1.0,1.0,False
COORDINADOR DE RECLAMOS,COORDINADOR DE RECLAMOS JR,0.931,2,1,33,1,3.0,3.0,False
DIRECTORA ADMINISTRATIVA Y FINANCIERA,JEFA ADMINISTRATIVA Y FINANCIERA,0.931,4,2,6,3,,,False
GERENTE DE DESARROLLO HUMANO Y CULTURA,GERENTE DE GESTION HUMANA Y CULTURA,0.931,2,1,4,2,5.0,5.0,False
COORDINADORA DE IMPORTACIONES,COORDINADORA DE IMPORTACIONES E INHOUSE,0.931,65,1,125,1,,,False
ASIST. DE MANTENIMIENTO,AGENTE DE MANTENIMIENTO,0.931,4,1,17,9,,,False
JEFE DE COBRANZAS Y PAGOS,JEFE DE CONTABILIDAD Y COBRANZAS,0.931,4,1,8,2,4.0,4.0,False
ADMIN. DE REDES Y COMUNICACIONES,ADM. DE REDES Y COMUNICACION,0.931,8,1,14,5,,,False
ASISTENTE / ADMINISTRATIVO,ASISTENTE TECNICO Y ADMINISTRA,0.931,420,14,2299,30,1.0,2.0,True
PRICING EXPORTACION,PRICING IMPORTACION,0.931,2,1,5,3,,,False
SUBGERENTE DE NEGOCIOS,SUBGERENTE DE CONTROL Y DESARROLLO DE NEGOCIOS,0.931,12,1,23,2,4.0,4.0,False
BASIC OPERATOR-2,BASIC OPERATOR,0.931,1,1,2,161,,,False
JEFE DE DESPACHO Y LOGISTICA,JEFE ALMACENAMIENTO Y DESPACHO,0.931,2,1,4,2,4.0,4.0,False
JEFE DE CONTROL INTERNO Y PREVENCION DE FRAUDES,JEFE DE PREVENCION DE FRAUDES,0.9309,2,1,5,2,4.0,4.0,False
ASISTENTE COMUNICACION,ASISTENTE DE COMUNICACION INTERNA,0.9309,42,7,65,13,1.0,1.0,False
SUPERVISOR DE MANTENIMIENTO OPERACIONES,SUPERVISOR DE MANTENIMIENTO IN,0.9309,2,1,2,2,3.0,3.0,False
JEFE DE SEGURIDAD INDUSTRIAL,JEFE DE PRODUCCION Y SEGURIDAD INDUSTRIAL,0.9309,66,1,120,1,4.0,4.0,False
INGENIERO DE PROCESOS Y PROYECTOS,INGENIERO DE AUTOMATIZACION DE PROCESOS,0.9309,3,1,7,1,,,False
JEFE DE CONTABILIDAD Y TESORERIA,JEFE DE CONTABILIDAD Y COBRANZAS,0.9309,2,1,3,2,4.0,4.0,False
COCINERO DE PERSONAL,PERSONAL DE COCINA,0.9309,2,2,7,14,,,False
EJECUTIVO ADMINISTRATIVO FINANCIERO,EJECUTIVO FINACIERO,0.9309,3,1,10,1,,,False
COORDINADOR/A DE INFRAESTRUCTURA Y REDES,COORDINADOR DE INFRAESTRUCTURA JUNIOR,0.9309,5,1,8,2,3.0,3.0,False
SUPERVISOR DE LOGISTICA INTERNA,SUPERVISOR DE COORDINACION LOGISTICA,0.9309,2,2,6,3,3.0,3.0,False
ASISTENTE CAJA,ASISTENTE CONTABLE CAJA,0.9309,20,2,72,6,1.0,1.0,False
JEFE COMERCIAL DE IMPORTACIONES,JEFE BODEGA IMPORTACIONES,0.9309,129,2,232,2,4.0,4.0,False
ASISTENTE CALIDAD DE SERVICIO,AUXILIAR DE GESTION DE LA CALIDAD DE SERVICIOS,0.9309,1,1,1,1,1.0,1.0,False
JEFE DE SUPERVISION,COORDINADOR DE SUPERVISION,0.9309,1,1,1,2,4.0,3.0,True
ASIST. ADMINISTRATIVO,ASESOR ADMINISTRATIVO,0.9309,25,11,87,20,,,False
GERENTE ADMINISTRATIVA Y FINAN,JEFA ADMINISTRATIVA Y FINANCIERA,0.9309,27,2,50,3,5.0,,False
ENTRENADOR DE GIMNASIO,ENTRENADOR DE GIMNASIA TERAPEUTICA,0.9309,1,1,7,1,,,False
ASISTENTE DE FINANCIERO,ASISTENTE FINANCIERO Y TALENTO HUMANO,0.9309,176,1,396,2,1.0,1.0,False
COORDINADOR DE SSOA,COORDINADOR DE SSOMA,0.9309,2,1,4,7,3.0,3.0,False
EJECUTIVO DE GESTION DE COBRANZAS,EJECUTIVO JUNIOR DE COBRANZAS,0.9309,1,1,6,12,,,False
SUPERVISOR DE LEVANTE,SUPERVISOR DE LEVANTE / PRODUCCION,0.9309,1,1,2,2,3.0,3.0,False
COORDINADOR DE PROYECTO,COORDINADOR DE PROYECTOS E INNOVACION,0.9309,132,2,345,3,3.0,3.0,False
BUSINESS IT ANALYST,IT ANALYST,0.9309,2,2,5,3,,,False
ASISTENTE TECNICO Y ADMINISTRA,ASISTENTE DE AREA TECNICA,0.9309,14,11,30,28,2.0,1.0,True
JEFE DE PLANIFICACION Y COORDINACION,COORDINADOR DE PLANIFICACION Y PROYECTOS,0.9309,7,5,10,6,4.0,3.0,True
ASESOR DE ACCESORIOS,ASESOR DE REPUESTOS Y ACCESORIOS,0.9309,2,1,3,1,,,False
ANALISTA SERVICIOS GENERALES,ANALISTA DEPART GENERALES,0.9309,8,1,17,3,2.0,2.0,False
COORDINADOR LOGISTICA Y ABASTECIMIENTO TIENDAS,COORDINADOR DE LOGISTICA DE ABASTECIMIENTO,0.9309,1,1,3,2,3.0,3.0,False
EJECUTIVO CUENTAS CORPORATIVAS,JEFE DE CUENTAS CORPORATIVAS,0.9309,8,4,104,6,,4.0,False
ASISTENTE MERCADEO,AYUDANTE DE MERCADEO,0.9309,10,1,14,2,1.0,1.0,False
RECEPCIONISTA CONTABLE,ASISTENTE CONTABLE RECEPCION,0.9309,2,1,3,2,,1.0,False
ASISTENTE AUXILIAR ADMINISTRATIVO,ASESOR ADMINISTRATIVO,0.9309,13,11,34,20,1.0,,False
ASISTENTE ADMINISTRATIVA DE OBRA,ANALISTA ADMINISTRATIVO DE OBRA,0.9308,1,1,1,3,1.0,2.0,True
AYUDANTE DE BODEGA P.T,AYUDANTE DE BODEGA Y DESPACHO,0.9308,2,2,6,3,1.0,1.0,False
TECNICO DE CULTIVOS,JEFE TECNICO DE CULTIVOS,0.9308,11,1,33,2,2.0,4.0,True
JEFE DE ABASTECIMIENTO Y LOGISTICA,JEFE ALMACENES Y LOGISTICA,0.9308,9,9,14,19,4.0,4.0,False
GERENTE REGIONAL DE OPERACIONES,GERENTE NACIONAL OPERACIONES,0.9308,4,2,6,4,5.0,5.0,False
SUPERVISOR(A) CONTABLE,SUPERVISOR CONTABLE/AUDITOR,0.9308,1,1,1,2,3.0,3.0,False
JEFE ALMACENAMIENTO Y DESPACHO,RESPONSABLE DE ALMACENAMIENTO Y DESPACHO,0.9308,1,1,2,2,4.0,,False
ASISTENTE TECNOLOGIA DE LA INFORMACION Y COMUNICACION,ASISTENTE 1 - DE TECNOLOGIAS DE INFORMACION,0.9308,2,1,3,6,1.0,1.0,False
GERENTE ACTIVIDADES COMERCIALES,GERENTE DE MERCADEO Y OPERACIONES COMERCIALES,0.9308,1,1,2,2,5.0,5.0,False
JEFE DE RETAIL,JEFE NACIONAL RETAIL,0.9308,6,4,12,8,4.0,4.0,False
COORDINADOR GENERAL ADMINISTRATIVO,COORDINADOR SENIOR ADMINISTRATIVO,0.9308,6,1,13,2,3.0,3.0,False
MECANICO DE MANTENIMIENTO,SUPERVISOR DE MANTENIMIENTO MECANICO,0.9308,25,16,125,28,,3.0,False
JEFE DE RRHH,SUPERINTENDENTE DE RRHH,0.9308,32,1,49,2,4.0,,False
AUXILIAR DE ASEGURAMIENTO DE LA CALIDAD,ADMINISTRADOR DE ASEGURAMIENTO DE LA CALIDAD,0.9308,5,1,10,2,1.0,,False
AYUDANTE TECNICO DE MANTENIMIENTO,AYUDANTE DE MANTENIMIENTO ELECTRICO,0.9308,6,2,14,11,2.0,1.0,True
RESPONSABLE DE ASEGURAMIENTO DE CALIDAD,ADMINISTRADOR DE ASEGURAMIENTO DE LA CALIDAD,0.9308,3,1,6,2,,,False
AUXILIAR SOPORTE TECNICO,ASISTENTE SOPORTE TECNOLOGICO,0.9308,8,3,11,8,2.0,1.0,True
ASESOR DE SERV. AL CLIENTE,ASISTENTE DE CUSTOMER SERVICE,0.9308,28,2,632,10,,1.0,False
OPERADOR DE MAQUINA,OPERADOR DE MAQUINA PESADA,0.9308,79,1,1897,2,1.0,1.0,False
JEFE DE COMUNICACION,DIRECTOR DE COMUNICACION,0.9308,14,9,23,13,4.0,5.0,True
COORDINADOR DE INFRAESTRUCTURA,COORDINADOR DE INFRAESTRUCTURA CRITICA,0.9308,36,1,64,2,3.0,3.0,False
ANALISTA DE LOGISTICA,ANALISTA LOGISTICA DE DESPACHOS,0.9308,60,1,145,2,2.0,2.0,False
ASISTENTE DE FACTURACION Y,ASISTENTE COLECTURIA Y FACTURACION,0.9308,145,1,478,5,1.0,1.0,False
JEFE DE COMPRAS,JEFE DE COSTOS & COMPRAS,0.9308,303,2,547,4,4.0,4.0,False
ASISTENTE DE LABORATORIO Y SISTEMA,ASISTENTE TECNICO DE LABORATORIO,0.9308,1,1,5,1,1.0,2.0,True
COORDINADOR ADMINISTRATIVO DE PROYECTO,COORDINADOR DE PROYECTOS Y SERVICIOS,0.9308,6,2,20,15,3.0,3.0,False
JEFE DE COSTOS & COMPRAS,JEFE DE CONTROL Y COMPRAS,0.9308,2,1,4,2,4.0,4.0,False
JEFE CONTRATACIONES,GERENTE DE CONTRATACIONES,0.9308,2,1,3,1,4.0,5.0,True
ANALISTA PLANEACION DEMANDA,ASISTENTE PLANEACION DE LA DEMANDA,0.9308,16,2,31,5,2.0,1.0,True
ASISTENTE/AUXILIAR DE SERVICIOS GENERALES,ASIST/AYUD/AUX/ DE SERVICIOS EN GENERAL,0.9308,304,4,2959,19,1.0,,False
GERENTE DE GESTION DE PRODUCTO,JEFE DE GESTION DE PRODUCTOS I,0.9308,52,1,283,4,5.0,4.0,True
ASISTENTE/AUXILIAR DE SERVICIOS GENERALES,ASISTENTE SERV. EN GENERAL,0.9308,304,3,2959,16,1.0,1.0,False
COORDINADOR INFRAESTRUCTURA,COORDINADOR DE INFRAESTRUCTURA IT,0.9308,36,1,64,2,3.0,3.0,False
TECNICO SEGURIDAD INDUSTRIAL Y FISICA,ASISTENTE T�CNICO DE SEGURIDAD INDUSTRIAL,0.9307,2,1,7,6,2.0,1.0,True
JEFE DE VIVERO,JEFE DE VIVERO Y SIEMBRA,0.9307,3,1,5,1,4.0,4.0,False
SUPERVISOR DE BODEGA Y DISTRIBUCION,SUPERVISOR GENERAL DE BODEGA,0.9307,3,2,6,3,3.0,3.0,False
ASISTENTE A DE CONTABILIDAD,ASISTENTE / AYUDANTE / AUXILIAR DE CONTABILID,0.9307,447,3,1561,15,1.0,1.0,False
ASISTENTE TECNICO Y ADMINISTRA,ASISTENTE TECNICO ADMINISTRATIVA DE SOPORTE,0.9307,14,1,30,3,2.0,2.0,False
JEFE DE SEGURIDAD ELECTRONICA,JEFE DE SEGURIDAD INFORMATICA,0.9307,3,1,4,1,4.0,4.0,False
ANALISTA ADMINISTRITO DE VENTAS,ANALISTA DE VENTAS 1,0.9307,30,1,90,3,2.0,2.0,False
JEFE DE PRODUCCION Y PROYECTOS,JEFE DE PRODUCCION (PR),0.9307,2,1,3,2,4.0,4.0,False
COORDINADOR SERVICIOS ADMINISTRATIVOS,COORDINADOR ADMINISTRATIVO Y C,0.9307,6,1,10,2,3.0,3.0,False
ANALISTA DE PROCESOS Y PROYECTOS,ANALISTA DE GERENCIA Y PROCESOS,0.9307,11,6,15,8,2.0,2.0,False
JEFE DE ZONA DISTRIBUIDORES,JEFE DE ZONA DISTRIBUIDORES B2C,0.9307,1,1,4,2,4.0,4.0,False
AYUDANTE DE BODEGA 1,AYUDANTE DE BODEGA P.T,0.9307,3,2,23,6,1.0,1.0,False
PERSONAL ACADEMICO TITULAR AUXILIAR TIEMPO COMPLETO,PERSONAL ACADEMICO TITULAR AUXILIAR 1,0.9307,2,2,65,17,1.0,1.0,False
JEFE DE LOCAL,SUBJEFE DE LOCAL,0.9307,4,1,540,18,4.0,,False
AYUDANTE A DE MANTENIMIENTO,AYUDANTE BASICO MANTENIMIENTO SERVICIOS GENERALES,0.9307,123,1,643,2,1.0,1.0,False
COORDINADOR PROCESOS,COORDINADOR DE PROCESOS DE PRODUCCION,0.9307,51,5,109,6,3.0,3.0,False
COORDINADOR SEGURIDAD FISICA,COORDINADOR DE SEGURIDAD FISICA Y ELETRONICA,0.9307,28,1,56,2,3.0,3.0,False
ADMINISTRADORA GERENCIAL,ADMINISTRADOR / GERENCIAL,0.9307,146,1,272,1,,,False
ASISTENTE INGENIERIA Y MANTENIMIENTO,ASISTENTE DE SERVICIOS / INGENIERA,0.9307,3,1,13,2,1.0,1.0,False
ASISTENTE / ADMINISTRATIVO,ASISTENTE ADMINISTRA,0.9307,420,11,2299,29,1.0,1.0,False
"GERENTE DE UNIDAD DE NEGOCIO MAZDA, STEL",GERENTE DE UNIDAD DE NEGOCIO MAZDA,0.9307,1,1,1,1,5.0,5.0,False
JEFE DE PROCESOS Y SISTEMA,JEFE ORGANIZACION Y PROCESOS,0.9307,1,1,1,1,4.0,4.0,False
MERCO-IMPULSADORA,MERCOIMPULSADORA PROFESIONAL,0.9307,6,1,107,8,,,False
COORDINADOR (A) DE MARCA,COORDINADOR TECNICO DE MARCA,0.9307,19,1,30,2,3.0,3.0,False
ESPECIALISTA DE SERVICIO AL CLIENTE,ESPECIALISTA DE CUSTOMER CARE,0.9307,8,1,40,1,3.0,3.0,False
ESPECIALISTA EN GESTION DE PROYECTOS Y PROGRAMAS,ESPECIALISTA GESTOR DE PROYECTOS,0.9307,1,1,4,1,3.0,3.0,False
COORDINADOR DE SALUD Y SEGURIDAD,SUPERVISOR DE SALUD Y SEGURIDAD,0.9307,4,2,9,2,3.0,3.0,False
SUPERVISOR MANTENIMIENTO,SUPERINTENDENTE MANTENIMIENTO,0.9307,225,7,672,16,3.0,,False
JEFE ASEGURAMIENTO DE CALIDAD,JEFE DE CALIDAD Y PROCESO,0.9307,36,11,69,19,4.0,4.0,False
COBRADOR /RECAUDADOR/ FACTURADOR,COBRADOR RECAUDADOR,0.9307,57,18,371,74,,,False
JEFE ADM. DE PRODUCION,JEFE DE PRODUCCION Y PROYECTOS,0.9307,334,2,705,3,4.0,4.0,False
AYUDANTE DE FUNDICION,AYUDANTE FUNDIDOR,0.9307,2,1,17,2,1.0,1.0,False
AUXILIAR CONTABLE Y ADMINISTRATIVA,ASISTENTE CONTABLE Y DE AUDITORIA,0.9306,5,3,10,14,1.0,1.0,False
"ASISTENTE,AUXILIAR,ADMINISTRATIVO","ASISTENTE, AYUDANTE, AUXILIAR DE SERVICIO EN GENERAL",0.9306,1,1,1,1,1.0,1.0,False
EJECUTIVO DE PROCESOS,EJECUTIVO DE PROYECTOS Y PROCESOS,0.9306,3,1,8,1,,,False
GERENTE CREDITO Y COBRANZAS,GERENTE CORPORATIVO DE CREDITO,0.9306,8,1,14,1,5.0,5.0,False
ASISTENTE DE SEGURIDAD INFORMATICA,JEFE DE SEGURIDAD INFORMATICA,0.9306,1,1,1,1,1.0,4.0,True
ANALISTA DE ASUNTOS REGULATORIOS Y ASEGURAMIENTO DE CALIDAD,ANALISTA TECNICO Y REGULATORIO,0.9306,6,1,9,1,2.0,2.0,False
JEFE DE COMPRAS SENIOR,COORDINADORA SENIOR DE COMPRAS,0.9306,2,1,3,1,4.0,,False
ANALISTA CREDITO Y COBRANZA,ANALISTA DE CREDITO Y CALIDAD,0.9306,80,1,268,4,2.0,2.0,False
COORDINADOR DE PROYECTOS Y SERVICIOS,COORDINADOR DE PROYECTOS E INNOVACION,0.9306,2,2,15,3,3.0,3.0,False
ANALISTA DE COMPRAS Y PLANIFICACION,ANALISTA ADM Y DE COMPRAS,0.9306,7,5,11,13,2.0,2.0,False
INGENIERO INSPECTOR DE PROYECTOS 132,INGENIERO INSPECTOR DE PROYECTOS 108,0.9306,1,1,2,1,,,False
ASISTENTE DE MANTENEMIENTO,ASISTENTE INGENIERIA Y MANTENIMIENTO,0.9306,213,3,646,13,1.0,1.0,False
ASISTENTE DE ASUNTOS REGULATORIOS,ASISTENTE DE DESARROLLO REGULATORIO,0.9306,17,1,33,2,1.0,1.0,False
GERENTE ADMINISTRATIVO FINANCI,GERENTE REGIONAL FINANZAS Y ADMINISTRACION,0.9306,157,2,277,3,5.0,5.0,False
COORDINADOR INNOVACION,JEFE DE INNOVACION,0.9306,11,8,17,11,3.0,4.0,True
ASISTENTE ADMINISTRATIVO Y COMPRAS,ASISTENTE ADMINISTRATIVO ADQUISICIONES,0.9306,5,1,11,4,1.0,1.0,False
SUPERVISOR DE CAMARA Y EMBARQUE,COORDINADOR DE CAMARA Y EMBARQUE,0.9306,3,1,11,1,3.0,3.0,False
JEFE TECNICO Y CALIDAD,JEFE CONTROL DE CALIDAD Y MEJORA CONTINUA,0.9306,7,2,13,5,4.0,4.0,False
CHOFER C,CHOFER L,0.9306,4,1,19,2,,,False
INGENIERO JEFE,JEFE TECNICO INGENIERIA,0.9306,21,1,65,2,4.0,4.0,False
DESARROLADOR JUNIOR DE SOFTWARE,ANALISTA DE SOFTWARE JUNIOR,0.9306,26,1,160,2,,2.0,False
GERENTE ADMINISTRATIVA Y FINAN,GERENTE FINANCIERO Y OPERATIVO,0.9306,27,6,50,10,5.0,5.0,False
ASISTENTE DIRECCION ACADEMICA,ASISTENTE DE GESTION ACADEMICA,0.9306,3,1,7,2,1.0,1.0,False
COORDINADOR DE ARCHIVO,ADMINISTRADOR DE ARCHIVO,0.9306,6,2,9,4,3.0,,False
JEFE CADENA DE SUMINISTROS,EJECUTIVO CADENA DE SUMINISTROS,0.9306,7,1,12,2,4.0,,False
ADMINISTRADOR DE SOPORTE TECNICO,ASESOR DE SOPORTE TECNICO,0.9306,1,1,2,2,2.0,2.0,False
JEFE DE SISTEMA INTEGRADO DE GESTION,JEFE DE SISTEMAS INTEGRADOS DE GESTION Y MEDIO AMBIENTE,0.9306,23,1,38,1,4.0,4.0,False
ANALISTA INFRAESTRUCTURA Y REDES,ANALISTA DE INFRAESTRUCTURA Y SOPORTE JR,0.9306,4,2,7,6,2.0,2.0,False
AYUDANTE ADMINISTRATIVA,ASISTENTE DIR. ADMINISTRATIVA,0.9306,12,3,31,5,1.0,1.0,False
ANALISTA DE PROCESO Y MEJORA CONTINUA,ANALISTA DE PROYECTOS Y MEJORA CONTINUA,0.9306,7,1,16,2,2.0,2.0,False
LICENCIADO/A DE IMAGENES,LICENCIADO DE IMAGENES - IMAGENES,0.9306,1,1,6,2,,,False
SUPERVISOR DE LOGISTICA,SUB-GERENTE LOGISTICO,0.9306,73,1,265,2,3.0,5.0,True
GERENTE ADMINISTRATIVO COMERCIAL,GERENTE ADMINISTRATIVO CORPORATIVO,0.9305,5,1,6,1,5.0,5.0,False
ASISTENTE DE TECNOLOGIA,ASISTENTE TECNOLOGIA DE LA INFORMACION Y COMUNICACION,0.9305,21,2,85,3,1.0,1.0,False
AUXILIAR DEPARTAMENTO MOSTRADOR,ASISTENTE MOSTRADOR,0.9305,9,1,94,2,1.0,1.0,False
ANALISTA COMPRAS E IMPORTACIONES,ANALISTA COMERCIAL Y DE IMPORTACIONES,0.9305,10,1,22,1,2.0,2.0,False
COORDINADOR CENTRO DE DISTRIBUCION,COORDINADOR DE DISTRIBUCION JR.,0.9305,5,1,24,2,3.0,3.0,False
ASESOR ATENCION AL CLIENTE,ASISTENTE ATENCION A USUARIOS,0.9305,8,6,92,33,,1.0,False
SUPERVISOR DE BODEGA,SUPERVISOR DE BODEGA / ACONDICIONAMIENTO,0.9305,157,1,580,2,3.0,3.0,False
AYUDANTE AUXILIAR DE SERVICIOS EN GENERAL,ASESOR DE SERVICIOS GENERALES,0.9305,10,1,78,2,1.0,,False
TECNICO EN MECANICA EXPRESS A,TECNICO MECANICO EXPRESS B,0.9305,1,1,47,22,2.0,2.0,False
LABORATORISTA,LABORATORISTA (F),0.9305,91,1,440,2,,,False
INGENIERO DE SEGURIDAD INFORMATICA,INGENIERO DE SEGURIDAD,0.9305,6,4,20,12,,,False
SAMPLE CATCHER,SAMPLE CATCHER II,0.9305,1,1,7,1,,,False
ANALISTA DE INTELIGENCIA DE NEGOCIO,ANALISTA INTELIGENCIA COMERCIAL,0.9305,26,14,58,25,2.0,2.0,False
COORDINADOR CANALES DIGITALES,JEFE DE CANALES DIGITALES,0.9305,10,5,21,8,3.0,4.0,True
ASESOR COMERCIAL CORPORATIVO,ASESOR COMERCIAL ADMINISTRATIVO,0.9305,7,1,70,2,,,False
GERENTE ADMINISTRATIVO FINANCI,GERENTE FINANCIERO ADMIN,0.9305,157,4,277,7,5.0,5.0,False
ASISTENTE MENSAJERO,ASISTENTE OFICINA - MENSAJERO,0.9305,2,1,4,2,1.0,1.0,False
ANALISTA DE GESTION DE CALIDAD,ANALISTA DE CALIDAD ACONDICIONADO,0.9305,8,1,13,1,2.0,2.0,False
ANALISTA DE CLIENTE,ANALISTA EXPERIENCIA CLIENTE,0.9305,2,1,3,2,2.0,2.0,False
JEFE DE FACTURACION Y COBRANZA,JEFE DE CARTERA Y FACTURACION,0.9305,8,1,16,2,4.0,4.0,False
COORDINADOR DE IMPORTACIONES Y EXPORTACI,COORDINADOR DE PRODUCCION Y EXPORTACIONES,0.9305,4,1,7,2,3.0,3.0,False
VENDEDOR EXTERNO DE REPUESTOS,VENDEDOR MAYOREO REPUESTOS,0.9305,4,1,10,1,,,False
ASISTENTE DE FONDOS DE INVERSION,ASESOR FONDOS DE INVERSION,0.9305,3,2,10,62,1.0,,False
RECEPCIONISTA CERTIFICADA/O,RECEPCIONISTA CERTIFICADA (ESTABLECIMIENTOS CATEGORIA PRIMERA),0.9305,7,5,26,38,,,False
VISITADOR MEDICO CARDIOMETA B SIERRA,VISITADOR MEDICO LINEA CARDIO METABOLICA SIERRA,0.9305,1,1,27,2,,,False
INGENIERO INSPECTOR DE PROYECTOS 132,INGENIERO INSPECTOR DE PROYECTOS 283,0.9305,1,1,2,1,,,False
TECNICO SEGURIDAD INDUSTRIAL Y FISICA,RESPONSABLE TECNICO DE SEGURIDAD INDUSTRIAL,0.9305,2,2,7,3,2.0,2.0,False
ASISTENTE DE MANTENEMIENTO,ASISTENTE DE MANTENIMIENTO Y EDIFICACIONES,0.9305,213,1,646,1,1.0,1.0,False
COORDINADOR TRADE MARKETING,TRADE MARKETING CORDINATOR,0.9305,15,4,39,11,3.0,,False
ASESOR DE SERVICIO Y ATENCION AL CLIENTE,ASISTENTE INTEGRAL DE SERVICIO AL CLIENTE,0.9305,8,1,92,4,,1.0,False
JEFE DE SERVICIOS TI,GERENTE DE SERVICIOS TI,0.9304,2,2,5,2,4.0,5.0,True
ASIST. COORDINACION LOGISTICA,COORDINADOR ASISTENTE LOGISTICA,0.9304,1,1,2,2,,3.0,False
ANALISTA DE DOCUMENTACION IMPORT,ANALISTA DE OPERACIONES IMPORT,0.9304,1,1,4,1,2.0,2.0,False
ASISTENTE ADMINISTRATIVA I,AYUDANTE ADMINISTRATIVA,0.9304,14,12,70,31,1.0,1.0,False
ASISTENTE ADMINISTRACION Y LOGISTICA,ASISTENTE DE PRODUCCION Y LOGISTICA,0.9304,14,1,55,2,1.0,1.0,False
JEFE DE SERVICIOS DE GESTION Y SOPORTE TI,COORDINADORA DE SERVICIOS GESTIONADOS Y SOPORTE TI,0.9304,2,1,5,6,4.0,,False
GERENTE DE INNOVACION Y OPERACIONES,GERENTE DE DESARROLO ORGANIZACIONAL E INNOVACION,0.9304,2,1,3,1,5.0,5.0,False
INGENIERO INSPECTOR DE PROYECTOS 216,INGENIERO INSPECTOR DE PROYECTOS 172,0.9304,1,1,4,1,,,False
ASISTENTE DE INFORMACION Y TECNOLOGIA,ASISTENTE DE INFORMATICA,0.9304,19,6,39,10,1.0,1.0,False
ASISTENTE DE VENTAS CORPORATIVAS,ASISTENTE COMERCIAL CORPORATIVO,0.9304,4,1,5,6,1.0,1.0,False
SUPERVISORA GENERAL PRODUCCION,SUPERINTENDENTE DE PRODUCCION,0.9304,5,3,10,4,,,False
ASISTENTE ADMINISTRATIVA DE TALLER,ASISTENTE ADMINISTRATIVA - TALLERES,0.9304,3,1,5,3,1.0,1.0,False
JEFE DE CUENTAS CLAVE,JEFE DE CUENTA CLAVE (EQ),0.9304,16,1,55,2,4.0,4.0,False
GERENTE CALIDAD,GERENTE DE CALIDAD E INNOVACION,0.9304,43,3,74,5,5.0,5.0,False
JEFE ADMINISTRATIVO LEGAL,ASESOR LEGAL ADMINISTRATIVO,0.9304,2,1,4,1,4.0,,False
CAJERO (A),CAJERO A&B,0.9304,46,1,873,2,,,False
GERENTE DE PLANTA,ASISTENTE DE GERENCIA DE PLANTA,0.9304,58,4,120,7,5.0,1.0,True
GERENTE DE ESTRATEGIA Y NEGOCIOS,GERENTE DE DESARROLLO ESTRATEGICO,0.9304,2,1,6,1,5.0,5.0,False
JEFE DE COMUNICACION,JEFE DE COMUNICACIONES (MD),0.9304,14,1,23,4,4.0,4.0,False
ANALISTA RIESGO AMBIENTAL Y SOCIAL,ESPECIALISTA RIESGO AMBIENTAL Y SOCIAL,0.9304,2,2,2,3,2.0,3.0,True
COORDINADOR B,COORDINADOR (A),0.9304,24,18,46,140,3.0,3.0,False
ASISTENTE AMBIENTE,AUXILIAR DE AMBIENTE,0.9304,10,2,19,8,1.0,1.0,False
COORDINADOR DE PLANIFICACION DE PROYECTOS,COORDINADOR DE CONTROL DE PROYECTOS,0.9304,5,1,6,2,3.0,3.0,False
ASISTENTE ADMINISTRA,ASISTENTE ADM.,0.9304,11,11,29,27,1.0,1.0,False
ANALISTA DE PROCESO SENIOR,ANALISTA JUNIOR DE PROCESOS,0.9304,3,1,5,1,2.0,2.0,False
ASISTENTE/AUXILIAR DE SERVICIOS GENERALES,AUXILIAR DE SERV GENERALES,0.9304,304,15,2959,100,1.0,1.0,False
ANALISTA DE ASEGURAMIENTO DE CALIDAD,ANALISTA DE CALIDAD Y LABORATORIO,0.9304,23,3,164,5,2.0,2.0,False
COUNTRY MANAGER ECUADOR,"COUNTRY MGR, ECUADOR",0.9304,6,1,11,2,,,False
JEFE DE CALIDAD Y PROCESO,JEFE DE CONTROL DE CALIDAD Y SUSTENTABILIDAD,0.9304,11,1,19,2,4.0,4.0,False
OPERADOR DE EXCAVADORA 3,OPERADOR DE EXCAVADORA 1,0.9304,1,1,3,4,1.0,1.0,False
ANALISTA DE COMPRAS INTERNACIONALES,ANALISTA DE VENTAS INTERNACIONALES,0.9304,3,1,6,2,2.0,2.0,False
COORDINADOR DE PLANIFICACION Y PROYECTOS,COORDINADOR TECNICO PLANIFICACION,0.9304,5,1,6,1,3.0,3.0,False
ASISTENTE TECNICO Y ADMINISTRA,ASISTENTE DE DIRECCION TECNICA,0.9304,14,5,30,14,2.0,1.0,True
ASESOR DE VENTAS B2C,ASISTENTE DE SOPORTE VENTAS B2B,0.9304,1,1,49,4,,1.0,False
ASESOR ADMINISTRATIVO,ASESOR COMERCIAL ADMINISTRATIVO,0.9304,11,1,20,2,,,False
JEFE DE INFRAESTRUCTURA,COORDINADOR INFRAESTRUCTURA,0.9304,45,36,81,64,4.0,3.0,True
JEFE DE IMPLEMENTACION,LIDER DE IMPLEMENTACION,0.9304,4,3,7,8,4.0,,False
ASESOR COMERCIAL DE REPUESTOS,JEFE COMERCIAL DE REPUESTOS,0.9303,6,1,85,4,,4.0,False
GERENTE DE COMPRA Y FRUTA,GERENTE DE COMPRAS DE FRUTAS,0.9303,2,1,3,1,5.0,5.0,False
COMMERCIAL EXCELLENCE ASSOCIATE,COMMERCIAL EXCELLENCE COORDINATOR,0.9303,1,1,3,2,,,False
SUPERVISOR DE VENTAS JUNIOR,ASESOR DE VENTAS JUNIOR,0.9303,1,1,1,2,3.0,,False
ASISTENTE ADMINISTRADOR,ASITENTE /AUXILIAR ADMINISTRATIVO,0.9303,3,1,8,3,1.0,1.0,False
ASISTENTE CONTABILIDAD,ASISTENTE CONTABLE Y GERENCIA,0.9303,447,2,1561,3,1.0,1.0,False
JEFE DE REVENUE,JEFE DE RETENCION Y REVENUE,0.9303,2,1,3,1,4.0,4.0,False
AUXILIAR DE ADMINISTRACION,ANALISTA AUXILIAR DE ADMINISTRACION,0.9303,454,8,1915,20,1.0,2.0,True
ASISTENTE DE DESARROLLO HUMANO,ASISTENTE DE RECURSOS HUMANO - DESARROLLO,0.9303,9,1,20,2,1.0,1.0,False
TECNICO DE SOPORTE IT,INGENIERO DE SOPORTE IT,0.9303,2,1,7,2,2.0,,False
ANALISTA DE BASTANTEO LEGAL,ANALISTA JURIDICO BASTANTEO LEGAL,0.9303,1,1,3,3,2.0,2.0,False
JEFE DE CONTABILIDAD Y TESORERIA,JEFE DE CONTABILIDAD Y CONTROL INTERNO,0.9303,2,2,3,5,4.0,4.0,False
AUXILIAR DE BODEGA TIENDAS,AUXILIAR COMERCIAL DE TIENDAS,0.9303,1,1,10,1,1.0,1.0,False
COORDINADOR DE SERV GENERALES Y COMPRAS,COORDINADOR DE COMPRAS GENERALES Y PROSPECCION,0.9303,1,1,1,1,3.0,3.0,False
MEDICO NEFROLOGA,ESPECIALISTA EN NEFROLOGIA,0.9303,7,2,17,4,,3.0,False
ASISTENTE ADMINISTRARTIVA,ASISTENTE ADMIN. TECNICA,0.9303,1731,2,7021,2,1.0,1.0,False
ADM ASISTENTE ADMINISTRATIVO,ASISTENTE ADMINISTRATIVO (AA),0.9303,1,1,4,2,1.0,1.0,False
TECNICO MECANICO DE MANTENIMIENTO,TECNICO DE MANTENIMIENTO SR.,0.9303,25,1,125,3,2.0,2.0,False
COORDINADOR DE MARKETING Y VENTAS,COORDINADOR DE MARKETING Y POSICIONAMIENTO,0.9303,4,1,5,3,3.0,3.0,False
ASISTENTE ALIMENTOS Y BEBIDAS,ASISTENTE DE SERVICIOS DE COMIDAS Y BEBIDAS,0.9303,3,2,7,15,1.0,1.0,False
ANALISTA CALIDAD,ANALISTA DE CALIDAD (QA),0.9302,162,2,890,2,2.0,2.0,False
PSICOLOGA ESCUELA,PSICOLOGA COLEGIO,0.9302,3,2,6,3,,,False
ANALISTA POST-VENTAS,ANALISTA SERVICIO POST VENTAS,0.9302,4,2,9,4,2.0,2.0,False
COORDINADOR TH,COORDINADORA T.H,0.9302,2,1,4,1,3.0,,False
COORDINADOR DE PROYECTOS Y DESARROLLO,COORDINADOR SENIOR DE PROYECTOS,0.9302,4,2,7,3,3.0,3.0,False
GERENTE DE VENTAS EN LATAM,GERENTE DE VENTAS A NIVEL NACIONAL,0.9302,1,1,2,2,5.0,5.0,False
TECNICO DE PLANIFICACION DE MANTENIMIENTO,ASISTENTE DE PLANEACION MANTENIMIENTO,0.9302,3,2,4,2,2.0,1.0,True
JEFE CONTABILIDAD-CONTADORA,CONTADORA-JEFE ADMINISTRATIVO,0.9302,145,1,260,2,4.0,4.0,False
ANALISTA DE NOMINA Y RECURSOS HUMANOS,ANALISTA DE NOMINA Y GESTION DE PERSONAL,0.9302,5,1,11,1,2.0,2.0,False
LIDER DE CONTACT CENTER,LIDER DE CALL CENTER,0.9302,3,2,60,30,,,False
SUPERVISOR DE CAMPO - C2,SUPERVISOR DE CAMPO-MN2,0.9302,1,1,1,1,3.0,3.0,False
COORDINADOR DE DESARROLLO Y CAPACITACION,ASISTENTE DE CAPACITACION Y DESARROLLO,0.9302,2,1,3,2,3.0,1.0,True
ADMINISTRADOR DE SISTEMAS JUNIOR,ASISTENTE JUNIOR DE SISTEMAS,0.9302,1,1,2,1,,1.0,False
ASISTENTE DE PUBLICIDAD Y MERCADEO,ASISTENTE DE DISENO Y PUBLICIDAD,0.9302,23,2,60,8,1.0,1.0,False
COORDINADOR CREDITO,COORDINADOR CREDITO EMPRESAS,0.9302,80,1,147,3,3.0,3.0,False
ASISTENTE ADMINISTRATIVO Y SERVICIOS FINANCIEROS,ASISTENTE DE CREDITO Y FINANZAS,0.9302,47,2,98,3,1.0,1.0,False
COORDINADOR DE NOMINA Y COMPENSACIONES,GERENTE DE NOMINA Y COMPENSACIONES,0.9302,4,1,9,1,3.0,5.0,True
ANALISTA DE CONTROL Y AUDITORIA INTERNA,ANALISTA DE AUDITORIA INTERNA SENIOR,0.9302,1,1,3,2,2.0,2.0,False
ASISTENTE DE FACTURACION Y COBRANZA,ASISTENTE COLECTURIA Y FACTURACION,0.9302,23,1,62,5,1.0,1.0,False
GERENTE DE GESTION ESTRATEGICA COMERCIAL,GERENTE DE ESTRATEGIA Y NEGOCIOS,0.9302,2,2,3,6,5.0,5.0,False
DIRECTOR RETAIL,DIRECTOR(A) DE RETAIL,0.9302,2,1,2,1,5.0,5.0,False
ASISTENTE BASE DE DATOS,ASISTENTE DE BASE DE DATOS Y DESARROLLO,0.9302,4,1,7,2,1.0,1.0,False
ASISTENTE DE CUSTODIA,ASISTENTE DE CUIDADO,0.9302,3,1,7,1,1.0,1.0,False
JEFE ADMINISTRACION Y FINANZAS,JEFE ADMINISTRATIVO Y TESORERIA,0.9302,11,1,18,2,4.0,4.0,False
SUPERVISOR RETAIL,SUPERVISOR DE RETAIL,0.9302,3,1,13,69,3.0,3.0,False
GESTOR CALIDAD,GESTOR DE CALIDAD Y PROCESOS,0.9302,8,2,11,2,,,False
ANALISTA - PROGRAMADOR,ANALISTA PROGRAMADOR SENIOR,0.9302,59,9,189,38,2.0,2.0,False
"ASISTENTE DE LABORATORIO, DE CONTROL DE CALIDAD; Y, DE PROCESOS",ASISTENTE DE LABORATORIO Y SISTEMA,0.9302,5,1,16,5,1.0,1.0,False
JEFE IMPORTACIONES Y COMPRAS,JEFE BODEGA IMPORTACIONES,0.9302,29,2,49,2,4.0,4.0,False
ASISTENTE COMERCIAL DE VENTAS,ASISTENTE COMERCIAL/MERCADERISTA,0.9302,1,1,1,1,1.0,1.0,False
GERENTE DE VENTAS DISTRIBUCION,GERENTE DE VENTAS CANAL DISTRIBUTIVO,0.9302,3,1,4,1,5.0,5.0,False
ASISTENTE ADMINISTRATIVA Y VENTAS,ASISTENTE COMERCIAL DE VENTAS,0.9302,2,1,10,1,1.0,1.0,False
AUXILIAR DE LABORATORIO ADMINISTRATIVO,AUXILIAR DE LABORATORIO (AL),0.9302,3,1,4,1,1.0,1.0,False
ASISTENTE LIMPIEZA,AUXILIAR OPERATIVO LIMPIEZA,0.9302,128,1,572,10,1.0,1.0,False
COORDINADOR DE CALL CENTER,COORDINADOR CALL CENTER,0.9302,14,3,33,6,3.0,3.0,False
TECNICO DE MANTENIMIENTO ELECTRICO ACERIA,ESPECIALISTA DE MANTENIMIENTO ELECTRICO ACERIA,0.9302,1,1,1,1,2.0,3.0,True
JEFE DE CONTROL CALIDAD Y DIRECCION TECNICA,JEFE DE CONTROL DE CALIDAD Y SUSTENTABILIDAD,0.9302,7,1,13,2,4.0,4.0,False
ASISTENTE ADMINISTRATIVA DE GESTION Y CONTROL,ASISTENTE DE CONTROLLER INTERNO Y DE GESTION,0.9302,2,1,3,2,1.0,1.0,False
PROFESORA TITULAR AUXILIAR/COORDINADORA ACADEMICA,DIRECTORA ACADEMICO/PROFESORA TITULAR AUXILIAR,0.9302,1,1,2,2,1.0,1.0,False
CONTROLADOR DE PRODUCCION,TECNICO DE CONTROL DE PRODUCCION,0.9302,2,1,2,1,,2.0,False
ASISTENTE DE OPERATIVO,ASISTENTE OPERATIVO - OT,0.9301,83,1,360,3,1.0,1.0,False
ASISTENTE OPERATIVO - OT,ASISTENTE / AYUDANTE OPERATIVO,0.9301,1,1,3,3,1.0,1.0,False
SUPERVISOR CALIDAD Y REGULATORIOS,SUPERVISOR GENERAL ASEGURAMIENTO DE CALIDAD,0.9301,2,2,4,4,3.0,3.0,False
COORDINADOR DE CONTROL DE PROYECTOS,COORDINADOR DE CONTROL DE OBRAS,0.9301,1,1,2,1,3.0,3.0,False
ASISTENTE DE LOGISTICA Y,"ASISTENTE COMERCIAL, CAJA Y LOGISTICA",0.9301,218,1,741,2,1.0,1.0,False
COORDINADOR DE COMPENSACIONES,COORDINADOR DE NOMINA Y COMPENSACIONES,0.9301,6,4,10,9,3.0,3.0,False
GERENTE DE PRODUCTO,GERENTE DE PRODUCTO I&D,0.9301,52,1,283,1,5.0,5.0,False
JEFE DE CONTABILIDAD Y TESORERIA,JEFE ADMINISTRATIVO Y TESORERIA,0.9301,2,1,3,2,4.0,4.0,False
COORDINADOR SERVICIOS ADMINISTRATIVOS,COORDINADOR SERVICIOS ADMINIST,0.9301,6,1,10,1,3.0,3.0,False
ASISTENTE TECNICO Y ADMINISTRA,ASISTENTE OPERATIVO Y ADMINISTRACION,0.9301,14,6,30,16,2.0,1.0,True
ASESOR ATENCION AL CLIENTE,TECNICO DE ATENCION AL CLIENTE,0.9301,8,2,92,7,,2.0,False
JEFE DE INSPECCIONES DE CALIDAD,JEFE INSPECCIONES TECNICAS,0.9301,1,1,4,2,4.0,4.0,False
ASISTENTE DE DIRECCION ADMINISTRATIVA Y FINANCIERA,ASISTENTE DE DIRECCION TECNICA DE FINANZAS Y PRESUPUESTO,0.9301,4,1,7,6,1.0,1.0,False
SUPERVISIOR DE SISTEMAS,SUPERVISOR SISTEMAS,0.9301,15,3,21,7,,3.0,False
ANALISTA DE CADENA DE SUMINISTRO,ANALISTA DE IMPORTACIONES Y CADENA DE SUMINISTRO,0.9301,4,1,10,2,2.0,2.0,False
COORDINADOR DE EDUCACION CONTINUA,COORDINADORA UNIDAD EDUCACION CONTINUA,0.9301,4,1,7,4,3.0,,False
JEFE DE LICITACIONES,EJECUTIVO(A) LICITACIONES,0.9301,2,1,4,10,4.0,,False
AYUDANTE DE INSTALACION CORPORATIVA,TECNICO DE INSTALACION CORPORATIVA,0.9301,1,1,70,69,1.0,2.0,True
ANALISTA DE ASEGURAMIENTO Y CONTROL DE CALIDAD,ANALISTA DE CALIDAD ACONDICIONADO,0.9301,50,1,221,1,2.0,2.0,False
JEFE DE INTELIGENCIA DE NEGOCIOS,JEFE DE PRECIOS E INTELIGENCIA DE NEGOCIOS,0.9301,15,1,25,1,4.0,4.0,False
SUPERVISOR ELECTRONICO Y ELECTROMEC,SUPERVISOR DE MANTENIMIENTO ELECTROMECAN,0.9301,4,2,11,10,3.0,3.0,False
ASISTENTE CONTABLE Y GERENCIA,ASISTENTE CONTABLE Y ADUITORIA,0.9301,2,1,3,1,1.0,1.0,False
ANALISTA DE PLANIFICACION ESTRATEGICA,ANALISTA DE ESTRATEGIA CORPORATIVA,0.9301,3,1,5,1,2.0,2.0,False
INGENIERO DE MANTENIMIENTO,INGENIERO SOPORTE Y MANTENIMIENTO CORPORATIVO,0.9301,15,1,68,15,,,False
LIDER TECNICO DE ANIMALES DE COMPANIA,LIDER TECNICO DE ANIMALES DE C,0.9301,1,1,1,1,2.0,2.0,False
ASESOR DE NEGOCIOS JUNIOR,ASESOR DE NEGOCIOS SENIOR,0.9301,3,1,68,34,,,False
COORDINADOR PROCESOS,JEFE DE PROCESOS,0.9301,51,40,109,70,3.0,4.0,True
ADMINISTRADOR DE RED,ADMINISTRADOR DE RED Y SISTEMAS,0.9301,3,2,6,4,,,False
EJECUTIVO DE CUENTA JR,EJECUTIVO DE CUENTAS SR,0.9301,7,4,16,8,,,False
ANALISTA CONTABLE SR,ANALISTA ADMIN CONTABLE,0.9301,2,2,3,7,2.0,2.0,False
COORDINADOR DE INFRAESTRUCTURA,GERENTE INFRAESTRUCTURA,0.9301,36,7,64,12,3.0,5.0,True
ANALISTA EXCELENCIA AL CLIENTE,ANALISTA MAESTRO DE CLIENTES,0.9301,1,1,3,2,2.0,2.0,False
ASISTENTE /AUXILIAR DE BODEGA,ASISTENTE ADMINISTRATIVA BODEGA,0.9301,195,11,920,20,1.0,1.0,False
BIBLIOTECARIO,BIBLIOTECARIO 1,0.9301,77,1,221,3,,,False
ASISTENTE DE COBRANZAS,ASISTENTE ESTADISTICO DE COBRANZAS,0.9301,169,1,791,3,1.0,1.0,False
ASISTENTE / AYUDANTE / AUXILIAR DE SERVICIOS TECNICO,ASISTENTE TECNICO Y ADMINISTRA,0.9301,80,14,570,30,2.0,2.0,False
ASISTENTE ADMINISTRATIVO DE PRESIDENCIA,AUXILIAR DE PRESIDENCIA,0.93,1,1,2,2,1.0,1.0,False
ASISTENTE FINANCIERA ADMINISTRATIVA,SUPERVISORA FINANCIERA ADMINISTRATIVA,0.93,47,1,98,2,1.0,,False
AUXILIAR DE GESTION DOCUMENTAL,ANALISTA DE GESTION DOCUMENTAL,0.93,7,4,33,7,1.0,2.0,True
AUXILIAR SERVICIOS COMPLEMENTARIOS,SUBGERENTE DE SERVICIOS COMPLEMENTARIOS,0.93,2,1,6,2,1.0,4.0,True
SUPERVISOR DE BODEGA / ACONDICIONAMIENTO,SUPERVISOR TECNICO DE BODEGA,0.93,1,1,2,2,3.0,3.0,False
OPERARIOS 1 DE MANTENIMIENTO PIFO,ASISTENTE DE MANTENIMIENTO PIFO,0.93,1,1,9,1,1.0,1.0,False
ADMINISTRADOR LOGIST. Y BODEGA,ADMINISTRADOR LOGISTICO,0.93,1,1,2,1,,,False
SUPERVISOR CONTROL DE CALIDAD,SUPERVISOR DE GESTION DE CALIDAD Y DESARROLLO,0.93,146,1,618,2,3.0,3.0,False
COORDINADOR DE SELECCION Y DESARROLLO,COORDINADORA DE SELECCION Y DESARR,0.93,7,1,11,1,3.0,,False
ASISTENTE LOGISTICA Y MANTENIMIENTO,ASISTENTE DE PRODUCCION Y LOGISTICA,0.93,3,1,20,2,1.0,1.0,False
ANALISTA DE TECNOLOGIA INFORMATICA,ANALISTA DE SISTEMAS INFORMATICOS,0.93,6,6,6,35,2.0,2.0,False
GERENTE-ADMINISTRADOR,ADMINISTRADOR / GERENCIAL,0.93,3,1,5,1,5.0,,False
ANALISTA CONTABILIDAD E IMPUESTOS,ANALISTA CONTABLE IMPUESTOS,0.93,6,1,9,1,2.0,2.0,False
JEFE DE PLANIFICACION Y PROYECTOS,JEFE DE PLANIFICACION Y ESTADISTICA,0.93,6,1,12,2,4.0,4.0,False
PAYROLL ASSISTANT,HR & PAYROLL ASSISTANT,0.93,1,1,1,5,,,False
COCINERO DE PERSONAL,COCINERO PERSONAL,0.93,2,1,7,5,,,False
GERENTE RELACIONES COMUNITARIAS,LIDER DE RELACIONES COMUNITARIAS,0.93,4,1,7,1,5.0,,False
OPERADOR DE EXCAVADORA- RETROEXCAVADORA,"1, OPERADOR DE RETRO EXCAVADORA",0.93,59,1,206,1,1.0,1.0,False
AYUDANTE DE BODEGA - ESTIBADOR ALMACENAMIENTO,AUXILIAR DE BODEGA-ESTIBADOR,0.93,2,1,199,3,1.0,1.0,False
ANALISTA DE CONTROL DE LA CALIDAD,ANALISTA DE CONTROL DE CALIDAD Y MEDIOAM,0.93,50,1,221,1,2.0,2.0,False
