n;comun;raro
1;LIDER DE CONTROL DE CALIDAD;GERENTE CONTROL CALIDAD
2;ASISTENTE COMUNICACION;ASISTENTE DE COMUNICACION Y EXPERIENCIA
3;JEFE DE DESARROLLO COMERCIAL;JEFE DE DESARROLLO COMERCIAL Y EXPERIENC
4;ANALISTA DE REVENUE MANAGEMENT;ANALISTA SR. REVENUE MANAGEMENT
5;EJECUTIVO DE IMPORTACIONES;ENCARGADO DE IMPORTACIONES
6;ASISTENTE DE REASEGUROS;SUPERVISOR DE REASEGUROS
7;GERENTE FINANCIERO Y CONTABILIDAD;COORDINADOR DE FINANZAS Y CONTABILIDAD
8;EXPERIENCE SENIOR 1;EXPERIENCE SENIOR 2
9;ASISTENTE ADMINISTRATIVO DE FLOTA;ASISTENTE DE SUPERVISOR DE FLOTA
10;ASESOR COMERCIAL CAPACITADOR;CAPACITADOR COMERCIAL
11;JEFE DE DISTRIBUCION NACIONAL;JEFE DE ZONA DISTRIBUIDORES
12;COORDINADOR DE LEGAL;COORDINADOR DEL DEPARTAMENTO LEGAL
13;INGENIERO DE CAMPO JUNIOR;INGENIERO DE CAMPO TRAINEE
14;ASISTENTE DE CONTABILIDAD (CON TITULO DE BACHILLER EN CONTAB;CONTADOR (CON TITUTLO DE BACHILLER EN CONTABILIDAD Y 2 ANOS DE EXPERIENCIA EN LABORES COMO ASISTENTE DE CONTABILIDAD)
15;AUXILIAR DE BODEGA DE MATERIA;AUXILIAR DE BODEGA DE MATERIAL DE EMPAQUE
16;ASISTENTE CONTABLE SR.;ASISTENTE/ANALISTA CONTABLE
17;ASISTENTE DE PRODUCCION DE BLOQUES;SUPERVISOR DE PRODUCCION DE BLOQUES
18;SUPPLY MANAGER;SUPPLY PLANNING MANAGER
19;ASISTENTE DE DESARROLLO E INNOVACION;ASESOR DE DESARROLLO E INNOVACION
20;AGENTE DE VENTA;AGENTE VENDEDOR
21;ASISTENTE AUXILIAR CONTABLE;ASISTENTE ADM CONTABLE
22;SUPERVISOR A FINES / SUPERVISOR DE BODEGA;SUPERVISOR DE BODEGA DISPENSACION
23;COORDINADOR DE CADENA DE SUMINISTRO;COORDINADOR DE CADENA DE SUMINISTROS Y PROYECTOS
24;GERENTE DE DESARROLLO HUMANO;GERENTE GESTION DESARROLLO HUMANO
25;ASISTENTE ADMINISTRATIVA BODEGA;AYUDANTE ADMINISTRATIVO DE BODEGA
26;ASISTENTE DE GESTION 1;ASISTENTE DE GERENCIA 1
27;SUBGERENTE DE CIBERSEGURIDAD & CLOUD;JEFE DE PREVENTA CIBERSEGURIDAD Y CLOUD
28;ASISTENTE DE DIRECCION TECNICA DE COMUNICACION Y CULTURA;AUXILIAR 1 DE DIRECCION TECNICA DE COMUNICACION Y CULTURA
29;JEFE (A) DE INFRAESTRUCTURA;JEFE DE ADMINISTRACION DE INFRAESTRUCTUR
30;JEFE CONTROL OPERACIONAL;JEFE DE OPERACIONES Y CONTROL INTERNO
31;SUPERVISOR DE TRANSITO;SUPERVISOR DE MOVILIDAD
32;SUPERVISOR DE EMPACADORA;SUPERVISOR DE EMPAQUE Y ENCAJADO
33;SUPERVISOR DE OPERACION;SUPERVISOR CONTROL OPERACIONAL
34;EJECUTIVO DE INDEMNIZACIONES MOTOR;EJECUTIVO DE INDEMNIZACIONES NON MOTOR
35;SUPERVISOR DE MINERIA Y SECTORES ESTRATE;SUPERVISOR DE OPERADORES MINEROS
36;ASISTENTE DE COMPRAS E INVENTARIOS;ASISTENTE DE COMPRAS- CASAS COMERCIALES
37;GERENTE DEL AREA LEGAL;JEFE DEL DEPARTAMENTO LEGAL
38;ESPECIALISTA DE INTELIGENCIA DE NEGOCIOS;ESPECIALISTA DE INTELIGENCIA COMERCIAL
39;JEFE CENTRO DE DISTRIBUCION Y LOGISTICA;COORDINADOR LOGISTICO CENTRO DE DISTRIBU
40;DIRECTOR DE INNOVACION ACADEMICA;JEFE DE INNOVACION ACADEMICA
41;ANALISTA OPERATIVO DE ATM´S;ASISTENTE OPERATIVO DE ATM´S
42;RESIDENTE DE OBRA;RESIDENTE DE OBRA - A
43;ANALISTA TECNICO DE CALIDAD;ANALISTA JUNIOR DE CALIDAD MATERIAS PRIMAS Y FABRICACION
44;ASISTENTE CONTABLE IMPUESTOS;ASISTENTE CONTABLE - IMPUESTOS CAHC
45;ASISTENTE DE SISTEMAS INFORMATICOS;ASISTENTE DE SOPORTE INFORMATICO
46;ANALISTA DE OPERACIONES CRV;SUPERVISOR DE OPERACIONES CRV
47;ASESOR DE CALL CENTER;ANALISTA DE CALL CENTER
48;JEFE DE SERVICIO AL CLIENTE Y CORPORATIVO;JEFE DE NEGOCIOS Y SERVICIOS
49;JEFE DE INFRAESTRUCTURA OPERACIONAL;JEFE DE INFRAESTRUCTURA Y SISTEMAS
50;FIELD SERVICE/SUPPORT ENGINEER;FIELD TECHNICAL SERVICE ENGENIEER
51;GERENTE DE CONTROL Y GESTION DE RIESGOS;GERENTE DE RIESGOS Y CUMPLIMIENTO
52;COMMUNITY MANAGER;COMMUNITY MANAGER 1
53;DESARROLLADOR DE APLICACIONES SR;DESARROLLADOR DE SOFTWARE SR
54;OPERADOR DE TRACTORES E IMPLEMENTOS AGRICOLAS;OPERADOR DE TRACTOR - EXCAVADORA
55;GERENTE DE URBANISMO;JEFE DE URBANISMO
56;JEFE DE ADMISIONES DE POSGRADO;JEFE DE ADMISIONES DE POSTGRADO PRESENCIAL
57;ASISTENTE OPERATIVO BACK OFFICE;JEFE DE OPERACIONES BACK OFFICE
58;TAPICERO A;TAPICERO B
59;COORDINADOR DE TECN. DE LA INFORMACION;COORDINADOR NACIONAL DE TECNOLOGIA DE LA INFORMACION Y COMUNICACION
60;AUXILIAR FINANCIERO Y CONTABLE;AUXILIAR O AYUDANTE DE CONTABILIDAD
61;ASISTENTE DE ANALISIS DE DATOS;AUXILIAR DE ANALITICA Y DATOS
62;LIDER SENIOR DE RECURSOS HUMANOS;GERENTE SENIOR DE RECURSOS HUMANOS
63;ASESOR TEC.COMERCIAL;ASESOR TECNICO COMERCIAL SR,
64;DIRECTOR DE REGISTRO ACADEMICO;SECRETARIO REGISTRO ACADEMICO
65;COORDINADOR DE SERVICIOS DE TI;COORDINADORA DE SERVICIOS GESTIONADOS Y SOPORTE TI
66;INGENIERO DE SISTEMAS SENIOR;INGENIERO DE INTEGRACIONES SENIOR
67;ASESOR DE GESTION DE REQUERIMIENTOS Y CONTROL;ESPECIALISTA GESTION DE REQUERIMIENTOS Y CONTROL
68;AGENTE DE SERVICIO AL PASAJERO;ASISTENTE DE PASAJEROS
69;AYUDANTE POLIFUNCIONAL DE MANTENIMIENTO;AYUDANTE B DE MANTENIMIENTO
70;GERENTE CORPORATIVA DE PROCESOS;COORDINADOR DE GESTION DE PROCESOS
71;JEFE DE MARKETING Y SERVICIO AL CLIENTE;JEFE DE PROYECTOS DE MARKETING
72;JEFE DE GUARDIA;JEFE DE GUARDIA/SUPERVISOR
73;SECRETARIA DE PRESIDENCIA;SECRETARIA DE PRESIDENCIA EJECUTIVA
74;GERENTE DE MARKETING Y TIENDAS;GERENTE DE MARKETING Y ASUNTOS CORPORATIVOS
75;COORDINADOR/A DE DESARROLLO IT;JEFE DE DESARROLLO IT
76;ASISTENTE DE COMPRAS Y ABASTEC;ASISTENTE DE COMPRAS Y PROCESOS
77;ANALISTA DE RIESGO CREDITICIO;ANALISTA DE RIESGO CREDITICIO SENIOR
78;ESPECIALISTA DE RECURSOS HUMANOS;ESPECIALISTA EN GESTION DE RECURSOS HUMANOS
79;OPERADOR DE MAQUINARIA;OPERADOR DE MAQUINARIA INDUSTRIAL
80;JEFE DE PLANEACION;JEFE DE PLANEACION DE LA
81;OPERADOR ACTIVADOR;OPERADOR DE ACTIVACIONES
82;ASISTENTE DE DESPACHO;ASISTENTE DE OPERACIONES DESPACHO
83;ESPECIALISTA DE CONTABILIDAD;ESPECIALISTA SENIOR DE CONTABILIDAD
84;EC_VENDEDOR PANADERIA;EC_VENDEDOR PANADERIA VACACIONISTA
85;JEFE DE DISENO Y PUBLICIDAD;JEFE DE PUBLICIDAD Y RESPONSABILIDAD SOCIAL
86;ASISTENTE / AYUDANTE BODEGA;ASISTENTE DE BODEGA Y FACTURACION
87;AUXILIAR EN GENERAL EN SERVICIOS DE VENTAS;AUXILIAR EN GENERAL DE SERVICIOS, VENTAS, DESPACHOS Y TRAMITES
88;ANALISTA CUENTAS CONTABLES;ANALISTA DE CUENTAS CORPORATIVAS
89;ASESORA JR.;ASESORA SR.
90;EJECUTIVO DE INVERSIONES;DIRECTOR DE INVERSIONES
91;JEFE DE GESTION DE PROYECTOS;JEFE DE ADMINISTRACION Y PROYECTOS
92;SUPERVISOR LOGISTICO Y BODEGA;SUBGERENTE DE OPERACIONES LOGISTICA
93;ASESOR COMERCIAL INSTITUCIONAL;ASISTENTE INSTITUCIONAL COMERCIAL
94;JEFE DE INFRAESTRUCTURA TI;INGENIERO INFRAESTRUCTURA TI
95;OPERADOR FORESTAL JR;OPERADOR FORESTAL SR
96;ASISTENTE DE ENTRENAMIENTO;AUXILIAR ADMINISTRATIVO EN ENTRENAMIENTO
97;ACCOUNTANT ASSISTANT;ACCOUNTING ASSISTANT MANAGER
98;JEFE DE PROGRAMACION;COORDINADOR DE PROGRAMACION
99;JEFE ADMINISTRATIVA COMERCIAL;GERENTE ADMINISTRATIVO COMERCIAL
100;ELECTROMECANICO;ELECTROTECNICO
101;LIQUIDADOR IQF;LIQUIDADOR DE IQF
102;JEFE DE OUTSOURCING;GERENTE DE OUTSOURCING
103;ANALISTA DE MARKETING JR;ASISTENTE DE MARKETING JR.
104;ASISTENTE DE COMERCIO Y LOGISTICA;ASISTENTE DE LOGISTICA Y COBRANZAS
105;JEFE DE OPERACIONES Y PRODUCCION;JEFE PRODUCCION Y EXCELENCIA OPERACIONAL
106;AUXILIAR DE FACTURACION;AUXILIAR DE CONTABILIDAD Y FACTURACION
107;ANALISTA BANCA CORPORATIVA3;ANALISTA BANCA CORPORATIVA5
108;ASISTENTE DE OPERACIONES 2;ASISTENTE OPERATIVO II
109;COORDINADOR DE BODEGA Y LOGISTICA;COORDINADOR DE BODEGA PT
110;JEFE DE COMPRAS Y ADQUISICIONES;JEFE DE COMPRAS GENERALES
111;SUPERVISOR DE ENSAMBLE;SUPERVISOR ENSAMBLE
112;COORDINADOR ANALITICA;COORDINADORA DE ANALISTAS
113;COORDINADOR DE PROYECTOS ESPECIALES;ASISTENTE DE PROYECTOS ESPECIALES
114;COORDINADOR DE RETENCION Y FIDELIZACION;JEFE DE RETENCION Y FIDELIZACION
115;ASISTENTE INSTALADOR DE SISTEMAS;ASISTENTE IT / ASISTENTE INSTALADOR DE SISTEMA
116;GERENTE COMERCIAL CUENTAS CLAVES;JEFE COMERCIAL CUENTAS CLAVES
117;GERENTE DE AUDITORIA;JEFE AUDITORIA ADMINISTRATIVA
118;ASISTENTE OPERATIVO Y ADM;ASISTENTE DTO. DE OPERACIONES
119;COORDINADOR BI;COORDINADOR DE BI
120;ASISTENTE SERVICIO AL CLIENTE Y OPERACIONES;ASISTENTE DE SERVICIO AL CLIENTE BA
121;ASISTENTE ADMINISTRATIVO DE FLOTA;ASISTENTE ADMINISTRATIVA - FLOTA PROPIA
122;ASISTENTE 2 DE COMPRAS INTERNACIONALES;ASISTENTE 1 DE COMPRAS INTERNACIONALES
123;TRABAJADOR ACUICOLA/ VARIOS;TRABAJADOR ACUICOLA - AYUDANTE ELECTRICO
124;INSTALADOR;INSTALADOR JR
125;ANALISTA DE CANALES DE ATENCION Y EXPERIENCIA AL SOCIO/CLIENTE;JEFE DE CANALES DE ATENCION Y EXPERIENCIA AL SOCIO/CLIENTE
126;SUPERVISOR BODEGA PRODUCTO TERMINADO;SUPERVISOR DE BODEGA DE A
127;COORDINADOR DE GESTION DE RIESGOS;JEFE DE GESTION DE RIESGOS Y PROTECCION
128;COORDINADOR DE CONTROL DE COSTOS;ASISTENTE DE CONTROL DE COSTOS
129;GERENTE DE CANAL;GERENTE DE CANAL MAYORISTA
130;BODEGUERO 3;BODEGUERO F3
131;JEFE DE ANALITICA;JEFE DE LABORATORIO - ANALISIS
132;COORDINADOR DE BRANDING Y COMUNICACION;COORDINADORA DE BRANDING Y CONTENIDO
133;UPS ASISTENTE DE VENTAS;UPS EJECUTIVO DE VENTAS
134;TRADE MARKETING SPECIALIST;TRADE MARKETING SPECIALIST TT
135;JEFE DE SUMINISTRO;JEFE DE SUMINISTROS Y ADQUISICIONES
136;ASISTENTE DE LOGISTICA DE LECHE CRUDA PQSA;JEFE DE LOGISTICA DE LECHE CRUDA PQSA
137;ANALISTA ADMINISTRATIVO LOGISTICO;ANALISTA DE OPERACIONES LOGISTICA
138;JEFE DE RELACIONES LABORALES;JEFE ADMINISTRATIVO RRHH Y CONTABILIDAD
139;COORDINADOR DE ALMACENAMIENTO Y SERVICIO;COORDINADOR DE RECEPCION Y ALMACENAMIENTO
140;GERENTE DE MARCA INSTITUT ESTHEDERM;JEFE DE MARCA INSTITUT ESTHEDERM
141;COORDINADOR DE TRANSPORTE;COORDINADOR DE TRANSPORTE Y DISTRIBUCION
142;COORDINADOR MANTENIMIENTO PREVENTIVO;TECNICO MANTENIMIENTO PREVENTIVO
143;ANALISTA COMERCIAL Y DE IMPORTACIONES;ANALISTA IMPORTACIONES Y EXPORTACIONES(SENIOR)
144;JEFE DE EXPANSION Y DESARROLLO;COORDINADOR(A) DE EXPANSION
145;PRODUCTOR AUDIOVISUALES;REALIZADOR Y PRODUCTOR AUDIOVISUAL
146;ANALISTA DE DESARROLLO TI;SUBGERENTE DE DESARROLLO TI
147;ASISTENTE BIENESTAR ESTUDIANTIL;ANALISTA DE BIENESTAR ESTUDIANTIL
148;EJECUTIVO COMERCIAL JR;EJECUTIVO DE GESTION COMERCIAL
149;COORDINADOR DE INTERNACIONALIZACION;DIRECTOR/A DE INTERNACIONALIZACION
150;GERENTE RRHH;GERENTE RR.HH
151;ANALISTA DE LOGISTICA Y TRANSPORTE;AYUDANTE DE LOGISTICA Y TRANSPORTE
152;GERENTE DE CONSULTORIA LEGAL;GERENTE SENIOR DE CONSULTORIA LEGAL
153;ASISTENTE DE VENTAS Y SERVICIO AL CLIENTE;ASISTENTE DE VENTAS Y RECEPCION
154;SUPERVISOR DE ABASTECIMIENTO;DIRECTOR DE ABASTECIMIENTO
155;SALES SUPERVISOR;SUPERVISOR SALES
156;COORDINADOR DE P.F. Y COMPLEMENTARIOS;SUBCOORDINADOR DE PF Y COMPLEMENTARIOS
157;COORDINADOR RENTABILIDAD COMERCIAL;JEFE RENTABILIDAD COMERCIAL
158;OPERARIO PLANTA PRODUCCION;OBRERO DE PRODUCCION PLANTA
159;GERENTE DE INSTALACION Y MANTENIMIENTO;GERENTE DE INSTALACION Y SERVICIO TECNICO
160;CHOFER CAMIONETAS LIVIANAS O MIXTAS HASTA 3.5 TONELADAS;CHOFER DE CAMIONETAS LIVIANAS HASTA 3,5 TONELADAS
161;ASISTENTE DE COMUNICACION Y RELACIONES PUBLICAS;ASISTENTE COMUNICACION Y MEDIOS DE PUBLICIDAD
162;EJECUTIVO DE EXPORTACIONES;DIRECTOR EXPORTACIONES
163;GERENTE ADMINISTARTIVO;ADM GERENTE ADMINISTRATIVO
164;JEFE DE AGENCIA ENCARGADO;DIRECTOR DE AGENCIA
165;COORDINADO ADMINISTRATIVA;COORDINADORA ADMINISTRATIVA (CP)
166;TECNICO DE LABORATORIO;TECNICO SUPERVISOR/A DE LABORATORIO
167;JEFE DE AREA DE MANTENIMIENTO;COORDINADOR AREA MANTENIMIENTO
168;ANALISTA DE NEGOCIO;ANALISTA DE SOPORTE DE NEGOCIOS
169;AUXILIAR ADMINISTRATIVA FINANCIERA;ANALISTA AUXILIAR FINANCIERA
170;DIGITADOR;DIGITADOR - B
171;JEFE DE TRANSPORTE;JEFE DE GESTION Y TRANSPORTE
172;ASISTENTE ADMINISTRATIVA Y VENTAS;ASISTENTE DE VENTAS Y RECEPCION
173;SUPERVISOR DE BODEGA Y LOGISTICA;SUPERVISOR DE LOGISTICA B
174;ANALISTA DE NOC Y NETDEVOPS;COORDINADOR DE NOC Y NETDEVOPS
175;ASISTENTE ADMINISTRATIVA Y TALENTO HUMANO;ASISTENTE ADMINISTRACION DE TALENTO HUMANO
176;DIRECTORA PRE-ESCOLAR;DIRECTORA DE PRE ESCOLAR
177;ADMINISTRADOR PROYECTOS;COORDINADORA ADMINISTRATIVA Y PROYECTOS
178;SENIOR DE SERVICIOS FORENSES;GERENTE SENIOR DE SERVICIOS FORENSES
179;OPERADOR DE PRODUCCION (MAQUINA);OPERADOR EXPERT DE PRODUCCION
180;GERENTE DE INFRAESTRUCTURA TECNOLOGICA;JEFE DE GESTION DE INFRAESTRUCTURA Y NETWORKING
181;COORDINADOR DEL CENTRO DE ARBITRAJE Y MEDIACION;DIRECTOR CENTRO DE ARBITRAJE Y MEDIACION
182;ANALISTA DE ADMINISTRACION DE RIESGOS;GERENTE ADMINISTRACION DE RIESGO
183;INGENIERO DE SOFTWARE L3;INGENIERO DE SOFTWARE L3.1
184;GERENTE DE ZONA;GERENTE ZONAL ZONA 1
185;ANALISTA DE DESARROLLO TI;ANALISTA SR DESARROLLO TI
186;ANALISTA DE CALIDAD QA;ANALISTA TECNICO DE CALIDAD
187;OFICIAL DE CAMPO;OFICIAL GENERALISTA DE CAMPO
188;COORDINADOR DE ESTRATEGIA DE NEGOCIO;JEFE DE ESTRATEGIA COMERCIAL
189;GESTOR DE MESA DE AYUDA;COORIDNADOR DE MESA DE AYUDA
190;JEFE DE LOGISTICA Y COSTOS;JEFE DE CONTABILIDAD LOGISTICA
191;SUB/GERENTE PRODUCCION;SUPERV.TECNICO DE PRODUCCION
192;ASISTENTE DE GERENCIA DE VENTAS;ASISTENTE DE GERENCIA POS VENTA
193;JEFE DE INFRAESTRUCTURA TI;GERENTE DE INFRAESTRUCTURA TI
194;JEFE DE TURNO DE PLANTA;SUPERVISOR DE PLANTA SEGUNDO TURNO
195;ASISTENTE ADMINISTRATIVO OPERACION;ASISTENTE ADM. Y OPERACIONAL
196;ASIST. DE COMPRAS;ASISTENTE - COMPRAS
197;GERENTE CORPORATIVO DE FINANZAS;DIRECTOR DE FINANZAS
198;JEFE DE NACIONAL TALENTO HUMANO;COORDINADOR NACIONAL DE TALENTO HUMANO
199;ASISTENTE DE SALUD, SEGURIDAD;ASISTENTE DE SEGURIDAD, SALUD 1
200;COORDINADOR DE DISTRIBUCION JR.;COORDINADOR DE PLANEAMIENTO DE DISTRIBUC
201;COORDINADOR DE TESORERIA;COORDINADOR FINANCIERO Y TESORERIA
202;3ER OFICIAL DE CUBIERTA;PRIMER OFICIAL DE CUBIERTA
203;SUPERVISOR BODEGA Y DESPACHO;SUPERVISOR DE BODEGA / ACONDICIONAMIENTO
204;TECNICO DE SOPORTE;TECNICO DE SOPORTE Y TECNOLOGIAS
205;VIGILANTE DE SEGURIDAD;VIGILANTE DE SEGURIDAD INTERNA
206;GERENTE DE COMUNICACION CORPORATIVA;GERENTE DE COMUNICACION Y RELACIONES GUBERNAMENTALES
207;TECNICO ELECTRICO 1;1.TECNICOELECTRICO
208;AUXILIAR DE MERCHANDISING;AUXILIAR DE MERCADEO Y VENTAS
209;ASISTENTE COORDINADOR LOGISTCA;COORDINADOR ASISTENTE LOGISTICA
210;GERENTE COMERCIAL GYE;EJECUTIVO COMERCIAL GYE
211;COORDINADOR DE TRABAJOS EN CAMPO;COORDINADOR SENIOR DE TRABAJO DE CAMPO
212;ASESOR TECNICO COMERCIAL SIERRA;REPRESENTANTE TECNICO COMERCIAL SIERRA
213;EJECUTIVO DE VENTAS;EJECUTIVO DE VENTAS CM
214;ASISTENTE DE SOPORTE A USUARIOS;ASESOR DE SOPORTE TECNICO
215;ASISTENTE ADMINISTRADOR;ASISTENTE ADMINISTRATIVO JUNIOR
216;OPERADOR MAQUINARIA;OPERADOR MAQUINARIA MOVIL SR
217;SUPERINTENDENTE DE OPERACIONES;SUPERINTENDENTE DE OPERACIONES W/O
218;JEFE DE VENTAS SIERRA;REPRESENTANTE DE VENTAS INSTITUCIONAL SIERRA
219;ASISTENTE DE LOGISTIC;COORDINADOR DE ALMACEN Y LOGISTICA
220;ANALISTA DE CONTROL DE EFECTIVO;ANALISTA DE EFECTIVO
221;JEFE DE ASESORIA LEGAL;ASISTENTE JEFE LEGAL
222;JEFE CUENTA CLAVE;JEFE CUENTAS CLAVES
223;EJECUTIVO OPERACIONES CANAL AUTOMOTRIZ;EJECUTIVO DE SERVICIOS CANAL AUTOMOTRIZ
224;ENTREGADOR DE AUTOVENTA;VENDEDOR ENTREGADOR AUTOVENTA
225;ASISTENTE DE CAPTACIONES Y COMERCIALIZACION DE CANALES ELECTRONICOS;JEFE DE CAPTACIONES Y COMERCIALIZACION DE CANALES ELECTRONICOS
226;COORDINADOR DE MANUFACTURA;COORDINADOR DE FABRICA
227;SUPERVISOR DE MERCADERISMO;SUPERVISOR DE MERCADERISTAS DIRECTOS
228;JEFE SEGURIDAD OCUPACIONAL;JEFE DE SEGURIDAD Y SALUD EN EL TRABAJO
229;JEFA ADMINISTRATIVA FINANCIERA;SUPERVISORA FINANCIERA ADMINISTRATIVA
230;COORDINADOR (A) DE PROCESOS;COORDINADOR DE PROCESOS Y PROCEDIMIENTOS
231;SUPERVISOR DE PUNTO DE VENTA;SUPERVISOR DE PUNTO DE VENTA JR
232;ASISTENTE GESTION 1;ASISTENTE GESTION 11
233;OPERADOR DE TECNOLOGIA;OPERADOR DE TECNOLOGIA - PROGRAMADOR
234;JEFE DE PINTORES;JEFE DE PINTURA
235;JEFE DE PRODUCCION Y PROYECTOS;JEFE DE COMPRAS Y PRODUCCION
236;ANALISTA DE LIQUIDACION;ANALISTA DE COMPENSACION Y LIQUIDACION
237;CONSERJE - PORTERO;CONSERJE / PORTERO CP
238;ANALISTA ACADEMICO;ANALISTA DE
239;ASISTENTE DE RESPONSABILIDAD SOCIAL;AUXILIAR DE RESPONSABILIDAD SOCIAL
240;ANALISTA DE MARKETING CREATIVO;ANALISTA DE MARKETING E IMAGEN CORPORATIVA
241;ANALISTA DE COMUNICACION Y DISENO;ANALISTA DE COMUNICACIONES JR
242;JEFA DE RECURSOS HUMANO;OFICINISTA DE RECURSOS HUMANOS
243;TECNICO DE SEGURIDAD INDUSTRIAL;INGENIERO DE SEGURIDAD INDUSTRIAL
244;ACCOUNTANT MANAGER;MANAGER, ACCOUNT MANAGEMENT
245;GERENTE DE VENTAS QUITO;GERENTE COMERCIAL QUITO
246;COORDINADOR ADMINISTRATIVO PLANTA;ADMINISTRADOR PLANTA
247;CLASIFICADOR;CLASIFICADORES
248;JEFE DE LEGAL;JEFE DEL AREA LEGAL
249;ASISTENTE DE BIENESTAR SOCIAL;GESTOR DE BIENESTAR SOCIAL
250;JEFE DE SEGURIDAD OPERACIONAL;JEFE DE SEGURIDADES INTEGRALES
251;OBRERO DE PLANTA-TRITURADOR;OBRERO DE PRODUCCION PLANTA
252;GERENTE DE VENTAS MASIVO;JEFE DE VENTAS MASIVAS
253;ASISTENTE DE SISTEMAS CAHC;COORDINADOR DE SISTEMAS - EQUIPOS CAHC
254;ANALISTA DE EXPORTACION E IMPORTACION;ANALISTA DE IMPORTAC
255;MONITOREO DE ALIMENTADORES;MONITOREO DE ALIMENTDORES AUTOMATICOS
256;AUXILIAR DE BODEGA;AUXILIAR DE BODEGA (EMPAQUE)
257;ANALISTA DE EXPORTACIONES;ANALISTA DE EXPORTACION E IMPORTACION
258;OPERARIOS 1 DE EMPAQUE PIFO;OPERARIOS PESAJE 1 PIFO
259;SC CAP ASST SUPERVISOR;SC CAP SUPERVISOR
260;AYUDANTE DE MECANICO DE EQUIPOS INDUSTRIALES;AYUDANTE DE ELECTRICISTA, MECANICO DE EQUIPOS ESPECIALIZADOS PROPIOS DE LA INDUSTRIA
261;ASISTENTE DE LAVANDERIA;ASISTENTE LAVANDERIA
262;JEFE DE COMPRAS Y LOGISTICA;JEFE DE SUMINISTROS Y LOGISTICA
263;ASISTENTE DE PROCURADORIA;ASISTENTE PROCURADURIA SINDICA
264;GESTOR DE COBRANZAS;GESTOR DE COBRANZAS 1
265;DOCENTE DE BUSINESS;PROFESOR DE BUSINESS
266;ANALISTA DE AUTOMATIZACION EN MARKETING;COORDINADOR DE AUTOMATIZACION DE MARKETING
267;RESPONSABLE DE COMPLIANCE;RESPONSABLE DE CUMPLIMIENTO
268;ESPECIALISTA EN IMAGENES Y RADIOLOGIA;MEDICO ESPECIALISTA EN RADIOLOGIA
269;JEFE DE COMUNICACION ORGANIZACIONAL;RESPONSABLE DE COMUNICACION Y RELACIONES INSTITUCIONALES
270;JEFE COMERCIAL DE IMPORTACIONES;GERENTE DE OPERACIONES IMPORT
271;ASISTENTE BODEGA MATERIA PRIMA;COORDINADOR DE BODEGA DE MATERIA PRIMA
272;ANALISTA DE PLANIF Y CONTROL DE PROYECTO;ANALISTA DE PLANIFICACION Y PROCESOS
273;ASISTENTE JR. LOCAL IMPUESTOS Y CONTAB.;COORDINADOR JR. LOCAL DE IMPUESTOS
274;EJECUTIVO COMERCIAL VAM;JEFE COMERCIAL VAM
275;COORDINADOR (A) DE NOMINA;COORDINADOR SENIOR DE NOMINA
276;JEFE DE AREA DE PRODUCCION;COORDINADOR DEL AREA DE PRODUCCION
277;GERENTE DE OPERACIONES Y TECNOLOGIA;GERENTE DE OPERACIONES Y PRODUCTIVIDAD
278;JEFE DE REDES Y COMUNICACIONES;JEFE DE SISTEMAS Y COMUNICACIONES
279;ASISTENTE A DE AUDITORIA;ASISTENTE DE CONTROL Y AUDITORIA
280;ANALISTA OPERATIVO PAGO AGIL;ANALISTA PAGO AGIL
281;PREPARADOR ARQUEROS;PREPARADOR/A ARQUEROS
282;JEFE DE COBRANZAS;JEFE CORPORATIVO DE COBRANZAS
283;JEFE DE DESARROLLO ORGANIZACIONAL Y CAPACITACION;JEFE DE CAPACITACION Y DESARROLLO
284;ANALISTA DE PLANIFICACION;COORDINADOR PLANIFICACION
285;ASISTENTE DE OPERACIONES MATRIZ;ASISTENTE OPERATIVO (MATRIZ)
286;SUPERVISOR DE TESORERIA;SUBGERENTE DE TESORERIA
287;COORDINADOR DE MANTENIMIENTO MECANICO;OPERARIO DE MANTENIMIENTO MECANICO
288;ASISTENTE A DE CONTABILIDAD;ASISTENTE JUNIOR CONTABILIDAD
289;RADIO OPERADOR;OPERADOR DE RADIO
290;GERENTE DE PLANTA;ASISTENTE DE GERENCIA DE PLANTA
291;ANALISTA SENIOR COMERCIAL FINANCIERO;ANALISTA SENIOR DE OPERACIONES COMERCIAL
292;OPERADOR DE EQUIPO PESADO;AYUDANTE DE OPERADOR DE EQUIPO PESADO
293;ANALISTA SENIOR CONTROL DE LA PRODUCCION;ANALISTA SENIOR PRODUCCION
294;ANALISTA DE RECAUDO;ANALISTA DE RECPCION
295;COORDINADOR DE MONITOREO;COORDINADOR DE SUITE DE MONITOREO
296;COORDINADOR DE VENTAS NACIONAL;DIRECTOR NACIONAL DE VENTAS
297;AUXILIAR ADMINISTRATIVO LOGISTICO;LIDER ADMINISTRATIVO Y LOGISTICO
298;AYUDANTE OPERADOR 1 CENTRAL ELECTRICA;OPERADOR 1 CENTRAL ELECTRICA
299;AUXILIAR TECNICO DE MANTENIMIENTO AERONAUTICO;AUXILIAR DE MANTENIMIENTO AERONAUTICO
300;SUPERVISOR ELECTRICO;SUPERVISOR ELECTRICO Y CONTROL
301;GROUP NUTRITIONIST – SHRIMP;NUTRITIONIST - SHRIMP
302;COORDINADORA NUEVOS PROYECTOS;COORDINADORA ADMINISTRATIVA Y PROYECTOS
303;GERENTE AGRICOLA COSTA N;GERENTE AGRICOLA COSTA SU
304;JEFE DE VENTAS EXTERNAS;JEFE DE VENTAS INTERNACIONALES
305;OPERADOR DE PLANTA;TECNICO DE OPERACIONES DE PLANTA
306;COORDINADOR DE COMUNICACION Y TRADE MARK;COORDINADORA DE COMUNICACION Y MARCA
307;TECNICO DE CALIDAD;TECNICO CONTROL DE CALIDAD
308;JEFE DE PLANIFICACION FINANCIERA Y ANALISIS;ANALISTA DE PLANEAMIENTO Y CONTROL FINANCIERO
309;ANALISTA DE LOGISTICA Y TRANSPORTE;ANALISTA DE LOGISTICA INTERNACIONAL
310;JEFE DE SEGURIDAD Y MEDIO AMBIENTE;JEFE DE SEGURIDAD EN EL TRABAJO Y AMBIENTE
311;GERENTE DE GESTION DE PROYECTOS;GERENTE DE INGENIERIA Y PROYECTOS
312;ANALISTA DE CALIDAD Y LABORATORIO;LABORATORISTA DE CONTROL DE CALIDAD
313;JEFE ADMINSTRATIVO FINANCIERO;JEFE CONTABLE - FINANCIERO
314;PROFESOR TITULAR DE EDUCACION FISISCA Y ASISTENTE DE LABOR SOCIAL;PROFESOR TITULAR Y ASISTENTE DE LABOR SOCIAL
315;COORDINADOR DE PRICING Y CUSTOMER SERVICES;JEFE DE PRICING Y CONDICIONES COMERCIALE
316;ANALISTA DE ESTRATEGIA CORPORATIVA;ANALISTA DE ESTRATEGIA E INNOVACION
317;AUXILIAR DE MANTENIMIENTO ELECTRICO;AUXILIAR SERVICIO DE MANTENIMI
318;JEFE DE DATA Y GOBIERNO DE LA INFORMACIO;JEFE DE GOBIERNO DE LA DATA
319;COORDINADOR DE CREDITOS Y COBRANZAS;COORDINADOR DE CREDITO Y COBRO
320;ASISTENTE DE FINANCIERO;ASISTENTE COMERCIAL FINANCIERA
321;SUPERVISOR DE MECANICOS;SUPERVISOR GENERAL DE MECANICOS
322;JEFE DE VENTAS CORPORATIVO;JEFE VENTAS (DIRECTORES DE VENTAS, COMERCIALIZACION Y DESARROLLO)
323;GESTOR DE DE DOCUMENTACION;GESTOR DE DOCUMENTOS
324;ASISTENTE DE IMPORT;ASISTENTE DE OPERACIONES IMPORT SR.
325;JEFE DE BODEGA Y LABORATORIO;JEFE DE PRODUCCION Y LABORATORIO
326;COORDINADOR DE SEGUROS;COORDINADOR DE ASISTENCIAS Y SEGUROS
327;ADM. AUXILIAR DE SERVICIOS GENERALES;AUXILIAR DE SERVICIOS EN GENERAL (GESTACION)
328;AGENTE DE CALL CENTER;AUXILIAR DE CALL CENTER
329;MECANICO DE PLANTA;LIDER MECANICO DE PLANTA
330;ASISTENTE ADMININISTRATIVO;ASESORA ADMINISTRATIVA
331;COORDINADOR COMERCIAL Y TRADE MARKETING;COORDINADOR DE MARKETING Y CONDUCTA DEL MERCADO
332;ANALISTA FINANCIERA SENIOR;ANALISTA FINANCIERO JUNIOR
333;ASISTENTE DE OPERACIONES EXPORT JR.;ASISTENTE DE SERVICIO AL CLIENTE EXPORTACION JUNIOR
334;SUPERVISOR DE CARGA;SUPERVISOR DE CARGA AEROPORTUA
335;ASISTENTE INGENIERIA Y MANTENIMIENTO;ASISTENTE TECNICO INGENIERIA Y MANTENIMIENTO
336;AUXILIAR CALIDAD;AUXILIAR DE CALIDAD MATERIALES
337;SOCIAL MEDIA MANAGER;COMMUNITY MANAGER/SOCIAL MEDIA
338;COORDINADOR FINANCIERO CORPORATIVO;COORDINADOR CONTROL FINANCIERO
339;SERVICIO ATENCION AL CLIENTE;OFICIAL SERVICIOS CENTRO ATENCION CLIENTES
340;BARMAN (JEFE);JEFE DE BARMAN
341;ASISTENTE DE ESCRITORIO DE FRUTA;COORDINADOR DE ESCRITORIO DE FRUTA
342;JEFE DE PLANTA DE PROCESOS;OPERADOR DE PLANTA DE PROCESOS
343;JEFE DEPARTAMENTO TECNICO;SUPERVISOR DEL DEPARTAMENTO TECNICO
344;ANALISTA DE METROLOGIA;COORDINADOR DE METROLOGIA
345;ANALISTA CORPORATIVO DE PLANIFICACION FINANCIERA;ANALISTA DE PLANEACION FINANCIERA JUNIOR
346;DOCENTE CON TITULO DE INSTITUTO PEDAGOGICO;DOCENTE INST. PEDAGOGICO
347;ASISTENTE TECNICO DE ATENCION AL CLIENTE;ASISTENTE TECNICO DE ATENCION AL CLIENTE ZONAL
348;JEFE CORPORATIVO CIBERSEGURIDAD;GERENTE DE CIBERSEGURIDAD
349;ASISTENTE DE SEGURIDAD FISICA;ASISTENTE I DE SEGURIDAD FISICA
350;JEFE DE RELACIONES PUBLICAS;EJECUTIVO DE RELACIONES PUBLICAS
351;GERENTE REGIONAL DE MARKETING;JEFE REGIONAL DE MARKETING
352;OPERADOR MAQUINARIA AGRICOLA;OPERADOR TRACTOR AGRICOLA
353;JEFE DE FINANZAS Y CONTROL;JEFE DE OPERACIONES Y FINANZAS
354;EJECUTIVO DE SEGUROS CORPORATIVOS PERSONAS;EJECUTIVO DE SEGUROS DE PERSONAS
355;COORDINADOR DE TECNOLOGIA;COORDINADOR DE SISTEMAS Y TECNOLOGIAS
356;JEFE DE MEDIOS DE PAGO;GERENTE DE MEDIOS DE PAGO
357;SUPERVISOR DE OPERACIONES AGRICOLAS;JEFE DE OPERACIONES AGRICOLAS
358;COORDINADOR DE BODEGA (LOGISTICA);ASISTENTE DE BODEGA Y LOGISTICA
359;INSP. MANT. REDES AGUA POTABLE;INSPECTOR MANTENIMIENTO REDES AGUA POT
360;ASISTENTE ADM CONTABLE;ASISTENTE CONTABLE A
361;COORDINADOR DE MEDIOS DIGITALES Y CONTENIDOS;JEFE DE CONTENIDO DIGITAL
362;INGENIERO PREVENTA;INGENIERO PREVENTA JR
363;GUARDIA DE SEGURIDAD;GUARDIA DE SEGURIDAD Y CONTROL
364;JEFE CONTROL CALIDAD;JEFE DE ASEG. DE LA CALIDAD
365;AUXILIAR ADMINISTRATIVO LOGISTICO;AUXILIAR DE DOCUMENTACION LOGISTICA
366;GERENTE PRODUCCION;GESTOR DE PRODUCCION
367;JEFE DE COBRANZAS REGIONAL;SUPERVISOR DE COBRANZAS REGIONAL
368;AUXILIAR DE EMPACADORA;EMPACADOR/ASISTENTE
369;LIDER DE SERVICIO;LIDER OPERATIVO DE SERVICIO
370;BIOQUIMICO FARMACEUTICO 6HD;BIOQUIMICO FARMACEUTICO 8HD
371;ASISTENTE EJECUTIVO SENIOR (ASIST 1) CSO;EJECUTIVO ASISTENTE (OFC 1) CSO
372;ASESOR TECNICO COMERCIAL DE POST VENTA;COORDINADOR TECNICO DE POST VENTA
373;COORDINADOR DE TRANSPORTE;COORDINADOR SENIOR DE TRANSPORTE
374;ASISTENTE COMERCIAL Y MARKETING;ASISTENTE TECNICO DE COMERCIALIZACION
375;JEFE DE SEGURIDAD SALUD Y AMBIENTE;JEFE / TECNICO DE SEGURIDAD, SALUD OCUPACIONAL Y AMBIENTE
376;COORDINADOR DE FORMACION Y DESARROLLO;COORDINADORA DE DESARROLLO FORMATIVO
377;ASISTENTE FRONT Y SERVICIO AL CLIENTE;ASISTENTE INTEGRAL DE SERVICIO AL CLIENTE
378;ASISTENTE DE OPERACIONES EXPORT JR.;ASISTENTE DE OPERACIONES IMPORT SR.
379;ANALISTA DE PRECIOS;ANALISTA DE PRECIOS Y TESORERIA
380;ASISTENTE DE CUENTAS CORRIENTES;COORDINADOR DE CUENTAS CORRIENTES
381;GERENTE COMERCIAL & OPERACIONES;GERENTE COMERCIAL Y PROYECTOS
382;ANALISTA DE OPERACIONES LOGISTICA;SUBGERENTE DE OPERACIONES LOGISTICA
383;AUXILIAR DE LIMPIEZA - SERVICIOS GENERALES;AUXILIAR DE SERVICIO Y LIMPIEZA
384;ASISTENTE DE SUMINISTRO;AYUDANTE DE SUMINISTROS
385;ASISTENTE ADMINISTRATIVO ARCHIVO;ASISTENTE DE ARCHIVO GENERAL
386;GERENTE DE FINANCIERO;GERENTE CORPORATIVO FINANCIERO
387;ASISTENTE VENTA;ASISTENTE VENDEDOR
388;ASISTENTE ADMINISTRATIVO FINANZAS;AUXILIAR ADMINISTRACION Y FINANZAS
389;ESPECIALISTA DE FACTURACION;ESPECIALISTA ANALISIS DE FACTURACION
390;COORDINADOR DE MANTENIMIENTO CORRECTIVO;COORDINADOR DE MANTENIMIENTO JR
391;ASISTENTE DE TALENTO HUMANO;ASESORA DE TALENTO HUMANO
392;AUXILIAR DE PRODUCCION Y BODEGA;AUXILIAR DE BODEGA Y DISTRIBUCION
393;GERENTE ABASTECIMIENTO Y OPERACIONES;JEFE DE OPERACIONES Y ABASTECIMIENTO
394;COORDINADORA DE RECURSOS HUMANOS Y ADMINISTRATICO;COORDINADORA DE TALENTO HUMANO Y PROCESOS
395;ASISTENTE TECNICO DE PRODUCCION;ASISTENTE DE PRODUCCION Y TECNOLOGIA
396;ASISTENTE RRHH;ASISTENTE RRHH/NOMINA
397;ANALISTA DE COMPRAS M.P. 采购助理;ASISTENTE DE COMPRAS M.P. 采购助理
398;ASESOR COMERCIAL SERVICIO TECNICO;ASESOR TECNICO COMERCIAL INDUSTRIAL
399;ASESOR REPUESTOS INDUSTRIAL;AUXILIAR REPUESTOS INDUSTRIALES
400;PROFESOR DE PREESCOLAR;PROFESOR PREESCOLAR ESPANOL
401;ARQUITECTO DE SOLUCIONES;GERENTE DE SOLUCIONES Y ARQUITECTURA
402;AUXILIAR DE TALLERES;AUXILIAR TALLERES
403;ANALISTA DE COMPRAS SENIOR;JEFE DE COMPRAS SENIOR
404;JEFE DE SEGURIDAD INTEGRAL;JEFE DE SEGURIDADES INTEGRALES
405;ANALISTA DE LOGISTICA Y DESPACHO;ANALISTA LOGISTICA DE DESPACHOS
406;COORDINADOR MANTENIMIENTO DE ZONA FRIA Y PALETIZADO;COORDINADOR MANTENIMIENTO ZONA FRIA
407;ESPECIALISTA DE CONTABILIDAD;ESPECIALISTA DE CONTABILIDAD Y TESORERIA
408;ANALISTA CONTABLE Y TRIBUTARIO;ANALISTA CONTABLE Y FINANCIERO
409;ANALISTA DE AUDITORIA;AUXILIAR DE AUDITORIA
410;GERENTE DE VENTAS;ASESOR DE VENTAS / GERENTE GENERAL
411;CONSERJE - MENSAJERO;CONSERJE / MENSAJERA
412;AUXILIAR DE TALLER;ASISTENTE DE TALLER
413;OPERADOR DE ENCOLADO;OPERADOR DE ENCOLADORAS
414;ASIST DE OPERACIONES;ASIST OPERACIONES
415;JEFE DE MANTENIMIENTO INFORMATICO;JEFE DE MANTENIMIENTO Y SOFTWARE
416;ASISTENTE JUNIOR DE COMUNICACION;COORDINADOR JUNIOR DE COMUNICACION
417;AUXILIAR DE METALMECANICA;AUXILIAR / AYUDANTE DEL SECTOR DE METALMECANICA SIN EXPERIENCIA
418;GERENTE DE OPERACIONES;GERENTE DE NEGOCIOS Y OPERACIONES
419;AUDITOR DE SISTEMAS SENIOR;JEFE AUDITOR DE SISTEMAS
420;COORDINADOR DE PRODUCCION - A;JEFE DE PRODUCCION - A
421;RESPONSABLE ADMINISTRATIVA Y DE IMPORTACIONES;RESPONSABLE DE IMPORTACIONES
422;COORDINADOR DE INFRAESTRUCTURA Y SEGURIDAD;COORDINADOR INFRAESTRUCTURA Y CYBERSEGURIDAD
423;GERENTE DE ADMINIST. Y FINANZA;GERENTE I DE FINANZAS
424;SUPERVISOR DISTRIBUCION;SUPERVISOR DE REPARTO
425;DIS. FISICA 35% AUX. SERVICIO AL;DIS. FISICA 34% AUX. SERVICIOS G
426;OPERADOR DEL SILO DE HIELO;OPERARIO SILO HIELO
427;GERENTE DE ZONA;GERENTE ZONAL
428;SUBGERENTE ADMINISTRATIVA FINANCIERA;SUBGERENTE ADM-FINANCIERO
429;EJECUTIVO COMERCIAL CORPORATIVO;EJECUTIVA DE VENTAS CORPORATIVO
430;OPERADOR DE MAQ. (AYUDANTE MECANICA);OPERADOR DE MAQ. (AYUDANTE LAMINADO)
431;COORDINADOR SENIOR PRODUCCION;JEFE DE PRODUCCION SENIOR
432;ADMINISTRADOR DE CONTRATOS;ADMINISTRADORA DE CONTRATOS JUNIOR
433;ASISTENTE DE ORGANIZACION Y METODOS;COORDINADOR DE ORGANIZACION & METODOS
434;COORDINADOR DE FLUIDOS DE CONTROL Y ESTIMULACION;LIDER DE FLUIDOS DE CONTROL Y ESTIMULACION
435;SUPERVISOR DE INFRAESTRUCTURA Y MEDIO AMBIENTE;SUPERVISOR DE INFRAESTRUCTURA Y REDES
436;AUXILIAR BODEGA;AUXILIAR ENSAMBLE BODEGA
437;RESPONSABLE DE SERVICIOS GENERALES;ENCARGADO SERVICIOS GENERALES
438;GERENTE CORPORATIVO FINANCIERO;*GERENTE FINANCIERO
439;CONTROLADOR DE LAVADO DE MANOS EN SANITIZACION;CONTROLADOR DE SANITIZACION
440;GERENTE CORPORATIVO DE FINANZAS;GERENTE DE FINANZAS Y CONTABILIDAD
441;ASISTENTE 2 ADMINISTRATIVO;JEFE ADMINISTRATIVA NIVEL 2
442;GERENTE CORPORATIVO DE PLANEAMIENTO;GERENTE PLANEACION COMERCIAL Y OPERATIVA
443;AUXILIAR I DE BODEGA;ASISTENTE DE BODEGA JR
444;JEFE DE DESARROLLO Y SISTEMAS;COORDINADOR DE SISTEMAS, DESARROLLO Y TECNOLOGIA
445;ASISTENTE TRIBUTARIO;AUXILIAR TRIBUTARIO
446;COORDINADOR EXPERIENCIA AL CLIENTE;JEFE DE CUSTOMER EXPERIENCE
447;ANALISTA DE TRANSPORTE;ANALISTA DE TRANSPORTE SR.
448;EJECUTIVA DE SERVICIO INTEGRAL;EJECUTIVO DE SERVICIOS INTEGRALES
449;ASISTENTE BIOLOGO;AYUDANTE DE BIOLOGO
450;AUXILIAR DE SEGURIDAD INDUSTRIAL Y SALUD OCUPACIONAL;AUXILIAR I GESTION DE SEGURIDAD Y SALUD OCUPACIONAL
451;JEFA DE COMPRAS/IMPORTACIONES;JEFA DE COMPRAS Y BODEGA
452;OPERADOR DE CCTV;OPERADOR DE CONSOLA CCTV
453;CAMPAMENTERO;CAMPAMENTERO 1
454;COORDINADOR EXPERIENCIA AL CLIENTE;COORDINADOR DE EXPERIENCIA DEL CLIENTE CORPORATIVO
455;ANALISTA DE VENTAS;ANALISTA DE VENTAS Y TRADE
456;JEFE DE NEGOCIOS ESTRATEGICOS;LIDER NEGOCIOS Y ESTRATEGIA CORPORATIVA
457;EJECUTIVO SENIOR TALENTO HUMANO;GERENTE SENIOR DE TALENTO HUMANO
458;COORDINADOR P2;COORDINADOR T2
459;GERENTE DE RIESGOS INTEGRALES;EXPERTO EN RIESGOS INTEGRALES
460;ASISTENTE DE GESTION DE LA FACULTAD DE INGENIERIAS Y CIENCIAS APLICADAS;COORDINADOR DE GESTION DE LA FACULTAD DE INGENIERIAS Y CIENCIAS APLICADAS
461;ANALISTA DE REDES Y COMUNICACCIONES;ANALISTA DE COMUNICACIONES, REDES Y SOPORTE
462;TECNICO DE REPARACION DE REFRIGERADOS;TECNICO ESPECIALISTA EN REFRIGERACION
463;COORDINADOR TH;COORDINADORA T.H
464;ASISTENTE ADMINISTRATIVA & RECEPCIONISTA;ADMINISTRATIVO-ASISTENTE ADMINISTRATIVO
465;ASISTENTE DE CAMPO;ASESOR TECNICO DE CAMPO
466;COORDINADOR DE PROGRAMAS;ASISTENTE DE PROGRAMAS
467;ANALISTA DE PLANEAMIENTO Y CONTROL FINANCIERO;ANALISTA CORPORATIVO DE PLANIFICACION FINANCIERA
468;OPERADOR DE CALL CENTER;OPERADOR DE CONTACT CENTER
469;ANALISTA DE INTELIGENCIA DE NEGOCIOS Y DATOS;ANALISTA DE INTELIGENCIA DE NEGOCIOS PRODUCTOS Y SERVICIOS
470;DESARROLLADOR DIGITAL;DESARROLLADOR ELECTRONICO
471;DIRECTOR (A) FINANCIERO (A);DIRECTOR ADMINISTRATIVO FINANCIERO
472;COORDINADOR DE PROCESOS, CALIDAD Y AMBIENTE;COORDINADOR DE SISTEMA DE CALIDAD Y AMBIENTE
473;ANIMADOR DE PASTORAL;ANIMADOR PASTORAL
474;AYUDANTE DE LABORATORIO 1;TECNICO LABORATORISTA 1
475;GERENTE DE DIETAS ENGORDE;JEFE ESPECIALISTA DE DIETAS ENGORDE
476;ADMINISTRATIVO-ASISTENTE ADMINISTRATIVO;ASISTENTE ADMINISTRATIVO (TEMPORAL)
477;DISTRICT MANAGER;DISTRICT MANAGER JUNIOR
478;AYUDANTE ADMINISTRATIVO DE BODEGA;AYUDANTE DE BODEGA OPERACIONES
479;ANALISTA DE PROCESOS DIGITALES;ANALISTA PROGRAMADOR DE TRANSFORMACION DIGITAL
480;ANALISTA DE ADQUISICIONES;ANALISTA COMPRAS Y CONTRATACIONES
481;EJECUTIVA SENIOR;EJECUTIVA JUNIOR
482;MECANICO DE SPOOLER;OPERADOR DE SPOOLER
483;MECANICO AIREADOR;MECANICO - AIREADORES
484;TECNICO DE IMAGENOLOGIA;TECNICO DE LABORATORIO DE IMAGENOLOGIA
485;LIDER DE TECNOLOGIA Y SISTEMAS INFORMATICOS;LIDER DE TECNOLOGIA INFORMATICA
486;INSTRUCTOR DE CONDUCCION PROFESIONAL;INSTRUCTOR PRACTICO DE CONDUCCION
487;OPERADOR DE PELADO;OPERADOR DE PELADORA
488;GERENTE DE PROGRAMAS Y PROYECTOS;GERENTE DE PRODUCCION Y PROYECTOS
489;COORDINADOR DE MANTENIMIENTOS & SERVICIOS;LIDER DE MANTENIMIENTO DE MEDIOS DE SERVICIOS Y EDIFICIOS
490;LIDER TECNICO;LIDER TECNICO ESPECIALISTA
491;ANALISTA DE GARANTIAS;ANALISTA DE GARANTIAS RETAIL
492;MANTENIMIENTO GENERAL;SERV GENERALES DE MANTENIMIENTO
493;SUPERVISOR DE SEGURIDAD FISICA;SUPERINTENDENTE DE SEGURIDAD FISICA
494;COORDINADOR TALLER ELECTRICO/MECANICO;COORDINADOR TALLER MECANICO
495;ANALISTA DE GERENCIA Y PROCESOS;ANALISTA DE PROCESOS Y PRODUCTIVIDAD
496;AYUDANTE DE INVENTARIO;AYUDANTE DE INVENTARIO Y BODEGA
497;JEFE DE TRANSFORMACION DIGITAL;JEFE DE TRANSFORMACION TECNOLOGICA
498;ESPECIALISTA DE PLATAFORMA;ESPECIALISTA DE PLATAFORMA TECNOLOGICA
499;DIRECTOR/A DE SERVICIOS GENERALES;SUBGERENTE DE SERVICIOS GENERALES
500;GERENTE TECNCO DE PRODUCTO;TECNICO DE PRODUCTO
501;MAQUINISTA 1;MAQUINISTA 3
502;ANALISTA DE INSTALACIONES Y SERVICIOS;ANALISTA DE PREINSTALACIONES Y HOME SERVICE
503;COORDINADOR DE BALCON DE SERVICIOS;LIDER DE BALCON DE SERVICIOS
504;COORDINADOR ZONA 1;COORDINADOR ZONA 2
505;ASESOR TECNICO JUNIOR;ASISTENTE TECNICO SENIOR
506;COORDINADOR AREA MANTENIMIENTO;COORDINADOR/A OPERATIVO/A DE MANTENIMIENTO
507;ASISTENTE ADM DE VENTAS;ASISTENTE_DE_ADMINISTRACION_Y_DESARROLLO_DE_VENTAS
508;JEFE DE POSTVENTA;GERENTE DE POSTVENTA
509;OPERARIOS 3 DE EMPAQUE PIFO;OPERARIOS 3 DE MANTENIMIENTO PIFO
510;LIDER DE INFRAESTRUCTURA Y SOPORTE;COORDINADOR DE INFRAESTRUCTURA SENIOR
511;COORDINADOR DE MANTENIMIENTO ELECTRONICO;COORDINADOR SENIOR DE MANTENIMIENTO ELECTRICO E INSTRUMENTACION
512;AUXILIAR DE BODEGA E INSUMOS;ASISTENTE DE BODEGA I
513;QA/QC ENGINEER;SR. QUALITY ASSURANCE & CONTROL ENGINEER
514;ANALISTA AUDITORIA CONTINUA Y AUTOMATIZACION;JEFE AUDITORIA CONTINUA Y AUTOMATIZACION
515;COORDINADOR SENIOR DE GESTION DE INVERSIONES;SUBGERENTE DEL DEPARTAMENTO DE GESTION DE INVERSIONES
516;ASISTENTE DE BODEGA/PRODUCCION;AUXILIAR DE BODEGA Y DISTRIBUCION
517;LIDER DE SEGURIDAD DE INFORMACION;LIDER DE SEGURIDAD INFORMATICA
518;ASISTENTE ADMINISTRATIVA Y COMERCIAL;ASISTENTE ADMINISTRATIVO Y DE MERCADEO
519;ASISTENTE DE PROYECTO;ASISTENTE DE PROYECTOS Y MEJORA CONTINUA
520;GERENTE DE MERCADEO;GERENTE DE MERCADEO Y VENTAS
521;JEFE CREDITO Y COBRANZA;JEFE DE CREDITO SENIOR
522;JEFE DE SALUD Y SEGURIDAD OCUPACIONAL;RESPONSABLE DE SEGURIDAD Y SALUD OCUPACIONAL
523;JEFE DE TALLER AUTOMOTRIZ;JEFE DE TALLER Y SERVICIOS GENERALES
524;JEFE DE PLANIFICACION Y LOGISTICA;JEFE CORPORATIVO DE PLANIFICACION Y CONTROL
525;SUPERVISOR DE TALLER ELECTROMECANICO;SUPERVISOR TALLER ELECTRICO
526;COORDINADORA PEDAGOGICA KINDERGARTEN CAHC;DIRECTORA KINDERGARTEN CAHC
527;OPERADOR DE RODILLO;OPERADOR DE RODILLO D. TAMBOR
528;JEFE DE MARKETING (EQ);JEFE DE MARKETING ESTANDAR
529;INGENIERO DE AUTOMATIZACION DE PRUEBAS L2;INGENIERO DE AUTOMATIZACION DE PRUEBAS L3
530;INGENIERO DE MANTENIMIENTO JR;INGENIERO DE MANTENIMIENTO I
531;JEFE DE MANTENIMIENTO INSFRAESTRUCTURA Y PUENTES G;JEFE MANTENIMIENTO-ESTRUCTURAS
532;DISENADOR UI-UX;DISENADORA UI/UX
533;COORDINADOR PEDAGOGICO;COORDINADORA TECNICA Y PEDAGOGICO
534;SENIOR PROFESSIONAL, PRODUCT MANAGEMENT;SENIOR PRODUCT MANAGER
535;COORDINADOR DE OPERACIONES E INFRAESTRUCTURA;DIRECTOR DE OPERACIONES E INFRAESTRUCTURA
536;INGENIERO INSPECTOR DE PROYECTOS 172;INGENIERO INSPECTOR DE PROYECTOS 192
537;PROFESOR DE INGLES;PROFESOR DE AULA INGLES
538;FIELD SERVICE ENGINEER;FIELD TECHNICAL SERVICE ENGENIEER
539;ASISTENTE DE GERENCIA Y PRESIDENCIA;ASISTENTE DE GERENCIA Y CONSEJOS
540;MENSAJERO REPARTIDOR;MENSAJERO /REPARTIDOR
541;ASISTENTE ADMINISTRATIVA & OPERACIONES;ASISTENTE ADMINISTRATIVA Y COMERCIAL
542;AUXILIAR DE BODEGA Y MANTENIMIENTO;AUXILIAR DE PRODUCCION Y BODEGA
543;ASESOR DE CAPTACIONES JUNIOR;ASESOR DE CAPTACIONES SENIOR
544;HSE TECHNICAL;TECHNICAL HSE
545;ASISTENTE ADMINISTRATIVA Y TALENTO HUMANO;JEFE ADMINISTRATIVA Y TALENTO HUMANO
546;GERENTE GENERAL Y VENTAS;GERENTE DE VENTAS - VENDEDOR
547;ANALISTA DE CALIFICACION DE CREDITO;ESPECIALISTA DE CALIFICACION DE CREDITO
548;AUXILIAR DE LAVANDERIA;AUXILIAR DE LAVANDERIA / ROPERIA
549;JEFE DE COMPRAS Y LOGISTICA;COORDINADOR DE COMPRAS, LOGISTICA Y MANTENIMIENTO
550;JEFE DE DESARROLLO DE CLIENTES;EJECUTIVA DE DESARROLLO DE CLIENTES
551;ANALISTA DE COMPRAS Y MANTENIMIENTO;ANALISTA DE COMPRAS BIENES Y SERVICIOS
552;COORDINADOR DE BODEGA Y DESPACHO;COORDINADOR SERVICIOS GENERALES Y BODEGA
553;ASISTENTE DE SERVIFACIL;SUBGERENTE DE SERVIFACIL
554;JEFE COMPENSACIONES;JEFE DE COMPENSACIONES Y RELACIONES LABORALES
555;AUXILIAR 2;AUXILIAR INICIAL 2
556;ASISTENTE CONTABLE IMPUESTOS;ANALISTA CONTABLE IMPUESTOS
557;AYUDANTE CAMARA DE FRIO;JEFE DE CAMARA DE FRIO
558;OPERADOR DE TRITURADORA;OPERADOR DE PLANTA DE TRITURACION
559;ASISTENTE DE TELECOMUNICACIONES;ASISTENTE DE REDES Y COMUNICACIONES
560;CONTADOR;CONTADOR CONTADOR GENERAL
561;DIRECTOR FINANCERO;DIRECTOR GENERAL FINANCIERO
562;OFICIAL DE SEGURIDAD FISICA Y ELECTRONICA;OFICIAL DE SEGURIDAD FISICA Y ELECTRONICA ENCARGADO
563;COORDINADORA ADMINISTRATIVA;COORDINADORA ADMINISTRATIVA Y DE CARTERA
564;EJECUTIVO SEMI SENIOR DE VENTAS;EJECUTIVO COMERCIAL - VENDEDOR
565;EJECUTIVO DE SERVICIO AL CLIENTE LOGISTICO;JEFE DE LOGISTICA Y SERVICIO AL CLIENTE
566;AYUDANTE DE MAQUINA IMPRESORA;AYUDANTE DE OPERADOR DE IMPRENTA
567;ANALISTA ASEGURAMIENTO CALIDAD;ANALISTA DE APLICACIONES Y CALIDAD
568;COORDINADOR DE ALMACEN;OPERADOR DE ALMACEN
569;COORDINADORA ACADEMICA DE LA FACULTAD DE CIENCIAS DE LA SALUD;COORDINADORA ADMINISTRATIVA DE LA FAC. DE CIENCIAS DE LA SALUD
570;PROFESOR PREESCOLAR ESPANOL;PROFESORA PRE ESCOLAR PK ESPANOL 1º E Y F
571;SUPERVISOR DE AUTOCLAVE;SUPERVISOR DE AUTOCLAVES
572;AUXILIAR DE E-COMMERCE;ASISTENTE DE COMPRAS E-COMMERCE
573;ANALISTA CONTRATACIONES;ANALISTA ADM. CONTRATOS
574;COORDINADOR DE NOMINA Y GESTION HUMANA;COORDINADOR DE NOMINA Y TALENTO HUMANO
575;FUNCIONARIO 5;FUNCIONARIO 6
576;ASESOR DE CAPTACIONES JUNIOR;ASESOR DE CAPTACIONES (MASTER)
577;ASISTENTE ADMINISTRATIVO M;ASISTENTE ADMINISTRATIVO..D
578;ASISTENTE TECNICO DE PRODUCCION;ASISTENTE DE PRODUCCION Y SEGURIDAD
579;ANALISTA DE DESARROLLO SR;ANALISTA DE DESARROLLO I
580;JEFE CONTRATACIONES;GERENTE DE CONTRATACIONES
581;ANALISTA TECNICO COMPRAS;ANALISTA DE COMPRAS TEMPORAL
582;JEFE CORPORATIVO DE SERVICIO AL CLIENTE;JEFE DE SERVICIO AL CLIENTE Y OPERACIONES
583;OBRERO 2;OBRERO 3
584;ANALISTA COMPRAS E IMPORTACIONES;ANALISTA DE COMPRAS PUBLICAS E IMPORTACIONES
585;CONTADOR CONTADOR GENERAL;CONTADOR GENERAL (E)
586;ASISTENTE LICITACIONES;COORDINADOR DE LICITACIONES
587;JEFE TECNICO COSTA;JEFE TECNICO DE PRODUCTO COSTA
588;JEFE ADMINISTRACION Y FINANZAS;ASISTENTE DE ADMINISTRACION Y FINANZAS
589;ESPECIALISTA DE SERVICIO AL CLIENTE;ASIST. SERV. AL CLIENTE
590;ASISTENTE DE MANTENEMIENTO;ASESOR TECNICO DE MANTENIMIENTO
591;GERENTE COMERCIAL & OPERACIONES;GERENTE COMERCIAL Y TECNOLOGIA
592;CONTADOR FIDUCIARIO;CONTADOR FIDUCIARIO JR.
593;INGENERO GEOLOGO SENIOR;GEOLOGO GEOTECNICO SENIOR
594;ANALISTA DE INFORMACION;ANALISTA DE DATOS E INFORMACION
595;ANALISTA DE NIVEL 1 SOC;ANALISTA N1 SOC
596;GERENTE DE ALMACEN;JEFE DE ALMACEN (MD)
597;ANALISTA DE ESTRATEGIA Y NEGOCIOS;COORDINADOR DE ESTRATEGIA DE NEGOCIO
598;JEFE DE AUDITORIA;JEFE DE AUDITORIA CORPORATIVA
599;SEGURIDAD OCUPACIONAL;SEGURIDAD Y SALUD EN EL TRABAJO
600;DISENADOR GRAFICO MULTIMEDIA;DISENADORA GRAFICA MULTIMEDIA
601;GERENTE CORPORATIVO DE PROYECTOS;GERENTE DE PROYECTOS COMERCIALES
602;GERENTE ADMINISTRATIVO Y RECURSOS HUMANOS;JEFE ADMINISTRATIVO RRHH Y CONTABILIDAD
603;COORDINADORA DE GESTION Y ASUNTOS REGULATORIOS;COORDINADORA DE PROCESOS REGULATORIOS
604;ANALISTA DE BACK OFFICE;ANALISTA COMERCIAL Y BACK OFFICE
605;ASISTENTE ADMINISTRATIVO Y COMPRAS;ASISTENTE ADMINISTRATIVA Y SERVICIOS EN GENERAL
606;JEFE DE VENTAS INSTITUCIONAL (R);GERENTE VENTAS INSTITUCIONAL
607;AYUDANTE DE CAMION;AYUDANTE DE CAMION GRUA
608;ANALISTA DE DATA;ANALISTA DE DATA SENIOR
609;JEFE DE AUDITORIA Y CALIDAD;JEFE AUDITOR DE CALIDAD Y TALENTO HUMANO
610;ANALISTA SENIOR FINANCIERO ADMINISTRATIVO;GERENTE FINANCIERA SENIOR
611;INGENIERO GEOMECANICO SENIOR;INGENIERO GEOMECANICO
612;SUPERVISOR DE BODEGA DE MATERIALES;SUPERVISOR DE BODEGA MATERIAL DE EMPAQUE Y SANIDAD
613;ANALISTA 3 DE INFRAESTRUCTURA TI;ANALISTA DE INFRAESTRUCURA TI
614;GESTOR DE TALENTO HUMANO;GESTOR OPERATIVO DE TALENTO HUMANO
615;AYUDANTE DE COMPRAS / AYUDANTE DE ALMACENISTA (ESTABLECIMIENTOS CATEGORIA LUJO);AYUDANTE DE COMPRAS/ AYUDANTE ALMACENISTA
616;JEFE DE IT;JEFE DE SOPORTE IT
617;GESTOR REGIONAL DE COBRANZAS;JEFE DE COBRANZAS REGIONAL
618;OPERADOR DE GRUA ESTACIONARIA;OPERADOR DE EQUIPO GRUA
619;JEFE DE PLANEACION FINANCIERA;GERENTE PLANEACION FINANCIERA
620;ASISTENTE DE CONSOLA DE MONITOREO;COORDINADOR DE CONSOLA DE MONITOREO
621;COORDINADOR DE OBRAS;DIRECTOR DE OBRAS
622;GERENTE DE FRONT OFFICE;JEFE DE PROCESOS FRONT OFFICE
623;AYUDANTE DE PRODUCCION-CHOFER;CHOFER DE PRODUCCION
624;TESORERA;TESORERA (O)
625;ASESOR DE CAMIONES;ASESOR DE VEHICULOS
626;TECNICO DE FACTURACION;TECNICO EN FACTURACION MATRIZ
627;COORDINADOR DESARROLLO DE SOFTWARE;RESPONSABLE DE DESARROLLO DE SOFTWARE
628;EJECUTIVO DE TALENTO HUMANO;GESTOR DE TALENTO HUMANO
629;AUXILIAR DE VENTAS;AUXILIAR EN GENERAL EN SERVICIOS DE VENTAS
630;ANALISTA DE NOMINA Y ADMINISTRACION;ANALISTA DE NOMINA Y COBRANZA
631;COORDINADOR COMERCIAL & SERVICIO;COORDINADOR COMERCIAL EXSERSA
632;ANALISTA DE GESTION DE PERSONAS;ANALISTA GENTE Y GESTION
633;SUBGERENTE COMERCIAL;SUBGERENTE COMERCIAL REGIONAL
634;AUXILIAR DE CHOFER;CHOFER DE VEHICULO
635;JEFE COMERCIAL CUENTAS CLAVES;JEFE DE VENTAS DE CUENTAS CLAVE
636;GESTOR ATENCION AL CLIENTE;GESTOR: ATENCION DE CLIENTE UEN SERVICIOS
637;FUNCIONARIO 1;FUNCIONARIO 6
638;ANALISTA QUIMICO;ANALISTA QUIMICO LIDER
639;DOCENTE DE DIBUJO TECNICO;TECNICO DE DIBUJO
640;JEFE DE BODEGA DE SUMINISTROS;SUPERVISOR DE BODEGA DE SUMINISTROS
641;JEFE ADMINISTRADOR;JEFE ADMINISTRATIVO (E)
642;ANALISTA DE CONTROL DE COSTOS;SUPERVISOR DE CONTABILIDAD DE COSTOS
643;COORDINADOR OPERACIONES PUERTOS;SUB COORDINADOR OPERACIONES PUERTO
644;AUXILIAR DE BODEGA 1;AUXILIAR DE BODEGA SR
645;ANALISTA COMPRAS PUBLICAS;ANALISTA DE CONTRATOS Y COMPRAS PUBLICAS
646;CONDUCTOR DE CAMION;CONDUCTOR DE TRACTOCAMION
647;ASISTENTE CANALES ELECTRONICOS;ASISTENTE JR DE CANALES ELECTRONICOS
648;ANALISTA DE IMPORTACIONES Y LOGISTICA;ANALISTA DE LOGISTICA Y DESPACHO
649;IT MANAGER;INFORMATION TECHNOLOGY MANAGER
650;ANALISTA DE RELACIONES INSTITUCIONALES;ASISTENTE DE RELACIONES INSTITUCIONALES
651;DIRECTOR DE MEDIOS DIGITALES;DIRECTOR DE MEDIOS
652;SUPERVISOR DE VENTAS 6;SUPERVISOR DE VENTAS 8
653;BODEGUERO DE MATERIA PRIMA;BODEGUERO DE MATERIA PRIMA SECOS
654;TRABAJADOR ACUICOLA;TRABAJADOR ACUICOLA - TRACTORISTA
655;GERENTE DE GESTION DE PRODUCTO;GERENTE DE DIVISION DE PRODUCTO
656;COORDINADOR DE GESTION COMERCIAL;GERENTE DE GESTION TECNICA COMERCIAL
657;ANALISTA DE LOGISTICA Y TRANSPORTE;ANALISTA DE PLANEACION LOGISTICA
658;GERENTE LEGAL Y RRHH;GERENTE LEGAL Y TTHH
659;ESPECIALISTA COMUNICACION;ESPECIALISTA DE COMUNICAC
660;ASISTENTE DE DISENO;AYUDANTE DE DISENO
661;ASISTENTE COMPRAS Y LOGISTICA;AUXILIAR DE COMPRAS Y ALMACEN
662;ASISTENTE ADMINISTRATIVO DE TALENTO HUMANO;ASISTENTE SENIOR DE TALENTO HUMANO
663;ASISTENTE DE LAVANDERIA;ASISTENTE DE LAVADO & MANTENIMIENTO
664;JEFE DE DISTRIBUIDORES;JEFE DE DISTRIBUCION DIRECTA
665;COORDINADOR VENTAS & SERVICIO;COORDINADORA VENTAS/SERVICIO AL CLIENTE
666;ANALISTA CONTABLE # 1;ANALISTA CONTABLE T*
667;ASISTENTE TECNICO DE OBRAS;ASISTENTE DE CONSTRUCCION
668;COORDINADOR ADMINISTRATIVO DE PROYECTO;COORDINADORA ADMINISTRATIVA Y DE PROYECTOS
669;COORDINADOR PROCESOS;RESPONSABLE DE PROCESOS
670;COORDINADOR DE DISENO Y DESARROLLO;COORDINADOR DE DISENO Y PROYECTOS
671;CHOFER DESPACHADOR;CHOFER DESPACHO
672;COORDINADOR DE COMPRAS DE MANTENIMIENTO;COORDINADOR/A OPERATIVO/A DE MANTENIMIENTO
673;AYUDANTE AUXILIAR DE SERVICIOS EN GENERAL;ASESOR DE SERVICIOS GENERALES
674;ANALISTA DE CALIDAD JUNIOR;ANALISTA DE CALIDAD DE PRODUCTO
675;ANALISTA CONTROL FINANCIERO;ANALISTA FINANCIERO I
676;SUBGERENTE DE CREDITO Y COBRANZAS;SUBGERENTE DE CREDITO Y COBRO
677;JEFE DE PROYECTOS ESPECIALES;COORDINADOR DE PROYECTOS ESPECIALES
678;SALES COORDINATOR;SALES ADMINISTRATION COORDINATOR
679;LIDER DE VENTAS;LIDER DE VENTAS Y TRADE
680;JEFE DE TOPOGRAFIA;ESPECIALISTA DE TOPOGRAFIA
681;JEFE ADMINSTRATIVO FINANCIERO;JEFE DE CONTOL FINANCIERO
682;CHOFER LICENCIA E;CHOFER LICENCIA TIPO C
683;MAESTRO DE OBRA;MAESTRO MAYOR DE OBRA
684;GERENTE DESARROLLO;GESTOR DE DESARROLLO
685;COORDINADOR TRADE MARKETING TRADICIONAL;COORDINADOR COMERCIAL TRADICIONAL
686;LIDER DE EQUIPO;JEFE DE EQUIPO
687;MERCADERISTA/IMPULSADOR;MERCADERISTA-IMPULSA
688;ANALISTA DE INTELIGENCIA DE MERCADO;ESPECIALISTA DE INTELIGENCIA DE MERCADO
689;GERENTE DE INFORMACION, TECNOLOGIA Y PROYECTOS;GERENTE DE SERVICIOS DE LA INFORMACION
690;ASISTENTE ADMINISTRATIVA DE PRODUCCION;ASISTENTE ( DPTO. PRODUCCION )
691;BOMBERO;3. BOMBERO
692;ASESOR DE RESPALDO TECNICO;JEFE DE RESPALDO TECNICO
693;ASISTENTE 1 DE VENTAS;ASISTENTE DE VENTAS 2
694;GERENTE DE SOPORTE TECNOLOGICO;GERENTE SERVICIOS TECNOLOGICOS
695;COORDINADOR DE INOCUIDAD;JEFE DE INOCUIDAD
696;JEFE CAJA;JEFE DE CAJA GENERAL
697;CHEF SUPERVISOR DE PRODUCCION;JEFE ADMINISTRATIVO PRODUCCION
698;OPERADOR DE MAQUINA SR.;OPERADOR DE MAQUINA DE EN
699;ANALISTA PROGRAMADOR 1;ANALISTA DE DESARROLLO - PROGRAMACION
700;ANALISTA DE IMPUESTOS;ANALISTA DE IMPUESTOS JR
701;COORDINADOR DE PLATAFORMA;JEFE DE PLATAFORMA
702;AYUDANTE DE MAQUINARIA PESADA;AYUDANTE DE OPERADOR DE EQUIPO PESADO
703;JEFE DE INFRAESTRUCTURA Y PRODUCCION;JEFE DE INFRAESTRUCTURA Y CALIDAD
704;GERENTE DE MANTENIMIENTO;GERENTE DE MANTENIMIENTO E INGENIERIA
705;JEFE DE BODEGA;2. JEFE DE BODEGA
706;JEFE DE MECANICA Y EXPORTACIONES DE REFRIGERADORES;SUPERVISOR DE MECANICA Y EXPORTACIONES DE REFRIGERADORES
707;SUPERVISOR DE MANTENIMIENTO DE EQUIPOS;SUPERVISOR MANTENIMIENTO INDUSTRIAL
708;ASISTENTE DE SALUD OCUPACIONAL;ASISTENTE DE SALUD OCUPACIONAL B
709;INGENIERO SOPORTE TECNICO;INGENIERO ASISTENTE
710;SUPERVISOR AREA DE VENTAS;SUPERVISOR REGIONAL DE VENTAS
711;TECNICO DE CLISE;TECNICO DE CLISE SENIOR
712;AYUDANTE/AUXILIAR DE LIMPIEZA;AUXILIAR DI LIMPIEZA
713;GERENTE DE BODEGA;JEFE DE BODEGA / ALMACEN
714;LIDER DE CAPACITACION;LIDER DE ENTRENAMIENTO Y CAPACITACION
715;JEFE SEGURIDAD Y AMBIENTE;JEFE DE AMBIENTE
716;COORDINADOR DE SOPORTE A USUARIOS;COORDINADOR DE SOPORTE USUARIO IT
717;COORDINADOR CREDITO;COORDINADOR CREDITO Y COB
718;ASISTENTE OPERATIVO DE TARJETAS DE CREDITO;SUPERVISOR OPERATIVO DE TARJETAS DE CREDITO
719;SUPERVISOR DE MANT.ELECTRICO;SUPERVISOR MANT ELECTROMECANICO ESTACION
720;AYUDANTE DE LOGISTICA;ASISTENTE DE OPERACIONES LOGISTICA
721;ASISTENTE ADM BODEGA;ASISTENTE BODEGA/COMPRAS
722;COORDINADOR DE GUARDABOSQUES;JEFE DE GUARDABOSQUES
723;COORDINADOR DE CONTROL DE OBRAS;JEFE DE CONTROL DE OBRAS
724;ASISTENTA DE FACTURACION;ASISTENTE DE FACTURACION FIN
725;ADMINISTRADOR DE GRANJA;ADMINISTRADOR GRANJA
726;MEDICO INSTITUCIONAL;MEDICO INSTITUCIONAL Y OCUPACIONAL
727;FIELD TEAM COORDINATOR;FIELD TEAM LEADER
728;SUPERVISOR DE MANTENIMIENTO (MECANICO);SUPERVISOR DE MANTENIMIENTO ME
729;ANALISTA DE MARKETING;ANALISTA CORPORATIVO DE MARKETING
730;ASISTENTE ADMINISTRATIVO Y COBRANZA;ASISTENTE ADMINISTRATIVO M
731;ASESORA PEDAGOGICA;ASESORA PEDAGOGICA JR
732;JEFE DE SELECCION Y CAPACITACION;COORDINADOR(A) DE SELECCION Y CAPACITACION
733;EJECUTIVO DE TELEMARKETING;JEFE DE TELEMARKETING
734;AUXILIAR DE BODEGA (EMPAQUE);AYUDANTE BODEGA EMPACADO
735;ASISTENTE DE GERENCIA 1;ASISTENTE GESTION ADMINISTRATIVA 1
736;INSPECTOR DE CALIDAD;INSPECTOR DE CALIDAD INSUMOS
737;DIRECTOR DE ADMISIONES;SUBDIRECTOR DE ADMISIONES
738;TRABAJADOR DE TEXTILES;TRABAJADOR DE TEXTILES, CUERO, CALZADO
739;ADMINISTRADOR DE REDES DE COMUNICACION;AUXILIAR DEL ADMINISTRADOR DE REDES
740;REPRESENTANTE DE VENTAS - TECNICO;TECNICO DE VENTAS
741;SALES SUPPORT MANAGER;SALES SUPPORT TEAM LEADER
742;ANALISTA DE FACTURACION;ANALISTA DE FACTURACION SENIOR
743;ASISTENTE DE BODEGA MP;COORDINADOR DE BODEGA MP
744;ANALISTA OPERATIVO AMBULATORIO;ANALISTA TECNICO AMBULATORIO
745;ANALISTA DE GARANTIAS;ANALISTA DE GARANTIAS JR
746;JEFE DE PRODUCTO Y LOGISTICA;JEFE DE PRODUCCION Y LOGISTICA
747;ASISTENTE DE FONDOS DE INVERSION;ASISTENTE DE OPERACIONES FONDOS INVERSION
748;ESPECIALISTA INFRAESTRUCTURA;ESPECIALISTA DE INFRAESTRUCTURA TECNOLOGICA
749;AYUDANTE DE COMPRAS / AYUDANTE DE ALMACENISTA (ESTABLECIMIENTOS CATEGORIA PRIMERA);AYUDANTE DE COMPRAS/ AYUDANTE ALMACENISTA
750;JEFE DE AUDITORIA OPERACIONAL;JEFE AUDITORIA CONTINUA Y AUTOMATIZACION
751;TECNICO DE MANTENIEMIENTO;JEFE DE MANTENIMIENTO T
752;COORDINADOR SEGURIDAD FISICA;DIRECTOR DE SEGURIDAD FISICA
753;INGENIERO DE PRODUCTOS QUIMICOS;INGENIERO DE TRATAMIENTO QUIMICO
754;GERENTE PRODUCTO;GERENTE TECNCO DE PRODUCTO
755;JEFE COMERCIAL NACIONAL;JEFE NACIONAL DE COMERCIALIZACION
756;SUPERINTENDENTE DE CALIDAD;SUBDIRECTOR DE CALIDAD
757;ASESOR COMERCIAL SERVICIO TECNICO;ASESOR TECNICO COMERCIAL E
758;JEFE DE LOGISTICA OPERATIVA;JEFE COORPORATIVO DE TRANSPORTE Y LOGISTICA
759;AUXILIAR SENIOR DE INFRAESTRUCTURA;COORDINADOR DE INFRAESTRUCTURA SENIOR
760;SOPORTE TECNICO DE SISTEMAS;SOPORTE SISTEMAS Y MANTENIMIENTO
761;TECNICO DE SEGURIDAD INDUSTRIAL;TECNICO SEGURIDAD INDUSTRIAL Y FISICA
762;AUXILIAR E INSTALADOR SISTEMAS;INSTALADOR DE SISTEMAS
763;EJECUTIVO DE PROYECTOS Y PROCESOS;EJECUTIVO PROCESOS Y MEJORA CONTINUA
764;ADMINISTRADOR DE SISTEMAS JUNIOR;ASISTENTE JUNIOR DE SISTEMAS
765;TAX MANAGER;TAX & ACCOUNTING MANAGER
766;AUXILIAR DE SANIDAD VEGETAL;SUPERVISOR DE SANIDAD VEGETAL
767;JEFE DE INSPECCION;JEFE DE INSPECTORES
768;COORDINADOR DE LOGISTICA Y TRANSPORTE;COORDINADOR DE LOGISTICA Y ENTREGA CORPORATIVA
769;ENCARGADO DE BODEGA Y COMPRAS;ENCARGADO DE COMPRAS Y BODEGA MANTENIMIENTO
770;JEFE DE VENTAS ZONAL;COORDINADOR ZONAL DE VENTAS
771;GERENTE DE MEDIO AMBIENTE;GERENTE DE MEDIO AMBIENTE Y PERMISOS
772;COORDINADOR DE VENTA;COORDINADOR DE POST VENTA
773;ANALISTA BANCA CORPORATIVA;ANALISTA BANCA CORPORATIVA5
774;EJECUTIVO DE MERCADEO;EJECUTIVOS DE MERCADEO
775;ASESOR COMERCIAL SERVICIO TECNICO;ASESOR TECNICO COMERCIAL DE CORPORATIVO
776;TOURPUSHER III;TOURPUSHER LEVEL III
777;COORDINADOR SALUD OCUPACIONAL;COORDINADOR(A) MEDICO SALUD OCUPACIONAL
778;GERENTE DE ESTACION;GERENTE DE ESTACION DE SERVICIO
779;KEY ACCOUNT MANAGER JR;KEY ACCOUNT MANAGER JUNIOR
780;HSE ASST SUPERVISOR;HSE SUPERVISOR LEVEL I
781;JEFE DE SECCION;JEFE DE SECCION (F)
782;ASISTENTE FONDOS DE INVERSION;ASISTENTE SERVICIO AL CLIENTE FONDOS DE INVERSION
783;ASISTENTE COMERCIAL Y DE COMUNICACION;ASISTENTE COMUNICACION Y MEDIOS DE PUBLICIDAD
784;EJECUTIVO DE VENTAS SIERRA FARMALIGHT;SUPERVISOR DE VENTAS SIERRA FARMALIGHT
785;ASISTENTE DE PRODUCCION E ING.;ASISTENTE DE PRODUCCION Y TECNOLOGIA
786;ANALISTA DE NEGOCIO;ANALISTA DE NEGOCIOS INTERNACIONALES
787;JEFE DE GESTION DEL TALENTO;GERENTE DE TALENTO
788;ASISTENTE DE COMUNICACION ORGANIZACIONAL;ASISTENTE DE DESARROLLO Y COMUNICACION ORGANIZACIONAL
789;EJECUTIVO DE AUDITORIA;DIRECTOR EJECUTIVO DE AUDITORIA
790;OPERADOR DE TANQUERO;OPERADOR DE TANQUES
791;CAJERO (A);CAJERO A&B
792;COORDINADOR (A) DE TRADE MARKETING;COORDINADOR COMERCIAL Y TRADE MARKETING
793;JEFE DE SSO Y MEDIO AMBIENTE;JEFE DE SSO MEDIO AMBIENTE Y PTARI
794;ASISTENTE A;ASISTENTE 2
795;AUXILIAR DE CONTRALORIA;AUXILIAR_DE_CONTRALORIA
796;ASISTENTE ACADEMICA;ASISTENTE EDUCATIVO
797;ANALISTA PLANIFICACION COMPRAS;ASISTENTE DE PLANIFICACION DE COMPRAS
798;LIDER DE ASEGURAMIENTO DE CALIDAD;LIDER DE INGENIERIA DE ASEGURAMIENTO DE CALIDAD
799;GERENTE DE RELACIONES COMUNITARIAS;COORDINADOR SENIOR DE RELACIONES COMUNITARIAS
800;ANALISTA TOP SNR. LOCAL DE CONTRALORIA;JEFE TOP SNR. LOCAL DE CONTRALORIA
801;PET PROFESSIONAL OFFICER;PET SPECIALTY OFFICER
802;COORDINADOR DE MEDIOS DIGITALES;COORDINADOR CONTENIDO DIGITAL
803;SUPERVISOR DE TIENDAS;SUPERVISOR DE TIENDA
804;JEFE DE PRESUPUESTO Y TESORERIA;JEFE DE TESORERIA Y CONTRATOS
805;COORDINADOR DE MONITOREO;COORDINADOR CENTRAL DE MONITOREO
806;JEFE DE GESTION AMBIENTAL;COORDINADOR GESTION AMBIENTAL
807;ENCARGADO DE BODEGA INDUSTRIA;JEFE DE BODEGA INDUSTRIAL
808;OPERADOR DE MAQUINA NIVEL 1;OPERADOR DE MAQUINA NIVEL 3
809;SUSCRIPTOR SENIOR;SUSCRIPTOR JUNIOR
810;WAREHOUSE COORDINATOR;WAREHOUSE & LOGISTIC COORDINATOR
811;EJECUTIVO ASIST SENIOR (ANALISTA CSO);EJECUTIVO ASISTENTE SENIOR (ANALISTA) CO
812;OPERADOR DE EQUIPO EN GENERAL;OPERADOR DE EQUIPO JR
813;ANALISTA NOMINA;ANALISTA DE
814;AUXILIAR SERVICIOS GENERAL Y LIMPIEZA;AYUDANTE DE LIMPIEZA Y SERVICIOS GENERALES
815;ANALISTA DE TESORERIA Y CARTERA;ANALISTA DE TESORERIA 1
816;ANALISTA DE CALIDAD Y LABORATORIO;ANALISTA DE CALIDAD QA
817;ASISTENTE FACTURACION;ASISTENTE ADMINISTRATIVA FACTURACION Y COBRANZA
818;JEFE COMERCIAL Y OPERACIONES;JEFE DE MERCADO Y VENTAS
819;COORDINADOR M & R;COORDINADOR M&P
820;OPERADOR TELEF;TELE- OPERADOR
821;GERENTE ADMINSTRATIVO;GERENTE ADMINISTRATIVO COMERCIAL
822;COORDINADOR DE GESTION DOCUMENTAL;COORDINADOR DOCUMENTACION
823;SUPERVISOR DE VALIDACION;SUPERVISOR DE VERIFICACIONES
824;GERENTE ADM FINANCIERO;GERENTE FINANCIERO ADM. JR
825;GERENTE DE OPERACIONES GPS;GERENTE DE OPERACIONES LAND Y GPS
826;JEFE ASEGURAMIENTO DE LA CALIDAD, SEGURIDAD Y MEDIO AMBIENTE;COORDINADOR DE ASEGURAMIENTO DE LA CALIDAD, SEGURIDAD Y MEDIO AMBIENTE
827;JEFE DE RENOVACIONES;SUPERVISOR DE RENOVACIONES
828;JEFE DE INTELIGENCIA DE NEGOCIOS;COORDINADOR INTELIGENCIA DE NEGOCIOS
829;LABORATORISTA;LABORATORISTA (F)
830;COORDINADOR DE INFRAESTRUCTURA IT;COORDINADOR DE INFRAESTRUCTURA JUNIOR
831;ASISTENTE DE SOPORTE A USUARIOS;ASISTENTE SERVICIO USUARIO
832;JEFE DE LOGISTICA OPERATIVA;EJECUTIVO DE OPERACION LOGISTICA
833;ANALISTA DE INFRAESTRUCTURA TI;GERENTE DE INFRAESTRUCTURA TI
834;AYUDANTE DE MECANICA;AUXILIAR DE MECANICA
835;SUPERVISOR OPERACIONES CARGA;JEFE DE OPERACIONES CARGA
836;COORDINADOR DE TRADE MARKETING MODERNO;COORDINADOR DE TRADE MARKETING CANAL MODERNO
837;GERENTE DE DESARROLLO DE NEGOCIOS E INNOVACION TECNOLOGICA;GERENTE DE TECNOLOGIA E INTELIGENCIA DE NEGOCIOS
838;COORDINADOR DE PROYECTOS Y CUMPLIMIENTO TECNICO;COORDINADOR DE PROYECTOS Y OFICIAL DE CUMPLIMIENTO
839;ADMINISTRADOR DE TIENDA;ADMINISTRADOR DE TIENDAS
840;ASISTENTE DE MARKETING Y SERVICIO AL CLIENTE;COORDINADOR DE MARKETING Y SERVICIO AL CLIENTE
841;OPERADOR DE RODILLO;OPERADOR RODILLO
842;SALES ADMIN ASSISTANT;SALES ADMINISTRATIVE
843;JEFE DE PLANIFICACION Y PROCESOS;JEFE DE PLANIFICACION Y REPORTING
844;ANALISTA DE TALENTO HUMANO;ANALISTA DE TALENTO HUMANO Y COMUNICACION
845;JEFE DE MEDIOS DIGITALES;DIRECTOR DE MEDIOS
846;AUXILIAR DE SERVIC.;AYUDANTE DE SERVICIO
847;TECNICO DE MONITOREO;ESPECIALISTA DE MONITOREO
848;ANALISTA DE PLANEACION DE MATERIALES;COORDINADOR DE PLANEACION DE MATERIALES
849;AYUDANTE DE CONTROL DE CALIDAD;COORDINADOR (A) DE CONTROL DE CALIDAD JR
850;SUPERVISOR DE BODEGA DE REPUESTOS;COORDINADOR BODEGA DE REPUESTOS
851;DIRECTOR(A) DE PLANIFICACION DE MEDIOS;PLANIFICADOR(A) DE MEDIOS
852;AUXILIAR DE FISCALIZACION;AYUDANTE DE FISCALIZACION JR
853;EJECUTIVA SENIOR COBRANZAS;EJECUTIVO JUNIOR DE COBRANZAS
854;AYUDANTE DE CONTABILIDAD;ASITENTEAUXILIAR DE CONTABILIDAD
855;COORDINADOR DE CULTURA Y DESARROLLO;ASISTENTE DE CULTURA Y DESARROLLO
856;DOCENTE TITULAR AUXILIAR TIEMPO COMPLETO/VICERRECTOR ADMINISTRATIVO;DOCENTE-VICERRECTOR/A ADMINISTRATIVO
857;ANALISTA DE COMPRAS INTERNACIONALES;ANALISTA DE COMPRAS NACIONALES
858;ASISTENTE MANTENIMIENTO;APRENDIZ DE MANTENIMIENTO
859;SUPERV.CONTROL DE CALIDAD;SUPERVISORA DE CALIDAD E INOCUIDAD
860;JEFE DE NOMINA;JEFE NACIONAL DE NOMINA
861;ANALISTA DE MATERIALES;ANALISTA DE MAESTRO DE MATERIALES
862;ESPECIALISTA EN INTELIGENCIA ARTIFICIAL;INGENIERO DE INTELIGENCIA ARTIFICIAL
863;COORDINADOR DE PROCESOS Y PROYECTOS;COORDINADOR DE PROYECTOS Y ESTRATEGIA
864;SUBGERENTE DE MARKETING Y COMUNICACION;SUBGERENTE DE MERCADEO Y COMUNICACION
865;ANALISTA DE ABASTECIMIENTO;ANALISTA DE PLANEACION DE ABASTECIMIENTO
866;ANALISTA LEGAL SOLUCIONES DE PAGO;COORDINADOR LEGAL DE SOLUCIONES DE PAGO
867;JEFE SENIOR DE COMPRAS;JEFE DE COMPRAS G
868;COORDINADOR DE PROCESOS Y PROCEDIMIENTOS;COORDINADOR CORPORATIVO DE PROCESOS
869;GERENTE DE GESTION ESTRATEGICA COMERCIAL;GERENTE CORPORATIVO COMERCIAL Y DESARROLLO
870;ASISTENTE DE SISTEMA;ASESOR DE SISTEMA
871;COORDINADOR DE INVESTIGACION, DESARROLLO Y SOPORTE TECNICO;JEFE DE INVESTIGACION, DESARROLLO Y SOPORTE TECNICO
872;AUXILIARES GENERALES;AUXILLIAR DE SERVICIOS GENERALES
873;JEFE ASEGURAMIENTO CALIDAD;JEFE ASEGURAMIENTO DE LA CALIDAD, SEGURIDAD Y MEDIO AMBIENTE
874;AYUDANTE AUXILIAR DE SERVICIOS EN GENERAL;AYUD.GENERAL Y SERVICIO VARIOS
875;GERENTE GENERAL;GERENTE / DIRECTOR GENERAL
876;GERENTE AUDITORIA INTERNA;GERENTE REGIONAL DE AUDITORIA INTERNA
877;SUPERV.CONTROL DE CALIDAD;SUPERVISARA DE CALIDAD
878;ESPECIALISTA DE AUDITORIA INTERNA;DIRECTOR DE AUDITORIA INTERNA
879;AUXILIAR DE BODEGA;AUXILIAR DE BODEGA Y DISTRIBUCION
880;JEFE DE AUDITORIA MEDICA;COORDINADOR DE AUDITORIA MEDICA
881;COORDINADOR (A) DE COMPRAS;COORDINADOR DE COMPRAS Y ADMINISTRACION
882;COORDINADOR DE OPERACIONES IT;SUPERVISOR DE OPERACIONES IT
883;ASISTENDE ADMINISTRATIVO;ASISTENTE ADMINISTRATIV0
884;AYUDANTE DE DISENO;ASISTENTE DE DISENO 1
885;JEFE IMPORTACION-LOGISTICA;JEFE DE OPERACIONES IMPORTACION
886;ASESOR TECNICO Y COMERCIAL;ASESOR TECNICO COMERCIAL DE CORPORATIVO
887;COORDINADOR PLANEAMIENTO COMERCIAL;JEFE DE PLANIFICACION COMERCIAL
888;JEFE ADMINSTRATIVO FINANCIERO;JEFE FINANZAS Y OPERACIONES
889;ANALISTA DE INFORMACION COMERCIAL;ANALISTA DE DATOS COMERCIAL
890;GESTOR DE DISTRIBUIDORES;GESTOR DE DISTRIBUIDORES NORTE
891;GERENTE DE ADMISIONES POSGRADO;JEFE DE ADMISIONES DE POSGRADO
892;ESPECIALISTA DE MANTENIMIENTO ELECTRICO LAMINACION;ESPECIALISTA MANTENIMIENTO MECANICO LAMINACION
893;GERENTE SUCURSAL CUENCA;SUBGERENTE DE SUCURSAL CUENCA
894;AUX. ADMINISTRATIVA;AUX.ADMINISTRATIVO
895;INGENIERO INSPECTOR DE PROYECTOS;INGENIERO INSPECTOR DE PROYECTOS 283
896;SUB GERENTE FINANCIERA;SUB-DIRECTOR FINANCIERO
897;COORDINADOR DE SINIESTROS VH;COORDINADOR NACIONAL DE SINIESTROS VH
898;ANALISTA DE PROCESO;ANALISTA DE PROCESAMIENTO
899;ASISTENTE ADMINISTRATIVA DE PRODUCCION;ASISTENTE DE PRODUCCION EJECUTIVA
900;JEFE DE RECUPERACION;JEFE REGIONAL DE RECUPERACIONES
901;OPERADOR DE EXCAVADORA;OPERADOR DE EXCAVADORA 1
902;COORDINADOR DE MANTENIMIENTO DE APLICACI;JEFE DE MANTENIMIENTO DE APLICACIONES
903;ANALISTA DE IMAGEN INSTITUCIONAL;ESPECIALISTA DE IMAGEN INSTITUCIONAL
904;COORDINADOR DE COMUNICACI;COORDINADOR DE COMUNICACIONES EXTERNAS
905;ANALISTA BANCA CORPORATIVA5;ANALISTA BANCA CORPORATIVA6
906;JEFE DE SERVICIO DE ENFERMERIA;JEFE SERVICIO MEDICO DE EMPRESA
907;SUPERVISOR DE RECAUDO;SUPERVISOR DE RETENCION
908;OPERADOR TECASA - 1;OPERADOR TECASA - 2
909;EJECUTIVO CANAL DISTRIBUIDORES;GERENTE CANAL DISTRIBUIDORES
910;AUDITOR DE OPERACIONES;AUDITOR DE OPERACIONES, DESPERDICIO Y MEJORA CONTINUA
911;JEFE DE AREA DE PRODUCCION CALIDAD;JEFE DE GARANTIA DE CALIDAD
912;SUPERVISOR DE DESARROLLO DE SISTEMAS INFORMATICOS;SUPERVISOR DE DESARROLLO DE PROYECTOS INFORMATICOS
913;ASESOR DE LOGISTICA;ASESOR DE SERVICIOS LOGISTICOS
914;COORDINADOR SEGURIDAD CORPORATIVA;JEFE DE SEGURIDAD CORPORATIVA
915;JEFE NACIONAL DE ACCESORIOS;JEFE NACIONAL DE REPUESTOS Y ACCESORIOS
916;GERENTE DE SEGURIDAD ALIMENTARIA;JEFE DE SEGURIDAD ALIMENTARIA
917;ASISTENTE DE REPRESENTANTE TECNICO;ASISTENTE DE PRODUCCION/REPRESENTANTE TECNICO
918;COORDINADOR DE EDUCACION CONTINUA;DIRECTOR DE EDUCACION CONTINUA
919;ANALISTA DE PROYECTOS Y MEJORA CONTINUA;ASISTENTE DE PROYECTOS Y MEJORA CONTINUA
920;COORDINADOR DOCUMENTACION EXPORTACION;JEFE/A DE DOCUMENTACION EXPORT
921;GERENTE DE GESTION DE PRODUCCION;GERENTE DE PRODUCCION Y MANTENIMIENTO
922;ASISTENTE PRODUCCION SENIOR;COORDINADOR SENIOR DE PRODUCCION
923;ASISTENTE TECNICO CULTIVO;ASISTENTE TECNICO AGRICOLA
924;OPERADOR DE PRODUCCION/DISTRIBUCION;OPERADOR DE PRODUCCION (MAQUINA)
925;EJECUTIVO COMERCIAL DE VENTAS;EJECUTIVO DE VENTAS DISTRIBUCION
926;JEFE DE VENTAS COSTA;JEFE DE VENTAS INSTITUCIONAL COSTA
927;GERENTE SENIOR DE MANTENIMIENTO;TECNICO SENIOR DE MANTENIMIENTO
928;MANAGER, PRODUCT MANAGEMENT;MANAGER, PRODUCT AND SOLUTIONS
929;ANALISTA DE ESTRATEGIA;ANALISTA DESARROLLO ESTRATEGICO
930;JEFE DE EQUIPOS Y MANTENIMIENTO;GERENTE DE MANTENIMIENTO DE EQUIPOS
931;JEFE DE AREA DE MANTENIMIENTO;COORDINADOR/A OPERATIVO/A DE MANTENIMIENTO
932;TECHNICAL SUPPORT SPECIALIST;TECHNICAL SUPPORT ENGINEER SPECIALIST
933;ASESOR TECNICO COMERCIAL G;ASESOR TECNICO COMERCIAL L
934;LIDER DE INFRAESTRUCTURA;LIDER TECNICO INFRAESTRUCTURA
935;DIRECTOR DE DESARROLLO IT;JEFE DE DESARROLLO IT
936;ASISTENTE ADMINISTRATIVA Y TALENTO HUMANO;DIR. ADMINISTRATIVA Y TALENTO HUMANO
937;COORDINADOR DE PROYECTOS;LIDER DE GESTION DE PROYECTOS
938;GERENTE FINANCIERA ADMINISTRATIVA JR.;GERENTE FINANCIERO ADM. JR
939;TECNICO PROYECTOS;TEC. PROYECTOS
940;COORDINADOR MANTENIMIENTO ELECTRICO;JEFE DE MANTENIMIENTO ELECTRIC
941;SECRETARIA;SECRETARIA A
942;ANALISTA DE TALENTO HUMANO;ANALISTA SELECCION TALENTO HUMANO
943;SUBGERENTE DE TESORERIA;SUBGERENTE CORPORATIVO TESORERIA
944;ASISTENTE DE OPERACIONES AGRICOLAS;ASISTENTE AGROPRODUCTIVO
945;ASISTENTE AUDITORIA INTERNA;ASISTENTE GERENCIA DE AUDITORIA INTERNA
946;COORDINADOR QA;COORDINADOR QC
947;ARQUITECTO DE SOLUCIONES DE TI;ARQUITECTO DE SOLUCIONES IT/OT
948;GERENTE DE PLANEACION Y CONTROL FINANCIERO;GERENTE CONTROL FINANCIERO
949;GERENTE CREDITO Y COBRANZAS;GERENTE CORPORATIVO DE CREDITO
950;ANALISTA SENIOR DE GESTION;ANALISTA DE GESTION EMPRESARIAL
951;COORDINADOR DE BIENESTAR ESTUDIANTIL;ASISTENTE BIENESTAR ESTUDIANTIL
952;ASISTENTE AUXILIAR CONTABLE;AUXILIAR / AYUDANTE CONTABLE
953;COORDINADOR DE COMPENSACION Y BENEFICIOS;COORDINADOR COMPENSACIONES
954;SUPERVISOR SEGURIDAD FISICA;SUPERVISORES DE SEGURIDAD FISICA
955;COORDINADOR DE VALIDACIONES;COORDINADOR DE CALIFICACIONES Y VALIDACIONES
956;AUXILIAR DE METALMECANICA;AUXILIAR DE MECANICA
957;EJECUTIVA DE VENTAS;EJECUTIVA DE VENTAS CORPORATIVO
958;AUXILIAR DE MECANICA;MECANICO DE EQUIPOS AUXILIARES
959;JEFE CONTABLE;JEFE ADM. CONTABLE
960;AUXILIAR DE VENTAS;AUXILIAR DE COMERCIALIZACION
961;ADMINISTRADOR DE RIESGO;ADMINISTRADOR DE RIESGO INTEGRAL
962;ANALISTA DE NOMINA Y TALENTO HUMANO;COORDINADOR DE NOMINA Y TALENTO HUMANO
963;SUPERVISOR DE PRODUCTO;SUPERVISOR DE ELABORACION
964;EJECUTIVO COMERCIAL SR;EJECUTIVO COMERCIAL INDIVIDUAL
965;ASESOR MOSTRADOR REPUESTOS;ASESOR COMERCIAL REPUESTOS MOSTRADOR
966;ASISTENTE DE GESTION DE TALENTO HUMANO;ASISTENTE DE TALENTO HUMANO Y PROCESOS
967;COORDINADOR DE INFRAESTRUCTURA Y REDES;JEFE DE INFRAESTRUCTURA Y REDES
968;LIMPIEZA Y MENSAJERIA;LIMPIEZA / MENSAJERIA
969;DISENADOR GRAFICO JUNIOR;DISENADOR GRAFICO JR
970;ASISTENTE COMERCIAL DE VENTAS;ASISTENTE COMERCIAL Y COMPRAS
971;JEFE BODEGA Y LOGISTICA;JEFE NACIONAL BODEGA Y LOGISTICA
972;GERENTE DE SEGURIDAD FISICA;GERENTE DE SEGURIDAD INDUSTRIAL Y FISICA
973;JEFE DE CUMPLIMIENTO;JEFE DE CUMPLIMIENTO 1
974;AYUDANTE DEL SECTOR METALMECANICO 103;AYUDANTE DEL SECTOR METALMECANICO 139
975;COORDINADOR DE MERCADEO Y COMUNICACION;COORDINADOR MERCADOTECNIA
976;GERENTE DE IMPORTACION;GERENTE DE EXPORTACION
977;COORDINADOR DE COBROS Y PAGOS;COORDINADORA DE COBRANZAS Y PAGOS
978;GERENTE DE ASEG. CALIDAD;JEFE DE ASEG DE CALIDAD Y
979;JEFE (A) CUENTAS;JEFE CUENTAS ASOCIADAS
980;TECNICO DE REFRIGERACION Y COCINAS;TECNICO ESPECIALISTA EN REFRIGERACION
981;RESPONSABLE DE SEGURIDAD INDUSTRIAL;RESPONSABLE SEGURIDAD DEL TRABAJO
982;AUXILIAR DE ARCHIVO Y SERVICIOS;AUXILIAR DE MENSAJERIA Y ARCHIVO
983;ASESOR COMERCIAL / SUPERVISOR QUITO;ASISTENTE COMERCIAL QUITO
984;ASISTENTE DE DISENO 1;ASISTENTE DE DISENO B
985;ASIST. DISENO ESTRUCT.;ASIST. DISENO ESTRUCTURAL
986;DISENADOR MECANICO;DISENADOR MECANICO JR.
987;AYUDANTE ADM PRODUCCION;AYUDANTE DE INSUMOS DE PRODUCCION
988;AUXILIAR DE BAR;AYUDANTE DE BAR
989;ANALISTA DE PLANEACION FINANCIERA SENIOR;ANALISTA DE PLANEACION FINANCIERA JUNIOR
990;SUPERVISOR DE PATIO;SUPERVISOR PATIO DE MADERA
991;ASESOR DE DISTRIBUIDORES;ASESOR TECNICO COMERCIAL DISTRIBUCION
992;COORDINADOR, PLANEACION FINANCIERA;PLANNER FINANCIERO
993;AUXILIAE DE SERVICIOS GENERALES;ADM. AUXILIAR DE SERVICIOS GENERALES
994;SUBGERENTE COMERCIAL NACIONAL;SUBGERENTE DE VENTAS NACIONAL
995;ASISTENTE CONTROL CALIDAD;ASISTENTE ( CONT. CALIDAD )
996;JEFE DE PRODUCTO 1;JEFE DE PRODUCTO 3
997;OFICINISTA 1;OFICINISTA 2 CO
998;ESPECIALISTA DE MARKETING Y COMUNICACION;ESPECIALISTA DE SERVICIOS DE MARKETING
999;EJECUTIVO DE PROYECTOS Y PROCESOS;SUBGERENTE DE PROCESOS Y PROYECTOS
1000;COORD. DE MANTENIMIENTO;CONSERJE DE MANTENIMIENTO
1001;AUXILIAR DE MARKETING;AUXILIAR DE COMERCIALIZACION
1002;EJECUTIVO BACK OFFICE;EJECUTIVA DE BACK OFFICE
1003;COORDINADOR SENIOR DE CONTROL DE COSTOS;JEFE SENIOR DE COSTOS
1004;REPUESTOS;VENTA DE REPUESTOS
1005;ANALISTA DE DATOS Y PROCESOS;ANALISTA DE PROCESOS SENIOR
1006;GERENTE DE VENTAS;GERENTE OPERATIVO Y VENTAS
1007;JEFE DE PLANIFICACION LOGISTICA;COORDINADOR DE LOGISTICA (PLANIFICACION INDUSTRIAL)
1008;COORDINADOR CALL CENTER CORPORATIVO;COORDINADOR CALL CENTER
1009;JEFE DE VENTAS DE DISTRIBUCION;JEFE VENTAS (DIRECTORES DE VENTAS, COMERCIALIZACION Y DESARROLLO)
1010;ANALISTA DE COMUNICACION INTERNA;ANALISTA DE COMUNICACION ORGANIZACIONAL
1011;TECNICO DE CAMPO;TECNICO DE MAN. CAMPO
1012;COORDINADOR(A) NACIONAL DEL SGI;DIRECTOR(A) NACIONAL DEL SGI
1013;COORDINADOR DE LIQUIDACION;COORDINADOR DE LIQUIDACION Y FACTURACION
1014;OPERADOR DE BUQUE TANQUE;OPERADOR DE TANQUERO
1015;ASESORA LEGAL;ASESORIA LEGAL
1016;ASISTENTE DE RRHH;COORDINADOR DE RRHH
1017;ASISTENTE DE INFORMATICA;ASISTENTE DE TECNOLOGIA, INFORMATICA Y C
1018;AUX. DE LABORATORIO;AUXILIAR DE LABORATO
1019;JEFE DE MANTENIMIENTO Y TALLER;JEFE DE TALLER Y MANUFACTURA
1020;EJECUTIVA COMERCIAL SENIOR;EJECUTIVA / O COMERCIAL CORPORATIVO SENIOR
1021;ASISTENTE DE LEGAL;ASISTENTE LEGAL Y CUMPLIMIENTO
1022;ANALISTA CONTABILIDAD E IMPUESTOS;ANALISTA DE CONTABILIDAD PL
1023;1 LANCHERO;1ER LANCHERO
1024;EJECUTIVO DE NEGOCIOS JUNIOR;EJECUTIVO JUNIOR DE NEGOCIACION Y COSTEO
1025;ASESOR TECNICO COMERCIAL E;ESPECIALISTA TECNICO COMERCIAL
1026;CHOFER PARA CAMIONES;CHOFER DE CAMIONES HASTA 3,5 TONELADAS
1027;MARKETING Y PUBLICIDAD;MARKETING-PUBLICIDAD
1028;GERENTE DE MERCADEO;GERENTE SENIOR DE MERCADEO
1029;ASISTENTE ADMINISTRACION Y LOGISTICA;ASISTENTE SISTEMAS Y LOGISTICA
1030;GERENTE DE COMERCIO Y LOGISTICA;GERENTE DE LOGISTICA/ COMEX
1031;GERENTE DE TRANSFORMACION E INNOVACION;GERENTE DE TRANSFORMACION INTEGRAL
1032;TECNICO DE SEGURIDAD ELECTRONICA;ASISTENTE SEGURIDAD ELECTRONICA
1033;SUPERVISOR CALIDAD Y MATERIA PRIMA;COORDINADOR DE CALIDAD DE MATERIA PRIMA
1034;JEFE DE AREA;COORDINADOR DE AREA
1035;ANALISTA DE PLANEAMIENTO Y CONTROL FINANCIERO;ANALISTA DE PLANIFICACION FINANCIERA Y DATOS
1036;JEFE DE TOPOGRAFIA;COORDINADOR JUNIOR DE TOPOGRAFIA
1037;GERENTE DE GESTION ESTRATEGICA COMERCIAL;JEFE DE ESTRATEGIA COMERCIAL
1038;AUXILIAR DE CAMPO;ASISTENTE DE CAMPO AGROFORESTAL
1039;JEFE DE SANIDAD VEGETAL;JEFE DE SANIDAD VEGETAL Y MANTENIMIENTO
1040;ANALISTA DE SELECCION Y DH;ANALISTA DE SELECCION Y DO
1041;OPERADOR TECNICO;OPERADOR TECNICO JR.
1042;ASISTENTE DE SEGURIDAD DE INFORMACION;ESPECIALISTA DE SEGURIDAD DE LA INFORMAC
1043;JEFE DE VISUAL MERCHANDISING;JEFE DE VISUAL MERCHANDISING TIENDAS
1044;IMPULSADORA - MERCADERISTA;IMPULSADOR MERCADERISTA
1045;ASISTENTE CONTABLE Y TRIBUTARIO;COORDINADOR CONTABLE Y TRIBUTARIO
1046;GERENTE MANTENIMIENTO Y OPERACIONES;GERENTE TECNICO & OPERACIONES
1047;ANALISTA DE PLANEAMIENTO Y CONTROL FINANCIERO;DIRECTOR DE PLANIFICACION FINANCIERA
1048;GERENTE SUCURSAL;GERENTE ADM SUCURSAL
1049;JEFE DE PLANEAMIENTO;COORDINADOR PLANIFICACION
1050;BODEGUERO DE FORROS QUITO;BODEGUERO QUITO
1051;ANALISTA DE CONTROL DE ACTIVOS;ANALISTA ADM Y DE ACTIVOS FIJO
1052;INGENIERO DE PRODUCCI�N SENIOR;INGENIERO DE PLANTA SENIOR
1053;ANALISTA DE ASUNTOS REGULATORIOS III;ANALISTA DE ASUNTOS REGULATORIOS MASIVOS
1054;COORDINADOR DE BODEGAS;COORDINADOR GENERAL DE BODEGAS
1055;COORDINADOR DE MARCA Y COMUNICACION;COORDINADOR DE BRANDING Y COMUNICACION
1056;ASISTENTE FINANCIERO - CONTABILIDAD;COORDINADOR FINANCIERO Y CONTABLE
1057;ASISTENTE DE GERENCIA;ASISTENTE DE GERENCIA Y VENTA S
1058;ASISTENTE ADMINISTRACION COMERCIAL;ASISTENTE DE DIRECCION COMERCIAL
1059;AUXILIAR DE BODEGA;AUXILIAR DE BODEGA V
1060;COORDINADOR DE PLANIFICACION Y CONTROL;COORDINADOR SENIOR DE PLANIFICACION Y CONTROL
1061;GERENTE DE CUENTAS ESPECIALES;JEFE DE CUENTAS ESPECIALES
1062;GERENTE DE VENTAS VEHICULOS;JEFE DE VENTAS VEHICULOS
1063;JEFE DE LOCAL;JEFE DE LOCALES JUNIOR
1064;GERENTE DE SERVICIOS DE OPERACIONES;GERENTE DE OPERACIONES Y COMERCIALIZ.
1065;JEFE DE IMPORTACIONES Y PLANEACION DE LA DEMANDA;JEFE REGIONAL DE IMPORTACIONES Y DEMANDA
1066;COORDINADOR DE INFRAESTRUCTURA TECNOLOGICA;COORDINADOR TECNICO INFRAESTRUCTURA Y SERV. ADM.
1067;AUXILIAR DE MONITOREO;AUXILIAR DE MONITOREO DE CAMARAS
1068;SUPERVISOR MANTENIMIENTO ELECTROMECANICO;SUPERVISOR DE MANTENIMIENTO CIRCULAR
1069;GERENTE OPERATIVO Y VENTAS;JEFE DE OPERACIONES Y VENTAS
1070;ASISTENTE ADM CONTABLE;ASISTENTE ADMS-CONTABLE
1071;GERENTE CUENTAS CORPORATIVAS;LIDER DE CUENTAS CORPORATIVAS
1072;JEFE DE PUBLICIDAD Y COMUNICACION;JEFE DE PUBLICIDAD Y RESPONSABILIDAD SOCIAL
1073;DIRECTOR TECNICO Y SUB JEFE DE PRODUCCION;DIRECTORA TECNICA - JEFE DE PRODUCCION
1074;ANALISTA FINANCIERO JUNIOR;ANALISTA DE PLANEACION FINANCIERA JUNIOR
1075;SUPERVISOR (A) SERVICIO AL CLIENTE;SUPERVISOR GESTION AL CLIENTE
1076;JEFE DE CUMPLIMIENTO NORMATIVO Y LEGAL;JEFE DE LEGAL Y COMPLIENCE
1077;COORDINADOR TRADE MARKETING;EC_COORDINADOR TRADE MARKETING
1078;AUXILIAR DE AULA;ASISTENTE DE AULA
1079;AUDITOR INTERNO SENIOR;AUDITOR INTERNO SUPERVISOR
1080;ESPECIALISTA DE INFORMACION COMERCIAL;ESPECIALISTA DE INFORMACION COMERCIAL REGIONAL
1081;ASISTENTE DE INFRAESTRUCTURA Y SOPORTE;ASISTENTE TECNICO DE INFRAESTRUCTURA
1082;SUPERVISOR DE CONSTRUCCION;SUPERVISOR DE CONSTRUCCIONES Y MANTENIMIENTO
1083;BRAND ANALYST;SENIOR ANALYST, BRAND MANAGEMENT
1084;JEFE DE DISTRITO;JEFE DE DISTRITO (MD)
1085;ASISTENTE TECNICO DE INFRAESTRUCTURA;ASISTENTE DE INFRAESTRUCTURA Y PROYECTOS
1086;ANALISTA SENIOR, DESARROLLO DE NEGOCIOS;ANALISTA DE BUSINESS DEVELOPMENT SENIOR
1087;ASESOR DE CREDITO TRADICIONAL;ASISTENTE DE CREDITO TRADICIONAL
1088;ASISTENTE DE DISTRIBUCION/TRANSPORTE;ASISTENTE DE LOGISTICA DELIVERY
1089;TECNICO ELECTRONICO;TECNICO ELECTRONICO INDUSTRIAL
1090;ARMADOR DE AIREADORES;TECNICO DE AIREADORES
1091;ASISTENTE DE GESTION ACADEMICA;ASISTENTE DE PROGRAMACION ACADEMICA
1092;ASISTENTE DE TECNICO EN SISTEMAS;ASISTENTE DE TECNOLOGIA Y SISTEMAS
1093;LIDER DE TALENTO HUMANO;PROFESIONAL DE TALENTO HUMANO
1094;ENCARGADO OPERACIONES;TERCER ENCARGADO DE OPERACIONES
1095;RESPONSABLE DE MARKETING;RESPONSABLE DE MARKETING Y COMUNICACIONES
1096;AUXILIAR DE PROVEEDURIA;AUXILIAR DE PROVEEDORES
1097;ASISTENTE HSEQ;ASISTENTE HESQ
1098;COORDINADOR DE EXCELENCIA OPERACIONAL;COORDINADOR DE EXCELENCIA DE SERVICIO
1099;ASISTENTE CONTROL OPERATIVO;ASISTENTE ADMINISTRATIVO DE CONTROL DE LA OPERACION
1100;ANALISTA LOGISTICA DELIVERY;ANALISTA LOGISTICA EXTERNA
1101;ASESOR COMERCIAL CORPORATIVO;ASESOR CORPORATIVO
1102;AUXILIAR DE SERVICIOS GENERALES-CHOFER;AYUDANTE DE OPERACIONES - CHOFER
1103;RESPONSABLE DE TESORERIA;DIRECTOR DE TESORERIA
1104;ASISTENTE ADMINSTRATIVO;ASISTENTE DE GERENCIA / GERENTE ADMINISTRATIVA
1105;TECNICO DE COMPRA;ESPECIALISTA TECNICO DE COMPRAS
1106;SUB GERENTE FINANCIERA;SUBGERENTE FINANCIERO Y CONTABLE
1107;TECNICO DE MANTENIMIENTO JR;INGENIERO DE MANTENIMIENTO JR
1108;JEFE DE ENTRENAMIENTO TECNICO;LIDER DE ENTRENAMIENTO TECNICO
1109;JEFE COMERCIAL DE OPERACIONES;JEFE COMPRAS ESTRATEG. Y OPERACIONES
1110;AUXILIAR DE CONTABILIDAD Y FACTURACION;AUXILIAR DE CONTABILIDAD Y TESORERIA
1111;GERENTE COMERCIAL Y MARKETING;GERENTE DE MARKETING Y ASUNTOS CORPORATIVOS
1112;EJECUTIVO TECNICO;EJECUTIVO TECNICO DE SERVICIO
1113;DIRECTOR DE POSTCOSECHA;GERENTE DE POSTCOSECHA
1114;AUXILIAR ADMINISTRATIVA FINANCIERA;ASISTENTE FINANCIERA/ADMINISTRATIVA
1115;ANALISTA DE VALIDACION Y METROLOGIA;ANALISTA DE VALIDACION JUNIOR
1116;GERENTE DE AUDITORIA Y CUMPLIMIENTO;COORDINADOR DE AUDITORIA Y CUMPLIMIENTO
1117;CREDITO Y COBRANZAS;CREDITOS Y COBROS
1118;ESPECIALISTA CALIDAD;ESPECIALISTA DE SISTEMAS DE CALIDAD
1119;ANALISTA COORDINACION Y SERVICIOS;ANALISTA DE COORDINACION
1120;TECNICO DE SEGURIDAD Y PREVENCION RIESGOS;TECNICO DE SEGURIDAD, SALUD Y PROCESOS
1121;AUX. ADMINISTRATIVO (F);AUXILIAR ADMINISTRATIVO (E)
1122;ENCARGADO OPERATIVO BODEGA;OPERADOR DE BODEGA/OFICINA
1123;SUPERVISOR DE GARANTIAS;SUPERVISOR SERVICIOS Y GARANTIAS
1124;TECNICO DE SALUD Y SEGURIDAD;TECNICO DE SEGURIDAD, SALUD Y PROCESOS
1125;JEFE DE INFRAESTRUCTURA Y COMUNICACIONES;JEFE DE INFRAESTRUCTURA Y REDES
1126;AUXILIAR DE SERVICIOS GENERALES OPERACIONES;AUXILIAR DE SERVICIOS EN GENERAL (ACTIVOS FIJOS)
1127;ANALISTA DE MONITOREO;ANALISTA DE GESTION Y MONITOREO
1128;ESPECIALISTA DE PLANF. DE MANTENIMIENTO;INGENIERO DE PLANEACION DE MANTENIMIENTO
1129;JEFE DE CAMPO;JEFE DE OPERACIONES DE CAMPO
1130;JEFE DE EXCELENCIA OPERACIONAL;COORDINADOR EXCELENCIA OPERACIONAL
1131;COUNTRY SALES MANAGER;SALES ASSOC COUNTRY MANAGER
1132;ASISTENTE DE DISENO;ASISTENTE DE DISENO 1
1133;PROFESORES CON TITULO DE CUARTO NIVEL;PROFESOR CON TITULO DE CUARTO NIVEL
1134;ANALISTA DE CONTROL INTERNO JUNIOR;ANALISTA DE CONTROL INTERNO Y CONTROL DE ACTIVOS
1135;ASISTENTE DE RECURSOS HUMANOS;ASISTENTE DE RECURSOS HUMANOS B
1136;ASISTENTE DE PUBLICIDAD;ASISTENTE DE PUBLICIDAD/VENTAS
1137;ANALISTA SENIOR GESTION DE RIESGOS Y CUMPLIMIENTO;ANALISTA SENIOR RIESGOS OPERACIONALES
1138;SUPERVISOR DE DESCABEZADO;SUPERVISOR DESCABEZADO
1139;COORDINADOR DE FIDELIZACION;ASESOR DE FIDELIZACION
1140;JEFE DE INTELIGENCIA DE NEGOCIOS;JEFE DE INTELIGENCIA Y ANALITICA DE NEGOCIO
1141;FINANCIAL PLANNING & ANALYSIS ANALYST;FINANCIAL PLANNING & ANALYSIS MANAGER
1142;COORDINADOR DE PROCESOS Y PROYECTOS;COORDINADOR DE PLANIFICACION Y PROCESOS
1143;SUPERVISOR DE AREA VERDE;JEFE DE AREAS VERDES
1144;ANALISTA N1 SOC;ANALISTA N2 SOC
1145;ASISTENTE AUXILIAR DE CONTABILIDAD;AUXILIAR DE CONTABILIDAD (E)
1146;ANALISTA DE PLANEAMIENTO Y CONTROL FINANCIERO;COORDINADOR DE CONTROL Y PLANEAMIENTO FINANCIERO
1147;SERVICIO AL CLIENTE 1;SERVICIO AL CLIENTE 3
1148;ANALISTA DESARROLLO;ANALISTA DESARROLLO JR.
1149;EJECUTIVO DE CUENTA JR;EJECUTIVA DE CUENTA JUNIOR
1150;AUXILIAR DE BODEGA MATERIA PRIMA;AUXILIAR DE BODEGA MT
1151;JEFE DE PROYECTOS Y OPERACIONES;JEFE DE COMPRAS Y PROYECTOS
1152;ANALISTA EN INTELIGENCIA ARTIFICIAL;ESPECIALISTA EN INTELIGENCIA ARTIFICIAL
1153;COORDINADOR DE PLANIFICACION DE PROYECTOS;JEFE PLANIFICACION CONTROL COSTOS PROYECTOS
1154;INGENIERO DE DATOS E INFRAESTRUCTURA;INGENIERO DE INFRAESTRUCTURA IT
1155;JEFE ASEGURAMIENTO CALIDAD Y LABORATORIO;GESTOR DE CALIDAD LABORATORIO
1156;JEFE DE SELECCION Y EVALUACION;JEFE DE SELECCION Y FORMACION
1157;EJECUTIVO(A) DE RENOVACIONES;ASISTENTE DE RENOVACIONES
1158;PESADOR CAJAS;PESADOR DE CAJAS
1159;GERENTE DIV. SEMILLAS;JEFE DIV. SEMILLAS
1160;AUXILIAR DE SERVICIOS GENERALES (UIO);AUXILIAR ADMINISTRATIVO (UIO)
1161;JEFE CREDITO Y CARTERA;SUPERVISOR DE CARTERA Y CREDITO
1162;ASISTENTE DE PROCESO;ASISTENTE GESTION DE PROCESOS
1163;SENIOR CONTABLE;SENIOR CONTABLE A
1164;INGENIERO INSPECTOR DE PROYECTOS 172;INGENIERO INSPECTOR DE PROYECTOS 216
1165;COORDINADOR DE GESTION DE TALENTO;JEFE DE GESTION DEL TALENTO
1166;ESPECIALISTA DE RIESGO;ESPECIALISTA TECNICO DE RIESGOS
1167;COORDINADOR DE CANALES;COORDINADOR DE CANALES MASIVOS
1168;4. AYUDANTE DE PERFORISTA;4.AYUDANTEDEPERFORISTA
1169;GERENTE ZONA 1;GERENTE ZONA 2
1170;SUPERVISOR DE ATENCION AL CLIENTE;SUPERVISOR DE ATENCION AL USUARIO
1171;TECNICO DE LLAVES HIDRAULICAS;TECNICO MANTENIMIENTO DE LLAVES HIDRAULICAS
1172;GERENTE / AFINES;GERENTES Y/0 AFINES
1173;ESPECIALISTA DE ADQUISICIONES Y LOGISTICA;ESPECIALISTA DE COMPRAS, ACTIVOS Y LOGISTICA
1174;ESPECIALISTA DE RECLUTAMIENTO Y SELECCIO;ESPECIALISTA RECLUTAMIENTO, TALENTO Y EN
1175;DIRECTOR DE PSICOLOGIA;RESPONSABLE DE PSICOLOGIA
1176;JEFE DE SELECCION;JEFE DE SELECCION Y FORMACION
1177;JEFE DE DESARROLLO ORGANIZACIO;JEFE DE DESARROLLO ORGANIZACIONAL Y SELE
1178;COORDINADORA DE ATENCION AL PACIENTE;COORDINADORA DE ATENCION Y EXPERIENCIA DEL PACIENTE
1179;ENTRENADOR DE MINA;ENTRENADOR ELECTRICO DE MINA
1180;AUXILIAR DE LABORATORIO CLINICO;ASISTENTE TECNICO DE LABORATORIO
1181;AYUDANTE DE IMPRENTA;AYUDANTE DE MAQUINA IMPRESORA
1182;OFICIAL DE CUMPLIMIENTO (SUPLENTE);OFICIAL DE CUMPLIMIENTO (PRINCIPAL)
1183;ANALISTA CORPORATIVO DE MARKETING;ANALISTA DE MARKETING E IMAGEN CORPORATIVA
1184;JEFE DE VENTA;JEFE VENTA
1185;ASISTENTE DE SOPORTE A USUARIOS;JEFE DE SOPORTE A USUARIOS
1186;SUPERVISOR DE GESTION AMBIENTAL;SUBGERENTE DE GESTION DE AMBIENTE
1187;ESPECIALISTA DE TRANSFORMACION DIGITAL;ESPECIALISTA DE DATOS Y TRANSFORMACION DIGITAL
1188;JEFE DE MARKETING DIGITAL Y COMUNICACIONES;JEFE DE COMUNICACIONES Y SERVICIOS DIGITALES
1189;COORDINADOR DE PLANIFICACION Y ASEGURAMIENTO DE LA CALIDAD;DIRECTOR DE PLANIFICACION Y ASEGURAMIENTO DE LA CALIDAD
1190;COORDINADORA DE PASTORAL - DOCENTE;DOCENTE/PASTORAL/ COORDINADOR
1191;JEFE DE SEGURIDAD,SALUD,AMBIENTE Y CALIDAD;JEFE DE SEGURIDAD Y SALUD EN EL TRABAJO
1192;EJECUTIVO ADMINISTRATIVO SENIOR;EJECUTIVO ADMINISTRATIVO JUNIOR
1193;TRABAJADOR ACUICOLA;TRABAJADOR ACUICOLA-ATARRAYADOR
1194;COORDINADOR DE ALMACEN Y LOGISTICA;COORDINADOR DE LOGISTICA Y ENTREGA CORPORATIVA
1195;GERENTE DE MARKETING ESTRATEGICO;GERENTE DE MARKETING Y ALIANZAS ESTRATEGICAS
1196;SOLDADOR 3;3. SOLDADOR
1197;COORDINADOR DE SEGURIDAD FISICA INTEGRAL;COORDINADOR SENIOR DE SEGURIDAD FISICA
1198;COORDINADOR DE INFRAESTRUCTURA Y COMUNICACIONES;COORDINADOR(A) DE INFRAESTRUCTURA INFOR.
1199;COORDINADOR DE TALLER MECANICO;COORDINADOR TALLER MECANICO
1200;ESPECIALISTA DE GESTION DE IDENTIDADES Y SOPORTE A USUARIOS;ESPECIALISTA GESTION DE IDENTIDADES
1201;TECNICO DE SEGURIDAD SALUD OCUPACIONAL Y AMBIENTE;OFICIAL TECNICO DE SEGURIDAD Y SALUD OCUPACIONAL
1202;GERENTE TRANSFORMACION DE PROCESOS;JEFE DE TRANSFORMACION DE PROCESOS
1203;COORDINADOR SISTEMA DE GESTION & MEJORA CONTINUA;SUPERVISOR DE CONTROL Y MEJORA CONTINUA
1204;AUXILIAR DE SERVIC.;AUXILIAR DE SERVICIOS (E.)
1205;ANALISTA OPERATIVO TARJETA DE CREDITO;ANALISTA OPERATIVO TARJETA DE CREDITO - PROCESOS
1206;ASISTENTE ADMINISTRATIVO DE COBRANZA;ASISTENTE ADMINISTRATIVO COBRADOR
1207;ASISTENTE DE BODEGA DE SUMINISTROS;ASISTENTE DE VENTAS Y BODEGA
1208;COORDINADOR DE INVESTIGACION;COORDINADOR DE INVESTIGACION, DESARROLLO Y EMPAQUES
1209;COORDINADOR DE CONTROL DE PRODUCCION;JEFE DE CONTROL DE PRODUCCION
1210;MANTENIMIENTO-TRABAJADOR GENERAL 1;MANTENIMIENTO-TRABAJADOR GENERAL 5
1211;ANALISTA INFORMACION Y SOPORTE SISTEMAS;ANALISTA DE SISTEMA/TECNICO
1212;SUPERVISOR DE RELACIONES COMUNITARIAS;JEFE DE RELACIONES COMUNITARIAS
1213;JEFE DE AUDITORIA Y CALIDAD;JEFE AUDITORIA ADMINISTRATIVA
1214;AUXILIAR 2 DE VENTAS;AUXILIAR 2 DE VENTAS AQ1
1215;JEFE DE CONTROL Y CORDINACION FINANCIERA;COORDINADOR DE CONTROL Y PLANEAMIENTO FINANCIERO
1216;GERENTE DE LOGISTICA Y DISTRIBUCION;GERENTE DE LOGISTICA Y PLANIFICACION DE LA DEMANDA
1217;INSPECTOR DE CALIDAD;INSPECTOR DE CALIDAD ENTRADA
1218;BODEGA CHOFER;CHOFER BODEGA
1219;OPERADOR DE MONITOREO;OPERADOR DE MONITOREO ONSITE
1220;DIRECTOR COMERCIAL Y TECNOLOGICO;DIRECTOR TECNICO COMERCIAL
1221;COORDINADOR OPERATIVO DE PROYECTOS;COORDINADOR GENERAL DE PROYECTOS
1222;ASESOR DE SERVICIOS B;ASESOR DE SERVICIOS A
1223;OFICIAL DE ALBANIL;OFICIAL DE ALBANILERIA
1224;COORDINADOR CARTERA;COORDINADOR DE CARTERA Y COBRANZAS
1225;AUXILIAR DE ENFERMERIA 1;AUXILIAR DE ENFERMERIA DE HOSP H-1
1226;ANALISTA JR. DE CUMPLIMIENTO;ASISTENTE JUNIOR DE CUMPLIMIENTO
1227;AYUDANTE PESAJE 1 PIFO;AYUDANTES 1 DE EMPAQUE PIFO
1228;COORDINADOR LOGISTICA Y PLANEACION;COORDINADOR DE CONTROL LOGISTICO
1229;AUXILIAR DE METALMECANICA;AYUDANTE DE METALMECANICA
1230;ASISTENTA DE FACTURACION;ASISTENTE DE FACTURACION S. SR
1231;SUPERVISOR MANTENIMIENTO INDUSTRIAL;SUPERVISOR DE MANTENIMIENTO IN
1232;JEFE OYM RED DE ACCESOS;INGENIERO OYM RED DE ACCESOS
1233;OPERARIO DE MAQUINARIA;OPERADOR DE MAQ. (AYUDANTE MECANICA)
1234;EJECUTIVO DE COMUNICACION;EJECUTIVO(A) DE COMUNICACIONES
1235;ASISTENTE DE TECNICO EN SISTEMAS;ASISTENTE JUNIOR DE SISTEMAS
1236;OPERADOR DE RECEPCION DE GRANOS Y LIQUIDOS;OPERADOR DE RECEPCION DE LIQUIDOS
1237;ANALISTA DE EXPORTACION E IMPORTACION;ANALISTA COMERCIAL Y DE IMPORTACIONES
1238;AUXILIAR DE IMPRENTA;ASISTENTE DE IMPRESION
1239;JEFE COMERCIAL DE CREDITO;JEFE DE CREDITO Y NEGOCIOS
1240;JEFE DE DESARROLLO COMERCIAL;JEFE DE DESARROLLO TECNICO COMERCIAL
1241;TECNICO DE PRODUCCION;ASISTENTE TECNICO DE PRODUCCION
1242;SECRETARIA GENERAL PROCURADORA;SECRETARIA DE PROCURADURIA
1243;OPERADOR BODEGAJE SIMPLE;OPERADOR DE CONTROL BODEGAJE SIMPLE
1244;JEFE DE PRESUPUESTO Y PLANIFIC;COORDINADOR DE PRESUPUESTO Y GASTOS
1245;SUPERVISOR DE CAMPO - MN1;SUPERVISOR DE CAMPO-MN2
1246;ASISTENTE ADM DE VENTAS;ASISTENTE GERENTE DE VENTAS
1247;AYUDANTE OPERARIO DE PLANTA;OPERADOR AUXILIAR DE PLANTA
1248;JEFE DE PRODUCTO;JEFE DE PRODUCTO CORPORATIVO
1249;GERENTE DE PROYECTOS DE MANTENIMIENTO DE PLANTA;TECNICO DE MANTENIMIENTO DE PLANTA
1250;ASSOCIATE;ASSOCIATE I
1251;ADMINISTRADOR DE FLOTA;COORDINADOR ADMINISTRATIVO DE FLOTA
1252;ASIST. DE PLANIFICACION;ASIST. PLANIFICACION (MD)
1253;COORDINADOR DE MARKETING Y PUBLICIDAD;COORDINADOR DE OPERACIONES DE MARKETING
1254;ANALISTA DE SERVICIOS GENERALES;ADM. AUXILIAR DE SERVICIOS GENERALES
1255;JEFE DE RECURSOS HUMANO;JEFE DE ADMINISTRACION DE MANO DE OBRA
1256;SUPERVISOR DE FIDELIZACION Y MIGRACION DE EQUIPOS;SUPERVISOR DE MIGRACION DE EQUIPOS
1257;COORDINADOR PROYECTO;COORDINADORA/ PROYECTO
1258;CONSULTOR TECNICO SAP TRAINEE;CONSULTOR TRAINEE SAP ABAP
1259;DIRECTOR ESTRATEGICO;DIRECTORA ESTRATEGICA
1260;ANALISTA DE SOPORTE TECNICO AL CLIENTE;ANALISTA DE TECNOLOGIA Y SOPORTE TECNICO
1261;HUMAN RESOURCES BUSINESS PARTNER;HRBP-HUMAN RESOURCES BUSINESS PARTNER
1262;GERENTE DE NUEVOS NEGOCIOS Y PROYECTOS;JEFE DE PROYECTOS Y NUEVO NEGOCIOS
1263;JEFE DE TERMOMECANICA;SUPERVISOR DE TERMOMECANICA
1264;SUPERVISOR DE LEGAL;SUPERVISOR DE LEGAL Y CUMPLIMIENTO
1265;JEFE DE PLATAFORMAS;COORDINADOR DE PLATAFORMAS DIGITALES
1266;RESPONSABLE DE AMBIENTE;RESPONSABLE DE GESTION AMBIENTAL
1267;DIRECTOR DE CARRERA DE ELECTRICIDAD;DIRECTOR DE CARRERA DE INGENIERIA ELECTRICA
1268;COORDINADOR DE COMPRAS DEL EXTERIOR;EC_COORDINADOR DE COMERCIO EXTERIOR
1269;AUXILIAR CONTABILIDAD;AUXILIAR DE CONTABILIDAD (E)
1270;EMPLEADO DE MANTENIMIENTO;ASISTENTE TECNICO DE MANTENIMI
1271;ASISTENTE DE LOGISTICA (SERVICIO AL CLIENTE);GERENTE DE OPERACIONES LOGISTICAS Y SERV AL CLIENTE
1272;EJECUTIVO JR;EJECUTIVO SR.
1273;JEFE DE EMPAQUE;JEFE EMPAQUE
1274;ASIST. COMERCIAL (R);ASIST.ADM.COMERCIAL
1275;AYUDANTE SOLDADOR;AYUD. SOLDADOR
1276;ASISTENTE ADMINISTRATIVO MENSAJERIA;ASISTENTE OFICINA - MENSAJERO
1277;EJECUTIVO COMERCIAL CORPORATIVO;EJECUTIVA EN EL AREA COMERCIAL
1278;CULTIVO MO. BLOQUE 07;CULTIVO MO. BLOQUE 09
1279;ANALISTA DE CONTROL;ANALISTA DE CONTROL DE CA
1280;ASISTENTE POLIFUNCIONAL;AYUDANTE POLIFUNCIONAL
1281;OVS PROCESO 3;OVS 3 PROCESO L2
1282;JEFE DE PLANEACION FINANCIERA;DIRECTOR DE PLANEACION FINANCIERA
1283;COORDINADOR CORPORATIVO DE MANTENIMIENTO;COORDINADOR/A OPERATIVO/A DE MANTENIMIENTO
1284;ASISTENTE DE LOGISTICA Y OPERACIONES;ASISTENTE DE LOGISTICA Y SEGURIDAD
1285;COMPRADOR DE PESCA;COMPRADOR PESCADO
1286;ANALISTA Y SOPORTE SISTEMAS;AYUDANTE DE SISTEMAS
1287;ASISTENTE / AYUDANTE / AUXILIAR DE SERVICIOS TECNICO;ASISTENTE /AYUDANTE/SERVICIOS EN GENERAL
1288;GERENTE DE SERVICIO;GERENTE DE SERVICIO TECNICO
1289;OBRERO DE PLANTA;TRABAJADOR DE PLANTA
1290;ASISTENTE 1 DE AUDITORIA;ASISTENTE DE AUDITORIA TECNICA
1291;COORDINADOR DE PLANEACION Y ABASTECIMIENTO;ASISTENTE DE PLANEACION DE ABASTECIMIENTO
1292;COORDINADOR DE PROYECTOS DE GESTION Y PLANIFICACION;GERENTE PLANIFICACION Y DESARROLLO
1293;ASISTENTE ADMINISTRA;ADMINISTRADOR ASISTENTE
1294;AYUDANTE DE OFICINA;AYUDANTE DE OFICINA PLANTA
1295;JEFE DE ADMINISTRACION Y PLANIFICACION ESTRATEGICA;JEFE DE ANALISIS Y PLANIFICACION
1296;ASISTENDE ADMINISTRATIVO;ASISTENTE ADMINISTRATIVO M
1297;ANALISTA DE ASC INSPECCION PROCESOS;INSPECTOR DE ASC INSPECCION PROCESO
1298;FIELD SERVICE ENGINEER;FIELD SERVICE ENGINEER SENIOR
1299;PROGRAMADOR DE MANTENIMIENTO;PROGRAMADOR DE REPUESTOS MANTENIMIENTO
1300;ANALISTA DE QA Y SOPORTE;ANALISTA DE SOPORTE Y CALIDAD
1301;COORDINADOR INDIVIDUOS Y SOCIEDADES/COORDINADOR PROYECTO PERSONAL/TUTORDOCENTE;COORDINADOR INDIVIDUOS Y SOCIEDADES/DOCENTE
1302;AYUDANTE DE TOPOGRAFIA;COORDINADOR JUNIOR DE TOPOGRAFIA
1303;DIGITADOR DE DESPACHO;DIGITADOR DE DESPACHO 1
1304;GERENTE DE OPERACIONES I;GERENTE SR DE OPERACIONES
1305;OPERADOR DE BOMBAS;OPERADOR - BOMBAS Y CISTERNAS
1306;ANALISTA DE RIESGO;ANALISTA DE RIESGOS SENIOR
1307;ASISTENTE DE PROGRAMACION ACADEMICA;COORDINADOR DE PROGRAMACION ACADEMICA
1308;JEFE DE VENTAS;JEFE DE VENTAS PROFESIONAL
1309;JEFE CORPORATIVO DE GESTION DE RIESGOS;JEFE DE RIESGOS INTEGRALES Y CUMPLIMIENTO
1310;ESPECIALISTA DE MARKETING DIGITAL;ESPECIALISTA DE MARKETING Y TRANSFORMACION DIGITAL
1311;ASISTENTE DE COUNTER;AUXILIAR DE COUNTER
1312;AGENTE CANAL TELEFONICO Y CHAT;AGENTE CANAL TELEFONICO Y CHAT TEMPORAL
1313;JEFE DE PLANIFICACION Y GESTION ESTRATEGICA;GERENTE DE CONTROL Y GESTION ESTRATEGICA
1314;ASISTENTE EJECUTIVA;ASISTENTE DE EJECUCIONES
1315;ASISTENTE DE BODEGA B;ASISTENTE DE BODEGA JR
1316;OPERADOR DE PLANTA DE AGUA;OPERADOR DE PLANTA DE AGUA RESIDUAL
1317;ANALISTA DE INVENTARIO;AUXILIAR DE INVENTARIO
1318;JEFE COMERCIAL REGIONAL COSTA;GERENTE COMERCIAL REGIONAL COSTA Y AUSTRO
1319;DIRECTOR MEDICO;DIRECTOR/A MEDICO
1320;AUXILIAR DE NUTRICION;ASISTENTE DE NUTRICION
1321;SUPERVISOR DE TRANSPORTE;SUPERVISOR DE MATERIALES Y TRANSPORTE
1322;GERENTE DE OPERACIONES LOGISTICAS Y SERV AL CLIENTE;GERENTE DE OPERACIONES, DISTRIBUCION Y LOGISTICA
1323;COORDINADOR DE TALLER;COORDINADOR TECNICO DE TALLER
1324;JEFE DE VENTAS UIO;SUPERVISOR DE VENTAS UIO
1325;JEFE INTERSERVICE;JEFE INTERSERVICE 1
1326;AUXILIAR BALCON DE SERVICIOS;COORDINADOR DE BALCON DE SERVICIOS
1327;ASISTENTE CONTROL INTERNO;ASISTENTE DE CONTROL
1328;JEFE MECANICO AUTOMOTRIZ;JEFE LINEA AUTOMOTRIZ
1329;ANALISTA MARKETING DIGITAL;ANALISTA JR DE MARKETING DIGITAL
1330;ASISTENTE COORDINACION;ASISTENTE DE COORDINADOR DE
1331;EJECUTIVO DESARROLLO DE NUEVOS NEGOCIOS;DIRECTOR DE NUEVOS NEGOCIOS
1332;GERENTE DE CULTURA Y DESARROLLO ORGANIZACIONAL;AUXILIAR DE CULTURA Y DESARROLLO ORGANIZACIONAL
1333;JEFE DE PRODUCTO REPUESTOS;JEFE DE REPUESTOS Y ACCESORIOS
1334;JEFE DE BUSINESS INTELLIGENCE Y ANALITIC;JEFE DE INTELIGENCIA Y ANALITICA DE NEGOCIO
1335;ASISTENTE / IMPORTACIONES;ASESOR DE IMPORTACIONES
1336;DIRECTOR DE CARRERA DE PSICOLOGIA;DIRECTOR DE MAESTRIA EN PSICOLOGIA
1337;ASISTENTE DE BODEGA/PRODUCCION;ASISTENTE DE BODEGA Y LOG
1338;SUPERVISOR DE PLANTA SEGUNDO TURNO;SUPERVISOR DE TURNO PLANTA
1339;COORDINADOR DIRECCION EJECUTIVA;COORDINADOR GERENCIA GENERAL Y COMITE EJECUTIVO
1340;GESTOR DE FLOTA;GESTOR INTEGRAL DE FLOTA
1341;SUPERVISOR ELECTRICO GENERAL;SUPERVISOR GENERAL ELECTRICO
1342;SUPERVISOR PUNTO DE VENTA;SUPERVISOR PUNTO VENTA
1343;JEFE CONTROL CALIDAD;JEFE DE CONTROL DE CALIDAD Y DESARROLLO
1344;PROFESOR DE SECUNDARIA;PROFESORA DE ENSENANZA SECUNDARIA
1345;GERENTE DE MARKETING DIGITAL;GERENTE DE VENTAS DIGITALES
1346;JEFE ADMINISTRATIVO DE VENTAS Y FACTURACION;JEFE DE PLANIFICACION DE VENTAS Y FACTURACION
1347;TECNICO DE MANTENIEMIENTO;TECNICO MANTANTENIMIENTO
1348;COORDINADOR DE RECURSOS PESQUEROS;JEFE DE RECURSOS PESQUEROS
1349;ROCK OPERATION ENGINEER JUNIOR;ROCK OPERATION JR ENGINEER
1350;SENIOR B;SEMI SENIOR B
1351;SUPERVISOR DE PRODUCCION/PROCESOS;SUPERVISOR DE PLANTA DE PRODUCCION
1352;TECNICO DE SOPORTE;TECNICO DE SOPORTE MEDIO
1353;SUPERVISOR DE LABORATORIO Y CONTROL DE CALIDAD;TECNICO SUPERVISOR/A DE LABORATORIO
1354;COORDINADOR DE PRESUPUESTO;COORDINADOR DE NOMINA Y PRESUPUESTO
1355;SUPERVISOR DE PLANIFICACION EN PRODUCCION;SUPERVISOR DE PRODUCCION RENDIMIENTOS
1356;AYUDANTE DE INVENTARIO Y BODEGA;SUPERVISOR DE INVENTARIO Y BODEGA
1357;TECNICO COMERCIAL;ESPECIALISTA TECNICO COMERCIAL
1358;GERENTE DE SEGUROS CORPORATIVOS PATRIMONIALES;JEFE DE SEGUROS CORPORATIVOS PATRIMONIALES
1359;JEFE COMERCIAL REGION COSTA;GERENTE COMERCIAL REGION COSTA
1360;VENDEDOR AUTOVENTA;VENDEDOR AYUDANTE AUTOVENTA
1361;SUPERVISOR DE MONITOREO;SUPERVISOR CENTRO DE MONITOREO
1362;OPERADOR DE MAQUINAS COMPLEJAS ALUMINIO;OPERADOR DE MAQUINAS SEMICOMPLEJAS ALUMINIO
1363;AUXILIAR SERVICIOS Y MANTENIMI;ASISTENTE MANTENIMIENTO SERVICIOS ADMIN
1364;COORDINADOR TECNICO AMBIENTAL;ASISTENTE TECNICO AMBIENTAL
1365;ASIETENTE CONTABLE;AISTENTE CONTABLE
1366;GERENTE DE EXPORTACION;GERENTE DE VENTAS EXPORT
1367;MESERO (A) EUROPA;MESERO (A) EUROPA 2
1368;COORDINADOR DE LA ESCUELA DE NEGOCIOS;DIRECTOR COMERCIAL DE LA ESCUELA DE NEGOCIOS
1369;ASISTENTE COMPRAS Y LOGISTICA;ASISTENTE COMEX Y COMPRAS
1370;JEFE DE ASEGURAMIENTO;JEFE DE ASEGURAMIENTO CORPORATIVO
1371;MONITORISTA DE PROCESO;MONITOR DE PROCESO
1372;ASISTENTE LIQUIDACIONES;AUXILIAR DE LIQUIDACION
1373;ANALISTA DE SOPORTE (TECNICO);ANALISTA DE SOPORTE DE COMUNICACIONES ESPECIALISTA
1374;SUPERVISOR DE SOPORTE;SUPERVISOR DE SOPORTE OPERATIVO
1375;ASISTENTE ADMINISTRATIVO DE CONTROL DE LA OPERACION;ASISTENTE DE CONTROL DE GESTION OPERACIONAL
1376;EJECUTIVO COMERCIAL TELEMERCADEO;EJECUTIVO DE TELEMARKETING
1377;TRABAJADOR ACUICOLA;TRABAJADOR ACUICOLA/ALIMENTADOR
1378;EJECUTIVO DE CREDITO Y COBRANZA JUNIOR;EJECUTIVO DE CREDITO Y COBRANZA SENIOR
1379;MEDICO PEDIATRA;MEDICO PEDIATRICO
1380;AYUDANTE DE LABORATORIO;ASISTENTE TECNICO DE LABORATORIO
1381;GERENTE DE FINANCIERO;GERENTE FINANCIERO ADMINISTRATIVO CORPORATIVO
1382;JEFE DE NEGOCIOS Y SERVICIOS;JEFE ADMINISTRATIVO DE NEGOCIOS
1383;JEFE DE TALENTO HUMANO;JEFE CORPORATIVO DE TALENTO HUMANO
1384;SUPERVISOR DE MANTENIMIENTO ELECTRICO;SUPERINTENDENTE DE MANTENIMIENTO ELECTRI
1385;SUPERVISOR LOGISTICA Y ALMACEN PT;SUPERVISOR DE LOGISTICA Y PLANILLA
1386;ASISTENTE CONTABLE SR;ASISTENTE CONTABLE MASTER
1387;AUXILIAR CONTABILIDAD;AUXILIAR ADMINISTRATIVO Y CONTABLE
1388;ASISTENTE DE REGULATORIOS;ASISTENTE DE PROCESOS Y ASUNTOS REGULATORIOS
1389;GERENTE DE CUENTA;GERENTE DE CUENTA / ACCOUNT MANAGER
1390;OPERATION MANAGER;OPERATIONS ASSISTANT MANAGER
1391;ASISTENTE DE CALIDAD Y PROCESOS;ASISTENTE DE PRODUCCION Y CALIDAD
1392;AUXILIAR DE EDUCACION INICIAL;AUXILIAR DE EDUCACION
1393;TECNICO VENDEDOR;VENDEDOR TECNICO JR.
1394;AUXILIAR DE MUESTRARIOS;AUXILIAR DE MUESTRAS
1395;ASISTENTE MANTENIMIENTO;ASISTENTE DE MANTENIMIENTO 2
1396;GERENTE DE OPERACIONES REGIONAL;JEFE DE OPERACIONES REGIONAL
1397;ANALISTA CREDITOS Y COBROS;ASISTENTE DE ANALISTA DE CREDITOS
1398;JEFE DE OPERACIONES Y TRANSPORTE;JEFE DE OPERACIONES DE TRANSPORTE Y DISTRIBUCION
1399;COORDINADOR NACIONAL TRADE MARKETING;COORDINADOR TRADE MARKETING PROVINCIAS
1400;GERENTE LEGAL;GERENTE DE LEGAL
1401;COORDINADOR DE TRADE MARKETING CANAL TRADICIONAL;COORDINADOR DE TRADE MARKETING CANAL MODERNO
1402;ASISTENTE DE PRECIOS;AUXILIAR DE PRECIOS
1403;SUBJEFE RECURSOS HUMANOS;EJECUTIVO DE RECURSOS HUMANOS
1404;ANALISTA ACTIVOS FIJOS;ANALISTA ADM Y DE ACTIVOS FIJO
1405;ASISTENTE COMERCIO EXTERIOR;ASISTENTE DE COMERCIO EXTERIOR JUNIOR
1406;ANALISTA ADMINISTRATIVA COMERCIAL;ANALISTA COMERCIAL CORPORATIVO
1407;CONTROL DE EQUIPOS;CONTROLADOR DE EQUIPOS
1408;JEFE DE TRANSFORMACION DIGITAL;JEFE DE TECNOLOGIA Y TRANSFORMACION DIGITAL
1409;COORDINADOR DE CREDITOS Y COBRANZAS;COORDINADOR DE COBROS Y PAGOS
1410;TECNICO DE SISTEMA;TECNOLOGO DE SISTEMAS
1411;REVISION DEL SELLADO FUNDAS EMPAQUE L2;REVISION DEL SELLADO FUNDAS EMPAQUE L3
1412;TECNICO DE OBRAS CIVILES;TECNICO DE OBRAS CIVILES Y MANTENIMIENTO
1413;EJECUTIVO DE INFRAESTRUCTURA;ENCARGADO DE INFRAESTRUCTURA
1414;AUX. ADMINISTRATIVA;AUXILIAR ADMINISTRATIVO (E)
1415;JEFE DE GESTION ACADEMICA;JEFE DE GESTION TECNOLOGICA ACADEMICA
1416;AUXILIAR DE CAFETERIA Y LIMPIEZA;AUXILIAR DE SERVICIO Y LIMPIEZA
1417;ASISTENDE DE SERVICIOS ELECTRONICOS;ASISTENTE DE SERVICIOS ELECTRONICOS
1418;ASISTENTE LAVANDERIA;JEFE DE LAVANDERIA
1419;GERENTE DE TERRITORIO;GERENTE DE TERRITORIO TIENDAS
1420;ANALISTA SENIOR DE LABORATORIO;ANALISTA DE LABORATORIO BIOLOGIA
1421;JEFE CREDITO Y COBRANZAS;COORDINADOR SENIOR DE CREDITO Y COBRANZAS
1422;DISENADOR GRAFICO;DISENADOR GRAFI
1423;COORDINADOR (A) PROYECTOS;COORDINADOR GENERAL DE PROYECTOS
1424;SUPERVISOR DE ALMACEN;SUPERVISOR DE VENTAS ALMACEN
1425;ASISTENTE DE OPERACION Y EXPERIENCIA DE CLIENTES;COORDINADOR DE OPERACION Y EXPERIENCIA DE CLIENTES
1426;COORDINADOR SERVICIOS ADMINISTRATIVOS;COORDINADORA ADMINISTRATIVA SENIOR
1427;ASESOR LOGISTICO DE COMERCIO EXTERIOR;ASISTENTE DE COMERCIO EXTERIOR Y LOGISTICA
1428;ASISTENTE DE SUCURSAL;AUXILIAR DE SUCURSAL
1429;ANALISTA DE CIBERSEGURIDAD;ANALISTA SEGURIDAD DE CIBER DEFENSA
1430;JEFE DE INVESTIGACION, DESARROLLO E INNOVACION;JEFE DE INVESTIGACION Y DESARROLLO E IA
1431;FIERRERO;FIERRERO 1
1432;COORDINADOR PROCESOS;COORDINADOR DE PROCESOS DE PRODUCCION
1433;DIRECTOR TECNICO SUB15;DIRECTOR TECNICO SUB19
1434;OPERADOR DE MANTENIMIENTO;OPERARIO DE MANTENIMIENTO (ESTABLECIMIENTOS CATEGORIA SEGUND
1435;SALES SPECIALIST;SALES OPERATIONS SPECIALIST
1436;SUPERVISOR GENERAL DE MANTENIMIENTO;ENCARGADO DE MANTENIMIENTO
1437;JEFE ADMINISTRATIVA Y FINANCIERA;GERENTE ADMINISTRATIVO, FINANCIERO Y RRHH
1438;ASISTENTE DOCUMENTAL Y ARCHIVO;AUXILIAR DE GESTION DOCUMENTAL Y ARCHIVO
1439;COORDINADOR CREDITO Y COB;COORDINADOR DE CREDITO Y COBRO
1440;TECNICO MAQUINARIA PESADA;TECNICO MECANICO PESADOS
1441;LOGISTIC COORDINADOR LEVEL I;LOGISTIC COORDINATOR II
1442;ASISTENTE DE CONSTRUCCION;AUXILIAR DE CONSTRUCCION
1443;SUPERVISOR DE CERTIFICACIONES Y VERIFICACIONES;SUPERVISOR DE VERIFICACIONES
1444;ASESOR COMERCIAL VENDEDOR JUNIOR;ASESORA COMERCIAL VENDEDORA JUNIOR
1445;ASISTENTE DE PREVENCION DE FRAUDES TC;JEFE DE PREVENCION DE FRAUDES TC
1446;ADMINISTRADOR BODEGA;GERENTE DE BODEGA
1447;ASISTENTE ADMINISTRATIVO C;ASISTENTE ADMINISTRATIVO CP
1448;AUDITOR NOCTURNO;59.0 AUDITOR NOCTURNO
1449;ASISTENTE DE NEGOCIO;ASISTENTE DE NEGOCIOS Y SERVICIOS
1450;ASISTENTE DE PRODUCCION AUDIOVISUAL;AYUDANTE DE AUDIOVISUAL
1451;ASISTENTE ADMINISTRATIVA SENIOR;COORDINADORA ADMINISTRATIVA SENIOR
1452;JEFE DE TECNOLOGIA;JEFE TECNOLOGIA
1453;MONITORISTA DE ALIMENTACION AUTOMATICA;MONITOREO DE ALIMENTDORES AUTOMATICOS
1454;JEFE DE LINEA;DIRECTOR DE LINEA
1455;JEFE DE CONTABILIDAD (F);JEFE DE CONTABILIDAD Y COBRANZAS
1456;ASISTENTE DE PLANEACION Y LOGISTICA;ASISTENTE DE LOGISTICA INTERNACIONAL
1457;ANALISTA CALIDAD CONTROL DE PROCESOS;SUPERVISOR DE CALIDAD Y PROCESOS
1458;ASISTENTE SERVICIO AL SOCIO;ASISTENTE SERVICIO AL SOCIO SENIOR
1459;OBRERO DE PRODUCCION;OBRERO PRODUCCION
1460;JEFE ELECTRICO;JEFE TECNICO ELECTRICO
1461;JEFE DE MATERIA PRIMA;ENCARGADO MATERIA PRIMA
1462;JEFE DE CONTABILIDAD LOGISTICA;JEFE DE CONTABILIDAD/ALMACENES
1463;ANALISTA DE PLANEAMIENTO OPERATIVO;ANALISTA DE PLANIFICACION Y PROCESOS
1464;PROFESOR LENGUA Y LITERATURA;MAESTRO LENGUA Y LITERATURA
1465;ASISTENTE ADM. PRODUCCION;ASISTENTE ADM. PRODUCCION 1
1466;ANALISTA DE DESARROLLO DE PRODUCTO;ANALISTA DE INVESTIGACION Y DESARROLLO DE PRODUCTO
1467;AUXILIAR 2 DE CALIDAD;AUXILIAR CONTROL DE CALIDAD F2
1468;ASISTENTE DE SERVICIO TECNICO;ASISTENTE DEPARTAMENTO TECNICO
1469;ANALISTA ADMINISTRACION DE PERSONAL;ANALISTA DE ADMINISTRACION SALARIAL Y NOMINA
1470;COORDINADOR DE RIESGOS;COORDINADOR RIESGOS FINANCIEROS
1471;ASIST CONTAB;ASIST CONTA
1472;ANALISTA DE TECNOLOGIA PROYECTOS/DESARROLLO;ANALISTA DE INVESTIGACION, DESARROLLO Y SOPORTE TECNICO
1473;JEFE COMERCIAL;JEFE GESTION COMERCIAL
1474;OBRERO DE OPERACIONES;OPERARIO OPERACIONES
1475;ASISTENTE SSOMA;AUXILIAR DE SSOMA
1476;JEFE NACIONAL DE VENTAS RETAIL;JEFE NACIONAL DE COMERCIALIZACION
1477;ASISTENTE RRHH SELECCION;COORDINADOR DE SELECCION Y RRHH
1478;PROFESOR TITULAR AGREGADO 3;PROFESOR TITULAR AGREGADO
1479;JEFE DE DISENO Y DESARROLLO;DIRECTOR DE DISENO Y DESARROLLO
1480;ESPECIALISTA COMPENSACIONES;ESPECIALISTA COMPENSACIONES Y BENEFICIOS
1481;BUSINESS ANALYST;SENIOR BUSINESS ANALYST
1482;GERENTE DE INGENIERIA;GERENTE DE INGENIERIA Y PROYECTOS
1483;JEFE DE RECURSOS HUMANOS Y SISTEMA DE GESTION;JEFE DE RRHH Y SISTEMAS DE GESTION
1484;JEFE BODEGA Y LOGISTICA;COORDINADOR LOGISTICO Y BODEGA
1485;ANALISTA DE PLANEACION DE PRODUCCION;ANALISTA PLANEACION DE PRODUCCION II
1486;SUPERVISOR DE BODEGA Y DISTRIBUCION;SUPERVISOR DE BODEGA MATERIAL DE EMPAQUE Y SANIDAD
1487;ASISTENTE SERVICIOS ADMINISTRATIVOS;ASSISTENTE ADMINISTRATIVE
1488;OFICIAL DE RIESGO OPERATIVO Y CONTINUIDAD DEL NEGOCIO;OFICIAL DE RIESGOS NO FINANCIEROS Y CONTINUIDAD DE NEGOCIO
1489;ANALISTA DE DISENO;ANALISTA DISENO
1490;INGENIERO DE MINA;INGENIERO JUNIOR DE MINA
1491;COORDINADOR FRONT OPERATIVO;JEFE FRONT OPERATIVO
1492;RECAUDADOR 2;RECAUDADOR 1
1493;ASISTENTE TECNICO DE PRODUCCION;ASISTENTE DE PRODUCCION/REPRESENTANTE TECNICO
1494;COORDINADOR DE AMBIENTE;COORDINADOR DE GESTION AMBIENTAL
1495;ANALISTA DE SOPORTE (TECNICO);ANALISTA DE SOPORTE TECNICO AL CLIENTE
1496;SUPERVISOR DE VENTAS GUAYAQUIL;SUPERVISOR DE VENTAS GUAYAS
1497;SUPERVISOR DE MONTAJE;SUPERVISOR MONTAJE
1498;JEFE DE CONTROL INTERNO Y PREVENCION DE FRAUDES;JEFE DE PREVENCION DE FRAUDES
1499;ASISTENTE DE OPERACIONES LOGISTICA;ASISTENTE LOGISTICA Y MANTENIMIENTO
1500;ASESOR DE NEGOCIOS (E);ASESOR DE NEGOCIOS JR.
1501;ASISTENTE INNOVACION Y DESARROLLO;ASISTENTE INNOVACION Y DESARROLLO DE PRODUCTO
1502;COORDINADOR DE LOGISTICA INVERSA;ASISTENTE DE LOGISTICA INVERSA
1503;SUPERVISOR DE MANTENIMIENTO EL;SUPERVISOR DE MANTENIMIENTO ME
1504;ANALISTA EN SOPORTE PRODUCTO;ANALISTA SENIOR DE PRODUCTO
1505;ASISTENTE DE COMUNICACION INTERNA;COORDINADOR DE COMUNICACION INTERNA
1506;JEFE DE PRODUCTO;GERENTE DE LINEA DE PRODUCTO
1507;AUXILIAR DE OFICINA;ASISTENTE OFICINA
1508;JEFE DE CREDITO AUTOMOTRIZ;SUPERVISOR CREDITO AUTOMOTRIZ
1509;ASISTENTE ADMINISTRATIVA - RECEPCION;ASISTENTE ADMINISTRATIVA RECEPCIONISTA
1510;ASISTENTE DE ALMACEN Y LOGISTICA;ASISTENTE DE ALMACENAMIENTO Y DESPACHO
1511;ANALISTA DE SEGURIDAD DE INFORMACION;ANALISTA DE SEGURIDAD ELECTRONICA
1512;JEFE DE POST COSECHA;JEFE DE COSECHA
1513;EC_ENFERMERA;ENFERMERA A
1514;ANALISTA DE FIDELIZACION;ANALISTA DE RETENCION Y FIDELIZACION
1515;SUPERVISOR DE ALMACEN;SUBJEFE DE ALMACEN
1516;GERENTE DE INFRAESTRUCTURA Y TELECOMUNICACIONES;JEFE DE GESTION DE INFRAESTRUCTURA Y NETWORKING
1517;COORDINADOR COMPRAS Y CONTRATOS;COORDINADOR DE COMPRAS Y PROYECTOS
1518;COORDINADOR DE NOMINA Y TALENTO HUMANO;JEFE DE NOMINA/DIRECTORA DE TALENTO HUMANO (E)
1519;ESPECIALISTA DE RIESGO;ESPECIALISTA DE RIESGOS (E)
1520;DISENADOR GRAFICO DIGITAL;DISENADOR GRAFICO DIGITAL Y PREPRENSA
1521;JEFE DISTRIBUCION;JEFE DISTRIBUCION Y SERVICIO AL CLIENTE
1522;SERVICIO AL CLIENTE 3;SERVICIO AL CLIENTE 6
1523;ANALISTA DE INFRAESTRUCTURA Y COM;ANALISTA INFRAESTRUCTURA SISTEMAS
1524;ASISTENTE ADM. PRODUCCION;ASISTENTE OPERATIVO PRODUCCION
1525;ASISTENTE COMERCIAL Y DE COMUNICACION;ASISTENTE DE MERCADEO Y DE COMUNICACION
1526;OPERADOR DE MEZCLA;OPERADOR DE MEZCLADORA
1527;ASISTENTE ADIMINISTRATIVO;AUXILIAR ADMINISTRATIVA GENERAL
1528;GERENTE TECNICO - COMERCIAL;GERENTE DE GESTION TECNICA COMERCIAL
1529;ASISTENTE ADMIN;ASISTENTE ADMIN JR
1530;JEFE DE CALIDAD Y CERTIFICACION;COORDINADOR DE CALIDAD Y MONITOREO
1531;HEAD OF PLANNING;PLANNING HEAD
1532;COORDINADOR DE BODEGAS EXTERNAS;JEFE DE BODEGAS EXTERNAS
1533;JEFE DE BODEGA DE MATERIA PRIMA;AYUDANTE BODEGA DE MATERIA PRIMA
1534;OPERADOR DE TRACTOR;OPERADOR TRACTOR IMPLEMENTOS AGRICOLAS
1535;GERENTE DE ANALISIS DE DATOS;JEFE DE GESTION DE DATOS Y ANALITICA
1536;COORDINADOR SALUD OCUPACIONAL;JEFE DE SALUD OCUPACIONAL
1537;GERENTE DE CONSULTORIA Y DISENO;JEFE DE CONSULTORIA Y DISENO
1538;DOCENTE IB BILINGUE;DOCENTE IB INICIAL
1539;COORDINADOR DE BODEGA Y DESPACHOS;COORDINADOR SERVICIOS GENERALES Y BODEGA
1540;GERENTE DE TESORERIA Y COBRANZAS;GERENTE DE TESORERIA Y FACTURACION CORPORATIVO
1541;ESPECIALISTA ASUNTOS REGULATORIOS;ESPECIALISTA REGULATORIO
1542;ASISTENTE DE LA UNIDAD DE CUMPLIMIENTO;ASISTENTE JUNIOR DE CUMPLIMIENTO
1543;AUXILIAR ADMINISTRATIVO FINANCIERO;AUX.ADMINIST.FINANCIERO
1544;AUXILIAR DE CAJA;ASISTENTE DE CAJAS
1545;JEFE DE INFORMACION TECNOLOGICA;JEFE DE GESTION DE LA INFORMACION
1546;ANALISTA DESARROLLADOR;ANALISTA DESARROLLADOR 2
1547;CHOFER DE GERENCIA GENERAL;CHOFER EJECUTIVO
1548;CONTROLLER DE PRODUCCION;JEFE DE CONTROL DE PRODUCCION
1549;ANALISTA DE DESARROLLO DE TALENTO;ANALISTA DE EVALUACION Y DESARROLLO DE TALENTO HUMANO
1550;COORDINADOR DE PROYECTOS Y ESTRATEGIA;COORDINADOR GENERAL DE PROYECTOS
1551;SUPERVISOR DE FINCA;CONTROLADOR DE FINCA
1552;JEFE DE HOSPITALIZACION;GERENTE DE HOSPITALIZACION
1553;EJECUTIVO DE VENTAS SENIOR;EJECUTIVO EN VENTAS
1554;MESERO;MESERO/A
1555;JEFE DE INFRAESTRUCTURA TECNOLOGICA;ASISTENTE TECNICO DE INFRAESTRUCTURA
1556;ANALISTA DE DESARROLLO DE NEGOCIOS;ANALISTA DE NUEVOS NEGOCIOS
1557;SUPERVISOR DE SEGURIDAD FISICA;SUPERVISOR DE SEGURIDAD FISICA E INSTALACIONES
1558;JEFE DE PUNTOS DE VENTA;JEFE DE PUNTOS DE VENTAS
1559;COORDINADOR ASUNTOS REGULATORIOS;COORDINADOR SENIOR DE ASUNTOS REGULATORIOS
1560;COORDINADOR(A) DE FORMACION;COORDINADOR FORMACION PROFESIONAL
1561;INGENIERO DE OBRA;INGENIERO ELECTRICO DE OBRA
1562;INGENIERO DE AUTOMATIZACION;INGENIERO SENIOR EN AUTOMATIZACION
1563;GERENTE/AFINES;GERENTES/AFINES
1564;JEFE DE MERCADEO Y NEGOCIOS;JEFE ADMINISTRATIVO DE NEGOCIOS
1565;ASISTENTE ALMACEN;ASISTENTE VENTA ALMACEN
1566;ANALISTA COMUNICACION;ANALISTA DE COMUNICACION Y DISENO
1567;ASISTENTE DE GESTION;ASISTENTE DE GESTION DE PERSONAS
1568;ANALISTA DE ACREDITACION INTERNACIONAL;ASISTENTE DE ACREDITACION INTERNACIONAL
1569;OPERADOR DE MEDIOS GUIADOS NOC/FIBRA URBANA E INTERURBANA;SUPERVISOR DE MEDIOS GUIADOS NOC/FIBRA URBANA E INTERURBANA
1570;GERENTE MANTENIMIENTO;GERENTE SENIOR DE MANTENIMIENTO
1571;JEFE DE SALUD Y SEGURIDAD OCUPACIONAL;JEFE DE TALENTO HUMANO Y SEGURIDAD Y SALUD OCUPACIONAL
1572;GERENTE COMERCIAL DE MARKETING;GERENTE COMERCIAL Y COMUNICACION
1573;SUPERVISOR AMBIENTAL;SUPERVISOR AMBIENTE
1574;CUADRILLA;CUADRILLA 1
1575;PROFESOR TIEMPO COMPLETO FAC. EMPRENDIMIENTO, NEGOCIOS Y ECONOMIA;PROFESOR TITULAR PRINCIPAL MEDIO TIEMPO FAC. EMPRENDIEMIENTO, NEGOCIOS Y ECONOMIA
1576;TECNICO DE MANTENIEMIENTO;TECNICO DE MANTENIMIENTO Y CONFIABILIDAD
1577;OPERADOR PRODUCCION;OPERADOR PRODUCCION FIJO
1578;ASESOR TECNICO INTEGRADOS;ASESOR TECNICO INTEGRAL
1579;ANALISTA DE LOGISTICA Y FACTURACION;ANALISTA DE TRANSPORTE Y FACTURACION
1580;SUPERVISOR DE BODEGA PT;SUPERVISOR LOGISTICO Y BODEGA PT
1581;SUPERVISOR DE SEGURIDAD Y SALUD OCUPACIONAL Y MEDIO AMBIENTE;JEFE DE SALUD OCUPACIONAL Y MEDIO AMBIENTE
1582;ALMACENISTA TECNICO;ALMACENISTA TECNICO ELECTRONICO
1583;SUPERVISOR DE BODEGA JUNIOR;SUPERVISOR JR. LOCAL DE BODEGA
1584;ASISTENTE DE CONTABLE;AUXILIAR FINANCIERO Y CONTABLE
1585;ASISTENTE DE FINANCIERO;ASISTENTE DE CUSTODIA FINANCIERA
1586;GERENTE DE EXPLORACION REGIONAL;GERENTE DE EXPLORACION Y RESERVORIOS
1587;ASISTENTE AUXILIAR DE CONTABILIDAD;AUXILIAR DE CONTABILIDAD Y TESORERIA
1588;EJECUTIVO DE VENTAS EXTERIOR;EJECUTIVO EN VENTAS INTERNACIONALES
1589;COORDINADOR DE SEGURIDAD LABORAL;COORDINADOR JUNIOR DE GESTION DE SEGURIDAD Y SALUD OCUPACIONAL
1590;JEFE DE COMUNICACION;JEFE DE PUBLICIDAD Y COMUNICACION
1591;ANALISTA DE EXPORTACIONES;ANALISTA DE EXPORTACIONES EUROPA
1592;INGENIERA DE OPERACIONES;ING. DE OPERACIONES (F)
1593;ANALISTA DE VALIDACION;ANALISTA DE VALIDACION JUNIOR
1594;COORDINADOR DE GESTION HUMANA;COORDINADOR CORPORATIVO DE GESTION HUMANA
1595;COBRADOR /RECAUDADOR/ FACTURADOR;COBRADOR/FACTURADOR/RECAUDADOR/ENCUESTADOR
1596;JEFE DE INFRAESTRUCTURA Y SEGURIDAD;JEFE DE INFRAESTRUCTURA Y SISTEMAS
1597;ASISTENTE ADMINISTRATIVA CONTABLE;ASISTENTE ADMINISTRATIVO CONT
1598;ASESOR DE SINIESTROS;ESPECIALISTA DE SINIESTROS
1599;KEY ACCOUNT MANAGER - RETAIL;KEY ACCOUNT MANAGER DE RETAIL
1600;JEFE DE ZONA DISTRIBUIDORES;JEFE DE ZONA DISTRIBUIDORES B2C
1601;ASISTENTE 1 - DE CONTABILIDAD;ASISTENTE C CONTABILIDAD
1602;ANALISTA ADMINISTRATIVO LOGISTICO;COORDINADOR ADMINISTRATIVO LOGISTICO
1603;JEFE DE FINANZAS;DIRECTOR DE FINANZAS
1604;ASISTENTE CONTABLE DE PAGOS;ASISTENTE CONTABLE, CREDITO Y COBRANZA
1605;JEFE DE MANTENIMIENTO DE AVION;JEFE DE MANTENIMIENTO AERONAVE
1606;ASISTENTE DE REGULATORIOS;ASISTENTE DE REGULARIZACION
1607;ASISTENTE DE SERVICIO TECNICO;ASISTENTE / AYUDANTE / AUXILIAR DE SERVICIOS TECNI
1608;COORDINADOR DE PLANEACION ESTRATEGICA;DIRECTOR DE PLANIFICACION ESTRATEGICA
1609;MEDICO;MEDICO/A
1610;COORDINADOR CREDITO;COORDINADOR DE CREDITO Y COBRO
1611;EJECUTIVO SENIOR DE SINIESTROS;EJECUTIVO DE SINIESTROS JR.
1612;ASISTENTE COMERCIAL DE VENTAS;ASISTENTE DEPARTAMENTO DE VENTAS
1613;ASISTENTE ADMIN;ADMINISTRADOR ASISTENTE
1614;INGENIERO DE CALIDAD DEL SERVICIO;INGENIERO DE PROCESOS Y SERVICIO AL CLIENTE
1615;JEFE CAPTACIONES;JEFE NACIONAL DE CAPTACIONES
1616;SUPERVISOR DE GESTION AMBIENTAL;SUPERVISOR AMBIENTAL Y OCUPACIONAL
1617;SUPERVISOR DE DE VENTAS;SUPERVISOR DE VENTAS DIRECTAS
1618;JEFE DE AGENCIA ( E );JEFE DE AGENCIA JUNIOR
1619;ASISTENTE DE TELECOMUNICACIONES;ASISTENTE DE SISTEMAS Y COMUNICACIONES
1620;OPERADOR DE MAQUINAS COMPLEJAS CORTE;OPERADOR MAQUINAS DE CORTE
1621;GERENTE DE MARKETING Y CUSTOMER SERVICE;JEFE DE MARKETING Y SERVICIO AL CLIENTE
1622;COORDINADOR DE CUMPLIMIENTO DE SOSTENIBILIDAD;COORDINADOR DE SOSTENIBILIDAD Y SISTEMA DE GESTION
1623;COORDINADOR DE LINEA BLANCA;JEFE DE LINEA BLANCA
1624;COORDINADOR DE DESARROLLO COMERCIAL;COORDINADOR DE COMERCIALIZACION Y VENTAS
1625;ASESOR TECNICO COMERCIAL E;ASESOR TECNICO COMERCIAL G
1626;ESPECIALISTA DE TALENTO HUMANO;ESPECIALISTA DE DESARROLLO DEL TALENTO HUMANO
1627;AUXILIAR SOPORTE TECNICO;AUXILIAR SERVICIOS TEC
1628;INGENIERO ELECTRICO;INGENIERO DE PROYECTOS (ELECTRICO)
1629;ASISTENTE DE SEGURIDAD, SALUD OCUPACIONAL Y MEDIO AMBIENTE;ASISTENTE DE SEGURIDAD, SALUD Y AMBIENTE 1
1630;AUXILIAR DE LABORATORIO EXPERIMENTAL;AUXILIAR DE LABORATORIO I + D
1631;SECRETARIA;SECRETARIA BASICA
1632;GERENTE DE CRECIMIENTO E INNOVACION;GERENTE DE TRANSFORMACION E INNOVACION
1633;ASISTENTE DE REPUESTOS;ASISTENTE DE REPUESTOS MULTIMARCA
1634;ADM GERENTE ADMINISTRATIVO;GERENTE GENERAL ADMINISTRATIVO
1635;SUPERVISOR CONTABLE JR;SUPERVISOR(A) CONTABLE
1636;INGENIERO DE MANTENIMIENTO;INGENIERO DE MANTENIMIENTO JUNIOR
1637;COORDINADORA DE PROCESOS UNIVERSITARIOS Y NORMATIVA;DIRECTORA DE PROCESOS UNIVERSITARIOS Y NORMATIVA
1638;SUBGERENTE COMERCIAL CORPORATIVO;SUBGERENTE COMERCIAL Y SERVICIO
1639;JEFE VENTAS;JEFE VENTAS JUNIOR
1640;JEFE DE FINANCIERO;JEFE DE CONTROL FINANCIERO
1641;GESTOR DE CARTERA;GESTOR DE CARTERA LEGAL
1642;ANALISTA TECNICO DE LABORATORIO Y CONTROL DE CALIDAD;ASISTENTE TECNICO DE LABORATORIO
1643;COORDINADOR DE COMUNICACION INTERNA;JEFE DE COMUNICACION INTERNA
1644;ASISTENTE DE TECNICO A.;ASISTENTE DIRECCION TECNICA
1645;ASISTENTE ADMINISTRATIVA-CONTABLE;AUXILIAR ADMINISTRATIVA CONTABILIDAD
1646;DIBUJANTE 74;DIBUJANTE 94
1647;ANALISTA CREDITOS Y COBRANZAS;ANALISTA CREDITOS Y COBRANZAS JR
1648;OPERADOR DE PLANTA DE TRITURACION;OPERADOR DE PLANTA TRITURADORA # 01
1649;OPERADOR DE CALL CENTER;OPERADOR DE CALL CENTER SOPORTE TECNICO
1650;PRICING EXPORTACION;PRICING IMPORTACION
1651;SUPERVISOR DE VENTAS INSTITUCIONAL;SUPERVISOR DE VENTAS INDUSTRIA
1652;JEFE DE MANTENIMIENTO E INDUSTRIAL;JEFE DE MANTENIMIENTO E I
1653;COORDINADOR FINANCIERO Y TESORERIA;COORDINADOR DE FINANZAS Y CONTABILIDAD
1654;COORDINADOR DE DISTRIBUCI;COORDINADOR CENTRO DE DISTRIBUCION
1655;JEFE DE CIBERSEGURIDAD;JEFE DE CIBERSEGURIDAD E INFRAESTRUCTURA
1656;ESPECIALISTA DE SEGURIDAD Y SALUD OCUPACIONAL;ESPECIALISTA MEDICO DE SALUD OCUPACIONAL
1657;GERENTE CORPORATIVO DE PROYECTOS ESTRATEGICOS;GERENTE CORPORATIVO DE PROYECTOS
1658;JEFE DE REASEGUROS;COORDINADOR DE REASEGUROS
1659;ASISTENTE DE ATM;ASISTENTE OPERATIVO DE ATM´S
1660;OBRERO DE OPERACIONES;OPERARIO - OBRERO
1661;ASISTENTE DE EXPORTACION E IMPORTACION;ASISTENTE DE IMPORTACIONES-COMPRAS-SERVICIOS GENERALES
1662;OPERADOR MANT-MECANICO;OPERARIO MANT
1663;AUXILIAR DE SERVIC.;AUXILIAR DE SERVICIOS 1
1664;COORDINADOR DE INSTALACIONES;COORDINADOR INTEGRADOR DE INSTALACIONES
1665;ASISTENTE DE DIRECCION GENERAL;ASISTENTE EJECUTIVA DE GERENCIA GENERAL Y COMUNICA
1666;COORDINADOR DE SERVICIO AL CLIENTE;COORDINADOR DE CUSTOMER EXPERIENCE
1667;AUXILIAR DE VALIJA;AUXILIAR VALIJA
1668;JEFE DE AYB;JEFE OPERATIVO DE AYB
1669;SUPERVISOR DE FEDATARIOS;SUPERVISOR PROCESOS FEDATARIOS
1670;ANALISTA DE SEGURIDAD INDUSTRIAL Y MEDIO AMBIENTE;ESPECIALISTA AMBIENTAL Y SEGURIDAD INDUSTRIAL
1671;AYUDANTE DE PRODUCCION;AYUDANTE DE PRODUCCION-CHOFER
1672;OPERADOR DE EQUIPO;OPERADOR DE EQUIPO EN GENERAL
1673;ANALISTA JUNIOR DE CALIDAD COMPONENTES Y ENVASADO;ANALISTA JUNIOR DE CALIDAD MATERIAS PRIMAS Y FABRICACION
1674;EJECUTIVO DE VENTAS (MD);EJECUTIVO DE VENTAS SR.
1675;SUPERVISOR DE INGENIERIA Y PROYECTOS;SUPERVISOR DE INGENIERIA Y MANTENIMIENTO
1676;GERENTE DE CLIENTES;JEFE DE GESTION DE CLIENTES
1677;ANALISTA DE MARKETING DIGITAL;ANALISTA DE MARKETING Y CONTENIDO DIGITAL
1678;COORDINADOR HSE;HSE COORDINATOR
1679;COORDINADOR COMERCIAL & SERVICIO;COORDINADOR COMERCIAL/ AFINES
1680;ADMINISTRADOR DE COMEDORES;COORDINADOR DE COMEDORES
1681;ASESOR COMERCIAL INDUSTRIAL;ASESOR COMERCIAL SERVICIO INDUSTRIAL
1682;LIDER DE MANTENIMIENTO;LIDER DE MANTENIMIENTO E INCIDENCIAS
1683;ASISTENTE AUDITORIA INTERNA;ASISTENTE SENIOR DE AUDITORIA INTERNA
1684;ASISTENTE ADMINISTRATIVO..D;ASISTENTE ADMINISTRATIVO DT
1685;COORDINADOR DE PLANTA;COORDINADOR ADMINISTRATIVO PLANTA
1686;COORDINADOR DE SEGURIDAD Y SALUD EN EL TRABAJO;COORDINADOR DE SEGURIDAD Y SALUD OCUPACIONAL Y ADMINISTRACION
1687;ASESOR COMERCIAL DE ACCESORIOS;ASESOR DE ACCESORIOS WHOLESALE
1688;GERENTE CORPORATIVO DE TALENTO HUMANO;JEFE CORPORATIVO DE TALENTO HUMANO
1689;ADMIN - ASISTENTE CONTABLE;ASISTENTE/ANALISTA CONTABLE
1690;AUDITOR DE CALIDAD DE PROCESOS;AUXILIAR DE AUDITORIA DE PROCESOS
1691;JEFE CALIDAD Y GESTION;JEFE DE OPERACIONES Y CALIDAD
1692;COORDINADOR CENTRO DE DISTRIBUCION;GERENTE DE CENTRO DE DISTRIBUCION
1693;COORDINADOR DE ANALITICA COMERCIAL;SUPERVISOR DE ANALITICA COMERCIAL
1694;COORDINADOR ADMINISTRATIVO LOGISTICO;ADMINISTRADOR LOGISTICO
1695;HR SPECIALIST;HR GENERALIST/ SPECIALIST
1696;JEFE DE SEGURIDAD SALUD Y AMBIENTE;JEFE DE SEGURIDAD Y MEDIO AMBIENTE
1697;JEFE DE DESARROLLO DE SISTEMAS;SUPERVISOR DE SISTEMAS, DESARROLLO…
1698;AUXILIAR DE INFRAESTRUCTURA;AYUDANTE DE INFRAESTRUCTURA Y ADECUACIONES
1699;COORDINADOR DE CONTROL DE OBRAS;JEFE DEL DEPTO. DE CONTROL Y OBRAS
1700;ASESOR MEDICO;ASESOR MEDICO SAC
1701;COORDINADOR DE CALIDAD DE SERVICIO;COORDINADOR DE CALIDAD Y MONITOREO
1702;SENIOR A;SENIOR B
1703;AUXILIAR DE POSTCOSECHA;AUXILIAR DE COSECHA
1704;AUXILIAR DE PREPARACION DE PASTA;AYUDANTE PREPARACION DE PASTA
1705;ESPECIALISTA TECNICA;TECNICO ESPECIALIZADO
1706;EJECUTIVO DE VENTAS COSTA LABOVIDA;EJECUTIVO DE VENTAS AUSTRO LABOVIDA
1707;JEFE DE MANTENIMIENTO Y PRODUCCION;GERENTE DE PRODUCCION Y MANTENIMIENTO
1708;EC_GERENTE DE GENTE & CULTURA;EC_JEFE DE GENTE & CULTURA
1709;GERENTE DE NUEVOS NEGOCIOS;GERENTE DE NUEVOS NEGOCIOS Y POSVENTA
1710;SENIOR ANALYST, BUSINESS DEVELOPMENT;SENIOR BUSINESS ANALYST
1711;ASISTENTE CREDITO;ASISTENTE CREDITO PERSONAS
1712;ASISTENTE DE COMUNICACION Y MARKETING;ASISTENTE COMUNICACION Y MEDIOS DE PUBLICIDAD
1713;JEFE DE DESARROLLO TECNOLOGICO;JEFE DE DESARROLLO TECNICO COMERCIAL
1714;JEFE DE VENTAS REGION COSTA;JEFE ZONAL DE VENTAS COSTA
1715;ANALISTA DE CALIDAD DE MATERIA PRIMA;ANALISTA JUNIOR DE CALIDAD MATERIAS PRIMAS Y FABRICACION
1716;DOCENTE TITULAR;DOCENTE TITULAR T/C
1717;JEFE COMPENSACIONES;JEFE DE COMPENSACIONES Y NOMINA
1718;ASISTENTE DE BODEGA Y LOGISTICA;SUPERVISOR DE BODEGA Y LOGISTICA
1719;TECNICO DE INFRAESTRUCTURA;AYUDANTE TECNICO INFRAESTRUCTURA
1720;AUXILIAR ADMINISTRATIVO Y CONTABLE;AUXILIAR CONTABLES Y FINANCIEROS
1721;ASISTENTE ADMINISTRATIVA RECEPCIONISTA;ASISTENTE ADMINISTRATIVA-RECEPCION
1722;COORDINADOR DE COMUNICACI;COORDINADOR DE COMUNICACION DIGITAL
1723;COORDINADOR DE RELACIONES LABORALES;JEFE DE RELACIONES LABORALES
1724;AYUDANTE DE BODEGA 1;AUXILIAR DE BODEGA 1
1725;ASISTENTE DE EMPAQUE;ASISTENTE DE EMPACADORA
1726;ADMINISTRADORA DE OPERACIONES;ADMINISTADORA DE OPERACIONES
1727;TRABAJADOR ACUICOLA VARIOS;TRABAJADOR ACUICOLA-ATARRAYADOR
1728;COORDINADOR ARQUITECTURA Y DESARROLLO DIGITAL;JEFE DE ARQUITECTURA DIGITAL
1729;ASISTENTE DE COMUNICACION Y RELACIONES CORPORATIVAS;ANALISTA DE COMUNICACION Y RELACIONAMIENTO
1730;COORDINADOR DE COSTOS E INVENTARIOS;ENCARGADO DE COSTOS E INVENTARIOS
1731;INGENIERA QUIMICA;INGENIERO QUIMICO
1732;TUBERO;TUBERO B
1733;GERENTE CORPORATIVO DE TALENTO HUMANO;GERENTE CORPORATIVO DE RECURSOS HUMANOS
1734;GERENTE DE PROYECTO;GERENTE DE CONTROL DE PROYECTO
1735;JEFE FINANZAS Y OPERACIONES;JEFE DE OPERACIONES FINANCIERAS
1736;ASISTENTE DE VENTAS Y SERVICIO AL CLIENTE;ASISTENTE DE CUSTOMER SERVICE
1737;JEFE DE RECICLEJE;JEFE RECICLAJE
1738;SUPERVISOR DE MANTENIMIENTO (MECANICO);SUPERINTENDENTE DE MANTENIMIENTO MECANICO
1739;COORDINADOR DE DESARROLLO ORGANIZACIONAL;COORDINADOR DE DESARROLLO ORGANIZACIONAL Y CAPACITACION
1740;EJECUTIVO DE TRADE MARKETING;COORDINADOR DE TRADE MARKETING TT
1741;ADMINISTRADOR DE CAMPAMENTO;GERENTE DE ADMINISTRACION DE CAMPAMENTO
1742;AUXILIAR DE INFORMES;AUXILIAR DE INFORMES 2
1743;DIRECTOR DE TALENTO HUMANO;DIRECTOR DE TALENTO
1744;GERENTE COMERCIAL REGION COSTA;GERENTE COMERCIAL REGIONAL COSTA Y AUSTRO
1745;COORDINADOR DE FIDELIZACION;JEFE DE FIDELIZACION
1746;EC_JEFE DE SISTEMAS;EC_COORDINADOR DE SISTEMAS
1747;ASISTENTE DE PRODUCCION Y CALIDAD;ASISTENTE JEFE PRODUCCION
1748;ESPECIALISTA GESTION AMBIENTES Y VERSIONAMIENTO;JEFE GESTION AMBIENTES Y VERSIONAMIENTO
1749;JEFE DE LOCAL MASTER;JEFE DE LOCAL MASTER SENIOR
1750;COORDINADOR ADMINISTRATIVO FINANCIERO;COORDINADOR FINANCIERO Y DE CONTROL INTERNO
1751;COORDINADOR SEGURIDAD CORPORATIVA;GERENTE DE SEGURIDAD CORPORATIVA
1752;ASISTENTE DE REFRIGERADOS;ASISTENTE DE CONFIGURACION DE REFRIGERADOS
1753;CAR SALES REPRESENTATIVE;CAR SALES REPRESENTATIVE B2B
1754;ASESOR COMERCIAL REPUESTOS;ASESOR REPUESTOS CORPORATIVO
1755;ANALISTA DE INGENIERIA Y PROYECTOS;ANALISTA INGENIERIA Y MANTENIMIENTO
1756;GESTOR OPERATIVO DE CUSTODIO DE VALORES;JEFE DE OPERACIONES Y CUSTODIO DE VALORES
1757;COORDINADOR CIBERSEGURIDAD;COORDINADOR DE DATOS Y CIBERSEGURIDAD
1758;ANALISTA DE TRANSPORTE SR.;ANALISTA DE TRANSPORTE Y DESPACHO
1759;INFORMATION SECURITY ANALYST I;INFORMATION SECURITY OPERATIONS ANALYST
1760;ASESOR TECNICO COMERCIAL D;ASESOR TECNICO COMERCIAL L
1761;COORDINADOR DE SSO;COORDINADOR SENIOR DE SSO
1762;DIRECTOR DE FINANZAS;DIRECTOR GENERAL FINANCIERO
1763;ASISTENTE DE LOGISTICA Y OPERACIONES;ASISTENTE DE LOGISTICA (SERVICIO AL CLIENTE)
1764;ANALISTA PROGRAMADOR;JEFE DE PROGRAMADOR
1765;ASISTENTE DE PRODUCCION DE BLOQUES;COORDINADOR DE PRODUCCION DE BLOQUES
1766;ANALISTA ADMINISTRACION INVENTARIOS;ASISTENTE DE GESTION DE INVENTARIOS
1767;ASISTENTE 1 ADMINISTRATIVO;ASISTENTE ADMINISTRATIVO-CLINICO
1768;JEFE DE CONTACT CENTER;JEFE DE FIDELIZACION Y CONTACT CENTER
1769;ASESOR DE POSTVENTA;AUXILIAR DE POSTVENTA
1770;COORDINADOR DE PRODUCTIVIDAD;SUPERVISOR DE PRODUCTIVIDAD
1771;ESPECIALISTA DESARROLLO ORGANIZACIONAL;TECNICO DE DESARROLLO ORGANIZACIONAL
1772;DOCENTE DE INGLES;DOCENTE DE INGLES 1
1773;JEFE DE FINCA;CONTROLADOR DE FINCA
1774;JEFE ADMINISTRATIVO OPERATIVO;JEFE DE OPERACIONES Y CONTROL INTERNO
1775;ASISTENTE SOPORTE USUARIO;SUPERVISOR DE SOPORTE USUARIO
1776;ASESORA ADMINISTRATIVA;ASIST/AUX. ADMINISTRATIVO
1777;GERENTE DE MANTENIMIENTO;GERENTE DE MANTENIMIENTO Y DESARROLLO
1778;JEFE DE PROYECTOS TI;RESPONSABLE DE PROYECTOS DE TI
1779;JEFE DE OPERACION;LIDER DE OPERACIONES
1780;COORDINADO ADMINISTRATIVA;COORDINADOR ADMINISTRA
1781;ANALISTA ASUNTOS REGULATORIOS;ANALISTA DE PROCESOS Y ASUNTOS REGULATORIOS
1782;ASISTENTE DE POSTVENTA;AYUDANTE DE POST-VENTA
1783;MAQUINISTA 1;MAQUINISTA 1 JOSELITO
1784;AUXILIAR DE EDUCACION INICIAL;AUXILIAR DE EDUCACION BASICA
1785;DOCENTE LENGUA Y LITERATURA;PROFESOR LENGUA Y LITERATURA
1786;ANALISTA DE MARKETING;ANALISTA DE MARKETING Y MEDIOS
1787;COORDINADOR DESARROLLO TI;JEFE DE DESARROLLO TI
1788;TECNICO DE REPARACION;AYUDANTE TECNICO REPARACIONES
1789;DIRECTOR DE COMUNICACION;DIRECTOR TECNICO DE COMUNICACION
1790;AUXILIAR TRAMITACION;AYUDANTE TRAMITACION
1791;GERENTE DE GESTION DE PROYECTOS;GERENTE DE PROYECTOS / ASESOR GERENCIAL
1792;JEFE DE VENTAS;JEFE OPERACIONES Y VENTAS
1793;SERVICIO DE LIMPIEZA GENERAL;SERV GENERALES Y LIMPIEZA
1794;JEFE DE CARGA;ENCARGADO DE OPERACIONES DE CARGA
1795;OPERADOR DE MONTACARGAS;OPERADOR DE MAQUINARIA PESADA - MONTACARGUISTA
1796;AUXLIAR DE SERVICIOS GENERALES;AUXILLIAR DE SERVICIOS GENERALES
1797;SUPERVISOR DE ENVASE;SUPERVISOR DE TRANSPORTE Y ENTREGA
1798;ANALISTA DE PLANIFICACION Y CONTROL DE INVENTARIOS;ANALISTA DE INVENTARIOS Y COMPRAS
1799;COORDINADOR PLANEAMIENTO COMERCIAL;TECNICO DE PLANEACION COMERCIAL
1800;PROFESORES CON TITULO DE CUARTO NIVEL / SUPERIOR;PROFESOR CON TITULO DE CUARTO NIVEL
1801;AUXILIAR OFICIOS VARIOS;AYUDANTE DE OFICIOS VARIOS
1802;OFICIAL DE OPERACIONES;OFICIAL OPERATIVO
1803;COORDINADOR DE ADMISIONES;DIRECTOR TECNICO DE ADMISIONES
1804;GERENTE CORPORATIVO DE PROYECTOS ESTRATEGICOS;GERENTE DE ESTRATEGIA Y NEGOCIOS
1805;JEFE DE COMPRAS Y PLANEACION;JEFE DE COMPRAS SENIOR
1806;SUPERVISOR DE ATENCION AL CLIENTE;SUPERVISOR GESTION AL CLIENTE
1807;JEFE DE TALENTO HUMANO;GERENTE REGIONAL TALENTO HUMANO
1808;AUX. ADMINISTRATIVO (F);AUXILIAR ADMINISTRATIVO-TESORERIA-CONTABILIDAD
1809;ADMINISTRADOR DE VENTAS;COORDINADOR ADMINISTRACION VENTAS
1810;ASISTENDE ADMINISTRATIVO;ASISTENTE ADMINISTATIVO
1811;JEFE DE MARKETING DIGITAL;ASISTENTE DE MARKETING DIGITAL
1812;SUPERVISOR DE OPERACION Y MANTENIMIENTO ELECTRICO;SUPERVISOR DE ELECTRICIDAD
1813;DIRECTOR DIGITAL DE MARKETING;DIRECTORA DE MARKETING DIGITAL
1814;COORDINADOR SENIOR DE RELACIONES COMUNITARIAS;LIDER DE RELACIONES COMUNITARIAS
1815;ANALISTA DE PROCESOS Y PROYECTOS;ANALISTA DE GERENCIA Y PROCESOS
1816;ESPECIALISTA DE INFRAESTRUCTURA Y SOPORTE;ESPECIALISTA INFRAESTRUCTURA Y SEGURIDAD
1817;TECNICO EN MANTENIMIENTO DE SERVIDORES;TECNICO EN SERVICIOS DE MANTENIMIENTO 2
1818;ESPECIALISTA DE RELACIONES PUBLICAS;ESPECIALISTA DE RELACIONES PUBLICAS Y EVENTOS
1819;ANALISTA COMPRAS;ANALISTA DE INVENTARIOS Y COMPRAS
1820;SOUS CHEF;SOUS CHEF JR
1821;JEFE DE CENTROS DE ACOPIO;SUPERVISOR DE CENTRO DE ACOPIO
1822;GERENTE DE NEGOCIACION;GERENTE DE NEGOCIOS PROCESOS
1823;ASISTENTE BODEGA REPUESTOS Y MATERIA PRIMA;ASISTENTE DE BODEGA/PRODUCCION
1824;JEFE ADMINISTRATIVA Y COMPRAS;SUPERVISOR ADMINISTRATIVO Y DE COMPRAS
1825;AYUDANTE APOYO FINANCIERO;AYUDANTE FINANCIERO
1826;JEFE DE INFRAESTRUCTURA TECNOLOGICA;SUPERVISOR DE INFRAESTRUCTURA TECNOLOGICA
1827;SUPERVISOR DE MANTENIMIENTO Y RIEGO;SUPERVISOR DE RIEGO Y FERTILIZACION
1828;COORDINADOR DE CONTROL PRESUPUESTARIO;COORDINADOR DE PRESUPUESTO, DESARROLLO Y CONTROL
1829;TECNICO JUNIOR DE MANTENIMIENTO;JEFE TECNICO DE MANTENIMIENTO
1830;ANALISTA N1 CERT;ANALISTA N2 CERT
1831;ANALISTA TECNOLOGIA INFORMACIO;ANALISTA_DE_INFORMACION
1832;ESPECIALISTA COMUNICACION;ESPECIALISTA COMUNICACION Y DESARROLLO
1833;JEFE DE COORDINACION Y SERVICIO AL CLIENTE;JEFE DE VENTAS Y SERVICIO AL CLIENTE
1834;JEFE DE GESTION DE PROVEEDORES;EJECUTIVO DE GESTION DE PROVEEDORES
1835;ESPECIALISTA SAP;ESPECIALISTA PRODUCCION SAP
1836;GERENTE ADMINISTRADOR;GERENTE ADMINISTRATIVO CORPORATIVO
1837;JEFE DE DESARROLLO E INNOVACION;JEFE DE DESARROLLO TECNOLOGICO
1838;TRABAJADOR DEL AGRO: CORTE Y RECOLECCION DE RACIMOS, CORONA QUIMICA, APLICACION DE MATERIA ORGANICA,;TRABAJADOR DEL AGRO: CORTE Y RECOLECCION DE RACIMOS, CORONA QUIMICA, APLICACION DE MATERIA ORGANICA, CHAPIA, CORONA MANUAL - M
1839;JEFE DE MEDIOS DIGITALE;COORDINADOR DE COMUNICACION DIGITAL
1840;ANALISTA DE DESARROLLO ORGANIZACIONAL;SUBGERENTE DE DESARROLLO ORGANIZACIONAL
1841;ANALISTA CONTROL FINANCIERO;ANALISTA SENIOR FINANCIERO ADMINISTRATIVO
1842;TECNICO DE TALLER;TECNICO ESPECIALISTA DE TALLER
1843;ASISTENTE ADM.;ASISTENTE M/R
1844;ASISTENTE DE GESTION HUMANA;ASISTENTE DE GESTION HUMANA JR
1845;SUPERVISOR DE IMPRENTA;SUPERVISOR DE IMPRESION DIGITAL
1846;ASISTENTE DE DISTRIBUCION/TRANSPORTE;AUXILIAR DE TRANSPORTE Y DISTRIBUCION
1847;JEFE DE PRODUCION;JEFE DE PRODUCTO (UA)
1848;GERENTE DE PRESUPUESTACION E INGENIERIA;GERENTE DE FINANZAS Y PLANIFICACION PRESUPUESTARIA
1849;ANALISTA BANCA COMERCIAL;ANALISTA BANCA CORPORATIVA
1850;GERENTE CORPORATIVO DE RELACIO;GERENTE DE RELACIONES COMERCIALES
1851;ASISTENTE DE MANTENIMIENTO PORCICULTURA;JEFE DE MANTENIMIENTO PORCICULTURA
1852;COORDINADOR DE GESTION COMERCIAL;GERENTE DE GESTION ESTRATEGICA COMERCIAL
1853;JEFE DE CAPACITACION Y ENTRENAMIENTO;COORDINADORA DE CAPACITACION Y ENTRENAMIENTO
1854;SUPERVISOR DE MERCADEO;SUPERVISOR SENIOR DE MERCADERISTA
1855;GERENTE CORPORATIVO DE PROYECTOS;GERENTE DE NEGOCIOS PROYECTOS
1856;DISENADOR;DISENADOR BDP
1857;GERENTE INFRAESTRUCTURA;GERENTE DE INFRAESTRUCTURA TECNOLOGICA
1858;SUPERVISOR GENERAL DE PRODUCCION;CHEF SUPERVISOR DE PRODUCCION
1859;ANALISTA CONTROL DE INVENTARIOS;ANALISTA CONTABLE Y DE INVENTARIOS
1860;ESPECIALISTA DE SEGURIDAD Y SALUD OCUPACIONAL;MEDICO EN SEGURIDAD Y SALUD OCUPACIONAL
1861;ELECTRICISTA MANTENIMIENTO;SUPERV. MANTENIMIENTO ELECTRICO
1862;ANALISTA DE COMERCIO EXTERIOR Y COMPRAS;ANALISTA DE COMERCIO EXTERIOR G
1863;ANALISTA DE CALIDAD JR;ANALISTA DE CALIDAD ACONDICIONADO
1864;DOCENTE CISO;DOCENTE DE CISO
1865;ABOGADO DE LITIGIO;ABOGADO JR. DE LITIGIO
1866;AYUDAMNTE DE MANTENIMIENTO;ASIST. MANTENIMIENTO
1867;GERENTE ADMINSTRATIVA;GERENTE REGIONAL ADMINISTRATIVA
1868;ENCARGADO DE MANTENIMIENTO;AGENTE DE MANTENIMIENTO
1869;GERENTE DE SERVICIOS DE OPERACIONES;GERENTE DE OPERACIONES- SERVICIOS F
1870;DIBUJANTE 94;DIBUJANTE 99
1871;BIOQUIMICO FARMACEUTICO;BIOQUIMICA FARMACEUTICA
1872;ASESOR DE AUDITORIA Y CONTROL TECNICO;COORDINADOR AUDITORIA Y CONTROL TECNICO
1873;SUPERVISOR DE BODEGA MF;SUPERVISOR DE BODEGA SENIOR
1874;COORDINADOR DE BODEGA CARTON;JEFE DE BODEGA CARTON
1875;ASISTENTE TECNICO DE OBRA;ASISTENTE TECNICO DE DIRECCION DE OBRA
1876;ASISTENTE DE MANTENIMIENTO 3;JEFE DE MANTENIMIENTO III
1877;COORDINADOR DE COMPRAS DIRECTAS;JEFE DE COMPRAS DIRECTOS
1878;ASISTENTE ADM. PRODUCCION;ASISTENTE DE PRODUCCION EJECUTIVA
1879;LIDER TECNICO DE PROYECTOS;SUPERVISOR TECNICO DE PROYECTOS
1880;ASISTENTE DE TITULACION;ASISTENTE DE TITULACION POSGRADO
1881;ASISTENTE DE CODIFICACION;ASISTENTE DE DISENO DE CODIFICACION
1882;AYUDANTE DE PRODUCCION/MAQUINA;AYUDANTE DE MAQUINA/PRODUCCION
1883;ASISTENTE DE BODEGA Y DESPACHO;ASISTENTE DE SERVICIO AL CLIENTE EN BODEGA
1884;ASISTENTE DE OPERACIONES PORTUARIAS;ASISTENTE OPERACIONES NAVIERA
1885;ANALISTA INTELIGENCIA COMERCIAL;ANALISTA JUNIOR INTELIGENCIA COMERCIAL
1886;SUPERVISOR DE AGENCIA;SUPERVISOR AGENCIA
1887;JEFE DE INSTALACIONES;JEFE DE OBRA INSTALACIONES
1888;SUB GERENTE FINANCIERA;SUB GERENTE DE FINANZAS Y ADMINISTRACION
1889;COORDINADOR DE COMUNICACION CORPORATIVA E INTERNA;JEFE DE COMUNICACION CORPORATIVA
1890;ESPECIALISTA DE;PROFESIONAL ESPECIALISTA
1891;ASISTENTE DE PROVEEDURIA;ASISTENTE_DE_SERVICIOS_Y_PROVEDURIA
1892;ANALISTA DE CONTROL CALIDAD;ANALISTA DE CONTROL QUIMICO
1893;ASISTENTE TECNOLOGIA;AUXILIAR DE TECNOLOGIA
1894;ANALISTA DE COMPRAS AL EXTERIOR;ANALISTA DE VENTAS INTERNACIONALES
1895;SALONERO / MESERO (ESTABLECIMIENTOS CATEGORIA PRIMERA);SALONERO (ESTABLECIMIENTOS CATEGORIA PRIMERA)
1896;GERENTE CONTROL INTERNO;GERENTE CONTROL Y SEGUIMIENTO
1897;ASISTENTE DE COMPRAS Y BODEGA;ASISTENTE DE TIENDA
1898;COORDINADOR PASTORAL;COORDINADOR PASTORAL GENERAL
1899;ASISTENTE DE SEGURIDAD SALUD Y AMBIENTE;ASISTENTE DE SALUD, SEGURIDAD, AMBIENTE Y CALIDAD
1900;ANALISTA DE COSTOS Y PRESUPUESTO;AUXILIAR DE PRESUPUESTOS Y COSTOS
1901;INGENIERO DE DESARROLLO SR.;INGENIERO DESARROLLO DE
1902;INGENIERO DE APLICACIONES TECNICAS;INGENIERO DE APLICACIONES-MECANICAS
1903;JEFE DE SUMINISTROS Y ADQUISICIONES;JEFE DE SUMINISTROS Y LOGISTICA
1904;EJECUTIVA DE CALL CENTER;EJECUTIVA DE CONTACT CENTER
1905;ESPECIALISTA INFRAESTRUCTURA;ESPECIALISTA SENIOR DE INFRAESTRUCTURA
1906;ASISTENTE ADMINISTRATIVO OPERACION;ASISTENTE DE OPERACIONES Y TRA
1907;ASISTENTE DE TRANSPORTE Y LOGISTICA;ASISTENTE DE TRAFICO Y DOCUMENTACION
1908;2. ASISTENTE DE COMPRAS;ASISTENTE DE COMPRA I
1909;PROFESOR TITULAR AUXILIAR;PROFESOR TITULAR AUXILIAR 1
1910;COORDINADOR DE GERENCIA;COORDINADOR DE GESTION
1911;TECNICO DE MANTENIMIENTO CIRCULAR;TECNICO MANTENIMIENTO GENERAL
1912;CHOFER;CHOFER (B)
1913;ASISTENTE DE MAQUINA;AYUDANTE DE MAQUINAS
1914;COORDINADOR DE OPERACIONES ADUANERAS;SUPERVISOR DE OPERACIONES ADUANERAS
1915;JEFE DE SERVICIOS ADICIONALES;JEFE DE SERVICIOS COMPLEMENTARIOS
1916;ASESOR INSTITUCIONAL;CONSULTOR INSTITUCIONAL
1917;ASIST. CREDITO Y COBRANZAS;ASIST CREDITO Y COBRANZAS
1918;ASISTENTE DE BODEGA Y DE OPERACION;ASISTENTE BODEGA / BODEGUERO
1919;ASISTENTE DE ADMINISTRACION Y FINANZAS;AUXILIAR ADMINISTRACION Y FINANZAS
1920;ASISTENTE DE FACTURACION Y SERVICIO AL CLIENTE;AUXILIAR DE CONTABILIDAD Y FACTURACION
1921;EJECUTIVO TECNICO DE INDEMNIZACIONES;SUPERVISOR DE INDEMNIZACIONES
1922;ASISTENTE COMERCIAL Y MARKETING;ASISTENTE DE MERCADEO Y DE COMUNICACION
1923;COORDINADORA DE AREA DE MATEMATICAS/TUTOR DOCENTE;DOCENTE DE MATEMATICA BS / COORDINADORA
1924;JEFE DE TALLER MECANICO;JEFE DE TALLER Y MANUFACTURA
1925;LAWYER ASSISTANT;LEGAL ASSISTANT
1926;JEFE COMPRAS E IMPORTACIONES;GERENTE DE OPERACIONES IMPORT
1927;ASESOR DE NEGOCIOS;ASESOR DE NEGOCIOS 1
1928;GERENTE CALIDAD;GERENTE DE GARANTIA DE CALIDAD
1929;JEFE ASEGURAMIENTO CALIDAD;JEFE DE ASEGURAMIENTO DE CALIDAD 1
1930;JEFE DE CALIDAD, SEGURIDAD Y MEDIO AMBIENTE;JEFE DE INFRAESTRUCTURA Y CALIDAD
1931;ANALISTA DE INTELIGENCIA DE NEGOCIOS PRODUCTOS Y SERVICIOS;ANALISTA DE INTELIGENCIA DE VENTAS
1932;JEFE GESTION TECNICA;JEFE GESTION TECNOLOGICA
1933;EXPORTACIONES;IMPORTACIONES Y EXPORTACIONES
1934;GERENTE DE ASESORIA DE PRECIOS DE TRANSFERENCIA;ASISTENTE DE PRECIOS DE TRANSFERENCIA
1935;JEFE DE PRODUCTO;JEFE DE OPERACIONES Y PRODUCTO
1936;GERENTE DE MANTENIMIENTO;JEFE DE MANTENIMIENTO Y ADECUACIONES
1937;SUPERVISOR DE FINANZAS;SUPERVISOR DE CONTROL FINANCIERO
1938;ESPECIALISTA TELEFONIA A;ESPECIALISTA TELEFONIA B
1939;JEFE PLANIFICACION Y CONTROL;JEFE PLANIFICACION Y SISTEMAS
1940;SUPERVISOR DE BODEGA DE PRODUCTO;SUPERVISOR TECNICO DE BODEGA
1941;JEFE DE POSTVENTA;JEFE POSTVENTA
1942;GERENTE DE ESTRATEGIA Y NEGOCIOS;GERENTE DE PROCESOS Y NEGOCIOS
1943;GERENTE DE ASUNTOS REGULATORIOS CORPORATIVO;GERENTE DE ASUNTOS REGULATORIOS Y CALIDAD
1944;JEFE ADMINISTRATIVA Y COMPRAS;COORDINADOR DE COMPRAS Y ADMINISTRACION
1945;ASISTENTE CONTABLE;ASISTENTE CONTABLE - INVENTARIOS
1946;ANALISTA DE IMPORTACIONES Y CADENA DE SUMINISTRO;ANALISTA DE OPERACIONES IMPORT
1947;VENDEDOR VACACIONISTA;VENDEDOR VACACIONISTA B2B
1948;ASISTENTE DE MARKETING;ASISTENTE / MARKETING
1949;COORDINADOR HSE ECUADOR;HSE TEAM LEADER ECUADOR
1950;ASISTENTE DE MECANICA;AUXILIAR DE MECANICA
1951;JEFE DE AGENCIA 1;JEFE DE AGENCIA 2
1952;AYUDANTE DE MANTENIMIENTO ELECTRICO;AYUDANTE DE MANTENIMIENTO ELEC
1953;ADMINISTRADOR CONTROL CALIDAD;ADMINISTRADOR DE ASEGURAMIENTO DE LA CALIDAD
1954;COORDINADOR INSPECCIONES;DIRECTOR DE INSPECCIONES Y REINSPECCIONES
1955;ASISTENTE DE GERENCIA Y PLANIFICACION;ASISTENTE DE PLANIFICACION Y PROYECTOS
1956;SUBGERENTE ADMINISTRATIVA FINANCIERA;SUBEGRENTE ADMINISTRATIVA-FINANCIERA
1957;ASISTENTE ADMINISTRATIVA FACTURACION Y COBRANZA;ASISTENTE ADMINISTRATIVO Y COBRANZA
1958;SUPERVISOR DE AUDITORIA;SUPERVISOR DE AUDITORIA DE TI
1959;GERENTE DE LEGAL & CUMPLIMIENTO;JEFE DE LEGAL Y COMPLIENCE
1960;COORDINADOR DE BODEGA GENERAL;COORDINADOR BODEGA COMERCIAL
1961;SUPERVISOR DE AUDITORIA;SUBGERENTE DE AUDITORIA
1962;JEFE DE CALIDAD Y SISTEMAS DE GESTION;JEFE DE OPERACIONES Y CALIDAD
1963;PANADERO PASTELERO;PASTELERO-PANADERO
1964;ASISTENTE DE DISENO GRAFICO;ASISTENTE DE DISENO GRAFI
1965;JEFE DE PLANIFICACION Y OPTIMIZACION DE PROCESOS;JEFE DE PLANIFICACION, PROCESOS E INNOVACION
1966;ANALISTA DE COMERCIO EXTERIOR;ANALISTA_DE_COMERCIO_EXTERIOR
1967;JEFE ADMINISTRATIVO DE AUDITORIA HOSPITALARIA;JEFE MEDICO DE AUDITORIA HOSPITALARIA
1968;SUBDIRECTOR ADMINISTRATIVO;SUPERINTENDENTE ADMINISTRATIVO / A
1969;ASISTENTE DE PLATAFORMA DE SERVICIOS;SUPERVISOR DE PLATAFORMA DE SERVICIOS
1970;ASISTENTE GESTION AMBIENTAL;AUXILIAR DE GESTION AMBIENTAL
1971;COORDINADOR DE PROCESOS Y PROYECTOS;DIRECTOR DE PROYECTOS Y PROCESOS
1972;AUXILIAR DE MANTENIMIENTO DE EQUIPOS Y VEHICULOS;TECNICO MANTENIMIENTO EQUIPOS AUXILIARES
1973;ASISTENTE DE TRAFICO;AUXILIAR DE TRAFICO
1974;AYUDANTE DE MANTENIMIENTO (ESTABLECIMIENTO CATEGORIA);AYUDANTE TECNICO DE MANTENIMIENTO
1975;OPERARIO DE CALIDAD Y PROCESOS;JEFE DE OPERACIONES Y CALIDAD
1976;DOCENTE NO TITULAR;DOCENTE NO TITULAR 3
1977;MECANICO DE EQUIPO PESADO;MECANICO EQUIPO PESADO
1978;JEFE CANAL TRADICIONAL;JEFE DE CANAL
1979;COORDINADOR(A) DE CONTROL DE INFECCIONES;COORDINADOR/A SENIOR CONTROL DE INFECCIONES
1980;COORDINADOR DE INNOVACION;COORDINADOR DE MEJORAMIENTO E INNOVACION
1981;SUB-GERENTE ADMINISTRATIVO;SUPERVISOR ADMINISTRACION GENERAL
1982;SUPERVISOR DE INSTRUMENTACION;SUPERVISOR DE INSTRUMENTACION Y CONTROL
1983;ANALISTA SERVICIO TECNICO;ANALISTA COMERCIAL DE SERVICIO TECNICO
1984;ING. DE DISENO CIVIL;INGENIERO DISENO CIVIL
1985;JEFE DE COMERCIALIZA;JEFE DE DESARROLLO COMERCIAL
1986;GERENTE SEGURIDAD;GERENTE SENIOR DE SEGURIDAD
1987;ASISTENTE DE CONTABILIDAD FINANCIERO;AUXILIAR DE CONTABILIDAD Y TESORERIA
1988;ASISTENTE COMERCIAL Y OPERACIO;ASISTENTE DE OPERACION Y EXPERIENCIA DE CLIENTES
1989;AUXILIAR ADMINISTRTIVO;AUXILIAR ADMIISTRATIVO
1990;INGENIERO OYM PLANTA EXTERNA MOVIL;TECNICO OYM PLANTA EXTERNA MOVIL
1991;ADMINISTRADOR DE PLATAFORMA;JEFE DE PLATAFORMA
1992;COORDINADOR DE CENTRO DE SERVICIO;COORDINADOR DE CENTRO
1993;GERENTE FINANCERIO;GERENTE ADM FINANCIE
1994;ASISTENTE ( CONT. CALIDAD );ASISTENTE DPTO. CALIDAD
1995;SUBGERENTE DE ASESORIA COMERCIAL;SUPERVISOR(A) DE ASESORIA COMERCIAL
1996;ASISTENTE DE DESARROLLO OCUPACIONAL Y CAPACITACION;ASISTENTE DE CAPACITACION Y DESARROLLO
1997;ANALISTA DE INFRAESTRUCTURA;ANALISTA DE INFRAESTRUCTURA Y COM
1998;COORDINADOR/A SOPORTE AL USUARIO;SUPERVISOR DE ATENCION AL USUARIO
1999;BUSINESS DEVELOPMENT EXECUTIVE;DIRECTOR BUSINESS DEVELOPMENT EXECUTIVE
2000;EJECUTIVO ATENCION CLIENTE;EJECUTIVO DE ATENCION AL USUARIO
2001;PLANNER DE DEMANDA;PLANIFICADOR DEMANDA
2002;AUXILIAR DE FACTURACION;AUXILIAR DE CONTROL Y FACTURACION
2003;JEFE DE BODEGA Y PLANEACION;LIDER DE BODEGA Y PLANIFICACION
2004;JEFE DE LOGISTICA REPUESTOS;COORDINADOR DE LOGISTICA (PLANIFICACION REPUESTOS)
2005;COORDINADOR GENERAL DE SIMULACION;COORDINADOR TECNICO DE SIMULACION
2006;EJECUTIVO DE MARKETING Y VENTAS;JEFE DE MARKETING Y VENTAS
2007;ADMINISTRADOR DE EDIFICIO;ADMINISTRADORA EDIFICIO
2008;ANALISTA DE COMPRA;ANALISTA ADM Y DE COMPRAS
2009;DEPARTAMENTO MANTENIMIENTO;DIRECCION DE MANTENIMIENTO
2010;SUPERVISOR LOGISTICA Y OPERACIONES;SUPERVISOR DE PROCESOS Y SEGURIDAD LOGISTICA
2011;GERENTE DE PLANTA;INTENDENTE DE PLANTA
2012;ASESOR TECNICO ACUICULTOR;GERENTE TECNICO ACUICOLA
2013;JEFE DE MANTENIMIENTO LABORATORIO;OPERARIO DE MANTENIMIENTO DE LABORATORIO
2014;JEFE DE ATENCION AL CLIENTE;ASISTENTE DEL CENTRO DE ATENCION AL CLIENTE
2015;ANALISTA DE SELECCION Y DESARROLLO ORGANIZACIONAL;ESPECIALISTA DE SELECCION Y DESARROLLO ORGANIZACIONAL
2016;SUPERVISOR DE CAMARON;SUPERVISOR/A CAMARON
2017;ESPECIALISTA EN TELEFONIA;ESPECIALISTA TELEFONIA A
2018;ANALISTA DE IMPORTACIONES Y CADENA DE SUMINISTRO;ANALISTA DE IMPORTACIONES Y COMPRAS LOCALES
2019;JEFE DE SOPORTE TECNICO - REGION COSTA;JEFE DE SOPORTE TI REGION COSTA
2020;SERVICIOS VARIOS;SERVICIOS EN GENERAL
2021;ANALISTA DE OPERACIONES LOGISTICA;ANALISTA DE CONTROL LOGISTICO
2022;COORDINADOR 2;COORDINADOR T2
2023;COORDINADOR SERVICIOS GENERALES;GERENTE COORDINACION Y SERVICIOS
2024;COORDINADOR DE MARKETING PROGRAMA VITALITY;JEFE DE MARKETING VITALITY
2025;ASISTENTE DE MANTENIMIENTO I;ASISTENTE TECNICO INGENIERIA Y MANTENIMIENTO
2026;EJECUTIVO ADMINISTRATIVO;EJECUTIVO ADMINISTRATIVO JUNIOR
2027;SUPERVISOR DE OBRA Y TALLER AUTOMOTRIZ;SUPERVISOR DE TALLER AUTOMOTRIZ
2028;ASISTENTE CONTABLE DE PROVEEDORES;ASISTENTE CONTABLE (PROVEEDORES)
2029;ANALISTA DE CALIDAD JUNIOR;ANALISTA DE CALIDAD Y DESARROLLO
2030;INGENIERO DE DATOS;INGENIERO DE DATOS SR
2031;SUPERVISOR DE LAVANDERIA;SUPERVISOR DE LAVADO DE MATERIALES
2032;ASISTENTE ELECTRICO MANTENIMIENTO;ELECTRICISTA - MANTENIMIENTO
2033;ANALISTA DE SOSTENIBILIDAD;ADMINISTRATIVO-ANALISTA DE SOSTENIBILIDAD
2034;ANALISTA DE INFRAESTRUCTURA TI;ANALISTA SENIOR TI INFRAESTRUCTURA
2035;GERENTE DE GESTION DE PRODUCTO;GERENTE DE LINEA DE PRODUCTO
2036;JEFE DE DESARROLLO ESTRATEGICO;DIRECTOR DE DESARROLLO ESTRATEGICO
2037;GERENTE ADMINISTRACION Y FINANZAS;ADMINISTRADOR / GERENCIAL
2038;SUPERVISOR DE SOPORTE;SUPERVISOR SOPORTE
2039;ANALISTA DE DATOS E INFORMACION;ANALISTA_DE_INFORMACION
2040;GERENTE REGIONAL TECNICO;JEFE TECNICO REGIONAL
2041;ANALISTA DE ESTRATEGIA;ANALISTA DE ESTRATEGIA E INNOVACION
2042;ASISTENTE 2 DE PRODUCCION;ASISTENTE DE PRODUCCION 1
2043;SUBGERENTE ADMINISTRATIVA;SUBGERENTE ADMINISTRACION
2044;ASISTENTE TECNICO;ASISTENTE TECNICO RO
2045;ANALISTA DE NOMINA Y CONTRATOS;ANALISTA DE NOMINA Y COMISIONES
2046;LICENCIADO EN IMAGEN;LICENCIADO/A DE IMAGENES
2047;JEFE DE COMUNICACION;JEFE DE COMUNICACION CORPORATIVA
2048;ARQUITECTO DE DATOS;ARQUITECTO TECNICO DE DATA
2049;ASESOR TECNICO COMERCIAL EXTERNO;ASESOR TECNICO COMERCIAL E
2050;ASISTENTE COMERCIAL Y MARKETING;ASISTENTE COMERCIAL Y DE COMUNICACION
2051;AYUDANTE DE DISENO;AUXILIAR DE DISENO
2052;COORDINADOR DE CAPACITACION;ESPECIALISTA DE CAPACITACION
2053;ANALISTA DE ASEGURAMIENTO Y CONTROL DE CALIDAD;ANALISTA DE CALIDAD DE PRODUCCION
2054;INGENIERO DE SEGURIDAD;INGENIERO DE SEGURIDAD INDUSTRIAL
2055;GERENTE DE LOGISTICA Y DISTRIBUCION;GERENTE DE OPERACIONES Y LOGISTICA INTEGRAL
2056;AYU. OBRA LL;AYU. OBRA LL2
2057;ANALISTA SENIOR IMPUESTOS;GERENTE SENIOR DE IMPUESTOS
2058;ASISTENTE DE INFORMATICA;ASISTENTE DE TECNOLOGIA INFORMATICA
2059;ASISTENTE ADMINISTRATIVA FACTURACION Y COBRANZA;ASISTENTE COMERCIAL Y FACTURACION
2060;ASESOR COMERCIAL SEMINUEVOS;ASISTENTE COMERCIAL SEMINUEVOS
2061;COORDINADOR DE LOGISTICA Y OPERACIONES;COORDINADOR DE LOGISTICA Y EVENTOS DE LA OPERACION
2062;INGENIERO DE MANTENIMIENTO;ING. DE MANTENIMIENTO
2063;ASISTENTE DE OPERACIONES Y CREDITO;ASISTENTE DE CREDITO Y FINANZAS
2064;GERENTE DE LOGISTICA SECUNDARIA Y SERVICIOS GENERALES;JEFE DE LOGISTICA - SERVICIOS GENERALES
2065;SUBGERENTE DE SEGURIDAD;SUPERVISOR DE SEGURIDAD GENERAL
2066;GERENTE DE ESTRATEGIA Y GESTION HUMANA;JEFE DE RECURSOS HUMANOS Y SISTEMA DE GESTION
2067;SECRETARIA DE GERENCIA (E);SECRETARIA DE GERENCIA ADMINISTRATIVA
2068;TECNICO EN MECANICA EXPRESS A;TECNICO MECANICO EXPRESS B
2069;ASISTENTE ( CONT. CALIDAD );ASISTENTE CALIDAD E INOCUIDAD
2070;TECNICO SISTEMAS;TECNICO DE SISTEMAS SR.
2071;COORDINADOR DE FACTURACION Y;ASISTENTE FACTURACION Y COBRANZAS
2072;CODIFICADOR DE FUNDAS EMPAQUE L2;CODIFICADOR DE FUNDAS EMPAQUE L3
2073;COORDINADOR DE IMPRESION;COORDINADOR DE IMPRESIONES
2074;PERSONAL DE APOYO ACADEMICO;PERSONAL DE APOYO ACADEMICO-TECNICO DOCENTE
2075;JEFE ASEGURAMIENTO DE CALIDAD;ENCARGADO DE CONTROL DE CALIDAD
2076;GERENTE DE ASUNTOS CORPORATIVOS Y LEGAL;GERENTE LEGAL CORPORATIVO
2077;ADMINISTRADOR DE CENTRO DE DISTRIBUCION;GESTOR ADMINISTRATIVO CENTRO DISTRIBUCION
2078;AUXILIAR CALIDAD PRODUCTO TERMINADO;AUXILIAR DE CALIDAD MATERIALES
2079;DISENADOR GRAFICO JUNIOR;DISENADOR GRAFICO SENIOR
2080;SUPERINTENDENTE DE SALUD OCUPACIONAL;SUPERINTENDENTE DE SALUD Y SEGURIDAD INDUSTRIAL
2081;ANALISTA ADMINISTRACION ,FINANZAS Y CONTROL;ANALISTA DE CONTABILIDAD Y ADMINISTRACION
2082;ASISTENTE DE TECNOLOGIA INFORMATICA;ASISTENTE DE TECNOLOGIA, INFORMATICA Y C
2083;OPERADOR DE WELL TESTING;TECNICO DE WELL TESTING
2084;TECNICO DE MAQUINAS Y HERRAMIENTAS;TECNICO DE EQUIPOS Y HERRAMIENTAS
2085;INGENIERO DE CAMPO III;INGENIERO DE CAMPO IV
2086;LIDER DE CONTROL DE CALIDAD;ENCARGADO DE CONTROL DE CALIDAD
2087;COORDINADOR DE PROCESOS Y PROYECTOS;COORDINADOR DE GESTION DE PROCESOS
2088;ASESOR DE INVERSIONES;ASESOR DE INVERSIONES SENIOR
2089;COORDINADOR RELACIONES INSTITUCIONALES Y SUSTENTABILIDAD;GERENTE RELACIONES INSTITUCIONALES Y SUSTENTABILIDAD
2090;AYUDANTE DE BODEGA Y DESPACHO;AYUDANTE DE BODEGA Y RECEP MERCADERIA
2091;GERENTE DE OPERACIONES REGIONAL;SUPERVISOR DE OPERACIONES REGIONAL
2092;ANALISTA DE PRICING;ANALISTA SENIOR DE PRICING
2093;COORDINADOR DE PROYECTOS Y SERVICIOS;COORDINADOR GENERAL DE PROYECTOS
2094;COORDINADOR SENIOR DE RECURSOS HUMANOS;COORDINADORA DE RECURSOS HUMANOS Y ADMINISTRATICO
2095;COORDINADOR DE GESTION DE RIESGOS;COORDINADOR DE PREVENCION DE RIESGOS
2096;COORDINADOR TELECOMC-INFRAESTRUCTURA;COORDINADOR(A) DE INFRAESTRUCTURA INFOR.
2097;AUXILIAR DE GESTION AMBIENTAL;AUXILIAR DE MEDIO AMBIENTE
2098;TECNICO ESPECIALISTA PREDICTIVO;TECNICO PREDICTIVO
2099;JEFE ADM. DE PRODUCION;JEFE DE FABRICA
2100;GERENTE DE TRANSFORMACION E INNOVACION;GERENTE TRANSFORMACION TECNOLOGICA
2101;ANALISTA DE SELECCI N;ANALISTA DE SELECCION Y C
2102;ASISTENTE DE NEGOCIOS FIDUCIARIOS;ASISTENTE DE NEGOCIOS FIDUCIARIO
2103;ANALISTA DE CONTRATACION Y ADMINISTRACION DE PERSONAL;ANALISTA DE NOMINA Y GESTION DE PERSONAL
2104;OPERADOR DE CALL CENTER;AGENTE DE CALL CENTER
2105;COORDINADOR DE INNOVACION;COORDINADOR DE INNOVACION Y PR
2106;COORDINADOR DE PLANIFICACION ACADEMICA;COORDINADORA DE PLANIFICACION COLEC
2107;SUBGERENTE DE VENTAS NACIONAL;SUPERVISOR NACIONAL DE VENTAS
2108;JEFE DE LUBRICACION;TECNICO DE LUBRICACION DE PRODUCTOS
2109;AUXILIAR ADMINISTRATIVO-VENTAS;AUXILIAR VENTAS Y ADMINISTRACION
2110;JEFE / AFINES;JEFE/AFFINES
2111;JEFE DE PROVEEDORES;COORDINADOR DE PROVEEDORES
2112;AUDITOR DE CONTROL INTERNO;ESPECIALISTA DE AUDITORIA INTERNA
2113;GERENTE DE CALIDAD Y PROCESOS;GERENTE DE GARANTIA DE CALIDAD
2114;JEFE DE VENTAS UIO;GERENTE DE VENTAS - UIO
2115;SUPERVISOR DE FLOTA;ASISTENTE DE SUPERVISOR DE FLOTA
2116;JEFE DE SEGURIDAD FISICA;JEFE DE SEGURIDAD FISICA Y SSO
2117;JEFE TECNICO DE MANTENIMIENTO;GERENTE DE MANTENIMIENTO Y TALLERES
2118;CHOFER DE OPERACIONES;CHOFER DE APOYO OPERACIONAL
2119;ASISTENTE COMERCIAL Y MARKETING;ASISTENTE DE NEGOCIOS Y MARKETING
2120;ANALISTA DE GOBIERNO DE LA DATA;ANALISTA GOBIERNO DE DATOS
2121;AUXILIAR DE BODEGA QUITO;AUXILIAR DE BODEGA QTO SUR
2122;ASISTENTE DE VENTAS, COMPRAS;ASISTENTE_DE_ADMINISTRACION_Y_DESARROLLO_DE_VENTAS
2123;JEFE DE PRODUCCION Y CALIDAD;JEFE PRODUCCION Y EXCELENCIA OPERACIONAL
2124;ASISTENTE BODEGA MATERIA PRIMA;AYUDANTE BODEGA DE MATERIA PRIMA
2125;ANALISTA DE ATENCION Y RETENCION AL CLIENTE;ANALISTA DE GESTION DE CLIENTES
2126;JEFE DE ADMINISTRACION COMERCIAL;COORDINADOR DE GESTION COMERCIAL
2127;EJECUTIVO DE CUENTA DISTRIBUCION SENIOR;EJECUTIVO DE CUENTA EMISION SENIOR
2128;COORDINADOR DE ASUNTOS REGULATORIOS Y CALIDAD;COORDINADORA DE GESTION Y ASUNTOS REGULATORIOS
2129;JEFE BODEGA AMBATO;JEFE DE TIENDA AMBATO
2130;LIMPIEZA OFICINA;SERVICIO LIMPIEZA OFICINAS
2131;ANALISTA COMERCIAL Y MARKETING;ANALISTA COMERCIAL CORPORATIVO
2132;ASISTENTE DE PLANTA DE BENEFICIO;COORDINADOR SEMISENIOR DE PLANTA DE BENEFICIO
2133;ANALISTA DE AUDITORIA MEDICA;EJECUTIVO DE AUDITORIA MEDICA
2134;ASISTENTE DE COMUNICACION Y MARKETING;ASISTENTE DE MARKETING Y PROMOCIONES
2135;ELECTRICISTAS (MANT.);MANT. ELECTRICO
2136;SUBGERENTE DE MANTENIMIENTO;SUB JEFE MANTENIMIENTO
2137;JEFE DE VENTAS INSTITUCIONAL COSTA;REPRESENTANTE DE VENTAS INSTITUCIONAL COSTA
2138;ANALISTA DE SISTEMAS SOPORTE;ANALISTA INFORMACION Y SOPORTE SISTEMAS
2139;COORDINADOR DE TH;COORDINADORA T.H
2140;AUXILIAR DE GESTION DOCUMENTAL;COORDINADOR DE GESTION DOCUMENTAL
2141;LIMPIEZA & MANTENIMIENTO;LIMPIEZA MANTENIMIENTO
2142;SUBGERENTE DE ADMINISTRACION Y COMPRAS;SUPERVISOR DE COMPRAS GENERALES
2143;ASISTENTE DE TRADE MARKETING GUAYAQUIL;JEFE DE TRADE MARKETING GUAYAQUIL
2144;SUPERVISOR DE VENTA;SUPERVISOR DE PUNTO DE VENTA
2145;INGENIERA DE APLICACION;INGENIERO DE APLICACIONES E INNOVACION
2146;AUXILIAR DE AGUAS RESIDUALES;AYUDANTE DE AGUAS RESIDUALES
2147;ASISTENTE ADMINISTRATIVA FINANCIERA / ADMINISTRATIVE FINANCIAL ASSISTANT;ASISTENTE DE PROYECTOS ADMINISTRATIVOS FINANCIEROS
2148;ADMINISTRADOR DE NEGOCIOS FIDUCIARIOS;EJECUTIVO COMERCIAL DE NEGOCIOS FIDUCIARIOS
2149;ANALISTA COMUNICACION;ANALISTA DE COMUNICACION EXTERNA
2150;AYUDANTE LOGISTICA;AYUDANTE LOGISTICA LIDER
2151;GERENTE ADMINISTRADOR;JEFE DE GESTION ADMINISTRATIVA
2152;ASISTENTE ADMINISTRATIVO NR;ASISTENTE T�CNICO ADMINISTRATIVO
2153;AUDITORA DE CONTROL Y PROCESOS;AUDITORA DE PROCESOS Y CONTROL DE CALIDAD
2154;ATARRAYADOR;ATARRAYADOR G.3
2155;JEFE DE COMERCIO EXTERIOR Y COMPRAS;JEFE DE COMERCIO EXTERIOR Y LOGISTICA
2156;MAQUINISTA 1;MAQUINISTA 2
2157;ASISTENTE DE MATRICERIA;ASISTENTE DE MATRICERIA Y DISENO
2158;COORDINADOR DE AUDITORIA INTERNA;COORDINADOR DE AUDITORIA Y CONTROL INTERNO
2159;SUPERVISOR DE BODEGA Y DISTRIBUCION;SUPERVISOR BODEGA Y DESPACHO
2160;JEFE DE BODEGA DE MATERIALES;COORDINADOR BODEGA MATERIALES
2161;OPERADOR DE PLANTA;GERENTE OPERATIVO DE PLANTA
2162;ASISTENTE DE CALIDAD Y LABORATORIO;ASISTENTE TECNICO DE LABORATORIO
2163;AUXILIAR DE ARCHIVO Y SERVICIOS;ASISTENTE DE ARCHIVO Y PROVEEDURIA
2164;ESPECIALISTA DE SEGURIDAD DE LA INFORMAC;CONSULTOR DE SEGURIDAD DE LA INFORMACION
2165;GERENTE ADMINSTRATIVA;GERENTE ADIMINISTRATIVO
2166;AUXILIAR ADMINISTRATIVO MANTENIMIENTO;AUXILIAR SERVICIO DE MANTENIMI
2167;DIRECTOR DE GESTION DEL TALENTO HUMANO;COORDINADOR DE GESTION Y ADQUISICION DE TALENTO
2168;ESPECIALISTA DE APLICACION Y CALIDAD DE AGUAS;TECNICO DE APLICACION Y CALIDAD DE AGUAS
2169;JEFE DE SERVICIOS DE GESTION Y SOPORTE TI;COORDINADORA DE SERVICIOS GESTIONADOS Y SOPORTE TI
2170;GERENTE REGIONAL DE DESARROLLO DE NEGOCIOS;JEFE REGIONAL DE DESARROLLO DE NEGOCIOS
2171;ASESOR DE IMPORTACIONES;ASESOR DE IMPORTACIONES TERRITORIO
2172;JEFE DE CUSTOMER EXPERIENCE;JEFE DE CUSTOMER EXPERIENCE & TRAINING
2173;GERENTE CORPORATIVO FINANCIERO;GERENTE CORPORATIVO DE FINANZAS
2174;INGENIERO DE MINA;INGENIERO SENIOR DE MINA
2175;GERENTE DE DEMANDA;GESTOR DE DEMANDA
2176;ASESOR COMERCIAL RIEGO MATERIALES;ASESOR COMERCIAL RIEGO PROYECTOS
2177;TECNICO DE INFRAESTRUCTURA;LIDER TECNICO INFRAESTRUCTURA
2178;AUXILIAR DE LABORATORIO CLINICO;AUXILIAR DE LABORATORIO (AL)
2179;ATENCION A CLIENTE;ATENCION AL CLIENTE 1
2180;ASISTENTE DE TECNOLOGIAS DIGITALES Y EMERGENTES;SENIOR DE TECNOLOGIAS DIGITALES Y EMERGENTES
2181;PRODUCTOR EJECUTIVO;PRODUCTORA EJECUTIVA
2182;COORDINADOR DE COMUNICACIONES CONSULTORAS;COORDINADORA DE COMUNICACION ORGANIZACIONAL
2183;GERENTE DE OPERACIONES Y GESTION COMERCIAL;GERENTE DE OPERACIONES Y LOGISTICA INTEGRAL
2184;OPERADOR GENERAL;OPERADORGENERAL
2185;LIDER DE TECNOLOGIAS DE INFORMACION;LIDER TECNOLOGIA DE LA INFORMACION
2186;OFICIAL DE TESORERIA;OFICIAL DE TESORERIA/CAJA
2187;ANALISTA DE GESTION DE NOMINA;ANALISTA DE NOMINA Y ADMINISTRACION
2188;TECNICO ELECTRICO;TECNICO MECANICO - ELECTRICO
2189;VIGILANTE;VIGILANCIA
2190;LIQUIDADORA DE FRUTA;LIQUIDADORA DE FRUTA COMPRADA
2191;INGENERIO DE OPERACIONES MINAS/CANTERAS/YACIMIENTOS;INGENIERO DE PROYECTOS MINAS/CANTERAS/YACIMIENTOS
2192;DIRECTOR RECURSOS HUMANOS;JEFE DPTO. RECURSOS HUMANOS
2193;GERENTE DE MANTENIMIENTO DE EQUIPOS;GERENTE SENIOR DE MANTENIMIENTO
2194;COORDINADOR DE TTHH;COORDINADOR ADMINISTRATIVO TTHH
2195;MAESTRO SOLDADOR;MAESTRO SOLDADOR TALLER
2196;GERENCIA DE PRODUCCION;SECCION DE PRODUCCION
2197;EJECUTIVO DE CONTROL TECNICO;SUPERVISOR DE CONTROL TECNOLOGICO
2198;COORDINADOR ADMINISTRATIVO DE PROYECTO;COORDINADOR DE DESARROLLO DE PROYECTOS
2199;AUXILIAR EN GENERAL DE SERVICIOS, VENTAS, DESPACHOS, MENSAJERIA, COBROS, TRAMITES Y CHOFER;AUXILIAR EN GENERAL DE SERVICIOS, VENTAS, DESPACHOS Y TRAMITES
2200;ANALISTA JR. DE LOGISTICA;ANALISTA LOGISTICA PRIMARIA
2201;COORDINADOR DE PLANTA;COORDINADOR DE PLANTA EXTERNA
2202;COORDINADOR PROYECTO;COORDINADORA PROYTO
2203;OPERADOR DE MAQUINA;OPERADOR DE MAQUINA TECNICO
2204;PLANIFICADOR DE MEDIOS;PLANER DE MEDIOS
2205;ANALISTA DE DESARROLLO COMERCIAL;ANALISTA DE DESARROLLO DE NEGOCIOS
2206;ANALISTA OPERATIVO DE SERVICIOS - FACTURACION;ASISTENTE OPERATIVO DE SERVICIOS - FACTURACION
2207;EJECUTIVO DE SERVICIO AL CLIENTE LOGISTICO;EJECUTIVO DE OPERACION LOGISTICA
2208;GERENTE CALIDAD;GESTOR CALIDAD
2209;DEVELOPMENT CONSULTANT;DEVELOPMENT SPECIALIST
2210;JEFE DEL DPTO. TECNICO;ENCARGADO DPTO. TECNICO
2211;COORDINADOR EDUCATIVO;COORDINADOR PEDAGOGICO
2212;OPERARIO CONTROL DE CALIDAD;OBRERO DE CONTROL DE CALIDAD
2213;COORDINADOR ZONAL DE VENTAS;GERENTE DE VENTAS ZONA
2214;JEFE DE CALIDAD Y SISTEMAS DE GESTION;JEFE DE CALIDAD Y PRODUCTO
2215;ASISTENTE DE VICEPRESIDENCIA;ASISTENTE VICEPRESIDENCIA OPERACIONES
2216;TRADE MARKETING MANAGER;TRADE MARKETING SPECIALIST
2217;EJECUTIVA DE CUENTA JUNIOR;EJECUTIVO DE CUENTA EMISION JUNIOR
2218;ANALISTA DE INGENIERIA DE DATOS JR;ANALISTA DE INGENIERIA DE DATOS SR
2219;SUPERVISOR DE PROYECTOS PETROLEO, CRUDO Y GAS NATURAL Y SUS DERIVADO;SUPERVISOR DE SALUD, SEGURIDAD, AMBIENTE Y CALIDAD PETROLEO, CRUDO Y GAS NATURAL Y SUS
2220;JEFE DE SISTEMA DE GESTION INTEGRADO;COORDINADOR SISTEMA DE GESTION INTEGRAL
2221;AUX. DE LIMPIEZA;AUX. DE LIMPIEZA 1
2222;JEFE DE RECURSOS HUMANO;GERENTE DE RECURSOS HUMANOS Y SERVICIOS
2223;COORDINADOR DE PROCESOS OPERACIONES;COORDINADOR DE GESTION DE PROCESOS
2224;PRODUCTOR AUDIOVISUAL;PRODUCTOR AUDIOVISUALES
2225;ANALISTA DE COSTOS;ANALISTA COSTOS E INVENTARIOS
2226;TECNICO EN SEGURIDAD INDUSTRIAL;INGENIERO DE SEGURIDAD
2227;JEFE DE GESTION DE PROCESOS;JEFE DE PROCESOS Y PRODUCTIVIDAD
2228;ASISTENTE ADM. PRODUCCION;ASISTENTE CONTROL DE PRODUCCION
2229;ASISTENTE RRHH;ASISTENTE RRHH ADMIN
2230;COORDINADOR DE PUBLICIDAD Y COMUNICACION;JEFE DE PUBLICIDAD Y COMUNICACION
2231;ADMINISTRACION;ADMINISTRADORES
2232;SENIOR DE OPERACIONES;TECNICO SENIOR OPERACIONES
2233;EJECUTIVA DE VENTAS;VENDEDORA EJECUTIVA
2234;JEFE DE CALIDAD Y PROCESO;SUPERVISOR DE CALIDAD Y PROCESOS
2235;LECTOFACTURADOR;LECTOFACTURADOR POR INGRESAR
2236;ASISTENTE DE GESTION DE PERSONAS;ASISTENTE DE GENTE Y GESTION
2237;ASISTENTE DE LABORATORIO DE AGUAS;AUXILIAR DE CALIDAD DE AGUA
2238;ANALISTA DE PRESUPUESTO;ANALISTA DE CONTROL DE PRESUPUESTO
2239;JEFE DE DESARROLLO ESTRATEGICO;GERENTE DE DESARROLLO ESTRATEGICO
2240;JEFE DE DESARROLLO ORGANIACIONAL/JEFE DE TALENTO HUMANO;JEFE DE TALENTO HUMANO, CLIMA, CULTURA Y DESARROLLO ORGANIZACIONAL
2241;AUXILIAR DE EXPORTACIONES;ASISTENTE DE OPERACIONES EXPORT JR.
2242;ASESOR REPUESTOS CORPORATIVO;ASESOR REPUESTOS INDUSTRIAL
2243;COORDINADOR DE PLANIFICACION Y CONTROL;COORDINADOR DE PLANIFICACION Y PROCESOS
2244;MID-LEVEL DEVOPS ENGINEER;SENIOR DEVOPS ENGINEER
2245;OPERADOR DE SALA DE CONTROL;COORDINADOR DE SALA DE CONTROL
2246;AUXILIAR DE LABORATORIO;ASISTENTE TECNICO DE LABORATORIO
2247;AYUDANTE;AYUDANTE TBH
2248;SUPERVISOR DE OPERACIONES DE ESTIBAS;SUPERVISOR DE ESTIBAS
2249;MAESTRO DE OBRA;MAESTRO DE OBRA 1
2250;COCINERO 1;COCINERO 2
2251;AUXILIAR DE PRODUCCION - TALLER DE CORTE;AUXILIAR DE PRODUCCION CORTE
2252;JEFE DE OPERACIONES DE CENTRAL DE ATENCION PRIORITARIO;JEFE MEDICO DE CENTRAL DE ATENCION PRIORITARIO
2253;EJECUTIVO COMERCIAL SENIOR;EJECUTIVO COMERCIAL SENIOR CONCESIONARIOS
2254;ANALISTA DE ADMINISTRACION DE DATOS;ANALISTA DE CONTROL DE DATOS
2255;GERENTE SERVICIO Y TALLERES;JEFE DE SERVICIOS Y TALLERES
2256;RESPONSABLE DE SEGURIDAD INDUSTRIAL;DIRECTOR DE SEGURIDAD INDUSTRIAL
2257;INGENIERO CIVIL DE OBRA;INGENIERO CORPORATIVO DE INFRAESTRUCTURA CIVIL
2258;ANALISTA 3 DE SOPORTE TECNICO AQ1;COORDINADOR 3 DE SOPORTE TECNICO AQ1
2259;ANALISTA DE PLANEACION Y ABASTECIMIENTO;COORDINADOR DE PLANEACION Y ABASTECIMIENTO
2260;OPERADOR DE PRODUCCION/DISTRIBUCION;OPERADOR EXPERT DE PRODUCCION
2261;VICEPRESIDENTE DE LEGAL;VICEPRESIDENCIA JURIDICA
2262;GERENTE COMERCIAL GYE;ASISTENTE COMERCIAL GYE
2263;ANALISTA DE DOCUMENTACION;ANALISTA DE DOCUMENTACION Y CARTERA
2264;GERENTE DE COMPRAS Y PRODUCTO;GERENTE DE COMPRAS Y SOURCING
2265;SUBADMINISTRADOR;SUBADMINISTRATIVO
2266;GERENTE DE IMPORTACION;GERENTE DE COMPRAS E IMPORTACIONES
2267;ANALISTA DE NOMINA & ADMIN DE PERSONAL;ANALISTA DE NOMINA Y GESTION DE PERSONAL
2268;ESPECIALISTA DE PRODUCTO;ESPECIALISTA DE SERVICIOS DE PRODUCTO
2269;GERENTE COMERCIAL REGIONAL SIERRA;GERENTE COMERCIAL REGIONAL SIERRA Y ORIENTE
2270;ENTRENADOR DE FUTBOL;ENTRENADOR DE FUTBOL ESCUELAS
2271;ASISTENTE LABORATORIO;AUXILIAR LABORATORIO
2272;ASISTENTE CONTABLE - INVENTARIOS;ASISTENTE CONTABLE E IMP
2273;T,A PARAMETRISTA;TA/ PARAMETRISTA
2274;SUPERINTENDENTE DE MANTENIMIENTO;SUPERINTENDENTE DE MANT.
2275;T/A ALIMENTADOR;T/A ALIMENTADOR - AIREACION
2276;COORDINADOR DE INVENTARIO Y PRODUCCION;COORDINADOR/A DE INVENTARIO
2277;SUPERVISOR DE BODEGA DE REPUESTOS;SUPERVISOR DE ALMACEN DE INSUMOS Y REPUESTOS
2278;INGENIERO SENIOR DE MANTENIMIENTO;TECNICO SENIOR DE MANTENIMIENTO
2279;ANALISTA DE TESORERIA JR.;ANALISTA DE TESORERIA 1
2280;MANTENIMIENTO-TRABAJADOR GENERAL 1;MANTENIMIENTO-TRABAJADOR GENERAL 6
2281;EJECUTIVO DE SINIESTROS;EJECUTIVO SENIOR SINIESTROS
2282;ANALISTA CREDITO Y COBRANZA;ANALISTA CREDITO
2283;LCDA. EN ENFERMERIA;LCDA ENFERMERIA
2284;JEFE DE SEGURIDAD;JEFE DE SEGURIDAD, S
2285;GERENTE TECNICO;GERENTE TECNICO DE DESARROLLO
2286;COORDINADOR DE CAPACITACION;COORDINADOR DE CAPACITACION CORPORATIVO
2287;ASISTENTE BODEGA DE REPUESTOS;ASESOR DE BODEGA DE REPUESTOS
2288;DOCENTE LENGUA Y LITERATURA;DOCENTE LITERATURA BACHILLERATO
2289;GERENTE DE GESTION DE PERSONAS;GERENTE DE PERSONAS Y SERVICIOS GENERALES
2290;COORDINADOR 1 - DE SEGURIDAD;COORDINADOR SEGURIDAD OPERATIVA
2291;ASISTENTE COMERCIAL (MKT);ASISTENTE MKT
2292;GESTOR: CONDUCTOR DE MONTACARGAS 1 LG;GESTOR: CONDUCTOR DE MONTACARGAS 2 SL
2293;ASISTENTE DE MANTENIMIENT;JEFE DE MANTENIMIENT
2294;SALES ADMIN ASSISTANT;SALES ADM. ASSISTANT
2295;LIQUIDADOR DE TRANSPORTE;LIQUIDADOR DE TRANSPORTISTAS
2296;COBRADOR / RECAUDADOR / FACTURADOR;COBRADOR / RECAUDADOR / FACTURA
2297;AUXILIAR DE COMPRAS;AUXILIAR COMPRAS
2298;AUDITOR DE PROCESOS Y CALIDAD;ASISTENTE DE AUDITORIA DE COSTOS Y PROCESOS
2299;ABOGADO;ABOGADO PROCESAL
2300;AYUDANTE DE PRODUCCION DE CONTROLADORES BIOLOGICOS;TECNICO DE PRODUCCION DE CONTROLADORES BIOLOGICOS
2301;PROFESOR DE INGLES DEL NIVEL EGB SUPERIOR Y BACHILLERATO;PROFESOR DEL NIVEL EGB SUPERIOR Y BACHILLERATO
2302;EJECUTIVO DE MERCADEO;EJECUTIVO DE TELEMERCADEO
2303;COORDINADOR - OPERACIONES;COORDINADOR DE OPERACIONES Y SERVICIOS
2304;ANALISTA ASEGURAMIENTO CALIDAD;ANALISTA DE CERTIFICACION DE CALIDAD
2305;EJECUTIVO CUENTAS SR;EJECUTIVO DE CUENTA 1
2306;ANALISTA DE SEGURIDAD CORPORATIVA;GERENTE DE SEGURIDAD CORPORATIVA
2307;SECRETARIA/O CLINICO-HOSPITALIZACION H-1;SECRETARIA/O CLINICO-HOSPITALIZACION H-2
2308;JEFE DE COSECHA;COORDINADOR DE COSECHA
2309;DESARROLLADOR DE PROYECTOS INFORMATICOS;INGENIERO DE PROYECTOS INFORMATICOS
2310;SUPERVISOR DE SEGURIDAD INDUSTRIAL;SUPERVISOR DE SEGURIDAD INDUSTRIAL / APOYO ADM EN CAMPO
2311;SUPERVISOR DE TINTORERIA;SUPERVISOR DE TINTURA DE PRENDAS
2312;ANALISTA DE MARKETING POSTVENTA;COORDINADOR DE MARKETING POSTVENTA
2313;COORDINADORA DE COMUNICACION INSTITUCIONAL;COORDINADORA DE COMUNICACION INTERNA Y EXTERNA
2314;JEFE DE TESORERIA;JEFE DE TESORERIA, CREDITO Y COBRANZAS
2315;ANALISTA DE SUMINISTROS;ANALISTA DE PLANEACION Y SUMINISTROS
2316;JEFE ADMINISTRATIVA FINANCIERA;GERENTE FINANCIERO ADMINISTRATIVO CORPORATIVO
2317;JEFE DE PLANIFICACION Y PROCESOS;JEFE SENIOR DE PLANIFICACION
2318;COORDINADOR BODEGA;COORDINADOR DE BODEGA Y CEDIS
2319;GERENTE DE NEGOCIOS FINANCIEROS;GERENTE DESARROLLO DE NEGOCIOS / FINANZAS
2320;GERENTE DE AMBIENTE;JEFE DE AMBIENTE
2321;DISENADOR GRAFICO Y MULTIMEDIA;DISENADOR GRAFICO Y EDICION DE VIDEOS
2322;COORDINADOR DE OPERACIONES Y DE PERSONAL DE CAMPO;JEFE COORDINACION Y LOGISTICA DE CAMPO
2323;ASESOR DE NEGOCIOS/OFICIAL DE CREDITO;ASESOR DE NEGOCIOS/OFICIAL DE CREDITO / JEFE DE AGENCIA ENCARGADO
2324;GENERAL MANAGER ECUADOR;GERENTE GENERAL - ECUADOR
2325;ADMINISTRADORA DE TALLER;ANALISTA ADMINISTRATIVA DE TALLER
2326;SUPERVISOR DE ALIMENTACION;SUPERVISOR(A) DE NUTRICION
2327;VICEPRESIDENTE ADMINISTRATIVO FINANCIERO;VICEPRESIDENTE DE FINANZAS Y ADMINISTRACION
2328;SUPERVISOR DE DE VENTAS;SUPERVISOR DE VENTA
2329;ASISTENTE DE CALIDAD Y LABORATORIO;ASISTENTE DE CALIDAD Y PROCESOS
2330;ASISTENTE DE CONTABLE;AUXILIAR DE CONTABLE
2331;GERENTE DE MERCADEO;GERENTE MERCADOTECNIA
2332;COBRADOR /RECAUDADOR/ FACTURADOR;COBRADOR / FACTURADOR
2333;ASESOR DE COBRANZAS;ASESOR SENIOR DE COBRANZAS
2334;EJECUTIVO DE NOMINA;OFICIAL DE NOMINA
2335;ASESOR DE SERVICIO MECANICA;ASESOR /SERVICIOS/ MECANICA
2336;CONTENT MANAGER;CONTENT MANAGER/CREATOR
2337;COORDINADOR DE LOGISTICA;JEFE DE LOGISTICA-CONTROL
2338;SUPERVISOR DE RECURSOS HUMANOS;SUBJEFE RECURSOS HUMANOS
2339;LIDER ADMINISTRATIVO;LIDER ADMINISTRATIVO Y LOGISTICO
2340;JEFE DE INVENTARIO;JEFA DE INVENTARIO
2341;ASISTENTE CONTABLE (SEMI SENIOR);ASISENTE CONTABLE JUNIOR
2342;SUPERVISOR DE RRHH;SUPERVISOR RRHH
2343;ANALISTA DE EXPORTACION E IMPORTACION;ANALISTA DE IMPORTACIONES Y LOGISTICA
2344;COORDINADOR DE DESARROLLO DE CONCESIONARIOS;ANALISTA DE DESARROLLO DE CONCESIONARIOS
2345;ANALISTA ADMINISTRITO DE VENTAS;ANALISTA ADMINISTRATIVA DE VENTAS
2346;GERENTE DE OPERACIONES CH;GERENTE DE OPERACIONES HE
2347;JEFE BODEGA Y LOGISTICA;JEFE DE BODEGA / ALMACEN
2348;ASISTENTE DE MARKETING DIGITAL;ASISTENTE DE MARKETING Y DISENO
2349;COORDINADOR DE PRESUPUESTO;COORDINADOR DE PRESUPUESTO, DESARROLLO Y CONTROL
2350;JEFE DE INFORMACION TECNOLOGICA;JEFE DE INTELIGENCIA DE LA INFORMACION
2351;ASISTENTE CONTABLE - PROVEEDORES;ASISTENTE CONTABLE (PROVEEDORES)
2352;ASISTENTE 1 DE INFRAESTRUCTURA Y DISENO;JEFE DE INFRAESTRUCTURA Y DISENO
2353;DIRECTOR DE LOGISTICA;DIRECTOR DE LOGISTICA Y BODEGA
2354;SUPERVISOR DE SALUD OCUPACIONAL;SUPERINTENDENTE DE SALUD OCUPACIONAL
2355;JEFE DE CAPACITACION;SUPERVISOR DE CAPACITACION
2356;COORDINADOR DEL CENTRO DE MEDIACION;DIRECTOR CENTRO DE ARBITRAJE Y MEDIACION
2357;ANALISTA CREDITO Y COBRANZA;ANALISTA CREDITOS Y COBRANZAS
2358;JEFE DE CONTROL Y PRESUPUESTO;COORDINADOR DE CONTROL PRESUPUESTARIO
2359;AUX.SERV.GENERALES;AUXIL.SERVICIOS GENERALES
2360;JEFE DE LABORATORIO;SUPERVISOR DE LABORATORIO
2361;COORDINADORA DE ASUNTOS REGULATORIOS Y CALIDAD;COORDINADORA ASUNTOS REGULATORIOS Y FARMACOVIGILANCIA
2362;COORDINADOR VISITA MEDICA;SUPERVISOR DE VISITA MEDICA
2363;ASISTENTE DE CONTROL DE DOCUMENTOS;COORDINADOR JUNIOR DE CONTROL DE DOCUMENTOS
2364;DIRECTOR DE COMPLIANCE;RESPONSABLE DE COMPLIANCE
2365;ASISTENTE DE CONTROL;ASISTENTE DE CONTROL DE C
2366;ASISTENTE DE MARKETING;ASISTENTE DE MARKETING Y PROMOCIONES
2367;GERENTE DE VENTAS SIERRA;JEFE DE VENTAS INSTITUCIONAL SIERRA
2368;DIRECTORA COMERCIAL VAM;EJECUTIVO COMERCIAL VAM
2369;JEFE DE LABORATORIO;JEFE DE LABORATORIOS - FAC. CIENCIAS DE LA SALUD
2370;ASESOR DE SERVICIOS A;ASESOR COMERCIAL DE SERVICIO
2371;ADMINISTRADOR DE PARQUE LOGISTICO;ANALISTA DE OPERACIONES PARQUE LOGISTICO
2372;OFICIAL DE CUMPLIMIENTO CORPORATIVO;OFICIAL DE CUMPLIMIENTO GRUPO EMPRESARIAL
2373;JEFE ADMINISTRATIVO AGENCIA REGIONAL QUITO;JEFE ADMINISTRATIVO QUITO
2374;ASISTENTE ATM´S;ASISTENTE OPERATIVO DE ATM´S
2375;ASISTENTE COMUNICACION Y MEDIOS DE PUBLICIDAD;ASISTENTE DE COMUNICACION Y MULTIMEDIA
2376;AGENTE DE OPERACIONES;AGENTE SUPERVISOR DE OPERACIONES
2377;AUXILIAR I DE RECURSOS HUMANOS;ESPECIALISTA DE RECURSOS HUMANOS I
2378;JEFE DE DISENO & INNOVACION;JEFE AREA CREATIVA Y DISENO
2379;AYUDANTE DE PANADERIA / PASTELERIA;AUXILIAR DE PASTELERIA
2380;ASISTENTE TECNICO DE INFORMATICA;ASISTENTE TECNICO IT
2381;JEFE DE COMUNICACION CORPORATIVA;JEFE DE COMUNICACION INTERNA
2382;ANALISTA DE SISTEMAS I;ANALISTA DE SISTEMAS III
2383;OPERADOR DE MAQUINARIA PESADA;OPERADOR DE MAQUINARIA PESADA 2
2384;SUPERVISOR DE TECNOLOGIA;SUPERVISOR DE TECNOLOGIA INFORMATICA
2385;MERCADERISTA-IMPULSADORA;MERCADERISTA/IMPULSADOR
2386;ASESOR DE PRODUCCION;ASISTENTE TECNICO DE PRODUCCION
2387;AUXILIAR DE FISIOTERAPIA;FISIOTERAPISTA - AUXILIAR MEDICO
2388;AYUDANTE A DE MANTENIMIENTO;AUXILIAR DE MANTENIMIENTO SENIOR
2389;COORDINADOR DE CALIDAD Y MONITOREO;COORDINADOR DE PLANIFICACION Y ASEGURAMIENTO DE LA CALIDAD
2390;COORDINADOR RIESGOS FINANCIEROS;COORDINADOR RIESGOS NO FINANCIEROS
2391;SUPERVISOR GENERAL DE MANTENIMIENTO;SUPERVISOR DE MANTENIMIENTO OPERACIONES
2392;ASISTENTE DE NOMINA Y BENEFICIOS;ASISTENTE DE NOMINA Y COMPENSACIONES
2393;JEFE ASEGURAMIENTO CALIDAD;JEFE/ASEGURAMIENTO/CALIDAD
2394;JEFE DE FABRICA;JEFE TECNICO DE FABRICA
2395;DIRECTORA FINANCIERA Y ADMINISTR;DIRECTORA FINANCIERA Y CONTADOR
2396;ASISTENTE ADMINISTRATIVA SENIOR;ASISTENTE ADM.FINANCIERO SENIOR
2397;ANALISTA DE PROYECTO Y DESARROLLO;ANALISTA DE PROYECTOS Y PRESUPUESTOS
2398;ASISTENTE CONTROL CALIDAD;ASISTENTE DE CALIDAD Y PROCESOS
2399;MECANICO DE CAMPO;TECNICO MECANICO CAMPO
2400;DEPARTAMENTO FINANCIERO;DIR. FINANCIERA
2401;JEFE DE SEGURIDAD SALUD Y AMBIENTE;JEFE DE SALUD Y SEGURIDAD
2402;COORDINADOR PDI;COORDINADOR TALLER PDI
2403;CHOFER VOLQUETAS;CHOFER DE VOLQUETAS
2404;JEFE DE REFRIGERACION;JEFE ELECTRICO Y DE REFRIGERACION
2405;COORDINADOR LOGISTICO Y BODEGA;GERENTE DE BODEGA Y LOGISTICA
2406;DOCENTE DE EEFF BGU/ COORDINADOR;DOCENTE EEFF BGU
2407;RESPONSABLE DE SERVICIOS GENERALES;ADM. AUXILIAR DE SERVICIOS GENERALES
2408;ASESOR TECNICO COMERCIAL D;ASESOR TECNICO COMERCIAL G
2409;AUXILIAR DE COMPRAS (BODEGA);AUXILIAR CONTABLE/ASIST. DE COMPRAS
2410;LIDER DE TRADE MARKETING;LIDER DE TRADE MARKETING EVENTUAL
2411;JEFE CLIENTES ESPECIALES;GERENTE CLIENTES ESPECIALES
2412;ASESOR LEGAL ADMINISTRATIVO;AUXILIAR ADMINISTRATIVO - LEGAL
2413;JEFE DE NETWORKING;JEFE DE SOPORTE Y REDES
2414;ANALISTA ATENCION CLIENTE;ANALISTA DE ATENCION AL SOCIO/CLIENTE
2415;ANALISTA DE RECURSO HUMANOS;ANALISTA OPERACIONES DE RECURSOS HUMANOS
2416;OPERARIO;OPERARIOS
2417;ASISTENTE DE SALUD, SEGURIDAD, AMBIENTE Y CALIDAD;ASISTENTE DE SEGURIDAD, SALUD Y AMBIENTE 1
2418;GERENTE CORPORATIVO DE TALENTO HUMANO;GERENTE REGIONAL DE TALENTO HUMANO
2419;TECNICO ELECTRICO;TECNICO ELECTRICO INDUSTRIAL
2420;ANALISTA DE CONTROL DE ACTIVOS;ANALISTA ADMINISTRATIVO DE ACTIVOS
2421;ANALISTA DE OPERACIONES Y TRANSPORTE;ANALISTA DE TRAFICO LOGISTICO
2422;COORDINADOR DE PROD. EN PROCESO;SUPERVISOR DE PROD. EN PROCESO
2423;OPERADOR CAMARA;OPERARIO - CAMARA
2424;COORDINADOR OPERATIVO DE PROYECTOS;COORDINADOR DE PROYECTOS DE IMPLEMENTACION
2425;SR. HR BUSINESS PARTNER;SSR. HR BUSINESS PARTNER
2426;ASISTENTE I DE GESTION DE DEPOSITO DE RELAVES;OBRERO I DE GESTION DE DEPOSITO DE RELAVES
2427;GERENTE ZONAL ZONA 1;GERENTE ZONAL ZONA 2
2428;SUPERVISOR DE IMPRENTA;COORDINADOR DE SERVICIOS DE IMPRESION
2429;COORDINADOR DE PROCESOS Y PROYECTOS;COORDINADOR DE DESARROLLO DE PROYECTOS
2430;ANALISTA TECNICO COMERCIAL;ANALISTA TECNICO COMERCIAL PROYECTO
2431;GERENTE CUENTAS CORPORATIVAS;SUPERVISOR DE CUENTAS CORPORATIVAS
2432;GERENTE ADMINISTRACION Y LOGISTICA;GERENTE DE LOGISTICA Y PRODUCCION
2433;JEFE BODEGA Y LOGISTICA;GERENTE DE BODEGA Y LOGISTICA
2434;GERENTE DE INGENIERIA DE APLICACIONES;GERENTE DE DESARROLLO Y MANTENIMIENTO DE APLICACIONES
2435;ESPECIALISTA DE SERVICIO AL CLIENTE;ESPECIALISTA DE CUSTOMER CARE
2436;COORDINADOR DE CENTRO LOGISTICO;COORDINADOR LOGISTICO CENTRO DE DISTRIBU
2437;ASISTENTE DE SEGURIDAD DE INFORMACION;ADMINISTRADOR DE SEGURIDAD DE INFORMACION
2438;CULTIVO MO. BLOQUE 11;CULTIVO MO. BLOQUE 09
2439;COORDINADOR OPERATIVO IMPORTACIONES;GERENTE DE OPERACIONES IMPORT
2440;OP. RODILLO # 17;OPERADOR RODILLO # 12
2441;ASISTENTE A DE AUDITORIA;ASISTENTE B DE AUDITORIA
2442;AUXILIAR INSTRUMENTADOR QUIRURGICO-HOSPITAL DEL DIA;TECNOLOGO INSTRUMENTADOR QUIRURGICO - HOSPITAL DEL DIA
2443;EJECUTIVA COBRANZAS;EJECUTIVA CRED. Y COBRANZAS
2444;ASESOR LEGAL ADMINISTRATIVO;ASESOR LEGAL CORPORATIVO
2445;OFICIAL DE SEGURIDAD FISICA;DIRECTOR DE SEGURIDAD FISICA
2446;JEFE DE NUEVOS NEGOCIOS;JEFE DE OPERACIONES DE NUEVOS NEGOCIOS
2447;COORDINADOR CUMPLIMIENTO;SUPERVISOR DE CUMPLIMIENTO
2448;ASISTENTE DE COMPLIANCE;ASISTENTE JUNIOR DE CUMPLIMIENTO
2449;ASIST. FINANCIERO;ASISTENTE FINANCIERO SR.
2450;COORDINADOR COMPRAS Y CONTRATACIONES;COORDINADOR COMPRAS DE SERVICIOS
2451;COORDINADOR PRIMARIA;COORDINADORA DE LA PRIMARIA
2452;ANALISTA DE PLANEACION;ANALISTA JUNIOR DE PLANEACION
2453;JEFE (A) DE INFRAESTRUCTURA;COORDINADOR(A) DE INFRAESTRUCTURA INFOR.
2454;COORD. DE SISTEMA DE GESTION;SISTEMA DE GESTION
2455;ANALISTA DE DESARROLLO;ANALISTA DE DESARROLLO SR
2456;OPERADOR DE PRENSAS;OPERADOR DE PRENSAS OFFSET
2457;JEFE DE CONTROL DE GESTION FINANCIERA;GERENTE CONTROL FINANCIERO
2458;FACILITIES MANAGER;FACILITIES MANAGER SO/DC
2459;GERENTE DE GESTION DE PRODUCCION;GERENTE DE PRODUCCION Y COMERC
2460;GERENTE SENIOR DE SEGURIDAD;GERENTE TECNICO DE SEGURIDAD
2461;MAINTENANCE TECHNICIAN;MECHANICAL MAINTENANCE TECHNICIAN
2462;JEFE DE RIESGOS INTEGRALES;DIRECTOR DE RIESGOS INTEGRALES
2463;TECNICO DE TALLER;TECNICO DE TALLER III
2464;ANALISTA DE CALIDAD CORPORATIVO;ANALISTA DE CALIDAD DE PRODUCCION
2465;ANALISTA DE INFRAESTRUCTURA;ANALISTA DE INFRAESTRUCTURA Y SOPORTE JR
2466;ASIST CONT;ASIST. CONT.
2467;DIRECTOR DE ARQUITECTURA;DIRECTOR DE CARRERA DE ARQUITECTURA
2468;GERENTE ADM FINANCIERO;GERENTE ADM FINANCIE
2469;PROCUREMENT ANALYST;PROCUREMENT LEAD ANALYST
2470;COORDINADOR/A DE POSTCOSECHA;DIRECTOR DE POSTCOSECHA
2471;ELECTRICISTA, MECANICO DE EQUIPOS ESPECIALIZADOS PROPIOS DE LA INDUSTRIA;AYUDANTE DE ELECTRICISTA, MECANICO DE EQUIPOS ESPECIALIZADOS PROPIOS DE LA INDUSTRIA
2472;JEFE DE PUBLICIDAD Y COMUNICACION;JEFE DE COMUNICACION, EDUCACION E INFORMACION
2473;ASISTENTE ADMINISTRATIVO RC;ASISTENTE ADMINISTRATIVO REGIONAL
2474;ANALISTA DE PLANIFICACION DE DEMANDA COLEC;JEFE DE PLANIFICACION DE LA DEMANDA COLEC
2475;TRABAJADOR AGRICOLA 3;TRABAJADOR AGRICOLA 4
2476;AGENTE DE COBRANZA;AGENTE DE COBRANZAS
2477;CHOFER C;CHOFER (B)
2478;DIRECTOR DE PROYECTOS Y PROCESOS;EJECUTIVO DE PROYECTOS Y PROCESOS
2479;GERENTE DE CONTROL DE CALIDAD;AUXILIAR DE GESTION DE CALIDAD
2480;GERENTE OPERACIONES;JEFE DE OPERACION
2481;ASISITENTE DE RELACIONES CORPORATIVAS;JEFE DE RELACIONES CORPORATIVAS
2482;ADM ASISTENTE ADMINISTRATIVO;ASISTENTE ADMINISTRATIVO..D
2483;JEFE DE CONCESIONARIO;JEFE DE DESARROLLO DE CONCESIONARIOS
2484;AUDITOR DE CONTROL DE CALIDAD;AUDITORA DE PROCESOS Y CONTROL DE CALIDAD
2485;TRAZABILIDAD;CONTROL TRAZABILIDAD
2486;ESPECIALISTA SENIOR DE BASE DE DATOS GIS;GEOLOGO SENIOR DE BASES DE DATOS Y GIS
2487;ASISTENTE / AYUDANTE COMERCIAL;ASISTENTE COMERCIAL (AC)
2488;GERENTE PLANIFICACION FINANCIERA Y TESOR;LIDER DE TESORERIA Y PLANIFICACION FINANCIERA
2489;ASISTENTE ADMINISTRATIVA- RECEPCION;ASISTENTE ADMINISTRATIVA-RECEPCION
2490;ANALISTA DE NOMINA;ANALISTA DE NOMINA Y COBRANZA
2491;TRABAJADOR ACUICOLA - VARIOS;TRABAJADOR ACUICOLA- SEMILLERO
2492;AUXILIAR CALIDAD;AUXILIARES DE CALIDAD
2493;SUPERVISOR DE DISTRIBUCION;SUPERVISOR CENTRO DISTRIBUCION
2494;JEFE DE PLANIFICACION PROCESOS Y PROYECTOS;JEFE DE PLANIFICACION Y CONTROL DE PROYE
2495;GERENTE CORPORATIVO COMPRAS;JEFE DE COMPRAS GENERALES
2496;COORDINADOR OPERACIONES NACIONAL;SUPERVISOR DE OPERACIONES NACIONAL
2497;DISENADOR GRAFICO-EMPAQUE;DISENADORA GRAFICO DE EMPAQUE Y ETIQUETA
2498;ASISTENTE RRHH/NOMINA;ASISTENTE RRHH - HDA
2499;ESPECIALISTA DE MEDIO AMBIENTE;ESPECIALISTA SENIOR DE AMBIENTE
2500;CAPITAN DE YATE;CAPITAN YATE
2501;SUPERVISOR DE CAMARAS;ASISTENTE DE CAMARAS
2502;COORDINADOR (A) DE GESTION Y ASEGURAMIENTO DE LA CALIDAD;GERENTE DE MEJORA CONTINUA Y ASEGURAMIENTO DE CALIDAD
2503;JEFE DE VENTAS CANAL DE DISTRIBUCION;GERENTE DE VENTAS CANAL DISTRIBUTIVO
2504;SUPERVISOR DE COSTOS;COORDINADOR SENIOR DE CONTROL DE COSTOS
2505;DIRECTOR DE CARRERA DE EDUCACION BASICA;DIRECTOR DE CARRERA DE EDUCACION INICIAL
2506;EDD IC SIERRA;EDD IC SIERRA CUENCA
2507;RESPONSABLE DE BODEGAS;ADMINISTRDOR DE BODEGAS
2508;COORDINADOR DE COSTOS Y PRESUPUESTO;ANALISTA DE COSTOS Y PRESUPUESTO
2509;GERENTE DE INGENIERIA Y PROYECTOS;ING. DE PROYECTOS
2510;COORDINADOR DE TALLER;CONTROLADOR DE TALLER
2511;ANALISTA DE CALIDAD Y LABORATORIO;ANALISTA, LABORATORISTA, INSP. CALIDAD
2512;JEFE DE COSECHA;GERENTE DE COSECHA
2513;PROF ESPECIALISTA (FUN 2) CSO;PROF. ESPEC. (FUN 2) CSO
2514;ANALISTA ADM Y DE COMPRAS;ANALISTA DE COMPRAS & LOGISTICA
2515;COORDINADOR DE AUDITORIA INTERNA;ASISTENTE GERENCIA DE AUDITORIA INTERNA
2516;ASISTENTE DE REGISTROS;ASESOR DE REGISTRO
2517;EJECUTIVA COMERCIAL CORPORATIVA;EJECUTIVA CORPORATIVA
2518;JEFE DE CONTROL DE CALIDAD EN PRODUCCION;JEFE DE CALIDAD Y PRODUCTO
2519;GERENTE COMERCIALIZACION;GERENTE COMERCIAL Y MARKETING
2520;OPERADOR DE MAQUINARIA PESADA 2;MECANICO DE MAQUINARIA PESADA 2
2521;REGIONAL SALES MANAGER ECUADOR;HEAD OF SALES | ECUADOR
2522;ASISTENTE LEGAL JUNIOR GRADO 1;ASISTENTE 1 JURIDICO
2523;COORDINADOR DE SINIESTROS;COORDINADOR DE SINIESTROS MASIVOS E INDIVIDUALES
2524;DOCENTE FISICA PRIMERO-SEGUNDO Y TERCERO BACHILLERATO;PROFESOR DE FISICA DEL NIVEL EGB SUPERIOR Y BACHILLERATO
2525;SUPERVISOR DE SEGURIDAD FISICA;JEFE DE SEGURIDAD FISICA Y SSO
2526;SUPERVISOR CONTROL DE INVENTARIOS;CONTROLADOR DE INVENTARIOS
2527;AYUDANTE DEL SECTOR METALMECANICO 225;AYUDANTE DEL SECTOR METALMECANICO 267
2528;SUPERVISIOR;SUPERVISOR (E)
2529;COORDINADOR RENOVACIONES;GERENTE DE RENOVACIONES
2530;JEFE DE SEGURIDAD FISICA;ENCARGADO DE SEGURIDAD FISICA
2531;COORDINADOR DE VENTAS - A;COORDINADOR DE VENTAS - C
2532;DIRECTOR DE SEGURIDAD FISICA;SUPERINTENDENTE DE SEGURIDAD FISICA
2533;GERENTE DE LOCAL;COORDINADOR DE LOCAL
2534;3. POLVORERO;POLVORERO
2535;EJECUTIVO CORPORATIVO;EJECUTIVO COMERCIAL CORPORATIVO
2536;JEFE DE DESARROLLO E INVESTIGACION;GERENTE INVESTIGACION Y DESARROLLO
2537;COCINERO PORCIONAMIENTO;PORCIONADOR / COCINERO
2538;ANALISTA DE MERCADEO;ANALISTA DE MERCHANDISING
2539;ASESOR DE SERVICIO AL CLIENTE;JEFE DE SERVICIO AL CLIENTE Y OPERACIONES
2540;SUPERVISOR DE CAMPO - C1;SUPERVISOR DE CAMPO - SJ1
2541;JEFE COSTOS Y PRESUPUESTOS;GERENTE DE COSTOS Y PRESUPUESTO
2542;BODEGUERO DE MATERIA PRIMA;BODEGUERO MATERIA PRIMA
2543;TECHNICAL AGRONOMIST;TECHNICIAN AGRONOMY
2544;GERENTE DE PROCESOS PRODUCTIVOS;GERENTE DE PRODUCTIVIDAD
2545;JEFE DE BODEGA Y COMPRAS;GERENTE DE COMPRAS Y BODEGA
2546;SUPERVISOR DE TURNO;SUPERVISOR DE TURNO DE ACABADOS
2547;PRODUCT SPECIALIST;PRODUCT APPLICATION SPECIALIST
2548;ANALISTA DE INFRAESTRUCTURA Y COM;ANALISTA DE INFRAESTRUCTURA Y SERVICIOS GENERALES
2549;COORDINADOR DE ACTIVOS FIJOS;CONTROLADOR DE ACTIVOS FIJOS
2550;PLANEADOR DE LA PRODUCCION;PLANIFICADOR/A DE PRODUCCION
2551;AUXILIAR DE JARDINERO;ASISTENTE DE JARDINERIA
2552;ASISTENTE DE DEPARTAMENTO LEGAL;ANALISTA DE DEPARTAMENTO LEGAL
2553;COORDINADOR ADMINISTRATIVO LOGISTICO;COORDINADOR LOGISTICO Y ACADEM
2554;JEFE DE VENTA CANAL TRADICIONAL E INSTITUCIONAL;JEFE DE VENTAS CANAL INDUSTRIAL E INSTITUCIONAL
2555;ASISTENTE DE CALIDAD Y PROCESOS;ASISTENTE DE ASEGURAMIENTO DE LA CALIDAD Y DOCUMENTACION
2556;GERENTE DE OPERACIONES Y PRODUCTIVIDAD;GERENTE DE PRODUCTIVIDAD
2557;SUPERVISOR DE MERCADERISMO;SUPERVISOR MERCADERISTA
2558;AUXILIAR DE POSTVENTA;AUXILIAR POSTVENTA
2559;MEDICO AUDITOR;MEDICO AUDITOR JR.
2560;ANALISTA ADMINISTRATIVO LOGISTICO;AUXILIAR ADMINISTRATIVO DE LOGISTICA
2561;MENSAJERO - RECAUDADOR;MENSAJERIA Y RECAUDADOR
2562;ANALISTA DE ENTRENAMIENTO;ANALISTA SENIOR DE ENTRENAMIENTO
2563;PUBLICISTA - DISENADOR;DISENADOR-PUBLICISTA
2564;AYUDANTE ADMINISTRATIVO;ASISTENTE ADMINISTRATIVO JUNIOR
2565;SECRETARIA DE VENTAS;SECRETARIA GERENCIA VENTAS
2566;COORDINADOR DE INFRAESTRUCTURA TECNOLOGICA;GERENTE DE INFRAESTRUCTURA TECNOLOGICA
2567;AYUDANTE DEL COMEDOR (ANOTADOR DE COMIDA DESPACHADA Y LIMPIEZA);AYUDANTE DE COMEDOR
2568;DIRECTOR OPERATIVO;DIRECTORA OPERATIVA
2569;JEFA DE SUPERVISORES;JEFE DE SUPERVISORES
2570;SENIOR SOFTWARE QA ENGINEER;SOFTWARE QA ENGINEER
2571;AUXILIAR DE CUENTAS;AYUDANTE DE CUENTAS
2572;GERENTE ADMINISTRATIVO/OPERATIVO;GERENTE SERVICIOS ADMINISTRATIVOS
2573;OPERADOR PRODUCCION II;OPERADOR TECNICO DE PRODUCCION
2574;RECEPCIONISTA POLIVALENTE CERTIFICADA (ESTABLECIMIENTOS CATEGORI;RECEPCIONISTA CERTIFICADA (ESTABLECIMIENTOS CATEGORIA PRIMERA)
2575;ASISTENTE DE MANTENIMIENTO Y SOPORTE AL USUARIO;ASISTENTE SERVICIO USUARIO
2576;OPERADOR CABINA DE CONTRO;OPERADOR DE CABINA
2577;MECANICO TIPO A;MECANICO TIPO C
2578;ACCOUNTANT II;ACCOUNTING ADMIN II
2579;JEFE DE TECNOLOGIA;JEFE DE TECNOLOGIA I
2580;SYSTEMS ENGINEER II;TECHNOLOGY SYSTEMS ENGINEER II
2581;INGENIERO DESARROLLO;INGENIERO DESARROLLO DE
2582;VENDEDOR EXPERIMENTADO / EJECUTIVO DE VENTAS;VENDEDOR INTERMEDIO / EJECUTIVO DE VENTAS
2583;ASISTENTE CREDITO;ASISTENTE DE GESTION Y CONTROL DE CREDITO
2584;ASISTENTE SEGURIDAD VIAL;AUXILIAR I DE SEGURIDAD Y VIAJES
2585;BODEGUERO MATERIALES;BODEGUERO MATERIALES Y REPUESTOS
2586;JEFE DE PROCESOS Y PROYECTOS;DIRECTOR DE PROYECTOS Y PROCESOS
2587;JEFE DE PLANTA;JEFE REGIONAL DE PLANTA
2588;JEFA DE ASUNTOS REGULATORIOS Y CALIDAD;GERENTE DE ASUNTOS REGULATORIOS Y CALIDAD
2589;ASISTENTE DE INGENIERA JUNIOR;ASISTENTE DE INGENIERIA SENIOR
2590;GERENTE DE TRANSFORMACION DIGITAL;JEFE DE TRANSFORMACION DIGITAL
2591;ASISTENTE ADMINISTRATIVO Y COMPRAS;ASISTENTE COMERCIAL Y COMPRAS
2592;INSPECTADOR DE CALIDAD;INSPECTOR ASEGURAMIENTO DE CALIDAD
2593;JEFE DE OPERACIONES EXPORTACION;JEFE DE ABASTECIMIENTO E IMPORTACIONES
2594;AUDITOR DE GARANTIAS;JEFE AUDITOR EN GARANTIA DE CALIDAD
2595;SUPERVISOR DE SEGURIDAD INDUSTRIAL;RESPONSABLE DE SEGURIDAD INDUSTRIAL
2596;ANALISTA DE CREDITO Y CARTERA;ANALISTA DE CREDITO JUNIOR
2597;JEFE CORPORATIVO DE MARKETING;JEFE DE MARKETING & DESARROLLO DE PRODUCTOS
2598;AUXILIAR DE INFRAESTRUCTURA;AUXILIAR SENIOR DE INFRAESTRUCTURA
2599;INGENIERO SEMISENIOR DE PRODUCCION Y TECNOLOGIA;INGENIERO SENIOR DE PRODUCTIVIDAD Y OPERACIONES
2600;ESMERILADOR;ESMERILADOR 1
2601;HSE SR. SUPERVISOR;HSE ASST SUPERVISOR
2602;COORDINADOR GENERAL DE PROYECTOS;COORDINADOR_DE_SOLUCIONES_Y_PROYECTOS
2603;COORDINADOR COMERCIAL DE SERVICIO AL CLIENTE;COORDINADOR COMERCIAL & SERVICIO
2604;ASISTENTE DE BODEGA Y LOGISTICA;ASISTENTE LOGISTICA Y MANTENIMIENTO
2605;DIRECTOR MEDICO;MED DIRECTOR MEDICO
2606;ASESOR DE EXONERADOS;AUXILIAR DE EXONERADOS
2607;INGENIERO DESARROLLO;INGENIERO DE PROYECTOS DE DESARROLLO
2608;COORDINADOR DE MARKETING Y VENTAS;JEFE DE MARKETING Y VENTAS
2609;ASISTENTE DE LOGISTICA Y FACTURACION;ASISTENTE LOGISTICA Y MANTENIMIENTO
2610;OPERADOR DE JUNTADORA;OPERADOR DE JUNTADORAS LD.
2611;ASISTENTE DE LOGISTICA Y FACTURACION;ASISTENTE ADMINISTRATIVA - LOGISTICA Y CD
2612;CUSTOMER SERVICE COORDINATOR;CUSTOMER EXPERIENCE COORDINATOR
2613;ASISTENTE / AYUDANTE / AUXILIAR DE SERVICIOS TECNICO;ASISTENTE / AYUDANTE / AUXILIAR DE SERVICIOS TECNI
2614;JEFE DE COMPRAS Y ADQUISICIONES;JEFE COMPRAS ESTRATEG. Y OPERACIONES
2615;JEFE DISTRIBUIDORES;JEFE DE DISTRIBUCION NACIONAL
2616;COORDINADOR REGIONAL OPERACIONES;JEFE DE OPERACIONES REGIONAL
2617;ASESOR TECNICO SENIOR START UP;ASESOR TECNICO START UP
2618;OPERADOR TECNICO DE PRODUCCION;OPERADOR AUXILIAR DE PRODUCCION
2619;ADMINISTRATIVO-JEFE DE OPERACIONES;JEFE ADMINISTRATIVO OPERATIVO
2620;GERENTE DE CANAL MODERNO;COORDINADOR CANAL MODERNO
2621;SUPERVISOR DE VENTAS B2C;SUPERVISOR(A) EN VENTAS
2622;JEFE DE BODEGA DE ENVASES;SUPERVISOR DE BODEGA DE ENVASES
2623;ANALISTA ADMINISTRATIVA FINANCIERA;ANALISTA SENIOR FINANCIERO ADMINISTRATIVO
2624;COORDINADOR DE COMUNICACION INTERNA;COORDINADOR/A DE COMUNICACION Y EVENTOS INTERNOS
2625;JEFE DE MANTENIMIENTO Y TALLER;JEFE DE MANTENIMIENTO Y ADECUACIONES
2626;ASISTENTE GERENCIA DE AUDITORIA INTERNA;ASISTENTE SENIOR DE AUDITORIA INTERNA
2627;JEFE DE COMPRAS Y VENTAS;JEFE FINANZAS Y COMPRAS
2628;DEVOPS ENGINEER;DEVOPS SR ENGINEER
2629;AYU. OBRA - F;AYU. OBRA P
2630;DIRECTOR ADMINISTRATIVO FINANCIERO;DIRECTOR DE PLANIFICACION FINANCIERA
2631;GERENTE DESARROLLO CONCESIONARIO;JEFE DE DESARROLLO DE CONCESIONARIOS
2632;ASISTENTE LOGISTICA Y MANTENIMIENTO;ASISTENTE DE LOGISTICA Y CONTROL DE COMUNICACION
2633;SUPERVISOR DE LEGAL Y CUMPLIMIENTO;DIRECTOR LEGAL Y DE CUMPLIMIENTO
2634;ELECTRICISTA;ELECTRICISTA JR.
2635;DIRECTOR DE EXPERIENCIA OPERATIVA;JEFE DE EXPERIENCIA OPERACIONAL
2636;COORDINADOR DE CREDITOS Y COBRANZAS;COORDINADOR CREDITO Y COB
2637;OFICIAL DE CUMPLIMIENTO DE OPERACIONES ECONOMICAS;OFICIAL DE CUMPLIMIENTO DE OPERACIONES ECONOMICAS CORPORATIV0
2638;ASISTENTE DE I&D - REGULATORIOS;GERENTE DE I&D - REGULATORIOS
2639;ASISTENTE CONTROL DE PRODUCCION;ASISTENTE OPERATIVO PRODUCCION
2640;AUXILIAR MANTENIMIENTO Y LIMPIEZA;ASISTENTE DE LIMPIEZA Y MANTENIMIENTO
2641;OPERADOR TRATAMIENTO AGUAS;OPERARIO DE TRATAMIENTO DE AGUAS RESIDUALES
2642;ASISTENTE/AUXILIAR/AYUDANTE TECNICO DE MANTENIMIENTO EN EL SECTO;ASISTENTE/AUXILIAR/AYUDANTE TECNICO DE MANTENIMIENTO EN EL SECTO SLUD
2643;ASIST. ADM Y PRESIDENICA;ASIST. PRESIDENCIA
2644;ASISTENTE DE REGULATORIOS;COORDINADOR DE SISTEMA DE GESTION ASUNTOS REGULATORIOS
2645;SUPERVISOR DE COBRANZAS CORPORATIVO;SUPERVISOR OPERATIVO DE COBRANZAS
2646;COORDINADOR ADMINISTRATIVO DE FLOTA;ASISTENTE ADMINISTRATIVO DE FLOTA
2647;VENDEDOR EXTERNO;VENDEDOR(A) EXTERNO SR
2648;EMBONCHADOR/CLASFICIADOR;EMBONCHADOR/CLASIFICADOR
2649;DOCENTE CON TITULO DE INSTITUTO PEDAGOGICO;DOCENTE TITULO INSTITUTO PEDAGOGICO INGLES
2650;ASISTENTE ELECTRICO MANTENIMIENTO;AYUDANTE DE MANTENIMIENTO ELECTRICO
2651;JEFE DE INFRAESTRUCTURA TECNOLOGICA;JEFE DE INFRAESTRUCTURA Y SISTEMAS
2652;OPERADOR DE EXTRUSORA;OPERADOR DE EXTRUDER
2653;OPERADOR DE EMBUTIDOS;OPERARIO EMBUTIDOS
2654;ASISTENTE EN CONSULTORIA DE TRANSACCIONES E IMPUESTOS INTERNACIONALES;SENIOR EN CONSULTORIA DE TRANSACCIONES E IMPUESTOS INTERNACIONALES
2655;ASESOR LOGISTICO DE COMERCIO EXTERIOR;JEFE DE COMERCIO EXTERIOR Y GESTION LOGISITCA
2656;TECNICO DE METALMECANICA;TECNICO DE MECANICA
2657;ASISTENTE DE GERENCIA Y SECRETARIA;ASISTENTE ADMINISTRATIVO - SECRETARIO
2658;RESPONSABLE DE SISTEMA DE GESTION;RESPONSABLE DE SISTEMA DE GESTION INTEGRADO
2659;ASISTENTE DE OPERACIONES LOGISTICA;ASISTENTE OPERATIVO LOGISTICA
2660;ANALISTA DE SEGURIDAD DE INFORMACION;ANALISTA DE SEGURIDAD GESTION DE DATOS Y ACCESOS
2661;COORDINADOR DISTRIBUCION;COORDINADOR REGIONAL DE DISTRIBUCION
2662;GERENTE DE GESTION DE PERSONAS;GERENTE DE GESTION HUMANA Y CULTURA
2663;JEFE NACIONAL DE SERVICIO;JEFE NACIONAL DE CENTRO DE SERVICIO
2664;ANALISTA DE SISTEMA DE GESTION DE CALIDAD;ANALISTA DE CALIDAD CORPORATIVO
2665;ANALISTA DE CERTIFICACION Y CALIDAD;ANALISTA TECNICO DE CALIDAD
2666;AUDITOR INTERNO 2;AUDITOR INTERNO 3
2667;AUXILAR DE FACTURACION;AUXILIAR CAJA FACTURACION
2668;JEFE DE PLANEACION DE SUMINISTROS;JEFE DE SUPPLY PLANNING
2669;AYUDANTE DE MECANICA;AYUDANTE DE MECANICA INDUSTRIAL
2670;CAJERO VENDEDOR/A JUNIOR;CAJERO VENDEDOR/A SENIOR
2671;SUPERVISOR DE MANT.ELECTRICO;SUPERVISOR DE OPERACION Y MANTENIMIENTO ELECTRICO
2672;ASISTENTE DE SEGURIDAD INDUST;ASISTENTE DE SEGURIDAD INDUSTR
2673;ASISTENTE DE PROYECTO;AYUDANTE TECNICO PROYECTOS
2674;JEFE BODEGA Y LOGISTICA;SUPERVISOR DE BODEGA Y LOGISTICA
2675;ANALISTA DE COMERCIO EXTERIOR;ANALISTA DE COMERCIO EXTERIOR SENIOR
2676;INGENIERO DE DISENO Y DESARROLLO;INGENIERO DE DESARROLLO SR.
2677;ASIST DE JEFA TALLER MECANICO;JEFE DE TALLER MECANICO
2678;ANALISTA DE SERVICIOS FINANCIE;ANALISTA DE CUSTODIA FINANCIERA
2679;ASISTENTE CARTERA Y FACTURACION;COORDINADOR CARTERA Y FACTURACION
2680;AUDITOR SEMI SENIOR;AUDITOR SENIOR A
2681;GERENTE DE COMERCIAL;GERENTE DE GESTION TECNICA COMERCIAL
2682;TECNICO DE PLANTA;TECNICO DE PLANTA EXTERNA
2683;COORDINADOR DE PLANIFICACION COMERCIAL;COORDINADOR DE PLANIF COMERCIAL
2684;DOCENTE DE INGLES EDUCACION BASICA MEDIA;DOCENTE DE INGLES EDUCACION INICIAL
2685;LIDER DE ASEGURAMIENTO DE CALIDAD;JEFE/ASEGURAMIENTO/CALIDAD
2686;INGENIERO INSPECTOR DE PROYECTOS 223;INGENIERO INSPECTOR DE PROYECTOS 283
2687;ANALISTA ADMINISTRATIVA FINANCIERA;ANALISTA CONTROL FINANCIERO
2688;ANALISTA DE CALIDAD Y REGULATORIO;ANALISTA DE CERTIFICACION DE CALIDAD
2689;T.A JEFE DE MANTENIMIENTO;T.A AUXILIAR DE MANTENIMIENTO
2690;DIRECTOR CORPORATIVO DE RECURSOS HUMANOS;JEFE DE RECURSOS HUMANOS CORPORATIVO
2691;RESPONSABLE DE TRABAJO SOCIAL;SUPERVISOR DE TRABAJO SOCIAL
2692;COORDINADOR DE GESTION CORPORATIVA;COORDINADOR DE OPERACIONES CORPORATIVAS
2693;QUIMICO;QUIMICO (A)
2694;SAFETY AND SECURITY MANAGER ECUADOR;SECURITY SUPERVISOR ECUADOR
2695;ADMINISTRATIVO/SECRETARIA;ASISTENTE ADMINISTRATIVO - SECRETARIO
2696;GERENTE DE ESTRATEGIA COMERCIAL Y MARKETING;GERENTE DE ESTRATEGIA Y NEGOCIOS
2697;JEFE DE PRODUCTO DE INDUSTRIA;JEFE DE PRODUCCION INDUSTRIAL
2698;ASISTENTE DE PRODUCCION Y PLANIFICACION;PLANIFICADOR/A DE PRODUCCION
2699;JEFE DE NETWORKING;JEFE DE NETWORKING CORE
2700;JEFE DE INNOVACION;JEFE DE INNOVACION TECNOLOGICA
2701;ASISTENTE DE TALENTO HUMANO;ASISTENTE DE GESTION DE TALENTO HUMANO
2702;ANALISTA DE ESTRATEGIA DIGITAL;ANALISTA DE MARKETING Y CONTENIDO DIGITAL
2703;JEFE CORPORATIVO DE COBRANZAS;JEFA CORPORATIVA DE COBRANZAS
2704;TECNICO DE REFRIGERACION;TECNICO DE REFRIGERACION/ 制冷工
2705;AUXILIAR DE REFRIGERACION;AUXILIAR DE FRIGORIFICO
2706;ASISTENTE COMERCIO EXTERIOR;ASISTENTE DE COMERCIO EXTERIOR G
2707;ANALISTA DE CONTROL DE ACTIVOS;ANALISTA DE GESTION DE ACTIVOS Y AUTOMATIZACION
2708;ANALISTA OPERATIVO ADMINISTRATIVO;ANALISTA SERVICIOS OPERATIVOS
2709;ASISTENTE DE DISENO;AUXILIAR DE DISENO
2710;ANALISTA DE EVALUACION DOCENTE;ANALISTA DE EVALUACION Y CAPACITACION DOCENTE
2711;VICEPRESIDENTE DE PERSONAS Y CULTURA;VICEPRESIDENTE GENTE Y CULTURA
2712;COORDINADOR CIBERSEGURIDAD;COORDINADOR INFRAESTRUCTURA Y CYBERSEGURIDAD
2713;INSPECTOR DE CALIDAD DE IMPRENTAS;INSPECTOR DE CALIDAD DE IMPRENTAS JR
2714;ANALISTA DE ASUNTOS REGULATORIOS CORPORATIVOS;GERENTE DE ASUNTOS REGULATORIOS CORPORATIVO
2715;COORDINADOR TRABAJO SOCIAL;COORDINADOR TRABAJO SOCIAL Y RESPONSABILIDAD SOCIAL
2716;JEFE DE PRESUPUESTO;JEFE DE PRESUPUESTO Y PLANIFIC
2717;ASISTENTE ADMINISTRATIVA FUNDRAISING;ASISTENTE DE FUNDRAISING
2718;COORDINADOR COMPRAS Y CONTRATOS;COORDINADOR DE COMPRAS E IMP
2719;SUPERVISOR DE MANTENIMIENTO (MECANICO);SUPERVISOR MANTENIMIENTO MAQUINARIA PESADA
2720;ESPECIALISTA DE ARTICULACION E INCIDENCIA POLITICA NACIONAL;ESPECIALISTA DE ARTICULACION E INCIDENCIA POLITICA TERRITORIAL
2721;COORDINADOR DE ENTREGAS;COORDINADOR DE ENTREGA
2722;ANALISTA OPERACIONES TESORERIA;ASISTENTE OPERATIVO TESORERIA
2723;JEFE DE COMPRAS SENIOR;JEFE SENIOR DE COMPRAS Y SERVICIO AL CLIENTE
2724;EJECUTIVO DE VENTAS MAYORISTA;EJECUTIVO DE VENTAS - CANAL MAYORISTA
2725;ASISTENTE SALUD, SEGURIDAD, AMBIENTE, SALUD;ASISTENTE SALUD
2726;COORDINADOR TECNICO DE CALIDAD;REPRESENTANTE TECNICO CALIDAD
2727;VENDEDOR V6;VENDEDOR V7
2728;AYUDANTE DE ENVASE;AUXILIAR DE ENVASE
2729;SUPERVISOR DE LLAVES HIDRAULICAS;TECNICO DE LLAVES HIDRAULICAS
2730;EJECUTIVA DE VENTAS;EJECUTIVA DE CUENTAS DE VENTAS
2731;COORDINADOR DE PROYECTOS DE TRANSFORMACION DIGITAL;COORDINADOR DE PROYECTOS DIGITALES
2732;SALES OPERATIONS REPRESENTATIVE;SALES OPERATION ASSISTANT
2733;GERENTE DE FACILIDADES Y CONSTRUCCIONES;GERENTE DE PROYECTOS Y FACILIDADES
2734;ESPECIALISTA DE INGENIERIA DE PROYECTOS;CONSULTOR DE PROYECTOS
2735;OPERADOR PEGADORA;OPERARIO PEGADORA
2736;TECNICO DE FACILIDADES;TECNICO DE FACILIDADES Y MANTENIMIENTO
2737;AUXILIAR BODEGA MATERIA PRIMA;AUXILIAR DE BODEGA (MATERIA PRIMA NO CARNICA)
2738;ANALISTA DE COSTOS;ANALISTA DE COSTOS COMERCIALES
2739;CHOFER LIVIANOS;CHOFER VEH. LIVIANOS
2740;COORDINADOR DE PLANEACION ESTRATEGICA;GERENTE DE PLANEACION Y ANALISIS ESTRATEGICO
2741;EJECUTIVO JUNIOR;EJECUTIVO ADMINISTRATIVO JUNIOR
2742;DIRECTOR DE GESTION OPERATIVA;DIRECTOR OPERATIVO
2743;ANALISTA CONTABLE Y FINANCIERO;AUXILIAR FINANCIERO Y CONTABLE
2744;DIRECTOR DE BIENESTAR ESTUDIANTIL;DIRECTOR DE BIENESTAR UNIVERSITARIO
2745;TRABAJADOR DE TEXTILES, CUERO Y CALZADO;TRABAJADOR DE CUERO TEXTIL Y CALZADO
2746;AUXILIAR DE MECANICA;AUXILIAR TECNICO MECANICO
2747;ANALISTA DE COMPRAS Y PLANIFICACION DE LA DEMANDA;COORDINADOR DE COMPRAS Y PLANIFICACION DE LA DEMANDA
2748;ASESOR TECNICO COMERCIAL DE CORPORATIVO;ASESOR TECNICO DE VENTAS CORPORATIVAS
2749;COORD DE OPERACIONES;COOR DE OPERACIONES
2750;EJECUTIVO COMERCIAL DE CORPORATIVOS PATRIMONIALES;JEFE COMERCIAL DE CORPORATIVOS PATRIMONIALES
2751;GERENTE DE MANTENIMIENTO DE EQUIPOS;RESPONSABLE DE MANTENIMIENTO Y GESTION DE EQUIPOS
2752;AUXILIAR DE SERVICIO Y LIMPIEZA;AUXILIAR EN MANTENIMIENTO-LIMPIEZA
2753;COORDINADOR DE MEDIACION;COORDINADOR DEL CENTRO DE MEDIACION
2754;COORDINADOR DE INFRAESTRUCTURA SENIOR;ESPECIALISTA SENIOR DE INFRAESTRUCTURA
2755;ASISTENTE DE ATM´S Y TARJETAS;OPERADOR DE ATMS
2756;JEFE DE VENTAS COSTA;COORDINADOR DE VENTAS COSTA
2757;INGENIERO DE SOPORTE;INGENIERO DE SOPORTE ESPECIALIZADO JR
2758;JEFE DE INSTALACIONES;JEFE DE INGENIERIA DE INSTALACION
2759;JEFE DE BUSINESS INTELLIGENCE;JEFE DE BUSINESS INTELLIGENCE Y ANALITIC
2760;SECRETARIA DE DIRECCION;SECRETARIA DE DIRECCION GENERAL
2761;VENDEDOR LUBRICANTES;VENDEDOR SEGMENTO LUBRICADORAS
2762;COORDINADOR JUNIOR DE CONTROL DE COSTOS;COORDINADOR ANALISIS DE COSTOS
2763;SENIOR SOLUTIONS CONSULTANT;SENIOR BUSINESS SOLUTION CONSULTANT
2764;INGENIERO DE DISENO;TECNICO DE DISENO
2765;JEFE DE PROCESOS Y PROYECTOS;COORDINADOR DE PROCESOS Y PROYECTOS
2766;AUXILIAR 2 DE MANTENIMIENTO;T.A AUXILIAR DE MANTENIMIENTO
2767;1. JEFE DE TTHH;JEFE DE TT.HH.
2768;ANALISTA TECNICO DE CALIDAD;ANALISTA SR TECNICO Y DE CALIDAD
2769;ASISTENTE / AYUDANTE;ASISTENTE AYUDANTE
2770;JEFE DE PLANEACION FINANCIERA;JEFE DE PLANIFICACION FINANCIERA Y ANALISIS
2771;ASISTENTE DE DIRECCION;ASISTENDE DE DIRECCON
2772;AUXILIAR DE BODEGA;AUXILIAR DE BODEGA PT
2773;OFFICIAL DE CUMPLIMIENTO;OFICIAL DE CUMPLIMIENTO (PRINCIPAL)
2774;JEFE DE SERVICIO AL CLIENTE EXPERIENCE;EJECUTIVO DE EXPERIENCIA Y ATENCION AL CLIENTE
2775;OFICIAL DE SEGURIDAD RADIOLOGICA;OFICIAL DE SEGURIDAD RADIOLOGICA - MEDICINA NUCLEAR
2776;JEFE DE FINANZAS;JEFE FINANZAS Y OPERACIONES
2777;ADMINISTRADOR DE RED Y SISTEMAS;ADMINISTRADOR DE REDES Y SEGURIDAD
2778;EJECUTIVO DE SERVICIOS POST VENTA;GERENTE DE SERVICIO POST VENTA
2779;LOGISTICS AND WAREHOUSE ASSISTANT;LOGISTIC, INVENTORY AND FIX ASSETS ASSISTANT
2780;CONTADOR (CON TITULO DE BACHILLER EN CONTABILIDAD Y 2 ANOS DE E;CONTADOR (CON TITUTLO DE BACHILLER EN CONTABILIDAD Y 2 ANOS DE EXPERIENCIA EN LABORES COMO ASISTENTE DE CONTABILIDAD)
2781;SUPERVISOR DE CONTROL COMERCIAL;COORDINADOR DE CONTROL COMERCIAL
2782;COORDINADOR OPERACIONES RIG MOVE;JEFE DE OPERACIONES RIG MOVE
2783;EMPAQUE;EMPAQUE 2
2784;ANALISTA ADM Y DE COMPRAS;ANALISTA COMPRAS Y CONTRATACIONES
2785;ANALISTA LOGISTICA DELIVERY;ASISTENTE DE LOGISTICA DELIVERY
2786;ASISTENTE ADMINISTATIVO;ASISTENTE ADMNISTRATIVO
2787;OPERADOR CAMION GRUA;OPER. CAMION GRUA
2788;AUXILIAR DE CONTROL;AUXILIAR DE CONTROL DE CA
2789;ANALISTA DE CALIDAD Y PROCESOS;ANALISTA DE PROCESOS Y PRODUCTOS
2790;ANALISTA DE PRODUCTIVIDAD;ANALISTA DE PRODUCTIVIDAD Y ALIANZAS
2791;INGENIERO DE SOPORTE TECNICO;INGENIERO DE SISTEMAS SOPORTE TECNICO
2792;COORDINADOR DE SUPPLY CHAIN;SUPERVISOR DE SUPPLY CHAIN
2793;COORDINADOR REGIONAL DE VENTAS;SUPERVISOR REGIONAL DE VENTAS
2794;COORDINADOR DE MARKETING Y EVENTOS;JEFE COMERCIAL Y EVENTOS
2795;ANALISTA DE COMERCIO EXTERIOR;ANALISTA COMERCIO EXTERIOR
2796;DOCENTE DE MATEMATICA;DOCENTE DE MATEMATICAS Y SOCIALES
2797;AUDITOR DE SISTEMAS;AUDITOR DE SISTEMAS SENIOR
2798;JEFE DE TRANSFORMACION DIGITAL;COORDINADOR DE TRANSFORMACION DIGITAL
2799;OPERADOR DE MAQUINARIA PESADA 1;OPERADOR DE MAQUINARIA PESADA 2
2800;COORDINADOR DE SISTEMAS DE GESTION DE CALIDAD;COORDINADOR DE CALIDAD Y MONITOREO
2801;COORDINADO DE PRODUCCION;COORDINADOR DE ORDENES DE PRODUCCION
2802;SUPERVISOR DE OPERACIONES PUERTO;SUB COORDINADOR OPERACIONES PUERTO
2803;ASESOR FINANCIERO;ASESOR DE SERVICIOS FINANCIEROS
2804;SUPERVISOR DE UTILITIES;COORDINADOR DE UTILITIES
2805;COORDINADOR DE PLANIFICACION Y PROCESOS;JEFE DE PLANIFICACION, PROCESOS E INNOVACION
2806;TECNICO AIRE ACONDICIONADO;TECNICO DE MANTENIMIENTO DE AIRES ACONDICIONADOS
2807;COMPRADOR;COMPRADOR(A)
2808;ASISTENTE DE OPERACIONES MARITIMAS;ASISTENTE TECNICO MARITIMO
2809;ACCOUNTANT ANALYST;ACCOUNTANT SENIOR ANALYST
2810;ASISTENTE INSTALADOR DE SISTEMAS;AUXILIAR /INSTALADOR DE SISTEMAS
2811;NUTRICIONISTA;NUTRICIONISTA DIETISTA
2812;ADMINISTRADOR 2;ADMINISTRADOR 3
2813;REPRESENTANTE TECNICO DE VENTA;REPRESENTANTE TECNICO DE VENTAS SR
2814;AUXILIAR /INSTALADOR DE SISTEMAS;ASISTENTE / AYUDANTE / AUXILIAR / INSTALADOR
2815;SUPERVISOR DE ENTREGAS;SUPERVISOR ENTREGAS
2816;ANALISTA DE CONTRATO Y COMPRAS;ANALISTA DE CONTRATOS
2817;ASISTENTE DE EDUCACION MEDICA;ASISTENTE ADMINITRATIVO EDUCACION MEDICA
2818;RESIDENTE DE OBRA;RESIDENTE EN OBRA
2819;JEFE DE AUDITORIA OPERACIONAL;COORDINADOR AUDITORIA Y CONTROL TECNICO
2820;TECNICO DE SOPORTE INTERNO;TECNICO DE SOPORTE MEDIO
2821;GERENTE DE ASEGURAMIENTO DE CALIDAD, SISTEMAS DE GESTION Y SANITIZACION;GERENTE DE SEGURIDAD Y CALIDAD
2822;JEFE DE BUSINESS INTELLIGENCE;COORDINADOR DE BUSINESS INTELLIGENCE
2823;JEFE DE GESTION AMBIENTAL;SUPERVISOR DE GESTION AMBIENTAL
2824;ASISTENTE CONTABLE - FACTURACION;ASISTENTE ADMINISTRATIVO FACTURACION
2825;COORDINADOR DE MERCADEO;COORDINADOR DE MERCADEO Y VENTAS
2826;ANALISTA DE ABASTECIMIENTO;ANALISTA SENIOR ABASTECIMIENTO
2827;AUXILIAR DE TIENDA;ASISTENTE DE TIENDA
2828;COORDINADOR DE TALENTO HUMANO / ASISTENTE CONTABLE;COORDINADORA DE TALENTO HUMANOS Y CONTABILIDAD
2829;JEFE DE SEGURIDAD;JEFE DE GRUPO DE SEGURIDAD
2830;SUPERVISOR CORPORATIVO DE INFRAESTRUCTURA Y MANTENIMIENTO;SUPERVISOR DE MANTENIMIENTO Y PROYECTOS
2831;SUPERVISOR ADMINISTRATIVO DE VENTAS;SUPERVISOR DE VENTAS JUNIOR
2832;OPERADOR DE PESAJE;OPERADOR DE PESADA
2833;ANALISTA ADMINISTRATIVO LOGISTICO;ANALISTA COMERCIAL Y LOGISTICA
2834;RESPONSABLE DE CREDITO Y COBRANZA;RESPONSABLE: CREDITO Y COBRANZA
2835;ASISTENTE DE SISTEMA DE GESTION INTEGRADO;ASISTENTE 2 DE SISTEMAS INTEGRADOS DE GESTION
2836;DOCENTE TITULAR PRINCIPAL TIEMPO COMPLETO;DOCENTE TITULAR PRINCIPAL TIEMPO COMPLETO/RECTOR
2837;SUPERVISOR DE CAJA;SUPERVISOR CAJA
2838;AGENTE CONTROL INTERNO;JEFE CONTROL INTERNO AGENCIAS
2839;SUPERVISOR DE ALMACEN;SUPERVISOR LOGISTICO Y BODEGA
2840;SUPERVISOR DE SOPORTE A USUARIOS;JEFE DE SOPORTE A USUARIOS
2841;ESPECIALISTA AMBIENTAL;ESPECIALISTA DE MEDIO AMBIENTE
2842;ASISTENTE DISENO;ASISTENTE DTO. DE DISENO
2843;AUXILIAR DE CALIDAD;AUXILIAR CONTROL DE CALIDAD F2
2844;ANALISTA DE PLANIFICACION FINA;ANALISTA DE PLANIFICACION TEMPORAL
2845;ASISTENTE DE GERENCIA DEPORTIVA;ASISTENTE DEPORTIVA
2846;TECNICO MANTA;TECNICOS MANTA
2847;INGENIERO DE MANTENIMIENTO;ESPECIALISTA INGENIERIA Y MANTENIMIENTO
2848;TECNICO DE SISTEMA;TECNICO SISTEMAS
2849;SUPERVISOR DE SEGURIDAD GENERAL;SUPERVISOR DE SEGURIDAD INTERNA
2850;JEFE DE PROYECTOS REGIONAL;JEFE REGIONAL DE OBRAS Y PROYECTOS
2851;ASISTENTE DE CAJAS;ASISTENTE DE CAJAS VOLANTE
2852;GERENTE DE GESTION DE MARKETING;GERENTE COMERCIAL Y MARKETING
2853;ASIS ADMINISTRATIVO;ASIS,ADMINISTRATIVO
2854;ASISTENTE CONTABLE1;ASISTENTE CONTABLE 2
2855;COORDINADOR DE DESARROLLO Y TECNOLOGIA;JEFE DE TECNOLOGIA, DESARROLLO Y COMUNIC
2856;JEFE DE BODEGA INSUMOS PLANTA;SUPERVISOR DE BODEGA DE INSUMOS
2857;ASISTENTE DE IMPORT;ASISTENTE DE IMPORTACION Y LOGISTICA
2858;ASESOR SERVICIO CLIENTE;ASIST. DE SERVICIO AL CLIENTE
2859;GERENTE REGIONAL DE OPERACIONES;COORDINADOR GENERAL DE OPERACIONES
2860;DOCENTE INGLES SECUNDARIA;DOCENTE/DIRECTORA INGLES SECUNDARIA
2861;RESPONSABLE DE GESTION DE CALIDAD;GESTOR DE CALIDAD Y SERVICIOS
2862;SUPERVISOR DE LA PLANTA DE PROCESOS;JEFE DE PLANTA DE PROCESOS
2863;ASISTENTE DE CONTROL;ASISTENTE DE CONTROL Y MO
2864;JEFE COMERCIAL Y SERVICIO;JEFE DE VENTAS Y SERVICIO AL CLIENTE
2865;ASISTENTE DE PROGRAMACION;ASISTENTE 1 DE PROGRAMACION
2866;RESPONSABLE DE DESARROLLO DE NEGOCIOS;RESPONSABLE DESARROLLO DE NEGOCIO
2867;GERENTE DE MERCADEO;COORDINADORA GERENCIA DE MERCADEO
2868;GERENTE ADMINISTARTIVO;ADMIN - GERENTE ADMINISTRADOR
2869;JEFE DE COMPRAS Y PLANEACION;JEFE COMPRAS Y PLANIFICACION DE DEMANDA
2870;ASISTENTE ADMINISTRATIVA GYE;ASISTENTE ADMINSITRATIVO GYE
2871;COSECHADOR;COSEHADOR
2872;JEFE DE CONTRALORIA;COORDINADOR DE CONTRALORIA
2873;SITE RELIABILITY ENGINEER;PRINCIPAL SITE RELIABILITY ENGINEER
2874;ANALISTA DE CIBERSEGURIDAD;ANALISTA DE CIBERSEGURIDAD EN IDENTIDADES,DATOS Y ACCESOS
2875;ASISTENTE BIENESTAR ESTUDIANTIL;ASISTENTE DE BIENESTAR UNIVERSITARIO
2876;ASISTENTE MMTT;ASISTENTE MTTO
2877;JEFE CALIDAD/EMPAQUE L3;JEFE DE CALIDAD PROCESO L3
2878;SUPERVISOR DE MONTAJE;SUPERVISOR DE MONTAJE Y EQUIPOS AUXILIARES
2879;ASISTENTE DE SEGURIDAD Y AMBIENTE;ASISTENTE DE SEGURIDAD, SALUD Y AMBIENTE 1
2880;COORDINADOR DE CALIDAD Y PROCESOS;COORDINADOR DE PROCESOS Y QA
2881;EJECUTIVO COMERCIAL JR;EJECUTIVO COMERCIAL SR
2882;GERENTE RELACIONES INSTITUCIONALES Y SUSTENTABILIDAD;GESTOR DE RELACIONES INSTITUCIONALES
2883;COORDINADOR DE CREDITOS Y COBRANZAS;COORDINADOR DE CREDITOS
2884;ASISTENTE DE COBRANZAS OPERATIVO;ASISTENTE OPERATIVO DE COBRANZA
2885;JEFE CONTROL FINANCIERO Y CONTABILIDAD;DIRECTOR CONTROL INTERNO Y PLANEACION FINANCIERA
2886;ASISTENTE COORDINACION INGENIERIAS;COORDINADOR DE INGENIERIA Y ASISTENCIA TECNICA
2887;INBOUND WAREHOUSE MANAGER;OUTBOUND WAREHOUSE MANAGER
2888;ASISTENTE DE JEFE DE PRODUCCION;ASISTENTE DE PRODUCCION EJECUTIVA
2889;SUPERVISOR REGION COSTA;SUPERVISOR REGIONAL COSTA Y AUSTRO
2890;ANALISTA DE CARTERA JR;ANALISTA DE CARTERA NACIONAL
2891;SUPERVISOR DE BODEGA MP;SUPERVISOR DE BODEGA MF
2892;ANALISTA;ANALISTA A&B
2893;JEFE DE PRODUCTO;JEFE DE PRODUCTO 1
2894;DOCENTE CIENCIAS SOCIALES;DOCENTE DE ESTUDIOS SOCIALES
2895;INSPECTOR MANT REDES AGUA POTABLE;INSPECTOR MANTENIMIENTO REDES AGUA POT
2896;GERENTE ADMINISTRATIVO Y DE TALENTO HUMANO;GERENTE DE GESTION DE PERSONAS
2897;JEFE DE CALIDAD DEL SERVICIO;JEFE CALIDAD FUNCIONAL
2898;ASISTENTE LOGISTICA Y MANTENIMIENTO;ASISTENTE DE LOGISTICA Y SEGURIDAD
2899;LINIERO 1;LINIERO 2
2900;COORDINADOR DE LICITACIONES;COORDINADOR DE PRESUPUESTOS Y LICITACIONES
2901;ASISTENTE DE PRODUCTO TERMINADO;AUXILIAR DE PRODUCTO TERMINADO
2902;ESPECIALISTA COMUNICACION;ESPECIALISTA COMUNICACION INTERNA
2903;ASISTENTE DE LOGISTI;ASISTENTE OPERATIVO LOGISTICA
2904;SUPERVISOR DE MANTENIMIENTO ME;SUPERVISOR DE MANTENIMIENTO NO PLANEADO
2905;JEFE ADMINISTRATIVA COMERCIAL;ANALISTA ADMINISTRATIVA COMERCIAL
2906;COORDINADOR INNOVACION;DIRECTOR DE INNOVACION
2907;SUPERVISOR DE RESERVAS;SUPERVISOR VENTAS Y RESERVAS
2908;CAJERO CERTIFICADO (ESTABLECIMIENTOS CATEGORIA PRIMERA);CAJERO CERTIFICADO (ESTABLECIMIENTOS CATEGORIA LUJO)
2909;ASISITENTE CONTABLE;ASISTENTE CONTABLE SR
2910;EJECUTIVO COMERCIAL CORPORATIVO;EJECUTIVO COMERCIAL SR
2911;ASESOR COMERCIAL F&I;ASESOR COMERCIAL II
2912;ASISTENTE DE GESTION DE TALENTO HUMANO;ASISTENTE DE GESTION DEL TALENTO
2913;ASISTENTE DE LOGISTICA Y FACTURACION;ASISTENTE DE COMPRAS Y FACTURACION
2914;DATA AND BUSINESS INTELLIGENCE ANALYST;DATA BUSINESS ANALYST
2915;SUPERVISOR DE MEDIO AMBIENTE;SUPERVISOR DE SEG.IND. MEDIO AMBIENTE
2916;BODEGUERO S/F;BODEGUERO SM
2917;COORDINADOR DE PUBLICIDAD Y COMUNICACION;COORDINADOR DE PUBLICIDAD E IMAGEN
2918;VENDEDOR SEGMENTOS PESADOS;VENDEDOR SEGMENTOS PESADOS JR
2919;SOLDADOR TIPO 1;SOLDADOR TIPO II
2920;JEFE DE CALIDAD E INNOVACION;JEFE DE CALIDAD Y PRODUCTO
2921;GERENTE DE DESARROLLO HUMANO;GERENTE DE DESARROLLO HUMANO Y ADMINISTRACION
2922;SUPERVISOR DE CAJA;JEFE DE CAJA
2923;COORDINADOR DE LOGISTICA INVERSA;SUPERVISOR DE LOGISTICA INVERSA
2924;EJECUTIVO ADMINISTRATIVO;EJECUTIVO INSTITUCIONAL
2925;GERENTE DE PERSONAL, ADMINISTRACION Y FINANZAS;JEFE DE GESTION ADMINISTRATIVA
2926;ANALISTA DE COMPRAS & LOGISTICA;ANALISTA DE COMPRAS Y MANTENIMIENTO
2927;COORDINADOR EXPORTACIONES;COORDINADOR OPERATIVO IMPORTACIONES
2928;COORDINADOR DE PROYECTOS E INNOVACION;COORDINADOR DE PROYECTOS DE TECNOLOGIA
2929;GERENTE DE ESTRATEGIA COMERCIAL Y MARKETING;GERENTE DE GESTION ESTRATEGICA COMERCIAL
2930;ANALISTA ADMINISTRATIVA Y TTHH;ASISTENTE ADMINISTRATIVA Y TTHH
2931;ANALISTA DE BI;ANALISTA BI SENIOR
2932;OFICIAL DE CREDITO;OFICIAL DE CREDITO JUNIOR
2933;MERCADERISTA / SUPERVISORA;SUPERVISOR MERCADERISTA
2934;ANALISTA DE MARKETING DE DESEMPENO DE DATOS;JEFE DE MARKETING DE DESEMPENO DE DATOS
2935;AGENTE DE SEGURIDAD;AGENTE DE SEGURIDAD G
2936;OPERADOR DE PRODUCTO TERMINADO;OPERARIO DE MANEJO DE PRODUCTO TERMINADO
2937;JEFE DE MANTENIMIENTO ELECTROMECANICO;ENCARGADO DE MANTENIMIENTO ELECTROMECANI
2938;GERENTE PLANEACION COMERCIAL Y OPERATIVA;GERENTE, PLANEACION COMERCIAL
2939;DIBUJANTE 133;DIBUJANTE 167
2940;OPERADOR MOLINO;OPERARIO MOLINO
2941;MAYORDOMO DE CAMPO;MAYORDOMO CAMPO
2942;GERENTE DE LEGAL;GERENTE DE CONSULTORIA LEGAL
2943;GERENTE DE ALMACEN;ASISTENTE GERENCIA DE ALMACEN
2944;JEFE DE CALIDAD DE PROCESOS;GESTOR DE CALIDAD Y PROCESOS
2945;COORDINADOR DE EXPERIENCIA AL CLIENTE;COORDINADOR DE EXPERIENCIA AL CLIENTE Y SOSTENIBILIDAD
2946;AYUDANTE DE LINEA;AYUDANTE DE LINEA AE
2947;COORDINADOR DE COMPENSACION Y LIQUIDACION;JEFE DE COMPENSACION Y LIQUIDACION
2948;JEFE DE DESARROLLO ORGANIZACIO;JEFE DE DESARROLLO ORGANIZACIONAL Y EXPERIENCIA DEL CLIENTE
2949;AUXILIAR SERVICIO;AUX. DE SERVICIOS EN GENERAL
2950;AUDITOR JUNIOR FINANCIERO;AUDITOR JUNIOR OPERACIONAL
2951;COORDINADOR CENTRO DE DISTRIBUCION;COORDINADOR REGIONAL DE DISTRIBUCION
2952;COORDINADOR DE PLANIFICACION Y PRODUCCION;COORDINADOR DE PRODUCCION / PLANEADOR
2953;ASISTENTE DE PUBLICISTA;ASESOR PUBLICISTA
2954;AYUDANTE DE SERV. GENERALES;EMPLEADO DE SERVICIOS GENERALES
2955;COORDINADOR ASISTENTE LOGISTICA;COORDINADOR LOGISTICA Y ABASTECIMIENTO TIENDAS
2956;COORDINADOR DE EVENTOS;COORDINADOR DE SERVICIOS Y EVENTOS
2957;AUDITOR DE SISTEMAS INTEGRADOS DE GESTION;AUDITOR INTERNO SISTEMA INTEGRADO DE GESTION
2958;ASISTENTE JUNIOR DE COMUNICACION;ASISTENTE SENIOR DE COMUNICACION
2959;OFICIAL ATENCION AL CLIENTE;OFICIAL DE SERVICIO AL CLIENTE
2960;COORDINADOR OPERACIONES AA;SUPERVISOR DE OPERACIONES AA
2961;SUPERVISOR DE MANTENIMIENTO MECANICO LAMINACION;TECNICO DE MANTENIMIENTO MECANICO DE LAMINACION
2962;COORD. SISTEMAS;COOR. SISTEMAS
2963;ESPECIALISTA EN PLANIFICACION Y GESTION;ESPECIALISTA DE PLANIFICACION Y COOPERACION
2964;COORDINADOR DE INFRAESTRUCTURA JUNIOR;COORDINADOR DE INFRAESTRUCTURA SENIOR
2965;AUDITOR;AUDITOR SR
2966;ANALISTA DE BIENESTAR;ANALISTA DE BIENESTAR Y SST
2967;ANALISTA DE CREDITO Y CONTABILIDAD;ANALISTA DE GESTION Y CONTROL DE CREDITO
2968;SUPERVISOR DE SEGURIDAD FISICA;GERENTE DE SEGURIDAD FISICA
2969;COORDINADOR SISTEMAS INTEGRADOS;COORDINADOR DE SISTEMAS INTEGRADOS DE GESTION Y ASUNTOS REGULATORIOS
2970;COORDINADOR DE SEGUROS CORPORATIVOS PERSONAS;JEFE DE SEGUROS CORPORATIVOS PERSONAS
2971;ANALISTA DE SERVICIOS GENERALES;ANALISTA DE TALENTO HUMANO Y SERVICIOS GENERALES
2972;ENCARGADO DE MANTENIMIENTO;SUPERVISOR DE MANTENIMIENTO EL
2973;CAJERA-FACTURADOR;CAJERO/COBRADOR/FACTURADOR
2974;COORDINADOR DE MARKETING Y SERVICIO AL CLIENTE;COORDINADOR DE MARKETING B
2975;GERENTE DE INFRAESTRUCTURA;GERENTE DE INFRAESTRUCTURA Y MANTENIMIENTO
2976;ASISTENTE DE COMPRAS AGRICOLA;COORDINADOR COMPRAS AGRICOLA
2977;GEOLOGO DE PROYECTOS & ADMINSITRADOR DE BASE DE DATOS;GEOLOGO PROYECTOS Y ADMINISTRADOR BASE
2978;ASISTENTE DE BASCULA;ASISTENTE DE BASCULA Y SISTEMAS
2979;ASISTENTE DE BODEGA BPT;ASISTENTE DE BODEGA BIP
2980;GERENTE TECNOLOGIA;GESTOR TECNOLOGICO
2981;ANALISTA DE LABORATORIO DE CALIDAD;AUXILIAR LABORATORIO CALIDAD (SN)
2982;ANALISTA CREDITOS Y COBROS;ANALISTA DE CREDITOS
2983;ASISTENTE SOPORTE OPERATIVO;SUPERVISOR DE SOPORTE OPERATIVO
2984;SUPERVISOR DE BODEGA DE MATERIA PRIMA;JEFE DE BODEGA MATERIA PRIMA
2985;AUX BODEGA;AUX.DE BODEGA
2986;AUXILIAR DE MAQUINARIA;AUXILIAR DE MANTENIMIENTO DE EQUIPOS Y VEHICULOS
2987;DOCENTE DE ARTE / FISICA CAHC;DOCENTE DE FISICA CAHC
2988;INGENIERO EN SISTEMAS L2;INGENIERO EN SISTEMAS L3
2989;ASISTENTE 1 ADMINISTRATIVO;ASISENTE ADMINISTRATIVO
2990;ANALISTA DE TALENTO HUMANO SENIOR;ANALISTA DE EVALUACION Y DESARROLLO DE TALENTO HUMANO
2991;SUPERVISOR DE OBRA;SUPERVISOR DE OBRA Y TALLER AUTOMOTRIZ
2992;GERENTE DE GESTION DE PRODUCCION;GERENTE DE PRODUCCION E INFRAESTRUCTURA
2993;ASISTENTE DE POSTVENTA;TECNICO DE POSTVENTA
2994;ENCARGADO DE PLANTA;RESPONSABLE DE PLANTA
2995;COORDINADOR AREA INDIVIDUOS Y SOCIEDADES;JEFE AREA INDIVIDUOS Y SOCIEDADES
2996;JEFE DE LOGISTICA Y SERVICIO AL CLIENTE;JEFE DE SUMINISTROS Y LOGISTICA
2997;OPERADOR DE VIDEO JET;OPERADOR VIDEO JET
2998;INSPECTOR DE OBRA;CONTROL/INSPECTOR DE OBRA
2999;COORDINADOR INTELIGENCIA DE NEGOCIOS;JEFE DE INTELIGENCIA COMERCIAL
3000;ASISTENTE DE BODEGA CALIDAD;ASISTENTE DE BODEGA JR
3001;SUPERVISOR DE BODEGA DE MATERIA PRIMA;SUPERVISOR BODEGA Y DESPACHO
3002;GERENTE CORPORATIVO DE TI;GERENTE CORPORAT GOBIERNO Y CONTROL TI
3003;ANALISTA DE BIENESTAR SOCIAL;ANALISTA DE BIENESTAR
3004;AUXILIAR CONTABLE;AUXILIAR CONTABLE 1
3005;SUPERVISOR DE HACIENDAS;SUPERVISOR HACIENDAS
3006;COORDINADOR DE LOGISTICA INVERSA;JEFE DE LOGISTICA INVERSA
3007;ANALISTA DE ASUNTOS REGULATORIOS Y ASEG. DE CALIDAD;ANALISTA DE ASUNTOS REGULATORIOS CORPORATIVOS
3008;ASISTENTE DOCENTE;ASISTENTE DOCTORADOS
3009;ASISTENTE DE CALIDAD DE FLOR;COORDINADOR/A DE CONTROL DE CALIDAD Y DESARROLLO DE FLORES
3010;AYUDANTE DE MECANICA GENERAL;AYUDANTE DE MECANICA 1
3011;AUX. ADMINISTRATIVO;AUXILIAR ADMINISTRATIVO (UIO)
3012;ANALISTA FINANCIERA SENIOR;ANALISTA SENIOR DE OPERACIONES FINANCIERAS
3013;SUBGERENTE DE PLANEACION Y PROYECTOS FINANCIEROS;SUBGERENTE REGIONAL PLANIFICACION FINANCIERA
3014;GERENTE COMERCIAL Y COMUNICACION;GERENTE CORPORATIVO COMERCIAL Y DESARROLLO
3015;COORDINADOR SEGURIDAD;COORDINADOR TECNICO DE SEGURIDAD
3016;INSTALADOR DE DISPOSITIVOS;AUXILIAR DE INSTALACION DISPOSITIVOS
3017;COORDINADOR DE INFRAESTRUCTURA Y SEGURIDAD;JEFE DE INFRAESTRUCTURA Y SEGURIDAD
3018;BARMAN;BARMAN (PT)
3019;ASESOR TECNICO COMERCIAL JR;ASESOR TECNICO COMERCIAL G
3020;ASISTENTE DE PRODUCCION Y PLANIFICACION;ASISTENTE DE PRODUCCION Y CALIDAD
3021;COORDINADOR ADMINISTRATIVO CONTABLE;ADMINISTRADOR CONTABLE
3022;GERENTE DE INVESTIGACION Y DESARROL;GERENTE INVESTIGACION DESARROLLO E INNOVACION
3023;DIRECTOR DE TELECOMUNICACIONES / JEFE DE AREA;JEFE DE TELECOMUNICACIONES
3024;ASISTENTE DE LOGISTICA- QUITO;JEFE DE LOGISTICA Y BODEGA QUITO
3025;AUXILIAR O AYUDANTE DE CONTABILIDAD;AUXILIAR DE CONTABILIDAD Y TESORERIA
3026;JR PRODUCT MARKETING MANAGER HE;JR. PRODUCT MARKETING MANAGER
3027;JEFE SALUD OCUPACIONAL;SUPERVISOR DE SALUD OCUPACIONAL
3028;ANALISTA DE APRENDIZAJE;ANALISTA DE APRENDIZAJE CONTINUO
3029;DIRECTOR DE PLANIFICACION;DIRECTOR (A) DE PLANIFICACION Y SEGUIMIENTO
3030;JEFE DE RIESGOS INTEGRALES;JEFE DE RIESGOS INTEGRALES Y CUMPLIMIENTO
3031;ELECTROMECANICO 1;ELECTROMECANICO 2
3032;ANALISTA SENIOR COMPENSACION Y BENEFICIOS;ANALISTA SENIOR DE COMPENSACIONES Y DESARROLLO ORGANZACIONAL
3033;JEFE DE FLOTA;GERENTE DE FLOTAS
3034;INGENIERO MANTENIMIENTO;INGENIERO SOPORTE Y MANTENIMIENTO CORPORATIVO
3035;ESPECIALISTA DE INFRAESTRUCTURA;ESPECIALISTA DE INFRAESTRUCTURA Y TELECOMUNICACIONES
3036;ESPECIALISTA INFRAESTRUCTURA;ESPECIALISTA DE INFRAESTRUCTURA Y SOPORTE
3037;AYUDANTE TECNICO PROYECTOS;PROYECTOS - AYUDANTE SERVICIO TECNICO
3038;JEFE ADMINISTRATIVA Y TALENTO HUMANO;DIR. ADMINISTRATIVA Y TALENTO HUMANO
3039;ESPECIALISTA DE NOMINA Y COMPENSACIONES;ESPECIALISTA DE NOMINA Y BENEFICIOS
3040;ASESOR DE SERVICIO AL CLIENTE;JEFE CORPORATIVO DE SERVICIO AL CLIENTE
3041;GERENTE DE VENTAS AGENCIA;JEFE DE AGENCIA - VENTAS
3042;OPERADOR SOLDADOR MANTENIMIENTO DE CILINDROS;OPERADOR TALLER MANTENIMIENTO CILINDROS
3043;ANALISTA BUSINESS INTELLIGENCE;ANALISTA BUSINESS INTELLIGENCE SENIOR
3044;ASISTENTE ADIMINISTRATIVO;ASISTENTE ADMINISTRATIVO DE PRESIDENCIA
3045;ANALISTA EN SOPORTE PRODUCTO;JEFE DE SOPORTE DE PRODUCTO
3046;MECANICO DE EQUIPOS INDUSTRIALES;MECANICO DE MAQUINAS Y HERRAMIENTAS
3047;OPERADOR DE MAQUINA;OPERADOR DE MAQUINA PESADA
3048;ASISTENTE DE TALENTO HUMANO AE;ASISTENTE TECNICO DE TALENTO HUMANO
3049;COORDINADOR 1 - DE SEGURIDAD;COORDINADOR 1 - DE SEGURIDAD FISICA
3050;JEFE DE ALIMENTACION;JEFE DE NUTRICION
3051;LICENCIADO DE LABORATORIO;LICENCIADO EN LABORATORIO CLINICO E HISPATOLOGICO
3052;JEFE DE CUENTAS CLAVE;JEFE CUENTA CLAVE
3053;COORDINADOR/A DE DOCENCIA;COORDINADORA DE DOCENCIA
3054;ADMINISTRADOR GENERAL;GERENTE GENERAL ADMINISTRATIVO
3055;PROFESOR INVESTIGADOR - FAC. CIENCIAS DE LA SALUD;PROFESOR TIEMPO COMPLETO E INVESTIGADOR FAC. CIANCIAS DE LA SALUD
3056;COORDINADOR DE F&I;COORDINADOR ADMINISTRATIVO - F&I
3057;GERENTE DE POST VENTA;ASISTENTE DE POST VENTA
3058;ANALISTA DE PROCESOS Y AUTOMATIZACION;ANALISTA DE PROCESOS Y TECNOLOGIA
3059;AUXILIAR DE SERV. VARIOS;ASISTENTE SERVICIOS VARIOS
3060;ANALISTA COMERCIO EXTERIOR;ANALISTA DE COMERCIO EXTERIOR G
3061;COORDINADOR RECURSOS HUMANOS;JEFE DE ADMINISTRACION DE RECURSOS HUMAN
3062;GERENTE CONTROL INTERNO;JEFE CONTROL INTERNO Y PROCESOS
3063;JEFE COMERCIAL DE IMPORTACIONES;JEFE COMPRA /IMPORTACIONES
3064;RECIBIDOR PAGADOR;RECIBIDORA PAGADORA
3065;JEFE DE PLANEACION FINANCIERA Y TESORERIA;JEFE_DE_PLANEACION_FINANCIERA_Y_TESORERIA
3066;AUX SERVICIOS;AUX SERVICIOS VARIOS
3067;DIRECTOR DE PLANIFICACION ESTRATEGICA;DIRECTOR DE GESTION ESTRATEGICA
3068;ASISTENTE CONTABLE DE PAGOS;ASISTENTE CONTABLE DE COSTOS
3069;OPERADOR DE EQUIPO PESADO;OPERADOR DE MAQUINA PESADA
3070;TECNICO DE CAMPO 1;TECNICO DE CAMPO JR.
3071;LIDER DE COCINA;LIDER DE COCINA CENTRAL
3072;GERENTE DE SALUD ANIMAL;JEFE DE SALUD ANIMAL
3073;PSICOLOGO (A) EDUCATIVO;PSICOLOGO EDUCATIVO (BACH)
3074;GERENTE DE MERCADEO / CRM;JEFE DE MERCADEO Y CRM
3075;ASISTENTE DE LIQUIDACION;ASISTENTE ADMINISTRATIVO LIQUIDADOR
3076;OFICIAL DE PROYECTO;OFICIAL DE PROYECTOS
3077;SERVICIO AL CLIENTE;ATENCION-SERVICIO AL CLIENTE
3078;TECNICO DE GRANJA;ASISTENTE TECNICO DE GRANJA
3079;COORDINADOR CRM;COORDINADORA COMERCIAL CRM
3080;AYUDANTE DE OPERACIONES AGRICOLAS;JEFE DE OPERACIONES AGRICOLAS
3081;JEFE DE INTELIGENCIA DE LA INFORMACION;JEFE DE TEC DE LA INFORMACION
3082;GERENTE CONTROL DE GESTION;SUPERVISOR DE CONTROL DE GESTION
3083;COORDINADOR DE PLANIFICACION Y PROYECTOS;COORDINADOR PREDICTIVO Y PLANIFICACION
3084;ANALISTA DE ORGANIZACION & METODOS;ASISTENTE DE ORGANIZACION Y METODOS
3085;COORDINADOR EXPORTACIONES;COORDINADOR DE COMPRAS E IMPORTACIONES A NIVEL NACIONAL
3086;COORDINADOR DE GESTION;GERENTE COORDINACION Y SERVICIOS
3087;CHOFER DE SERVICIOS;CHOFER/VARIOS SERVICIOS
3088;ASISTENTE ADMINISTRATIVA RECEPCIONISTA;RECEPCIONISTA ADMINISTRATIVA
3089;TECNICO VENDEDOR;VENDEDOR SERVICIO TECNICO
3090;AUXILIAR SERVICIO;AUX. SERVICIO
3091;EJECUTIVA DE CTAS;EJECUTIVO DE CTAS CLAVES
3092;ASISTENTE ADMINISTRACION DE TALENTO HUMANO;ASISTENTE DE TALENTO HUMANO Y PROCESOS
3093;COORDINADOR DE PROYECTOS Y ESTRATEGIA;DIRECTOR DE PROYECTOS ESTRATEGICOS
3094;COORDINADOR DE OPERACIONES Y EXPORTACIONES;COORDINADOR DE PRODUCCION Y EXPORTACIONES
3095;ESPECIALISTA DE INFRAESTRUCTURA;ESPECIALISTA DE INFRAESTRUCTURA FISICA
3096;RESIDENTE DE PROYECTO;RESIDENTE DE PROYECTO JUNIOR
3097;TECNICO COMUNICACION;TECNICO DE INFORMACION Y COMUNICACION
3098;COORDINADOR DE LOGISTICA Y OPERACIONES;COORDINADOR DE PRODUCCION Y LOGISTICA
3099;AUDITOR INTERNO SUPLENTE;AUDITOR INTERNO DE APOYO 1
3100;JEFE COMERCIAL DE PROYECTOS;JEFE DE VENTAS Y PROYECTOS COMERCIALES
3101;OPERADOR DE LABORATORIO;OPERADOR DE LABORATORIO N
3102;ANALISTA DE SALUD, SEGURIDAD, CALIDAD Y AMBIENTE;ANALISTA DE GESTION Y SEGURIDAD Y SALUD
3103;JEFE / AFINES;JEFE
3104;JEFE DE PLANEACION Y PROYECTOS;JEFE DE PLANIFICACION PROCESOS Y PROYECTOS
3105;MFG SR SUPERVISOR;MFG SUPERVISOR
3106;JEFE DE TTHH;JEFE DE TTHH Y SSO
3107;ANALISTA CUENTAS POR COBRAR LUBRICANTES NORTE;ANALISTA CUENTAS POR COBRAR LUBRICANTES SUR Y TIENDAS
3108;COORDINADOR DE INFRAESTRUCTURA Y SEGURIDAD;SUPERVISOR DE INFRAESTRUCTURA Y REDES
3109;ASISTENTE PROGRAMAS Y PROYECTOS;ASISTENTE DE GESTION DE PROYECTOS
3110;ANALISTA DE COMERCIO EXTERIOR;ANALISTA DE COMERCIO EXTERIOR G
3111;SUPERVISOR DE CAMPO - C1;SUPERVISOR DE CAMPO - C2
3112;COORDINADOR DE CONTROL LOGISTICO;JEFE DE LOGISTICA-CONTROL
3113;SUPERVISOR DE COSTOS;SUPERVISOR DE CONTABILIDAD DE COSTOS
3114;JEFE DE FLOTA;AUXILIAR JEFE DE FLOTA
3115;ANALISTA DE PAGO A PROVEEDORES;ANALISTA DE PAGOS A PROVEEDORES DE NEGOCIOS
3116;ASISTENTE JEFE DE CAMPO;ASISTENTE TECNICO DE CAMPO
3117;INGENIERA AGRONOMA JUNIOR;INGENIRERO AGRONOMA JUNIOR
3118;ANALISTA DE COSTOS Y RENTABILIDAD;ESPECIALISTA COSTOS Y RENTABILIDAD
3119;AGENTE DE CONTROL DE CALIDAD;AGENTE DE CONTROL Y CALIDAD OPERACIONAL
3120;ASISTENTE BALCON DE SERVICIOS;ASISTENTE DE BALCON DE SERVICIOS ROTATIVO
3121;ANALISTA DE PERSONAS & CULTURA;ANALISTA DE CULTURA
3122;JEFE ASEGURAMIENTO CALIDAD;JEFE DE ASEGURAM CALIDAD
3123;ASISTENTE DE CLINICAS ODONTOLOGICAS;ASISTENTE ODONTOLOGICA/O
3124;DIRECTOR DE IMPUESTOS Y TESORERIA;JEFE DE TESORERIA E IMPUESTOS
3125;ASISTENTE DE BODEGA Y LOGISTICA;AUXILIAR DE BODEGA (LOGISTICA)
3126;GERENTE DE MERCADEO Y VENTAS;GERENTE GENERAL Y VENTAS
3127;ASISTENTE CONTABILIDAD 1;ASISTENTE CONTABILIDAD GENERAL
3128;COORDINADOR, PLANEACION FINANCIERA;EJECUTIVO DE PLANEACION FINANCIERA
3129;GERENTE DE PRODUCTO WHC;GERENTE DE PRODUCTO WHC/CNS
3130;COORDINADOR DE FABRICA DE SHELTER;LIDER DE FABRICA DE SHELTER
3131;JEFE DE POSTVENTA;COORDINADOR DE POSTVENTA
3132;SUPERVISORA ADMINISTRATIV;SUPERVISOR DE SEG. ADMINISTRATIVA
3133;ANALISTA AUDITORIA;ANALISTA AUDITORIA INTERNA
3134;ESPECIALISTA DE INNOVACION;ESPECIALISTA DE INNOVACION Y CALIDAD
3135;ASISTENTE ADMINISTRATIVO RRHH;ASIST. ADMINISTRATIVO Y RRHH
3136;SUPERVISOR DE OPERACION;SUPERVISOR OPERARIO
3137;JEFE DE CALIDAD Y PROCESO;JEFE DE OPERACIONES Y CALIDAD
3138;COORDINADOR DE MARKETING Y PUBLICIDAD;ANALISTA DE MARKETING Y MEDIOS
3139;COORDINADOR NACIONAL ADMINISTRATIVO;COORDINADOR(A) NACIONAL ADMINI
3140;EJECUTIVO DE SEGUROS INDIVIDUALES;EJECUTIVO DE SEGUROS DE PERSONAS
3141;CAJERA POLIFUNCIONAL;CAJERA MULTIFUNCIONAL
3142;DIRECTOR DE INVESTIGACION Y DESARROLLO;JEFE DE INVESTIGACION Y DESARROLLO E IA
3143;GERENTE CANAL NO TRADICIO;GERENTE CANAL TRADICIONAL
3144;ANALISTA ADMINISTRATIVA DE VENTAS;ASISTENTE ADMINISTRATIVA Y VENTAS
3145;GERENTE DE SEGURIDAD FISICA Y COMPLIANCE;GERENTE DE SEGURIDAD INDUSTRIAL Y FISICA
3146;EJECUTIVO JUNIOR DE SISTEMAS;JEFE DE SISTEMAS Y C
3147;ESPECIALISTA DE SOPORTE TECNICO;ASESOR DE SOPORTE TECNICO
3148;JEFE SEGURIDAD OCUPACIONAL;JEFE UNIDAD SEGURIDAD Y SALUD OCUPACIONAL
3149;CONSERJE MENSAJERO;CONSERJE MENSAJERO DE AGENCIA
3150;OPERARIOS 1 DE EMPAQUE PIFO;OPERARIOS 3 DE EMPAQUE PIFO
3151;OPERADOR MANT ELECTRICO;OPERADOR MANT-MECANICO
3152;JEFE DE INDUSTRIAL;JEFE DEPARTAMENTO INDUSTRIAL
3153;SUPERVISOR DE BODEGA DE PRODUCTO;SUPERVISOR DE BODEGA DE SUMINISTROS
3154;RESIDENTE DE OBRA;RESIDENTE DE OBRA 1
3155;VENDEDOR LIVIANOS;VENDEDOR VEH. LIVIANOS
3156;COORDINADOR DE LOGISTICA (GESTION DE INVENTARIOS);GERENTE DE LOGISTICA/ COMEX
3157;COORDINADOR DE DESARROLLO DEL TALENTO HUMANO;DIRECTOR DE DESARROLLO ORGANIZACIONA Y TALENTO HUMANO
3158;DIRECTOR DE AGENCIA;RESPONSABLE DE AGENCIA
3159;ASESOR COMERCIAL REPUESTOS;ASESOR REPUESTOS POSVENTA COMERCIAL
3160;AYUDANTE DE INSTALACION NOC;TECNICO DE INSTALACION NOC
3161;GERENTE ADM FINANCIERO;GERENTE ADM & FINANZAS
3162;SALONERO / MESERO;MESERO-SALONERO
3163;MECANICO EQUIPO PESADO;MEVCANICO DE EQUIPO PESADO
3164;ASISTENTE CONTROL DE PRODUCCION;ASISTENTE DE PRODUCCION Y BODEGA
3165;JEFE DE INNOVACION;JEFE DE INNOVACION Y MEJORA CONTINUA
3166;ASISTENTE DE SEGURIDAD Y AMBIENTE;AUXILIAR DE SEGURIDAD Y AMBIENTE
3167;AUXILIAR DE LABORATORIO EXPERIMENTAL;AUXILIAR DE LABORATORIOS BIOLOGICOS
3168;ASESOR DE SINIESTROS;ASESOR DE GESTION DE SINIESTROS
3169;ANALISTA DE DISTRIBUCION;ANALISTA DISTRIBUCION ENVASADO
3170;SUPERVISOR DE LIMPIEZA (ESTABLECIMIENTOS CATEGORIA SEGUNDA;SUPERVISOR(A) DE HIGIENE Y DESINFECCION
3171;ASESOR ADMINISTRATIVO DE NEGOCIOS;ASESOR DE NEGOCIOS (E)
3172;COORDINADOR SUPPLY CHAIN;COORDINADOR SUPPLY CHAIN MANAGEMENT
3173;LIDER DE LINEA DE NEGOCIO;LIDER DE LINEA DE NEGOCIOS CORPORATIVOS
3174;AUXILIAR DE POSTVENTA;TECNICO DE POSTVENTA
3175;BODEGUERO DE REPUESTOS;BODEGUERO DE REPUESTOS Y SUMINISTROS
3176;JEFE DE INFRAESTRUCTURA Y PROYECTOS;GERENTE TECNICO DE INFRAESTRUCTURA
3177;ANALISTA DE PROCESOS Y PROYECTOS;ANALISTA DE PROCESAMIENTO
3178;ESPECIALISTA NETWORKING;ESPECIALISTA NETWORKING B
3179;DOCENTE DE QUIMICA / BIOLOGIA CAHC-V;DOCENTE DE QUIMICA CAHC
3180;TRAFFIKER;TRAFICKER
3181;IMPULSADORA;IMPULSADORA SF
3182;JEFE DE PLANEACION FINANCIERA Y TESORERIA;COORDINADOR DE CONTROL Y PLANEAMIENTO FINANCIERO
3183;COORDINADOR DE DESARROLLO;COORDINADOR DE DESARROLLO HUMANO
3184;AUXILIAR COMERCIAL DE TIENDAS;AUXILIAR DE BODEGA TIENDAS
3185;AUXILIAR DE EXCAVADORA;AYUDANTE DE EXCAVADORA
3186;JEFE DISENO E INNOVACION;RESPONSABLE DE INNOVACION Y DISENO
3187;ANALISTA DE LABORATORIO E INVESTIGACION & DESARROLLO;ANALISTA INVESTIGACION Y DESARROLLO - AUTORIZADO
3188;VENDEDOR SERVICIO;VENDEDOR DE SERVICIOS
3189;COORDINADOR DE OPERACIONES DE MARKETING;JEFE DE PROYECTOS DE MARKETING
3190;ASISTENTE CONTROL CALIDAD;ASISTENTE DE CONTROL DE CALIDAD JUNIOR GRADO 2
3191;OPERADOR DE PLANTA DE HORMIGON;JEFE DE PLANTA DE HORMIGON
3192;COORDINADOR DE OPERACIONES CRV;DIRECTOR DE OPERACIONES CRV
3193;ASISTENTE / COBRANZAS;ASISTENTE COBRANZA
3194;JEFE DPTO. CONVENIOS;JEFE REGIONAL DE CONVENIOS
3195;AGENTE DE RECEPCION;AGENTE DE RECEPCION Y RESERVAS
3196;EJECUTIVO COMPRAS;EJECUTIVO COMPRAS (LOCALES)
3197;EJECUTIVO DE COMUNICACION;EJECUTIVO DE COMUNICACION ORGANIZACIONAL
3198;ASISTENTE ADMINISTRACION COMERCIAL;AUXILIAR ADMINISTRATIVO COMERCIAL
3199;AYUDANTE OPERACIONES 1;4. AYUDANTE DE OPERACIONES
3200;GERENTE COMERCIAL & OPERACIONES;GERENTE DE OPERACIONES Y COMERCIALIZ.
3201;ANALISTA DE COSTOS;COORDINADOR ANALISIS DE COSTOS
3202;JEFE DE COMPRAS VARIAS;JEFE DEL DPTO DE COMPRAS
3203;COORDINADOR DE EVALUACION;COORDINADOR DE EVALUACION DE APRENDIZAJE
3204;ASIST. EXPORTACIONES;ASISTENTE EXPORT
3205;AUDITOR DE SISTEMAS;ADMINISTRADOR SISTEMA GESTION DE CALIDAD - AUDITOR
3206;TECNICO DE VENTAS;GERENTE TECNICO VENTAS
3207;MEDICAL SCIENCE LIAISON;MEDICAL SCIENTIFIC LIAISON
3208;SUPERVISOR DE COORDINACION LOGISTICA;SUPERVISOR DE MANTEIMIENTO LOGISTICA Y TRANSPORTE
3209;COORDINADOR DE BODEGA DE PRODUCTOS TERMINADOS;ADMINISTRADOR DE BODEGA PRODUCTO TERMINADO
3210;LIDER TECNICO MANTENIMIENTO;TECNICO SENIOR DE MANTENIMIENTO
3211;CONTROLADOR DE TALLER;CONTROLADOR DE TALLER INDUSTRIAL
3212;ASESOR TECNICO COMERCIAL (1);ASESOR TECNICO COMERCIAL L
3213;DOCENTE DE EDUCACION BASICA MEDIA/COORDINADORA;DOCENTE DE EDUCACION BASICA MEDIA
3214;TRABAJADOR FLORICULTOR;TRABAJADOR FLORICOLA EN GENERAL
3215;OPERADOR DE PRODUCCION/DISTRIBUCION;OPERADOR SERVICIOS A LA PRODUCCION
3216;ANALISTA PROGRAMADOR JUNIOR;ANALISTA PROGRAMADOR S
3217;ASISTENTE 1 DE AUDITORIA;ASISTENTE B DE AUDITORIA
3218;COORDINADOR DE VENTA;COORDINADOR DE COMPLETACION Y VENTAS
3219;COORDINADOR DE SUCURSAL;ENCARGADO DE SUCURSAL
3220;ANALISTA DE PLANIFICACION DE CULTIVOS;JEFE DE PLANIFICACION DE CULTIVOS
3221;JEFE DE TRANSFORMACION DIGITAL Y CA;RESPONSABLE DE TRANSFORMACION DIGITAL
3222;ANALISTA DE COBRANZAS;ANALISTA CRED. Y GESTION DE COBRANZAS
3223;COORDINADOR CREDITO;COORDINADOR CREDITO EMPRESAS
3224;INGENIERO INSPECTOR DE PROYECTOS 146;INGENIERO INSPECTOR DE PROYECTOS 172
3225;ASISTENTE DE FOTOCOPIADO;AUXILIAR DE FOTOCOPIADO
3226;ASISTENTE ADMINISTRACION Y LOGISTICA;ASISTENTE DE COMERCIO Y LOGISTICA
3227;AUXILIAR DE COMPRAS;AYUDANTE DE COMPRAS
3228;ASESOR DE NEGOCIOS;ASESOR DE NEGOCIOS (MICRO)
3229;JEFE DE MARKETING Y VENTAS;JEFE ADMINISTRACION DE VENTAS Y MARKETING
3230;AUXILIAR DE MAQUINA;AYUDANTE DE MAQUINAS
3231;EJECUTIVA SENIOR;EJECUTIVA VENTAS SENIOR
3232;JEFE DE COMPENSACIONES Y RELACIONES LABORALES;JEFE DE COMPENSACIONES Y PLANIFICACION LABORAL
3233;AUXILIAR E INSTALADOR SISTEMAS;AUXILIAR DE INSTALACIONES
3234;EJECUTIVO TECNICO DE INDEMNIZACIONES;EJECUTIVO(A) DE INDEMNIZACIONES
3235;ANALISTA DE PRODUCCION JR.;ANALISTA DE PRODUCCION SR
3236;EJECUTIVO COMERCIAL JR;EJECUTIVO COMERCIAL JUNIOR
3237;ASISTENTE DE CARTERA;ASISTENTE OPERATIVO DE CARTERA
3238;ASISTENTE GESTION AMBIENTAL;GERENTE DE GESTION AMBIENTAL
3239;GERENTE ADMINISTRADOR;GERENTE ADIMINISTRATIVO
3240;COORDINADOR DE LOGISTICA Y TRANSPORTE;COORDINADOR DE PEDIDOS Y LOGISTICA
3241;T.A MECANICO AIREADORES;T.A MECANICO AIREADOR
3242;ASISTENTE ADMINISTRATIVA OPERATIVO;ASISTENTE ADMINISTRATIVO GERENCIA OPERACIONES
3243;JEFE ADMINISTRATIVA Y TALENTO HUMANO;DIRECTORA FINANCIERO ADMINISTRATIVO Y TALENTO HUMANO
3244;ASISTENTE DE COMUNICACION Y MARKETING;ASISTENTE COMERCIAL Y DE COMUNICACION
3245;OPERARIO B.M.P.;OPERARIO B.P.T.
3246;COORDINADOR DE PRUEBAS;LIDER DE COORDINADOR DE PRUEBAS
3247;ASISTENTE DE COORDINACION ACADEMICA;AUXILIAR 1 DE COORDINACION ACADEMICA
3248;AYUDANTE OB. C;AYUDANTE OB. GF
3249;ASISTENTE TECNICO;ASISTENTE / AYUDANTE / AUXILIAR DE SERVICIOS TECNICO
3250;COORDINADORA DE SERVICIOS GENERALES;COORDINADORA SER. GENERALES
3251;JEFE DE EMPAQUES Y ASUNTOS REGULATORIOS;JEFE DE ASUNTOS REGULATORIOS E IMPORTACIONES
3252;TECNICO DE SEGURIDAD INDUSTRIAL Y AMBIENTE;DIRECTOR TECNICO / TECNICO DE SEGURIDAD INDUSTRIAL Y AMBIENTE
3253;COORDINADOR DE TALLER ELECTRICO;COORDINADOR INDUSTRIAL ELECTRICO
3254;SUPERVISOR TELEFONICO;SUPERVISOR DE TELEFONIA
3255;ANALISTA DESARROLLO DE PRODUCTOS;ANALISTA SR. DESARROLLO NUEVOS PRODUCTOS
3256;ASISTENTE TECNICO COMERCIAL;COORDINADOR TECNICO COMERCIAL
3257;ASISTENTE JR. MANTENIMIENTO;COORDINADOR DE MANTENIMIENTO JR
3258;DOCENTE DE FISICA;PROFESOR DE FISICA
3259;ASISTENTE DE COMUNICACION CORPORATIVA;ASISTENTE DE COMUNICACION MARCA CORPORATIVA
3260;OPERADOR DE CALL CENTER-VENTAS;OPERADOR DE CALL VENTAS
3261;GERENTE DE TESORERIA Y COBRANZAS;AUXILIAR DE TESORERIA Y COBRANZAS
3262;COORDINADOR REGIONAL OPERACIONES;COORDINADOR OPERACIONES NACIONAL
3263;ASESOR DE TIENDA;ASESOR TIENDA
3264;ANALISTA DE OUTSOURCING CONTABLE;ASISTENTE DE OUTSOURCING CONTABLE
3265;OPERATION COORDINATOR;COORDINATOR OPERATIONS
3266;TECNICO DE SEGURIDAD INDUSTRIAL Y SALUD OCUPACIONAL;TECNICO SEGURIDAD INDUSTRIAL Y FISICA
3267;ASISTENTE ADMINISTRATIVA CONTABLE;ASISTENTE ADM.CONTABLE
3268;COORDINADOR ADMINISTRATIVO LOGISTICO;LIDER ADMINISTRATIVO Y LOGISTICO
3269;PINTOR B INDUSTRIAL;PINTOR INDUSTRIAL 1
3270;GERENTE COMUNICACION;GERENTE DE COMUNICACION Y PRENSA
3271;SUPERVISOR SSA;SUPERVISOR LIDER SSA
3272;ESPECIALISTA INFRAESTRUCTURA;ESPECIALISTA INFRAESTRUCTURA Y SEGURIDAD
3273;ASISTENTE DIVISION SEGURIDAD;AYUDANTE SUPERVISOR SEGURIDAD
3274;COORDINADOR (A) PROYECTOS;COORDINADOR DE DATOS Y PROYECTOS
3275;SUBGERENTE DE PRODUCCION Y TECNOLOGIA;SUBGERENTE DE TECNOLOGIA Y PROCESOS
3276;COORDINADOR DE TRADE Y MARKETING;COORDINADOR DE MARKETING Y CONDUCTA DEL MERCADO
3277;DIRECTOR DE MAESTRIA EN PSICOLOGIA;DIRECTOR DE PSICOLOGIA
3278;GERENTE ADMINISTRATIVA Y COMERCIAL;ASISTENTE ADMINISTRATIVA Y COMERCIAL
3279;GERENTE DE SEGURIDAD ALIMENTARIA;GERENTE DE CONTROL CALIDAD Y SEGURIDAD ALIMENTARIA
3280;ASISTENTE TECNICO Y ADMINISTRA;ASISTENTE ADM. Y OPERACIONAL
3281;TECNICO (A) DE ENFERMERIA;TECNICO (A) DE ENFERMERIA 2
3282;SALONERO 1;SALONERO 2
3283;ASISTENTE DE SERVICIO A PROVEEDORES MEDICOS;COORDINADOR DE SERVICIO A PROVEEDORES MEDICOS
3284;SUPERVISOR DE NOMINA;SUPERVISORA NOMINA
3285;JEFE DE SALUD Y SEGURIDAD OCUPACIONAL;JEFE / TECNICO DE SEGURIDAD, SALUD OCUPACIONAL Y AMBIENTE
3286;ASISTENTE FINANCIERA CORPORATIVA;ASISTENTE COMERCIAL FINANCIERA
3287;ASISTENTE DE INMOBILIARIAS;ASISTENTE ADMINISTRATIVO DE INMOBILIARIA
3288;JEFE COMERCIAL INMOBILIARIO;JEFE DE INMOBILIARIO
3289;COORDINADOR JUNIOR DE IT;COORDINADOR DEPARTAMENTO IT
3290;REGIONAL MANAGER;SENIOR REGIONAL MANAGER
3291;INGENIERO DE SOPORTE IT;INGENIERO DE SOPORTE DE OPERACIONES
3292;CHOFER DE TRACTOMULA # 38;CHOFER DE TRACTOMULA # 38 (NOCHE)
3293;SOPORTE DE NEGOCIOS;ESPECIALISTA DE SOPORTE DE NEGOCIOS
3294;OFICIAL DE CREDITO;OFICIAL DE CREDITO Y CAJA
3295;COORDINADOR DE MINA;COORDINADOR MINERIA
3296;ANALISTA PLANIFACION Y REPORTING;ASISTENTE PLANIFACION Y REPORTING
3297;TRADE MARKETING MANAGER EC;TRADEMARKETING MANAGER CH EC
3298;ANALISTA TECNICO COMPRAS;ANALISTA SR. COMPRAS
3299;COORDINADOR DE LOGISTICA;GERENTE LOGISTICA
3300;JEFE DE PROYECTO;GERENTE PROYECTO
3301;ESPECIALISTA DE BASE DE DATOS;ESPECIALISTA DE SISTEMAS Y BASE DE DATOS
3302;GERENTE DE OPERACIONES;GERENTE OPERACION COMERCIAL
3303;COORDINADOR DE SANIDAD;COORDINADOR DE SANITIZACION
3304;JEFE DE CORRUGADO Y COMPLEMENTARIO;SUPERVISOR DE CORRUGADO Y COMPLEMENTARIO
3305;ASISTENTE DE LOGISTICA INVERSA;AUXILIAR DE LOGISTICA INVERSA
3306;DIRECTOR DESARROLLO ORGANIZACIONAL;DIRECTORA AREA DESARROLLO ORGANIZACIONAL
3307;GERENTE DE ADMISIONES POSGRADO;JEFE DE ADMISIONES DE POSTGRADO PRESENCIAL
3308;ASESOR DE GESTION DE ACTIVOS;INGENIERO EN GESTION DE ACTIVOS
3309;COORDINADOR DE CONTROL LOGISTICO;COORDINADOR ASISTENTE LOGISTICA
3310;ASESOR COMERCIAL DE VEHICULOS COMERCIALES;ASESOR COMERCIAL DE VEHICULOS PESADOS
3311;PRIMER OFICIAL DE MAQUINAS;1ER OFICIAL DE MAQUINAS
3312;OPERADOR DE ENVASADORA;OPERADORES DE ENVASADO
3313;ASISTENTE DE EQUIPOS;ASISTENTE DE GESTION DE EQUIPOS
3314;SUPERVISOR DE TRABAJO SOCIAL;SUPERVISORA TRABAJADORA SOCIAL
3315;COORDINADOR DE PRECIOS Y NEGOCIOS;COORDINADOR JUNIOR DE PRECIOS
3316;"CHOFER: PARA AUTOMOVILES Y CAMIONETAS CON ACOPLADOS DE HASTA 1,75 TONELADAS DE CARGA UTIL O CASAS RODANTES; VEHICULOS MOTORIZA";CHOFER: PARA AUTOMOVILES Y CAMIONETAS CON ACOPLADOS DE HASTA 1,75 TONELADAS
3317;ASISTENTE ADMINISTRATIVA Y DE RRHH;ASIST. ADMINISTRATIVO Y RRHH
3318;JEFE DE SOPORTE COMERCIAL;JEFE DE SOPORTE COMERCIAL REGULATORIO
3319;GERENTE ADMINISTRATIVO/CONTABLE;GERENTE DE FINANZAS Y CONTABILIDAD
3320;SUPERVISOR NIVEL 1;SUPERVISOR I
3321;GERENTE DE TECNICO DE NUTRICION;TECNICO EN NUTRICION
3322;COORDINADOR DE PROTECCION ACTIVOS;COORDINADOR DE PROTECCION DE ACTIVOS
3323;JEFE DE POST-COSECHA;COORDINADOR/A DE POSTCOSECHA
3324;ANALISTA DE IMPUESTO;ANALISTA DE IMPUESTOS G
3325;LIDER DE INFRAESTRUCTURA;LIDER DE REDES E INFRAESTRUCTURA
3326;ANALISTA DE EXCELENCIA COMERCIAL;ANALISTA COMERCIAL Y DE GERENCIA
3327;ASISTENTE DE COBRANZAS - CONTABLE;ASISTENTE/ANALISTA CONTABLE
3328;ANALISTA CONTROL Y GESTION;ANALISTA DE GESTION
3329;AUXILIAR OPERATIVO ALMACEN Y PERCHAS;COORDINADOR DE ALMACEN Y PERCHAS
3330;TRABAJADOR AGRICOLA (CULTIVO);TRABAJADOR AGRICOLA - TRACTORISTA
3331;COORDINADOR DE COBROS Y FACTURACION;COORDINADOR DE FACTURACION E IMPORTACIONES
3332;CHOFER DE REPARTO Y SERVICIOS VARIOS;CHOFER/VARIOS SERVICIOS
3333;JEFE DE MANTENIMIENTO Y TALLER;JEFE DE TALLER Y SERVICIOS GENERALES
3334;OPERADOR AIREADORES;OPERADOR DE AIREADORES AUTOMATICOS
3335;OPERADOR DE CENTRIFUGA;OPERADOR CENTRIFUGA
3336;ASISTENTE DE MARCA;ASISTENTE DE MARCA Y DISENO
3337;EJECUTIVO DE CUMPLIMIENTO;EJECUTIVO DE COMPLIANCE
3338;ANALISTA DE NOMINA Y RECURSOS HUMANOS;ANALISTA DE NOMINA Y ADMINISTRACION
3339;CHOFER VEHICULOS LIVIANOS;CHOFER VEHICULOS LIVIANOS CT. PRODUC
3340;EJECUTIVA SAC;EJECUTIVA SAC ESTANDAR
3341;DISENADOR;DISENADOR WEB
3342;JEFE DE UNIDAD DE NEGOCIOS FINANCIEROS;JEFE DE NEGOCIOS FINANCIEROS
3343;ANALISTA DE RIESGO;ANALISTA DE RIESGO FINANCIERO
3344;ASISTENTE TECNICO DE MANTENIMIENTO;ASISTENTE DE OPERACIONES Y MANTENIMIENTO
3345;AUXILIAR DE PAGADURIA;AYUDANTE DE PAGADURIA
3346;COORDINADOR COMERCIAL NEGOCIOS INDIVIDUALES;COORDINADOR COMERCIAL NEGOCIOS CORPORATIVOS
3347;JEFE SISTEMA DE GESTION;RESPONSABLE DE SISTEMA DE GESTION
3348;COORDINADOR DE DESARROLLO DE NUEVOS PRODUCTOS;ASISTENTE INNOVACION Y DESARROLLO DE PRODUCTO
3349;GERENTE DE CUENTAS CLAVE;GERENTE REGIONAL DE CUENTAS CLAVE
3350;AUXILIAR ADMINISTRATIVO LOGISTICO;COORDINADOR ASISTENTE LOGISTICA
3351;ANALISTA DE COMPRA;ANALISTA COMPRAS
3352;ANALISTA ADM. CONTRATOS;ANALISTA DE CONTRATOS
3353;JEFE EXPERIENCIA AL CLIENTE;JEFE NACIONAL DE EXPERIENCIA DEL CLIENTE
3354;SUPERVISOR DE ALIMENTOS Y BEBIDAS;SUPERVISOR DE ALIMENTACION
3355;AUXILIAR CONTABLE/CAJERA;CAJERA AUXILIAR CONTABLE
3356;GERENTE DE DEMANDA Y PRECIOS;GERENTE DE PRECIOS
3357;JEFE ADMINISTRATIVO OPERATIVO;JEFE DE GESTION ADMINISTRATIVA
3358;SUBGERENTE DE PROYECTOS;SUB GERENTE DE PROYECTOS
3359;TECNICO DE COMPRA;TECNICO DE COMPRAS Y PRECIOS
3360;JEFE DE POST-VENTA;AYUDANTE DE POST-VENTA
3361;COORDINADOR DE OPERACIONES DE REPUESTOS;JEFE DE OPERACIONES REPUESTOS
3362;ENFERMERA B;ENFERMERA C
3363;GERENCIA MEJORA CONTINUA;GERENTE DE MEJORA CONTINUA
3364;GERENTE COMERCIAL & OPERACIONES;GERENTE SENIOR DE COMERCIAL
3365;SUPERVISOR DE AGENCIA;SUPERVISOR GENERAL DE AGENCIA
3366;ASESOR CREDITO;ASESOR DE CREDITO JR
3367;AYUDANTES 1 DE BODEGA PIFO;OPERARIOS 1 DE BODEGA PIFO
3368;JEFE SEGURIDAD;JEFE DE SEGURIDAD OPERACIONAL
3369;JEFE DE RECUPERACION;ASISTENTE DE RECUPERACION
3370;ANALISTA ADMINISTRATIVO DE MARKETING;ANALISTA CORPORATIVO DE MARKETING
3371;SUB-GERENTE LOGISTICO;SUPERVISOR DE LOGISTICA B
3372;OPERADOR DE MAQUINARIA PESADA;OPERADOR DE MAQUINARIA PESADA 1
3373;CONSULTOR DE NEGOCIOS SENIOR;ANALISTA DE NEGOCIOS SENIOR
3374;CHOFER F2;CHOFER F1-F3
3375;GERENTE DE LOGISTICA;GERENTE DE COMERCIO Y LOGISTICA
3376;ASISTENTE DE RRHH;ASESOR DE RRHH
3377;ASISTENTE DE SEGURIDAD INDUSTRIAL Y SALUD OCUPACIONAL;ASISTENTE DE SALUD, SEGURIDAD, AMBIENTE Y CALIDAD
3378;JEFE DE SEGURIDAD INDUSTRIAL Y FISICA;GERENTE DE SEGURIDAD INDUSTRIAL Y FISICA
3379;SUB GERENTE ADMINISTRATIVA FINACIERA;SUB GERENTE ADMINISTRATIVO FIN
3380;OPERADOR DE ESTERILIZACION;AYUDANTE DE ESTERILIZACION
3381;DESPACHADOR DE COMBUSTIBLE;DESPACHADOR DE MATERIALES Y COMBUSTIBLE
3382;PERSONAL ACADEMICO TITULAR AGREGADO NIVEL 1;PERSONAL ACADEMICO TITULAR AGREGADO NIVEL 1 GRADO 3 MEDIO TIEMPO
3383;TECNICO DE MANTENIMIENTO ELECTROMECANICO;ENCARGADO DE MANTENIMIENTO ELECTROMECANI
3384;COORDINADOR DE ANALISIS DE DATOS;RESPONSABLE DE ANALISIS DE DATOS
3385;CHOFER PARA CAMIONES PESADOS DE HASTA 4.5 TON;CHOFER PARA CAMIONES DE 4.5 TONELADAS
3386;ESPECIALISTA DE MANTENIMIENTO ELECTRICO ACERIA;TECNICO DE MANTENIMIENTO ELECTRICO ACERIA
3387;COORDINADOR DE FABRICA;COORDINADOR TECNICO DE FABRICA
3388;ASISTENTE COMERCIAL POST VENTA;ASISTENTE DE POST VENTA
3389;OPERADOR DE CENTRIFUGA;OPERADOR DE CENTRIFUGA 2-3
3390;GERENTE ADMINISTRATIVA Y FINAN;GERENTE DE ADMINIST. Y FINANZA
3391;ASISTENTE DE VENTAS 2;ASISTENTE DE VENTAS B
3392;GERENTE REGIONAL;GERENTE REGIONAL,EC
3393;JEFE DE CONTRATACION;JEFE CORPORATIVO DE SELECCION Y CONTRATACION
3394;TECNICO DE GARANTIAS;TECNICO DE GARANTIAS ON SITE
3395;COORDINADOR DE SALUD ANIMAL;JEFE DE SALUD ANIMAL
3396;HOUSEKEEPER;HOUSEKEEPER (BC)
3397;GERENTE DE INNOVACION Y DESARROLLO;DIRECTOR DE INNOVACION
3398;COORDINADOR DE REVENUE MANAGEMENT;ANALISTA DE REVENUE MANAGEMENT
3399;ASISTENTE DE COMPRAS 2;ASISTENTE DE COMPRAS 4
3400;JEFE DE OPERACIONES;COORDINADOR TECNICO DE OPERACIONES
3401;GERENTE DE ADMINISTRACION FIDUCIARIA;JEFE DE ADMINISTRACION FIDUCIARIA
3402;ANALISTA CONTABLE TRIBUTARIO;ANALISTA DE CONTROL TRIBUTARIO
3403;TECNICO DE COMPRAS;JEFE DE COMPRAS TECNICAS
3404;ANALISTA ADMINISTRATIVO Y DE FACTURACION;ANALISTA DE FACTURACION - COMPRAS
3405;JEFE DE VENTAS PROFESIONAL;JEFE DE VENTAS PRODUCTOS PREMIUM
3406;JEFE DE EXPERIENCIA AL CLIENTE;JEFE CORPORATIVO DE SERVICIO AL CLIENTE
3407;COORDINADOR DE LOGISTICA (PLANIFICACION COMERCIAL);ASISTENTE PLANEACION LOGISTICA
3408;COORDINADOR PRODUCTIVIDAD Y CONTROL ORGANIZACIONAL;JEFE PRODUCTIVIDAD Y CONTROL ORGANIZACIONAL
3409;COORDINADO DE PRODUCCION;COORDINADOR DE PRODUCCION Y EXPORTACIONES
3410;JEFE DE CONCESIONARIOS;COORDINADOR DE VENTAS A CONCESIONARIOS
3411;JEFE ADMINSTRATIVO FINANCIERO;VICERRECTOR ADMINISTRATIVO FINANCIERO
3412;DATA ANALYST;ANALYST, DATA
3413;RESPONSABLE CONTROL DE CALIDAD;CONTROLADOR DE CALIDAD DE PRODUCTO
3414;SUPERVISOR DE INGENIERIA;SUPERVISOR DE INGENIERIA Y MANTENIMIENTO
3415;ASISTENTE A DE AUDITORIA;ASISTENTE 1 DE AUDITORIA
3416;JEFE SERVICIO Y OPERACIONES;JEFE DE OPERACIONES Y TECNOLOGIA
3417;ANALISTA DE MANTENIMIENTO;ANALISTA DE MANTENIMIENTO Y SERVICIOS GENERALES
3418;ENTRENADOR DE MECANICA DE MINA;ENTRENADOR DE MINA
3419;AYUDANTE DE COMPRAS;AYUDANTE DEP. COMPRAS
3420;ADMINISTRADOR DE REDES;ADMINISTRADOR DE REDES Y TI
3421;GAVETERO EMPAQUE L2;GAVETERO EMPAQUE L3
3422;COORDINADOR DE OPERACIONES REGULATORIAS;JEFE DE OPERACIONES REGULATORIAS
3423;JEFE DE DESARROLLO ESTRATEGICO;JEFE DE NEGOCIOS ESTRATEGICOS
3424;ANALISTA DE INFORMACION COMERCIAL;ANALISTA DE DATOS E INFORMACION
3425;ESPECIALISTA DE ENTRENAMIENTO Y FORMACION;ESPECIALISTA ENTRENAMIENTO Y DESARROLLO
3426;JEFE DE CAMPO COSECHA;SUPERVISOR DE CAMPO COSECHA
3427;ANALISTA CONTROL CALIDAD;ANALISTA TECNICO DE CALIDAD
3428;JEFE DE PESCADERIA;JEFE DE PLANTA PESCADO
3429;OPERADOR DE EQUIPO MAQUINARIA AGRICOLA;AYUDANTE OPERADOR MAQUINARIA AGRICOLA
3430;ASISTENTE OPERATIVO CREDITO;ASISTENTE OPERATIVO DE TARJETAS DE CREDITO
3431;DIRECTOR UNIDAD DE NEGOCIO;JEFE DE UNIDAD DE NEGOCIO
3432;COORDINADOR DE CALIDAD Y PROCESOS;COORDINADOR DE CALIDAD Y CERTIFICACIONES
3433;ANALISTA DE CALIDAD QA;ANALISTA SR TECNICO Y DE CALIDAD
3434;ASISTENTE ADMINISTRATIVA Y DE RRHH;ASISTENTE ADMINISTRATIVA Y TTHH
3435;2. AUXILIAR DE TALENTO HUMANO;AUXILIAR 2 DE GESTION DEL TALENTO HUMANO
3436;AUX DE BODEGA;AUX.DE BODEGA
3437;ASISTENTE COORDINADOR DE PRODUCCION;ASISTENTE OPERATIVO PRODUCCION
3438;JEFE DE PRODUCTO CORPORATIVO;JEFE DE PRODUCTO MARCAS
3439;JEFE DE BODEGA MP;SUPERVISOR DE BODEGA MP
3440;ASISTENTE DE LIMPIEZA;ADMINISTRATIVA/AUXILIAR DE LIMPIEZA
3441;COORDINADOR DE DESARROLLO ORGANIZACIONAL;COORDINADOR DE ATRACCION Y DESARROLLO ORGANIZACIONAL
3442;ANALISTA FINANCIERO I;ANALISTA FINANCIERO Y DE DATOS
3443;GERENTE DE ADQUISICIONES Y LOGISTICA;JEFE DE LOGISTICA Y ADQUISICIONES
3444;ANALISTA IT;ANALISTA DE IT
3445;GERENTE DE SEGURIDAD CORPORATIVA;JEFE DE SEGURIDAD CORPORATIVA
3446;CHOFER DE VEHICULO LIVIANO;CHOFER VEHICULOS LIVIANOS
3447;ASISTENDE ADMINISTRATIVO;ADM ASISTENTE ADMINISTRATIVO
3448;ASIST. OPERACIONES 1;ASIST. OPERACIONES 2
3449;COORDINADOR DE CREDITOS Y COBRANZAS;COORDINADOR DE ANALISIS Y CONTROL DE CREDITO
3450;ESPECIALISTA DESARROLLO ORGANIZACIONAL;SUBGERENTE DE DESARROLLO ORGANIZACIONAL
3451;ANALISTA DE INFRAESTRUCTURA;ASISTENTE DE INFRAESTRUCTURA Y PROYECTOS
3452;ANALISTA DE PROCESOS & INVESTIGACION Y DESARROLLO;ANALISTA DE PROCESOS SR.
3453;EJECUTIVA DE VENTAS;EJECUTIVA VENTAS
3454;ANALISTA DE DESARROLLO ORGANIZACIONAL;ANALISTA DE DESARROLLO Y CULTURA ORGANIZACIONAL
3455;ASISTENTE ADIMINISTRATIVO;ASISENTE ADMINISTRATIVO
3456;JEFE DE RRHH;ESPECIALISTA DE RRHH
3457;ASESOR DE ENDEREZADA Y PINTURA;AYUDANTE DE ENDEREZADA Y PINTURA
3458;ANALISTA DE OPERACIONES LOGISTICA;ANALISTA DE LOGISTICA Y ENTREGA
3459;GERENTE DE NEGOCIO;GERENTE DE NEGOCIOS (E)
3460;GERENTE DE VENTAS SIERRA;GERENTE DE EXCELENCIA DE VENTAS SIERRA
3461;AUXILIAR DE BODEGA Y MANTENIMIENTO;AUXILIAR DE BODEGA MT
3462;GERENTE DE VENTAS - VENDEDOR;GERENTE SENIOR DE VENTAS
3463;COORDINADOR DE IT;COORDINADOR DE SERVICIOS IT
3464;OPERADOR DE MANTENIMIENTO ELECTRICO;OPERADOR DE MANTENIMIENTO ELEC
3465;JEFE DE MANTENIMIENTO Y OPERACIONES;ENCARGADO DE MANTENIMIENTO
3466;COORDINADOR SENIOR DE AMPLIACION DE PROYECTO;GERENTE DE AMPLIACION DE PROYECTO
3467;ASESOR JUDICIAL DE COBRANZAS;ASESOR LEGAL DE COBRANZAS
3468;COORDINADOR DE PLANIFICACION Y PROYECTOS;COORDINADOR DE PROYECTACION
3469;JEFE DE AGENCIA JR;JEFE DE AGENCIA JUNIOR
3470;EJECUTIVO SENIOR DE SINIESTROS;EJECUTIVO DE SINIESTROS SUCURSALES
3471;TECNICO DE LUBRICACION;TECNICO DE LUBRICACION DE PRODUCTOS
3472;AUX SERVICIOS VARIOS;AUX DE SERV.VARIOS
3473;COORDINADOR DE GESTION DE RIESGOS;GERENTE DE CONTROL Y GESTION DE RIESGOS
3474;EJECUTIVO DE VENTAS ELECTRONICAS;EJECUTIVO DE VENTAS ONLINE
3475;COORDINADOR AMBIENTAL;COORDINADOR DE GESTION AMBIENTAL
3476;GERENTE DE SUSCRIPCION NACIONAL;JEFE NACIONAL DE SUSCRIPCION
3477;COORDINADORA DE ACREDITACION;COORDINADORA DE ACREDITACION ONLINE
3478;ANALISTA ADM Y CONTABLE;ASISTENTE/ANALISTA CONTABLE
3479;TECNICO DE REPARACION;TECNICO DE REPARACION Y MANTENIMIENTO
3480;COORDINADOR CONTENIDO DIGITAL;COORDINADOR DIGITAL, MULTIMEDIA Y REDES SOCIALES
3481;AUDITOR;AUDITOR (A)
3482;ASESOR TECNICO DE MANTENIMIENTO;ASISTENTE TECNICO DE MANTENIMI
3483;AUXILIAR DE AREA;AUXILIAR DE AREA 1
3484;ASIST ADMINIST;ASIST. ADMINIST.
3485;JEFE DE HSE PROYECTOS;SUPERVISOR HSE PROYECTOS
3486;SUBGERENTE ADMINISTRATIVO (A);ADMINISTRATIVO/A
3487;JEFE ADM. DE PRODUCION;JEFE DE UNIDADES PRODUCTIVAS
3488;TECNICO DE MONITOREO;TECNICO DE MONITOREO Y EVALUACION
3489;AYUDANTE DE BODEGA 1;AYUDANTE DE BODEGA P.T
3490;AUXILIAR DE BODEGA SR;AUXILIAR DE BODEGA RECEPCION - INGRESO
3491;COORDINADOR SENIOR DE AUDITORIA INTERNA;AUDITOR INTERNO SENIOR DE DATOS
3492;ANALISTA DE CALIDAD Y DESARROLLO;ANALISTA DE CALIDAD Y DISENO
3493;ASESOR COMERCIAL REPUESTOS;ASESOR SENIOR DE REPUESTOS
3494;ANALISTA DE OPERACIONES;ANALISTA DE COBRANZAS Y OPERACIONES
3495;COMPRADOR DE REPUESTOS;COMPRADOR DE REPUESTOS TALLER
3496;ASESOR COMERCIAL/VENDEDOR;ASESOR VENDEDOR
3497;GERENTE DE FONDOS DE INVERSION;DIRECTOR DE FONDOS DE INVERSION
3498;JEFE DE POSVENTA;JEFE NACIONAL DE POSVENTA
3499;ASISTENTE ADMINISTRACION DE TALENTO HUMANO;ASISTENTE DE GESTION DEL TALENTO
3500;DOCENTE;DOCENTES
3501;REPRESENTANTE DE VENTAS AUSTRO;VENDEDOR AUSTRO
3502;SUPERVISOR DE PESCAS;ENCARGADO DE PESCAS
3503;JEFE COMERCIAL DE IMPORTACIONES;JEFE COMERCIAL DE EXPORTACIONES
3504;OPERADOR DE PRODUCCION (MAQUINA);OPERADOR SERVICIOS A LA PRODUCCION
3505;JEFE DE BODEGA DE REPUESTOS;JEFE DE BODEGA DE INSUMOS Y REPUESTOS
3506;SUPERVISOR DE SEGURIDAD SALUD Y AMBIENTE 1;SUPERVISOR DE SEGURIDAD SALUD Y AMBIENTE 3
3507;JEFE AREA DE CALIDAD;JEFE DE ASEG. DE LA CALIDAD
3508;GERENTE DE INGENIERIA Y PROYECTOS;INGENIERO DE PROYECTOS (G)
3509;ANALISTA SEGURIDAD INFORMACION;ANALISTA SEGURIDAD SENIOR
3510;ANALISTA COMPRAS;ANALISTA DE COMPRAS JR
3511;TECNICO SR. DESARROLLO;DESARROLLISTA TECNICO
3512;AUXILIAR DE REPUESTOS;AUXILIAR REPUESTOS INDUSTRIALES
3513;COORDINADOR DE PRESTACIONES DE SALUD Y FACTURACION;JEFE DE PRESTACION DE SALUD Y FACTURACIO
3514;ASISTENTE DE BASCULA;AYUDANTE DE BASCULA
3515;CONTROLADOR;CONTROLADORES
3516;SUPERVISOR DE DESPACHO LOGISTICO;SUPERVISOR DE LOGISTICA DE COMERCIALIZACION
3517;JEFE DE PLANIFICACION Y CONTROL;JEFE CORPORATIVO DE PLANIFICACION Y CONTROL
3518;JEFE DE EQUIPOS Y MANTENIMIENTO;SUPERVISOR DE MANTENIMIENTO DE EQUIPOS
3519;ASISTENTE GERENCIA OPERACIONES;ASISTENTE DE OPERACIONES Y DESPACHO
3520;ENCARGADO DE BODEGA MP;RESPONSABLE DE BODEGA DE MP
3521;TECNICO FITOSANITARIO;GERENTE TECNICO FITOSANITARIO
3522;ASISTENTE DE FINANCIERO;ASISTENTE FINANZAS
3523;IMPULSADOR MERCADERISTA;MERCADERISTA IMPULSA
3524;COORDINADOR DE PROCESOS, CALIDAD Y AMBIENTE;COORDINADOR DE PRODUCCION & CALIDAD
3525;ESPECIALISTA COMERCIAL;ESPECIALISTA DE DESARROLLO COMERCIAL
3526;GERENTE PLANTA;GERENCIA PLANTA
3527;ASISTENTE DE CALIDAD Y LABORATORIO;AYUDANTE LABORATORIO DE CALIDAD
3528;AUXILIAR DE BODEGA Y DESPACHO;AYUDANTE ADMINISTRATIVO DE BODEGA
3529;ASISTENTE DE BODEGA;ASISTENTE DE BODEGA DE PAPEL
3530;GERENTE DE COMPRA Y FRUTA;GERENTE DE COMPRAS DE FRUTAS
3531;PROFESOR DE EDUCACIУN FISICA;PROFESOR EDUCACION FISICA BASICA
3532;AYUDANTE DE SIEMBRA Y CONTROL AGRONOMICO;TECNICO DE SIEMBRA Y CONTROL AGRONOMICO
3533;JEFE DE INGENIERIA DE LABORATORIO Y DESARROLLO;JEFE DE LABORATORIO & DESARROLLO
3534;ANALISTA DE SEGURIDAD;ANALISTA DE SEGURIDAD OPERACIONAL
3535;COMMUNITY MANAGER JUNIOR;COMMUNITY MANAGER SENIOR
3536;ASISTENTE ADMINISTRATIVO M;ASISTENTE ADMINISTRATIVO JUNIOR
3537;EMPACADOR/CARGA;EMPACADOR/CARGADOR 1
3538;JEFE ADMINISTRATIVA Y COMPRAS;JEFE DE CONTROL Y COMPRAS
3539;ASISTENTE IMPLEMENTACION PRODUCTOS;JEFE IMPLEMENTACION PRODUCTOS
3540;COORDINADOR MESA DE SERVICIO;COORDINADORA ADMINISTRATIVA DE MESA DE SERVICIO
3541;JEFE DE PRESUPUESTO Y CONTROL;JEFE CORPORATIVO DE PLANIFICACION Y CONTROL
3542;JEFE PLANIFICACION;JEFE SENIOR DE PLANIFICACION
3543;ASISTENTE BIBLIOTECA;ASISTENTE TECNICA BIBLIOTECA
3544;JEFE DE SEGURIDAD FISICA Y SSO;JEFE DE SEGURIDADES FISICAS Y DE INFORMACION
3545;COORDINADOR DE ESTRATEGIA DE NEGOCIO;JEFE DE NEGOCIOS ESTRATEGICOS
3546;ASISTENTE DE GASTRONOMIA;ASISTENTE DE GESTION DE TALLER GASTRONOMICO
3547;ESPECIALISTA DE SERVICIO TECNICO;TECNICO ESPECIALIZADO
3548;JEFE DE OFICINA DE PROYECTOS (PMO);JEFE DE PROCESOS Y PMO (PROJECT MANAGER OFFICE)
3549;COORDINADOR DE PRICING;COORDINADOR PRICING TRADICIONAL
3550;ASISTENTE DE OPERACIONES TIENDAS;ASISTENTE DE TIENDA
3551;ASISTENTE DE RECAUDACION;ASISTENTE DE RECAUDACION Y AGENCIAS
3552;COORDINADOR SOPORTE TECNICO;JEFE COORDINADOR DE SOPORTE TECNICO
3553;AYUDANTES 1 DE BODEGA PIFO;AYUDANTES 1 DE EMPAQUE PIFO
3554;COORDINADOR DE SISTEMAS INTEGRADOS;COORDINADOR DE SISTEMAS INTEGR
3555;JEFE DE DESARROLLO ORGANIZACIO;COORDINADOR DESARROLLO ORGANIZACIONAL
3556;ASISTENTE DE DIRECCION TECNICA DE GESTION DEL TALENTO HUMANO;AUXILIAR 1 DE DIRECCION TECNICA DE GESTION DEL TALENTO HUMANO
3557;ANALISTA DE SELECCION Y ATRACCION DEL TALENTO;ANALISTA DE SELECCION PERSONAL
3558;COORDINADOR DE PROCESOS INDUSTRIALES;COORDINADOR PRODUCCION E INGENIERO DE PROCESOS
3559;AUXIILIAR DE LIMPIEZA;CUSTODIO/AUXILIAR DE LIMPIEZA
3560;LIDER DE OPERACIONES;LIDER DE EQUIPO DE OPERACIONES
3561;ASISTENTE BIENESTAR ESTUDIANTIL;JEFE DE BIENESTAR ESTUDIANTIL
3562;JEFE DE COMPRAS LOCALES;JEFE DE COMPRAS GENERALES
3563;COORDINADOR DE CENTRO DE SERVICIO;JEFE DE CENTRO DE SERVICIOS
3564;JEFE DE INFRAESTRUCTURA Y COMUNICACIONES;JEFE DE INFRAESTRUCTURA Y PROYECTOS
3565;GERENTE DE FINANCIERO;GERENTE ADM FINANCIERO
3566;ANALYST - PRODUCT SUPPORT;SENIOR ANALYST - PRODUCT SUPPORT
3567;DIRECTOR DE CALIDAD;DIRECTOR DE GESTION & CALIDAD
3568;CONSULTOR TECNICO DE VENTAS;CONSULTOR TECNICO DE VENTAS II
3569;APLICAD-COCHERO 1;APLICAD-COCHERO 3
3570;ASISTENTE DE AUTOSERVICIOS;GERENTE DE AUTOSERVICIOS
3571;COORDINADOR DE PLANIFICACION Y PROYECTOS;COORDINADOR DE PLANIFICACION D
3572;DIRECTORA LEGAL Y COMPLIANCE;DIRECTOR LEGAL Y DE CUMPLIMIENTO
3573;FACILITADOR;FACILITADOR/A
3574;DOCENTE DE INGLES PREESCOLAR;DOCENTE DE INGLES INICIAL II PREPARATORIA Y ELEMENTAL TERCERO
3575;COUNTRY MANAGER ECUADOR;COUNTRY MANAGER ECUADOR Y PANAMA
3576;VISITADOR MEDICO CARDIO CLIICA SIERRA;VISITADOR MEDICO LINEA CARDIO METABOLICA SIERRA
3577;AUXILIAR DE COMPRAS;ASISTENTE DE COMPRAS GENERALES
3578;2. PARAMEDICO;PARAMEDICO 2
3579;ADMINISTRADOR DE VENTAS Y MARKETING;JEFE ADMINISTRACION DE VENTAS Y MARKETING
3580;COORDINADOR SENIOR DE RECURSOS HUMANOS;LIDER SENIOR DE RECURSOS HUMANOS
3581;JEFE SEGURIDAD Y SALUD;JEFE DE LA UNIDAD DE SEGURIDAD Y SALUD
3582;COORDINADOR NACIONAL COBRANZAS;GERENTE COBRANZAS NACIONAL
3583;ANALISTA DE NOMINA;ANALISTA DE NOMINA 2
3584;SUPERINTENDENTE DE COMPRAS;SUPERVISOR DE COMPRAS GENERALES
3585;COORDINADOR DE IMPRESION;COORDINADOR JR. DE IMPRESION
3586;TECNICO DE ALIMENTADORES;TECNICO ELECTRONICO ALIMENTADORES
3587;JEFE ADMINISTRATIVO SUCURSAL;JEFE SERVICIOS OPERATIVOS SUCURSAL
3588;OPERADOR DE ELECTROGENOS;OPERADOR EN GRUPOS ELECTROGENOS
3589;EJECUTIVO SENIOR CUSTOMER HAPPINESS;EJECUTIVO DE CUSTOMER HAPPINESS
3590;AUXILIAR O AYUDANTE DE CONTABILIDAD;AUXILIAR DE CONTABILIDAD (E)
3591;JEFE COMPRAS INDIRECTOS;JEFE DE COMPRAS DIRECTOS
3592;JEFE DE SEGURIDAD SALUD Y AMBIENTE;LIDER DE SEGURIDAD, SALUD Y AMBIENTE
3593;JEFE CONTROL INTERNO;COORDINADOR CONTROL INTERNO
3594;SUPERVISOR DE MANTENIMIENTO PLANEADO;SUPERVISOR DE OBRA Y MANTENIMIENTO
3595;GERENTE DE PROYECTOS DE EXPORTACION;GERENTE DE PROYECTOS INDUSTRIAS Y EXPORTACIONES
3596;EJECUTIVA BACK OFFICE;EJECUTIVA SAC-BACK OFFICE
3597;ASESOR DE SISTEMAS;ANALISTA DE SISTEMAS & IT
3598;JEFE DE GESTION DE CLIENTES;JEFE DE SERVICIO AL CLIENTE Y OPERACIONES
3599;ASISTENTE DE COMPENSACION Y LIQUIDACION;COORDINADOR DE COMPENSACION Y LIQUIDACION
3600;EJECUTIVO COMERCIAL FRANQUICIAS;GERENTE COMERCIAL FRANQUICIAS
3601;JEFE DE INVESTIGACION Y DESARROLLO NUEVOS PRODUCTOS;COORDINADOR DE INVESTIGACION Y DESARROLLO NUEVOS PRODUCTOS
3602;AUDITOR DEL SISTEMA DE GESTION;AUDITOR DE CONTROL DE GESTION
3603;TECNICO CLIMATIZACION;MECANICO DE CLIMATIZACION
3604;ASISTENTE DEVOLUCIONES;AUXILIAR DE DEVOLUCIONES
3605;SOLDADOR API DE OLEODUCTO;SOLDADOR API DE OLEODUCTO 3
3606;JEFE DE PLANIFICACION OPERATIVA;JEFE DE PLANIFICACION, PROCESOS E INNOVACION
3607;GERENTE DE COMERCIAL;COORDINADOR COMERCIAL GERENCIAL
3608;OPERADOR SELLADO;OPERADOR DE SELLADO
3609;JEFE DE CARTERA;JEFE DE CARTERA Y COBRANZA
3610;CREADOR DE CONTENIDO DIGITAL;DESARROLLADOR DE CONTENIDOS DIGITALES
3611;ASESOR TECNICO SENIOR;ASESOR TECNICO SENIOR 高级技术服务工 程师
3612;COORDINADOR AGENCIAS;COORDINADOR DE OPERACIONES DE AGENCIAS
3613;JEFE TECNICO DE INGENIERIA E IMPLEMENTACION;JEFE TECNICO INGENIERIA
3614;COORDINADOR DE COMUNICACION CORPORATIVA E INTERNA;GERENTE DE COMUNICACION CORPORATIVA
3615;ANALISTA CALIDAD DE PROCESOS;ANALISTA DE CALIDAD DE PRODUCCION
3616;REPRESENTANTE TECNICO COMERCIAL;JEFE TECNICO COMERCIAL
3617;ASESOR COMERCIAL SERVICIO INDUSTRIAL;ASESOR TECNICO COMERCIAL INDUSTRIAL
3618;ASISTENTE DE COMUNICACION Y MARKETING;ASISTENTE DE MERCADEO Y DE COMUNICACION
3619;COORDINADOR INNOVACION;JEFE DE INNOVACION
3620;ASISTENTE DE DIRECCION ACADEMICA;ASISTENTE DE GESTION ACADEMICA
3621;ASISTENTE DE GESTION DE PROYECTOS;ASISTENTE DE PLANIFICACION Y PROYECTOS
3622;ASISTENTE CONTROL CALIDAD 1;JEFE DE ASEGURAMIENTO DE CALIDAD 1
3623;COORDINADOR DE TRADE;COORDINADOR DE TRADE MARKETING TT
3624;JEFE CALIDAD Y GESTION;JEFE CONTROL DE CALIDAD Y MEJORA CONTINUA
3625;ANALISTA DE COMUNICACIONES JR;ANALISTA SR, COMUNICACIONES
3626;ANALISTA FINANCIERO JR;ANALISTA FINANCIERO JUNIOR
3627;EJECUTIVO DE CUENTAS CORPORATIVAS SENIOR;EJECUTIVO SENIOR DE CUENTAS CLAVE
3628;COORDINADOR DE ARQUITECTURA DE SOFTWARE;SUBGERENTE DE ARQUITECTURA DE SOFTWARE
3629;ASISTENTE METALMECANICA;AUXILIAR AYUDANTE METALMECANICA
3630;JEFE AUTOSERVICIOS;JEFE DE VENTAS DE AUTOSERVICIOS
3631;ASISTENTE DE FACTURACION Y ATENCION AL C;ASISTENTE DE FACTURACION Y DISTRIBUCION
3632;AUXILIAR QUIRURGICO;AUXILIAR QUIRURGICO B
3633;COORDINADOR SERVICIOS SOC;COORDINADOR OPERACIONES SOC
3634;ANALISTA ADM Y DE COMPRAS;ANALISTA DE COMPRAS Y ABASTECIMIENTO
3635;MANAGER BUSINESS DEVELOPMENT;MANAGER, ADVISORS BUSINESS DEVELOPMENT
3636;GERENTE OPERACIONAL;GERENTE OPERACIONES SERVICIO
3637;ANALISTA DESARROLLO ESTRATEGICO;ANALISTA DE ESTRATEGIA CORPORATIVA
3638;PROFESIONALES CON TITULO DE CUARTO NIVEL;PERSONAL CON TITULO DE CUARTO NIVEL
3639;COORDINADOR DE OPERACIONES DE MARKETING;COORDINADOR DE MARKETING Y POSICIONAMIENTO
3640;ASISTENTE DE ACTIVOS FIJOS;ASISTENTE DE ACTIVOS FIJOS Y ARCHIVO
3641;COORDINADOR OPERATIVO DE PROYECTOS;COORDINADOR DE PROYECTOS Y SERVICIOS
3642;SUB GERENTE DE COMPRAS;SUPERVISOR DE COMPRAS GENERALES
3643;COORDINADOR DE ZONA;COORDINADOR DE ZONAS
3644;AYUDANTE DE REFRIGERACION;AYUDANTE DE REFRIGER
3645;COORDINADOR DE OPERACIONES MASIVAS;JEFE DE OPERACIONES MASIVAS
3646;GERENTE DE ENTREGA DE CASAS;JEFE DE ENTREGA DE CASAS
3647;GERENTE DE GESTION DE MARKETING;GERENTE DE MARKETING DIGITAL
3648;TEC. MANT PRINCIPAL;TECNICO MANT PRINCIPAL
3649;ASISTENTE DE ALMACEN;ASISTENTE DE ALMACEN Y LOGISTICA
3650;COORDINADOR DE COMPENSACION Y BENEFICIOS;COORDINADORA DE COMPENSACION Y BENEFICIO
3651;ASISTENTE CONTABLE A;ASISTENTE CONTABLE NOMINA
3652;JEFE DE PLANIFICACION DE LA DEMANDA Y ABASTECIMIENTO;COORDINADOR DE DEMANDA Y ABASTECIMIENTO
3653;JEFE DE SEGURIDAD INDUSTRIAL Y FISICA;JEFE DE PRODUCCION Y SEGURIDAD INDUSTRIAL
3654;GERENTE COMERCIAL Y MARKETING;GERENTE DE MARKETING Y TIENDAS
3655;INGENERO AMBIENTAL;INGENIERO AMBIENTAL COORD
3656;GERENTE DE POS VENTA;ASISTENTE DE GERENCIA POS VENTA
3657;ESPECIALISTA ADMINISTRATIVA AREA TECNICA;ESPECIALISTA ADMINISTRATIVO/A
3658;AUXILIAR TECNICO MECANICO;AUXILIAR MANT. MECANICO
3659;JEFE DE FOMENTO GANADERO;COORDINADOR DE FOMENTO GANADERO
3660;AUXILIAR DE COMPRAS;AUXILIAR DE COMPRAS Y ALMACEN
3661;AYUDANTE PERFORISTA;AYUDANTE PERFORISTAS
3662;GERENTE DE BODEGA Y LOGISTICA;DIRECTOR DE LOGISTICA Y BODEGA
3663;GERENTE DE CONCILIACIONES;JEFE DE CONCILIACIONES
3664;TECNICO AUTOMATIZACION;TECNICO DE AUTOMATIZACION Y CONTROL
3665;COORDINADOR DE TH;COORDINADOR TH
3666;AGENTE DE TRAFICO;AGENTE DE TRAFICO Y DESPACHO
3667;ASISTENTE DE VENTAS, COMPRAS;ASISTENTE GERENTE DE VENTAS
3668;TECNICO SEGURIDAD INDUSTRIAL Y AMBIENTE;TECNICO DE SEGURIDAD INDUSTRIAL Y FISICA
3669;JEFE ADMINISTRACION VENTAS;JEFE DE EJECUCION DE VENTAS
3670;ANALISTA DE FACTURACION;ANALISTA DE FACTURACION Y CUMPLIDOS
3671;ASISTENTE DE COMPRAS GENERALES;ASISTENTE DE COMPRAS Y ABASTEC
3672;ANALISTA DE CALIFICACION DE CREDITO;ANALISTA DE CREDITO - CORPORATIVO
3673;JEFE DE INFRAESTRUCTURA Y PROYECTOS;JEFE DE INFRAESTRUCTURA Y REDES
3674;ASISTENTE DE PROCESOS Y MEJORA CONTINUA;ASISTENTE DE PROYECTOS Y MEJORA CONTINUA
3675;JEFE DE MINAS/CANTERAS;JEFE DE MINAS
3676;ANALISTA DE CADENA DE SUMINISTRO;ANALISTA DE SUMINISTROS
3677;GERENTE DE INFORMACION Y DATOS;GERENTE DE SERVICIOS DE LA INFORMACION
3678;ASISTENTE MECANICO;AUXILIAR TECNICO MECANICO
3679;JEFE DE ESTRATEGIA;JEFE DE EJECUCION Y GESTION DE ESTRATEGIA
3680;ANALISTA / FINANCIERO / CREDITO / COBRANZAS;ANALISTA DE CREDITO Y CONTABILIDAD
3681;ENFERMERA (O);ENFERMERA C
3682;ASISTENTE EJECUTIVO SENIOR (ASIST 1);ASISTENTE EJECUTIVO SENIOR (ASIST 1) CSO
3683;EJECUTIVO COMERCIAL REDES PRESENCIAL;EJECUTIVO REDES COMERCIALES
3684;COORDINADOR DE PROGRAMA;COORDINADOR DE PROGRAMACION
3685;TECNICO DE MANTENIEMIENTO;TECNICO EN MANTENIMIENTO PLENO
3686;GESTOR DE RECUPERACION;GESTOR DE RECUPERACION (E)
3687;ASSISTANT OF CEO OFFICE&BUSINESS SUPPORT;ASST OF CEO OFFICE AND BUSINESS SUPPORT
3688;GERENTE ADMINISTRACION Y LOGISTICA;GERENTE LOGISTICA IMPORTACIONES
3689;JEFE DE COMPRA DE FRUTA;GERENTE DE COMPRAS DE FRUTAS
3690;SUPERVISOR DE VENTAS JUNIOR;SUPERVISOR DE VENTAS SENIOR
3691;COORDINADOR DE GESTION;COORDINADOR DE CONTROL Y GESTION
3692;ASISTENTE BIENES;ASISTENTE CONTROL DE BIENES
3693;ARQUITECTO DE INFRAESTRUCTURA TECNOLOGICA;INGENIERO DE INFRAESTRUCTURA TECNOLOGICA
3694;GESTOR DE RECUPERACION;GESTOR OPERATIVO DE RECUPERACION
3695;SECRETARIA DE DIRECCION GENERAL;SECRETARIA EJECUTIVA DE GERENCIA
3696;RECAUDADOR;RECAUDADORES
3697;ASISTENTE DE ATENCION AL CLIENTE Y OPERACIONES;ASISTENTE DEL CENTRO DE ATENCION AL CLIENTE
3698;ASISTENTE DEPARTAMENTO FINANCIERO;ASISTENTE CONTROL FINANCIERO
3699;COORDINADOR DE INFRAESTRUCTURA;COORDINADOR DE INFRAESTRUCTURA Y REDES
3700;TECNICO DE SEGURIDAD;TECNICO DE SEGURIDAD SR.
3701;JEFE CONTROL INTERNO;JEFE CONTROL INTERNO Y PROCESOS
3702;ASISTENTE ADMINISTRATIVA Y RECURSOS HUMANOS;SUBGERENTE ADMINISTRATIVO Y RECURSOS HUMANOS
3703;INGENIERO PLANIFICACION;PLANIFICADOR INGENIERIA & PROYECTOS
3704;JEFE NACIONAL DE CONTABILIDAD;JEFE REGIONAL DE CONTABILIDAD
3705;SUPERVISOR SSA;SUPERVISOR SSA JR
3706;ASISTENTE AYUDANTE;ASISTENTE DE CUIDADO
3707;AUXILIAR DE BODEGA/VENTAS;VENDEDOR - AYUDANTE DE BODEGA
3708;LABORATORISTA DE CALIDAD;TECNICO DE LABORATORIO CALIDAD
3709;SUB-GERENTE LOGISTICO;SUBGERENTE DE MATERIALES Y LOGISTICA
3710;ASISTENTE DE AYB;SUPERVISOR DE SERVICIO AYB
3711;JEFE DE GARANTIA DE CALIDAD;ASISTENTE DE GARANTIA DE CALIDAD
3712;JEFE DE OBRAS;JEFE REGIONAL DE OBRAS Y PROYECTOS
3713;GERENTE DE RIESGO DE MERCADO Y LIQUIDEZ;SUPERVISOR DE RIESGO DE MERCADO Y LIQUIDEZ
3714;ASISTENTE DE JEFE DE PRODUCCION;ASISTENTE COORDINADOR DE PRODUCCION
3715;ASISTENTE INSTITUCIONAL COMERCIAL;COORDINADOR COMERCIAL INSTITUCIONAL
3716;ASISTENTE CERTIFICACIONES;ASISTENTE ADMINISTRATIVO-CERTIFICACIONES
3717;INGENIERO CIBERSEGURIDAD;INGENIERO SENIOR DE CIBERSEGURIDAD
3718;COORDINADOR DE GESTION DE TALENTO;ASISTENTE DE GESTION DEL TALENTO
3719;GERENTE CORPORATIVO DE CREDITO;GERENTE REGIONAL DE CREDITO
3720;DIRECTOR TECNICO SUB13;DIRECTOR TECNICO SUB15
3721;JEFE AREA VERDE;JEFE DE AREAS VERDES
3722;PROJECT MANAGEMENT MANAGER;PROJECT MANAGEMENT LEADER
3723;JEFE DE MEJORA CONTINUA Y PROCESOS;JEFE DE MEJORA CONTINUA Y CALIDAD
3724;JEFE DE EQUIPOS Y MANTENIMIENTO;JEFE DE MANTENIMIENTO ELECTROMECANICO
3725;GERENTE DE CONSUMO;GERENTE DE PRODUCTO CONSUMO
3726;JEFE DE RIESGOS INTEGRALES;JEFA DE RIESGOS INTEGRALES
3727;AGENTE SENIOR DE SERVICIO AL CLIENTE;ESPECIALISTA SENIOR EN SERVICIO AL CLIENTE
3728;ANALISTA DE PROCESOS Y PROYECTOS;ANALISTA DE PROCESOS SR.
3729;OPERADOR DE VALVULAS;OPERADOR DE VALVULA
3730;DIRECTOR DE DESARROLLO ORGANIZACIONA Y TALENTO HUMANO;GERENTE DE TALENTO HUMANO Y DESARROLLO ORGANIZACIONAL
3731;ESPECIALISTA DE MARKETING Y COMUNICACION;ESPECIALISTA DE MARKETING Y TRANSFORMACION DIGITAL
3732;SUPERVISOR FINANCIERO;SUPERVISOR DE CONTROL FINANCIERO
3733;JEFE SISTEMAS;JEFE DE SISTEMAS Y TECNOLOGIAS
3734;EJECUTIVO DE CUENTA;EJECUTIVO DE CUENTA DE POSVENTA
3735;RESPONSABLE DE ATENCION AL CLIENTE;RESPONSABLE: ATENCION DE CLIENTES EN ZONA RTC
3736;JEFE DE PUBLICIDAD;JEFE DE PROPAGACION
3737;EJECUTIVO DE CONTROL TECNICO;JEFE DE CONTROL Y ASEGURAMIENTO TECNICO
3738;TECNICO DE ASUNTOS REGULATORIOS;DIRECTOR TECNICO Y ASUNTOS REGULATORIOS
3739;DOCENTE ESTUDIO SOCIALES;PROFESOR ESTUDIOS SOCIALES
3740;ASIST. ADMINISTRATIVO LABORATORIO;ANALISTA ADMINISTRATIVO DE LABORATORIO
3741;JEFE DE MANTENIMIENTO Y OPERACIONES;ASISTENTE DE OPERACIONES Y MANTENIMIENTO
3742;OFICIAL DE ATENCION AL SOCIO;OFICIAL DE ATENCION AL SOCIO/CLIENTE
3743;MAQUINISTA 3;MAQUINISTA 4
3744;ASISTENTE DE CATALOGO;ADMINISTRADOR DE CATALOGO
3745;ASISTENTE TECNICO DE INFRAESTRUCTURA;ASISTENTE DE INFRAESTRUCTURA TECNOLOGICA
3746;SUPERVISOR DE BODEGA Y DISTRIBUCION;SUPERVISOR DE BODEGA SEMIELABORADO
3747;ASISTENTE DE RECURSOS HUMANOS Y SSO;ASISTENTE DE TALENTO HUMANO Y SSO
3748;JEFE FITOSANITARIO;GERENTE TECNICO FITOSANITARIO
3749;ASISTENTE LEGAL;ASISTENTE I LEGAL
3750;JEFE NACIONAL DE OPERACIONES;COORDINADOR OPERACIONES NACIONAL
3751;REPRESENTANTE DE SERVICIO TECNICO;ASISTENTE DE REPRESENTANTE TECNICO
3752;ASISTENTE DE LABORATORIO;ASISTENTE DE LABORATORIO DE MEDIDORES
3753;ASISTENTE DE PROCESOS Y TI;ASISTENTE DE TECNOLOGIA Y SISTEMAS
3754;PLANIFICADOR DE MANTENIMI;PLANIFICADORA DE MANTENIMINETO
3755;ASISTENTE CONTROL CALIDAD;AUXILIAR DE GESTION DE CALIDAD
3756;ASISTENTE EN CONSULTORIA DE TRANSFORMACION EN TECNOLOGIA FISCAL;SENIOR EN CONSULTORIA DE TRANSFORMACION EN TECNOLOGIA FISCAL
3757;ASISTENTE ADMINISTRATIVA Y CONTABLE;ASISTENTE ADMINISTRATIVA Y COMERCIAL
3758;ASISTENTE ADMINISTRATIVO Y DE MERCADEO;ASISTENTE DE ADQUISICIONES Y SERVICIOS GENERALES
3759;AYUDANTE DE PANADERIA / PASTELERIA (ESTABLECIMIENTOS CATEGOR;AYUDANTE DE PANADERIA / PASTELERIA (ESTABLECIMIENTOS CATEGORIA LUJO)
3760;ASISTENTE DE FINANCIERO;ASISTENTE DIRECCION FINANCIERA
3761;GERENTE DE NUEVOS NEGOCIOS Y PROYECTOS;JEFE DE NUEVOS NEGOCIOS
3762;JEFE DE OPERACIONES TECNICAS;COORDINADOR TECNICO DE OPERACIONES
3763;AYUDANTE EN GENERAL;AYUDANTE SERVICIOS EN GENERAL
3764;ADMINISTRADOR DE INFRAESTRUCTURA Y SOPORTE DE TI;ADMINISTRADOR DE SOPORTE E INFRAESTRUCTURA
3765;GERENTE DE LOGISTICA Y OPERACIONES;GERENTE DE TRANSPORTE Y LOGISTICA
3766;ASISTENTE DE CONTROL E INVENTARIO;ASISTENTE CONTROL DE PRODUCCION
3767;JEFE CONTABLE / TRIBUTARIO;ASISTENTE CONTABLE TRIBUTARIO
3768;OPERADOR DE FRIO;OPERADOR FRIO MANTENIMIENTO
3769;ANALISTA MONITOREO MEDIOS DE PAGO;ASISTENTE DE CONTROL DE MEDIOS DE PAGO
3770;ASISTENTE TECNICO DE ATENCION AL CLIENTE;ASISTENTE DEL CENTRO DE ATENCION AL CLIENTE
3771;JEFE DE TRANSFORMACION DIGITAL;JEFE DIGITALIZACION
3772;GUARDABOSQUES NATIVO;GUARDABOSQUES NATURALISTA
3773;ANALISTA GESTION AMBIENTES Y VERSIONAMIENTO;ESPECIALISTA GESTION AMBIENTES Y VERSIONAMIENTO
3774;PAYROLL ANALYST;HR AND PAYROLL ANALYST
3775;INSPECTOR ASEGURAMIENTO DE CALIDAD;INSPECTORES DE CALIDAD
3776;JEFE / PRODUCCION;JEFE DE PRODUCCION - A
3777;SUPERVISOR DE POSTCOSECHA;SUPERVISOR DE COSECHA
3778;ASISTENTE / AYUDANTE / AUXILIAR DE SERVICIOS EN GENERA;ASISTENTE/AYUDANTE/AUXILIAR DE SERVICIOS EN GENRAL
3779;ANALISTA DE CALIDAD DE PRODUCTO;ANALISTA DE CALIDAD DE PRODUCCION
3780;ASISTENTE DE CONSOLA DE MONITOREO;OPERADOR DE CONSOLA DE MONITOREO
3781;DIRECTOR DE PASTORAL;DIRECTOR TECNICO DE PASTORAL
3782;JEFE DE ASEGURAMIENTO DE LA CALIDAD - RESPONSABLE TECNICO;REPRESENTANTE TECNICO CALIDAD
3783;ANALISTA 1 DE MARKETING;ANALISTA 1 DE MARKETING DIGITAL
3784;MARKETING ASSISTANT;MEDICAL MARKETING ASSISTANT
3785;COORDINADOR DE PLANIFICACION Y PROYECTOS;JEFE DE PLANIFICACION PROCESOS Y PROYECTOS
3786;ANALISTA DE DESARROLLO COMERCIAL;ANALISTA COMERCIAL CORPORATIVO
3787;COORDINADOR DE TALENTO Y CULTURA;DIRECTOR DE TALENTO Y CULTURA
3788;ASESOR DE SERVICIO TECNICO;ASESOR DE SOPORTE TECNICO
3789;TECNICO DE TELECOMUNICACIONES;TECNICO EN REDES Y COMUNICACIONES
3790;ASISTENTE DE CONTABLE;ASISTENTE DE COBRANZAS - CONTABLE
3791;ASISTENTE DE GERENCIA / GERENTE ADMINISTRATIVA;GERENTE ADMINISTRATIVO CORPORATIVO
3792;ANALISTA ADMINISTRATIVA CONTABLE;ASISTENTE/ANALISTA CONTABLE
3793;GERENTE DE OPERACIONES Y VENTAS;GERENTE GENERAL Y VENTAS
3794;JEFE TECNICO COMERCIAL;RESPONSABLE TECNICO COMERCIAL
3795;COORD. DE VENTAS;COORD. MERCADEO Y VENTAS
3796;AIREADORES;ASIST. AIREADORES
3797;DIRECTOR DE INDEMNIZACIONES MOTOR;EJECUTIVO DE INDEMNIZACIONES MOTOR
3798;BIBLIOTECARIA/O;AUX. DE BIBLIOTECA
3799;SUPERVISOR DE CAMPO TECNICO;SUPERVISOR DE PERSONAL DE CAMPO
3800;COORDINADOR SERVICIO AL CLIENT;COORDINADOR SERVICIO TECNICO AL CLIENTE
3801;ASISTENTE DE DISTRIBUCION Y LOGISTICA;ANALISTA DE DISTRIBUCION Y LOGISTICA
3802;ASISTENTE JUNIOR DE FACTURACION;ASISTENTE FINANCIERO FACTURACION SENIOR
3803;GERENTE DE LOGISTICA Y PROYECTOS;JEFE DE PROYECTOS LOGISTICOS
3804;TECNICO EN ALIMENTADORES AUTOMATICOS AQ1;TRABAJADOR ACUICOLA- TECNICO DE ALIMENTADORES AUTOMATICOS AQ1
3805;JEFE DE CONTROL INTERNO Y OFICIAL DE RIESGOS;COORDINADOR DE RIESGOS Y CONTROL INTERNO
3806;SERVICIO AL CLIENTE;ATENCION CLIENTES
3807;CAMARERA/ AMA DE LLAVES;CAMARERA/AMA DE LLAVES
3808;ANALISTA DE DESARROLLO ORGANIZACIONAL;ANALISTA DE DESARROLLO ORGANIZACIONAL (3)
3809;TESORERO GENERAL;TESORERO REGIONAL
3810;JEFE DE INFRAESTRUCTURA Y CALIDAD;JEFE DE INFRAESTRUCTURA Y SISTEMAS
3811;ASISTENTE DE OPERACIONES Y FACTURACION;ASISTENTE OPERATIVO DE SERVICIOS - FACTURACION
3812;ANALISTA DE RIESGOS SENIOR;ANALISTA SENIOR GESTION DE RIESGOS Y CUMPLIMIENTO
3813;VICEPRESIDENTE ADMINISTRATIVO;VICEPRESIDENTE OPERATIVO
3814;ANALISTA SENIOR DE FINANZAS;ANALISTA SENIOR DE GESTION
3815;MAQUINISTA 5;MAQUINISTA 6
3816;GERENTE DE ESTRATEGIA Y NEGOCIOS;GERENTE DE PLANEACION Y ANALISIS ESTRATEGICO
3817;JEFE COMERCIAL REGION COSTA;JEFE ZONAL DE VENTAS COSTA
3818;OPERADOR DE BOMBAS;MECANICO OPERADOR DE BOMBAS
3819;DOCENTE DE ARTE;DOCENTE ARTE
3820;ANALISTA DE SOPORTE TI;ANALISTA DE SOPORTE Y SEGURIDADES TI
3821;HR & PAYROLL ASSISTANT;HR & PAYROLL COORDINATOR
3822;RESPONSABLE DE ASEGURAMIENTO DE CALIDAD;GERENTE DE GARANTIA DE CALIDAD
3823;JEFE DE COMUNICACION;JEFE DE COMUNICACION INTERNA
3824;TECNICO DE EQUIPOS MEDICOS;OPERADOR DE EQUIPOS MEDICOS
3825;ANALISTA DE DESARROLLO;ANALISTA DE DESARROLLO JUNIOR
3826;COORDINADOR DE SISTEMAS Y TECNOLOGIAS;COORDINADOR DE SISTEMAS Y TELECOMUNICACIONES
3827;COORDINADOR DE PUBLICIDAD E IMAGEN;GERENTE DE IMAGEN Y COMUNICACION
3828;GERENTE DE REDES Y SERVICIOS;GESTOR DE INFRAESTRUCTURA DE REDES Y COMUNICA
3829;SUPERVISOR COMERCIAL;SUPERVISOR DE COMERCIAL
3830;GERENTE DE OPERACIONES Y PRODUCTIVIDAD;GERENTE DE PROCESOS PRODUCTIVOS
3831;DIRECTOR DE NEGOCIOS;DIRECTOR DE DESARROLLO DE NEGOCIOS
3832;GERENTE CONTABLE & FINANCIERA;GERENTE DE FINANZAS Y CONTABILIDAD
3833;COORDINADOR SERVICIOS ADMINISTRATIVOS;COORDINADOR ADMINISTRATIVO Y COBRANZAS
3834;SUPERVISOR DE RECURSOS HUMANOS;SUPERINTENDENTE DE RECURSOS HUMANOS
3835;JEFE DE DATOS;JEFA DE DATOS
3836;ANALISTA DE GESTION ADUANERA;LIDER DE GESTION ADUANERA
3837;COORDINADOR ADMINISTRATIVO CONTABLE;JEFE ADMINISTRATIVO CONTABLE
3838;DOCENTE DE INGLES PRIMARIA;DOCENTE DE INGLES DE SECUNDARIA
3839;OPERARIO DE YOGURT / MANJARES;OPERARIO DE YOGURT
3840;GERENTE DE INTELIGENCIA Y TECNOLOGIA;GERENTE DE TECNOLOGIA E INTELIGENCIA DE NEGOCIOS
3841;AUX SERVICIOS;AUX. SERVICIO
3842;COORDINADOR DE COMPRAS E INVENTARIOS;COORDINADOR DE COMPRAS Y PROYECTOS
3843;SUBJEFE RECURSOS HUMANOS;SUPERINTENDENTE DE RECURSOS HUMANOS
3844;COORDINADORA DE COMUNICACION Y MARCA;COORDINADORA DE COMUNICACION, MKT Y PUBLICIDAD
3845;ADMIN. TECNICO APLICACIONES;TECNICO EN ADMINISTRACION DE APLICATIVOS
3846;ANALISTA DE MANTENIMIENTO;ANALISTA DE SISTEMAS DE MANTENIMIENTO
3847;ANALISTA DE GESTION LOGISTICA;ANALISTA DE PLANEACION LOGISTICA
3848;ANALISTA INFRAESTRUCTURA Y REDES;JEFE DE INFRAESTRUCTURA Y REDES
3849;AUXILIAR DE MERCADEO;AUXILIAR DE MERCHANDISING
3850;COORDINADOR OPERATIVO DE PROYECTOS;COORDINADOR DE PROYECTOS E INNOVACION
3851;ASISTENTE A DE AUDITORIA;ASISTENTE DE AUDITORIA JR
3852;GERENTE DE CONTROL DE CALIDAD;INGENIERO DE CONTROL DE CALIDAD
3853;COORDINADOR DE EXPERIENCIA AL CLIENTE;COORDINADOR DE CUSTOMER EXPERIENCE
3854;ASISTENTE DE COMPRAS Y COMERCIO EXTERIOR;ASISTENTE DE COMERCIO EXTERIOR Y COMPRAS NACIONALE
3855;AYUDANTE DE REFRIGERACION;AUXILIAR DE REFRIGERACION
3856;JEFE DE PROYECTO;JEFE DE PROYECTOS REGIONAL
3857;COORDINADOR DE MKT;COORDINADOR MKT DE PRODUCTO
3858;SUPERVISOR DE CARTERA Y PRODUCTOS FINANCIEROS;JEFE DE PRODUCTOS FINANCIEROS Y CARTERA
3859;FIELD MANAGER;FIELDWORK MANAGER
3860;EJECUTIVO DE EXPORTACIONES;EJECUTIVO DE IMPORTACIONES
3861;AYUDANTE DE EXCAVACIONES PROFUNDAS;AYUDANTE DE EXCAVADORA
3862;ASISTENTE DISENO;ASISTENTE OPERATIVO DE DISENO
3863;ASISTENTE DE TALENTO HUMANO;ASISTENTE DE TALENTO HUMANO Y PROCESOS
3864;JEFE DE REPARACIONES;SUPERVISOR DE REPARACION
3865;MEDICO AUDITOR;MEDICO AUDITOR LIDER
3866;ASISTENTE DE SOPORTE A USUARIOS;AGENTE DE SOPORTE A USUARIOS
3867;SUPERVISOR RECEPCION;SUPERVISOR DE RECEPCION Y DESPACHOS
3868;COORDINADOR SENIOR DE PROYECTOS;COORDINADOR GENERAL DE PROYECTOS
3869;ASISTENTE DE MENSAJERIA;ASISTENTE DE MENSAJERIA Y SERVICIOS GENERALES
3870;AYUDANTE DE OPERARIO;AYUDANTE DE OPERADORES
3871;COORDINACION DE TRABAJOS EN CAMPO;COORDINADOR DE TRABAJOS EN CAMPO
3872;COORDINADOR DE ADMINISTRACION;COORDINADOR ADMINISTRATIVO Y C
3873;ANALISTA DE TALENTO HUMANO Y ADMINISTRAC;ANALISTA DE TALENTO HUMANO Y SERVICIOS GENERALES
3874;JEFE CALIDAD Y GESTION;JEFE DE CALIDAD E INNOVACION
3875;SALES MANAGER ECUADOR;SENIOR MANAGER SALES & SITE LEAD ECUADOR
3876;EJECUTIVA DE VENTAS JUNIOR;EJECUTIVO VENTAS JUNIOR
3877;LIDER COMERCIAL;LIDER COMERCIAL LITORAL
3878;INGENIERO DE SOFTWARE JUNIOR;ANALISTA DE SOFTWARE JUNIOR
3879;ANALISTA DE TALENTO HUMANO (NOMINA);PROFESIONAL DE TALENTO HUMANO Y NOMINA
3880;ASISTENTE METALMECANICA;AYUDANTE DE METALMECANICA
3881;AUDITOR DE COBRANZAS;AUDITOR DE COBRANZA
3882;AUXILIAR DE ALMACEN;ASISTENTE DE ALMACEN
3883;RESPONSABLE DE LABORATORIO;JEFE DE LABORATORIO Y CC
3884;DIRECTOR DE ADMISIONES;JEFE DE ADMISIONES
3885;JEFE DE TELECOMUNICACIONES;COORDINADOR DE TELECOMUNICACIONES
3886;ANALISTA DEL CENTRO DE ATENCION AL CLIENTE;ASISTENTE DE SOPORTE DEL CENTRO DE ATENCION AL CLIENTE
3887;JEFE DE AMBIENTE Y REGULATORIO;SUPERVISOR DE AMBIENTE Y PERMISOS
3888;COORDINADOR OPERACIONES TERRESTRES;JEFE DE OPERACIONES TERRESTRES
3889;JEFE DE POST VENTA;JEFE DE SERVICIO DE POST VENTAS
3890;ESPECIALISTA DE SISTEMAS;ESPECIALISTA DE SISTEMAS & TECNOLOGIA
3891;SACADORA CAJAS;SACADORA DE CAJAS
3892;ASISTENTE DE VENTAS, COMPRAS;ASISTENTE DE COMPRAS GENERALES
3893;ASISTENTE DE RESERVAS;ASISTENTE RESERVAS Y COBRANZAS
3894;COORDINADOR DE MARKETING Y SERVICIO AL CLIENTE;COORDINADOR DE MERCADO Y CLIENTES
3895;DIRECTOR DE MEDIOS;JEFE DE MEDIOS
3896;EJECUTIVA DE CUENTA SENIOR;EJECUTIVO DE CUENTA EMISION SENIOR
3897;DIRECTOR DE MARKETING;DIRECTOR DIGITAL DE MARKETING
3898;ANALISTA FINANCIERA SENIOR;ANALISTA SENIOR COMERCIAL FINANCIERO
3899;ING. CIVIL/TOPOGRAFO;INGENIERO TOPOGRAFO
3900;JEFE DE MARKETING Y VENTAS;JEFE DE MERCADO Y VENTAS
3901;EJECUTIVO DE TRAFICO Y CONTROL;JEFE DE TRAFICO Y CONTROL
3902;TECNICO DE MANTENIMIENTO T;TECNICO MANTENIMIENTO JUNIOR
3903;OFICIAL DE COMUNICACION;OFICIAL COMUNICACION
3904;DEPOT MANAGER;DEPOT SUPERVISOR
3905;AUXILIAR DE SERVICIOS GENERALES (ATENCION Y SERVICIO DE CAFETERIA);AUXILIAR DE SERVICIOS Y CAFETE
3906;GERENTE DE TRANSFORMACION DIGITAL;JEFE DE TRANSFORMACION DIGITAL Y T.I.
3907;COORDINADOR DE BODEGA GENERAL;ASISTENTE DE BODEGA GENERAL
3908;SUPERVISOR DE MECANICA;SUPERVISOR DE METALMECANICA
3909;JEFE DE CONTROL FINANCIERO;SUPERVISOR DE CONTROL FINANCIERO
3910;AUXILIAR DE CONTABLE;AUXILIAR CONTABLE DE BODEGA
3911;JEFE DE CUENTAS CLAVE;JEFE DE CUENTA CLAVE (EQ)
3912;ASISTENTE DE RIESGOS OPERATIVOS;ASISTENTE TECNICO DE RIESGOS
3913;ANALISTA DE CREDITO JUNIOR;ANALISTA DE GESTION Y CONTROL DE CREDITO
3914;EJECUTIVA DE FACTURACION;EJECUTIVO DE FACTURACION JUNIOR
3915;ASESOR TECNICO SENIOR START UP;COORDINADOR TECNICO SENIOR START UP
3916;JEFE DE COMUNICACION INTERNA;COORDINADOR/A DE COMUNICACION Y EVENTOS INTERNOS
3917;OPERADOR DE PARQUEADERO;AYUDANTE DE PARQUEADERO
3918;ANALISTA DE TESORERIA E IMPUESTOS;ANALISTA DE TESORERIA Y COBRANZAS
3919;EJECUTIVO DE PRICING;EJECUTIVO PRICING
3920;JEFE ASEGURAMIENTO CALIDAD;JEFE CALIDAD Y ACREDITACIONES
3921;JEFE DE GESTION OPERATIVA;GERENTE DE OPERACIONES Y PRODUCTIVIDAD
3922;OPERADOR DE LABORATORIO;OPERADOR ANALISTA LABORATORIO
3923;REPRESENTANTE COMERCIAL TECNICO;REPRESENTANTE TECNICO DE VENTAS SR
3924;SUPERVISOR DE RECEPCION;SUPERVISOR DE RECEPCION Y CAJAS
3925;DIRECTOR DE ADMISIONES;DIRECTORA DEPARTAMENTO ADMISIONES
3926;ASISTENTE ADMINISTRATIVO Y COMPRAS;JEFE ADMINISTRATIVA Y COMPRAS
3927;ANALISTA FINANCIERO JR;ANALISTA FINANCIERO I
3928;ASISTENTE DE MEDIOS DE PAGO;ASISTENTE DE LOGISTICA MEDIOS DE PAGO
3929;ASISTENTE DE POST VENTA;AYUDANTE DE POST-VENTA
3930;ASISTENTE DE DATOS;ASISTENTE DE DATA
3931;TECNICO DE HIGIENE;TECNICO S. E HIGIENE TRABAJO
3932;ASISTENTE DE TRANSMICIONES;ASISTENTE SERVICIOS TRANSACCIONALES
3933;ASISTENTE DE PAGOS;ASISTENTE DE COBRANZAS Y PAGOS
3934;COORDINADOR DE ANALISIS FINANCIERO;ASISTENTE PLANEACION Y ANALISIS FINANCIERO
3935;COORDINADOR GESTION DE CAMPO;GERENTE DE CAMPO
3936;ANALISTA DE COMPRAS Y ABASTECIMIENTO;ANALISTA DE COMPRAS BIENES Y SERVICIOS
3937;JEFE DE AUDITORIA Y CONTROL DE GESTION;GERENTE DE AUDITORIA FINANCIERA
3938;COMMERCIAL EXCELLENCE ASSOCIATE;COMMERCIAL EXCELLENCE COORDINATOR
3939;LIDER DE INFRAESTRUCTURA;LIDER DE INFRAESTRUCTURA Y PRODUCCION
3940;INSPECTOR DE PESCA;INSPECTOR DE RECURSOS PESQUEROS
3941;JEFE DE MERCADEO;JEFE DE MERCADEO JR.
3942;SUPERVISOR DE REFRIGERACION;SUPERVISOR DE FRIGORIFICO
3943;OPERADOR GENERAL;OPERADOR GENERAL 1
3944;COORDINADOR TI;CORDINADOR TI
3945;ASESOR SEGURIDAD INDUSTRIAL;DIRECTOR DE SEGURIDAD INDUSTRIAL
3946;ASISTENTE ADMINISTRACION COMERCIAL;ASESOR COMERCIAL ADMINISTRATIVO
3947;DIGITADOR - A;DIGITADOR - B
3948;VENDEDOR SEMI SENIOR;VENDEDOR SENIOR INTERNO
3949;REGIONAL GENERAL MANAGER;REGIONAL MANAGER
3950;COORDINADOR DE MANTENIMIENTO MECANICO;COORDINADOR/A OPERATIVO/A DE MANTENIMIENTO
3951;TECNICO TALLER;TECNICO SENIOR TALLER
3952;COORDINADOR DE CAJAS;COORDINADOR DE CONTROL DE CAJAS
3953;ESPECIALISTA CALIDAD;ESPECIALISTA CONTROL CALIDAD
3954;COORDINADOR DE TERMINAL;OPERADOR DE TERMINAL
3955;AUXILIAR SERV GENERALES;AUXILIAR 2 DE SERVICIOS GENERALES
3956;COORDINADOR DE URBANISMO;SUPERVISOR DE URBANISMO
3957;ANALISTA DE PLANIFICACION DE L;ANALISTA DE PLANIFICACION FINA
3958;MENSAJERO MOTORIZADO;MENSAJERO MOTORIZADO1
3959;TECNICO DE MISION MEDICA;TECNICO NACIONAL DE MISION MEDICA
3960;COORDINADOR DE INFRAESTRUCTURA Y SEGURIDAD;COORDINADOR DE OPERACIONES E INFRAESTRUCTURA
3961;ANALISTA DE OPERACIONES;ANALISTA DE OPERACIONES JR
3962;TECNICO ASESOR MECANICO DIESEL 1;TECNICO MECANICO DIESEL
3963;OFICINISTA 1;OFICINISTA 2
3964;COBRADOR/FACTURADOR/RECAUDADOR/ENCUESTADOR;COBRADOR / RECAUDADOR / FACTURA
3965;DIRECTOR DE INDEMNIZACIONES;EJECUTIVO(A) DE INDEMNIZACIONES
3966;ASISTENTE FISCALIZADOR;AUXILIAR DE FISCALIZACION
3967;AUXILIAR DE BODEGA PT;AUXILIAR DE BODEGA 1
3968;COORDINADOR DE SERVICIO AL CLIENTE;COORDINADOR/A SOPORTE AL USUARIO
3969;SECRETARIA - OFICINISTA;SECRETARIA DE OFICINA
3970;INSTALADOR DE SISTEMAS;INSTALADOR DE DISPOSITIVOS
3971;ANALISTA DE COMUNICACION Y MARKETING;ESPECIALISTA DE MARKETING Y COMUNICACION
3972;CALIBRADOR NIVEL 1;CALIBRADOR NIVEL 2
3973;ANALISTA DE COMUNICACION EXTERNA;ANALISTA DE COMUNICACION Y RELACIONAMIENTO
3974;ASISTENTE A DE CONTABILIDAD;ASISTENTE CONTABLE FINANCIERA
3975;OPERARIO/A DE BODEGA DE MATERIAL SECO;COORDINADOR/A OPERATIVO/A DE BODEGA DE MATERIAL SECO
3976;GERENTE AREA TECNICA;LIDER DEL AREA TECNICA
3977;ASIST. ELECTROMECANICO;ASISTENTE ELECTROMECANICO
3978;ASISTENTE / AYUDANTE / AUXILIAR DE SERVI;ASISTENTE/AYUDANTE/AUX ADM
3979;ANALYST, HUMAN RESOURCES;HUMAN RESOURCES SENIOR ANALYST
3980;COORDINADOR CIBERSEGURIDAD;GERENTE DE CIBERSEGURIDAD
3981;GERENTE DE PRODUCTO POSTPAGO;GERENTE DE PRODUCTO PREPAGO
3982;AYUDANTE DE SEGURIDAD;AYUDANTE SUPERVISOR SEGURIDAD
3983;JEFE DE DESPACHO Y DISTRIBUCION;COORDINADOR DE DESPACHO Y DISTRIBUCION
3984;COORDINADOR CALIDAD;COORDINADOR DE CALIDAD Y MANTENIMIENTO
3985;AUXILIAR IMPORTACIONES;AUXILIAR OPERATIVO DE IMPORTACIONES
3986;ASISTENTE ADMINISTRATIVA- RECEPCION;RECEPCIONISTA ADMINISTRATIVA
3987;COORDINADOR ADMINISTRATIVO DE PROYECTO;COORDINADOR GENERAL DE PROYECTOS
3988;COORDINADOR DE BODEGA INDUSTRIAL;ENCARGADO DE BODEGA INDUSTRIA
3989;AUXILIAR DE CULTURA Y DESARROLLO ORGANIZACIONAL;JEFE DE CULTURA Y DESARROLLO ORGANIZACIONAL
3990;JEFE DE MATERIALES;JEFE GESTION MATERIALES
3991;JEFE ADMINISTRATIVO Y CREDITO;JEFE DE ADMINISTRACION DE CREDITO
3992;GERENTE OPERATIVO / PRODUCCION CONTACT CENTER;OPERADOR DE CONTACT CENTER
3993;ARQUITECTO;ARQUITECTO -A
3994;ASISTENTE DE CLIENTES Y SERVICIOS;ASISTENTE SERVICIO AL CLIENTE Y OPERACIONES
3995;AUXILIAR CONTABLE 1;AUXILIAR CONTABLE 3
3996;ANALISTA PRODUCTIVIDAD Y CONTROL ORGANIZACIONAL;COORDINADOR PRODUCTIVIDAD Y CONTROL ORGANIZACIONAL
3997;ASISTENTE COMERCIAL (AC);ASISTENTE COMERCIAL SAC
3998;ANALISTA PROYECTO ELECTRICO;ANALISTA SENIOR ELECTRICO
3999;SUPERVISOR BODEGA;SUPERVISOR BODEGA PT
4000;ASISTENTE DE BACKOFFICE;ASISTENTE DE OPERACIONES BACK OFFICE
4001;JEFE DE REDES;JEFE EN REDES II
4002;CODIFICADOR;CODIFICADOR 1
4003;COORDIANDORA DE PLANIFICACION;COORDINADOR DE PLANIFICACION Y PRESUPUESTO
4004;COORDINADOR TRIBUTARIO;COORDINADOR CORPORATIVO TRIBUTARIO
4005;JEFE (A) DE INFRAESTRUCTURA;JEFE DE INFRAESTRUCTURA Y DISENO
4006;OPERADOR PREPARACION;OPERARIOS DE PREPARACION
4007;ANALISTA DE FARMACOVIGILANCIA;ASESOR MEDICO FARMACOVIGILANCIA
4008;ASISTENTE DE BODEGA REPUESTOS Y ACCESORIOS;ASISTENTE DE BODEGA DE ACCESORIOS Y B&P
4009;AUDITORIA MEDICA;AUDITORA MEDICA
4010;GERENTE DE TALENTO HUMANO Y CULTURA ORGANIZACIONAL;JEFE DE TALENTO HUMANO, CLIMA, CULTURA Y DESARROLLO ORGANIZACIONAL
4011;JEFE COMPRAS;JEFA DE COMPRA
4012;ASISTENTE SENIOR;ASISTENTE SENIOR BACK UP
4013;ANALISTA DE PROCESOS Y EXCELENCIA;JEFE DE PROCESOS Y EXCELENCIA
4014;EJECUTIVO DE CENTRO DE SERVICIO;ENCARGADO CENTRO DE SERVICIOS
4015;ASISTENTE A DE AUDITORIA;AUXILIAR DE AUDITORIA
4016;ASISTENTE ADMINISTATIVO;ASISTENTE ADIMINISTRATIVO
4017;JEFE DE DESPACHO;JEFE DESPACHO
4018;MECANICO DE EQUIPO PESADO;MECANICO DE EQUIPOS
4019;LIDER COMERCIAL;LIDER GESTION COMERCIAL
4020;GESTOR DE INCIDENTES TECNICO;GESTOR DE INCIDENTES TECNICO (NIVEL 1)
4021;ASISTENTE DE OPERACIONES DRY;SUPERVISOR DE OPERACIONES DRY
4022;ASISTENTE ADMINISTRATIVA Y RH;ASISTENTE ADMINISTRATIVA Y RRH
4023;TECNICO UIO;TECNICOS UIO
4024;PRESIDENCIA;PRESIDENTE(A)
4025;ASISTENTE DE PRODUCCION MICROINGREDIENTES;JEFE DE PRODUCCION MICROINGREDIENTES
4026;JEFE DE INDEMNIZACIONES;DIRECTOR DE INDEMNIZACIONES
4027;COORDINADOR DE RIESGOS;COORDINADOR RIESGO DEL ENTORNO
4028;DIRECTORA DE OPERACIONES Y SERVICIO;DIRECTORA OPERATIVA
4029;AYUDANTE DE FUNDICION;AYUDANTE FUNDIDOR
4030;AUDITORA INTERNA;AUDITORIA INTERNA
4031;GERENTE ADMINISTRATIVA Y DE RECURSOS HUMANOS;COORDINADORA DE RECURSOS HUMANOS Y ADMINISTRATICO
4032;ASISTENTE ADMININISTRATIVO;ASISENTE ADMINISTRATIVO
4033;ASISTENTE BIBLIOTECA;COORDINADOR BIBLIOTECA
4034;COORDINADOR DESPACHOS;COORDINADOR DESPACHOS 1
4035;SUPERVISOR DE LEGAL Y CUMPLIMIENTO;SUPERVISOR DE CUMPLIMIENTO
4036;JEFE DE ANALISIS DE CREDITO;JEFE DE ANALITICA DE DATOS CREDITICIOS
4037;JEFE DE PLANEACION FINANCIERA Y TESORERIA;JEFE DE PLANIFICACION FINANCIERA Y COSTOS
4038;ASISTENTE PROVEDURIA;AYUDANTE DE PROVEDURIA
4039;ASISTENTE DE COORDINACION Y LOGISTICA;COORDINADOR LOGISTICO SERVICIO AL CLIENTE
4040;ASESOR SERVICIO MECANICA;MECANICO DE SERVICIOS
4041;AUDITOR INTERNO SENIOR;AUDITOR INTERNO JUNIOR
4042;AUXILIAR COCINA;AUXILIARES DE COCINA
4043;ANALISTA OPERACIONES;ANALISTA PROGRAMACION OPERACIONES
4044;ANALISTA CONTROL FINANCIERO;ASISTENTE CONTROL FINANCIERO
4045;EC_SUPERVISOR DE MANTENIMIENTO;SUPERVISOR DE MANTENIMIENTO EL
4046;COORDINADOR DE STEWARDSHIP;COORDINADOR(A) DE STEWARDS
4047;OPERADOR DE PROCESO;OPERADOR DE CONTROL DE PROCESO
4048;SECRETARIA 3;SECRETARIA 4
4049;SUBGERENTE DE FACULTAIVOS;SUBGERENTE DE FACULTATIVOS
4050;ANALISTA DE MOVILIDAD INTERNACIONAL;ANALISTA TRANSPORTE INTERNACIONAL
4051;JEFE DE EJECUCION Y GESTION DE ESTRATEGIA;JEFE DE EJECUCION Y GESTION DE LA ESTRATEGIA/BI
4052;JEFE CONTABLE FINANCIERO;JEFE DE CONTOL FINANCIERO
4053;ANALISTA DE BIENESTAR SOCIAL;ANALISTA DE BIENESTAR SOCIAL & SSO
4054;ASISTENTE DE PRODUCCION Y CALIDAD;ANALISTA DE CALIDAD DE PRODUCCION
4055;JARDINERO 1;JARDINERO 2
4056;SUPERVISOR DE ALMACEN;COORDINADOR ALMACEN
4057;FINANCIAL PLANNING & ANALYSIS ANALYST;SENIOR ANALYST, FINANCIAL PLANNING AND ANALYSIS
4058;GERENTE NACIONAL DE CREDITO;GERENTE NACIONAL DE CREDITOS Y COBRANZAS
4059;COORDINADOR DE SEGURIDAD INDUSTRIAL Y AMBIENTE;COORDINADOR DE SISTEMA DE GESTION Y SEGURIDAD INDUSTRIAL
4060;ADMINISTRADOR FINANCIERO;ADMINISTRADORA FINANCIERA
4061;COORDINADOR DE INNOVACION;COORDINADOR DE PROYECTOS E INNOVACION
4062;JEFE VENTAS MAYORISTA;JEFE VENTAS POR MAYOR
4063;JEFE DE INGENIERIA DE DATOS;COORDINADOR DE INGENIERIA DE DATOS
4064;GERENTE DE MANTENIMIENTO Y OPERACIONES;GERENTE DE MANTENIMIENTO Y TALLERES
4065;JEFE DE EXPERIENCIA AL CLIENTE;JEFE DE EXPERIENCIA AL CONSUMIDOR
4066;ANALISTA DE GESTION DE NOMINA;ANALISTA DE PROCESOS DE NOMINA
4067;JEFE DE OPERACIONES Y CALIDAD;JEFE DE OPERACIONES Y PRODUCTO
4068;JEFE DE VENTAS ZONA SUR;JEFE DE VENTAS - REGIONAL NORTE
4069;COORDINADOR AREA MANTENIMIENTO;COORDINADOR MANTENIMIENTO SEGUNDO TURNO
4070;TUTORA DE DECIMOS DE BASICA;TUTORA DE DECIMOS DE BASICA/DOCENTE
4071;GERENTE MARKETING;GERENTE COMERCIAL & MARKETING
4072;ANALISTA GESTION AMBIENTES Y VERSIONAMIENTO;JEFE GESTION AMBIENTES Y VERSIONAMIENTO
4073;ASISTENTE DE CLINICAS ODONTOLOGICAS;AUXILIAR DE LA CLINICA ODONTOLOGICA
4074;GERENTE PRODUCTO;GESTOR DE PRODUCTO
4075;COORDINADOR OPERACIONES TERRESTRES;JEFE DE COORDINACION TERRESTRE
4076;JEFE DE SERVICIOS COMPLEMENTARIOS;SUBGERENTE DE SERVICIOS COMPLEMENTARIOS
4077;ANALISTA DE NEGOCIOS SENIOR;ANALISTA SENIOR SOPORTE COMERCIAL
4078;ASISTENTE COMERCIALIZACION Y VENTAS;ASISTENTE DE VENTAS CORPORATIVO
4079;JEFE DE MANTENIMIENTO DE PLANTA;JEFE DE BODEGA Y MANTENIMIENTO
4080;ASISTENTE COMERCIAL Y MARKETING;SECRETARIA / ASISTENTE DE COMERCIALIZACION Y VENTAS
4081;JEFE DE TRANSFERENCIA TECNOLOGICA;JEFE DE UNIDAD DE TRANSFERENCIA Y TECNOLOGIA
4082;JEFE DE FINANZAS;JEFE ADMINISTRACION Y FINANZAS
4083;SUPERVISOR DE CONTROL DE PROCESOS;SUPERVISOR DE PROCESOS INTERNOS
4084;ANALISTA SENIOR DE GERENCIA GENERAL;ANALISTA DE SECRETARIA GENERAL
4085;OPERADOR DE SOPLADO;OPERADOR SOPLADO
4086;CALIDAD;C. CALIDAD
4087;JEFE ADMINISTRATIVA COMERCIAL;JEFE COMERCIAL ADMINISTRATIVO DE IND.
4088;HR BUSINESS PARTNER;HR BUSINESS PARTNER COMERCIAL
4089;ASISTENTE 1 DE AUDITORIA;ASISTENTE DE AUDITORIA SR.
4090;EMPLEADO LIMPIEZA;TRABAJADOR DE LIMPIEZA
4091;TECNICO DE SEGURIDAD INDUSTRIAL;TECNICO SEGURIDAD INDUSTRIAL Y AMBIENTE
4092;TECNICO ELECTRICO Y REFRIGERACION;TECNICO ESPECIALISTA EN REFRIGERACION
4093;JEFE DE CULTIVO - SANIDAD VEGETAL;JEFE DE SANIDAD VEGETAL
4094;COORDINADOR ADMINISTRATIVO Y C;COORDINADOR JUNIOR DE ADMINISTRACION
4095;ASISTENTE AUXILIAR DE CONTABILIDAD;AUXILIAR O AYUDANTE DE CONTABILIDAD
4096;PROFESIONAL DE TERCER NIVEL/JEFE DE LABORATORIO;SUBJEFE DE LABORATORIO
4097;OBRERO DE LIMPIEZA;OBREROS DE LIMPIEZA
4098;ASISTENTE DE LOGISTICA / TRANSPORTE;ASISTENTE I DE COMERCIO & LOGISTICA
4099;ANALISTA DE DESARROLLO ORGANIZACIONAL;ANALISTA DE SELECCION Y DESARROLLO ORGANIZACIONAL
4100;ENTRENADOR DE GIMNASIO;ENTRENADOR DE GYM
4101;ESPECIALISTA DE SIA;ESPECIALISTA SENIOR DE SIA
4102;COORDINADOR (A) ADMINISTRATIVA;ASISTENTE COORDINACION ADMINISTRATIVA
4103;POST COSECHA;ASIST. POSTCOSECHA
4104;JEFE AREA LENGUA Y LITERATURA;COORDINADOR AREA LENGUA Y LITERATURA
4105;ASISTENTE DISTRIBUCION;AYUDANTE DE DISTRIBUCION
4106;COORDINADOR DE MANTENIMIENTO MECANICO;COORDINADOR MANTENIMIENTO Y METROLOGIA
4107;ASISTENTE ADMINISTRATIVO ADQUISICIONES;ASISTENTE DE ADQUISICIONES Y SERVICIOS GENERALES
4108;COORDINADOR DE BIENESTAR ESTUDIANTIL;COORDINADOR BIENESTAR ESTUDIANTIL SENIOR
4109;JEFE DE UNIDAD DE NEGOCIOS FINANCIEROS;GERENTE DE NEGOCIOS FINANCIEROS
4110;ANALISTA DE GARANTIAS Y SERVICIOS;ANALISTA DE REPUESTOS Y GARANTIAS INDUSTRIALES
4111;SUPERVISOR GENERAL ASEGURAMIENTO DE CALIDAD;GERENTE DE ASEGURAMIENTO DE CALIDAD, SISTEMAS DE GESTION Y SANITIZACION
4112;JEFE DE SEGURIDAD DE LA INFORMACION;JEFE DE SEG. DE LA INFORMACION
4113;ESPECIALISTA DE FACTURACION;ESPECIALISTA DE FACTURACION LOCAL
4114;AYUDANTE DE CARPINTERIA;AYUDANTE DE COCINA / CARNICERO
4115;AUXILIAR DE TALENTO HUMANO;ASISTENTE TECNICO DE TALENTO HUMANO
4116;AUXILIAR DE BODEGA DE MATERIAL DE EMPAQUE;AUXILIAR BODEGA MATERIALES Y REPUESTOS
4117;AUXILIAR DE SERVICIOS VARIOS;ASINTENTE/AUXILIAR DE SERVICIOS EN GENERAL
4118;GERENTE DE SEGURIDAD DE LA INFORMACION;GERENTE DE SEGURIDAD DE LA INFORMACION L4
4119;ANALISTA INFRAESTRUCTURA SISTEMAS;ANALISTA TECNICO INFRAESTRUCTURA
4120;AYUDANTE DE MAQUINAS;AYUDANTE DE MAQUINISTA
4121;JEFE DE TRANSFORMACION DIGITAL;JEFE DE TRANSFORMACION DIGITAL Y T.I.
4122;OPERADOR DE SERVICIOS SENIOR;OPERARIO DE SERVICIOS
4123;JEFE DE AUDITORIA;COORDINADOR AUDITORIA
4124;COORDINADOR DE CALIDAD DE SEMILLAS;JEFE DE CALIDAD DE SEMILLAS
4125;JEFE DE CORE NETWORKING Y SERVICE DELIVERY;LIDER DE ZONA CORE NETWORK Y SERVICE DELIVERY
4126;ASISTENTE TECNICA;ASISTENTE TECNICO I
4127;ANALISTA DE MARKETING DIGITAL;ANALISTA JR DE MARKETING DIGITAL
4128;LIDER DEL AREA TECNICA;LIDER TECNICO ESPECIALISTA
4129;DIRECCION GENERAL;SECRETARIA DE DIRECCION GENERAL
4130;ASISTENTE DE CONTABLE;ASISTENTE/ANALISTA CONTABLE
4131;JEFE SEGURIDAD;JEFE DE SALUD Y SEGURIDAD
4132;AGENTE DE CALL CENTER;ANALISTA DE CALL CENTER
4133;COORDINADOR DE MEDIOS DIGITALES;COORDINADOR DE MARCA Y MEDIOS DIGITALES
4134;GERENTE COMERCIAL Y PROYECTOS;GERENTE CORPORATIVO COMERCIAL Y DESARROLLO
4135;JEFE DE MERCADO Y VENTAS;JEFE VENTAS (DIRECTORES DE VENTAS, COMERCIALIZACION Y DESARROLLO)
4136;TECNICO PROGRAMADOR;OPERADOR DE TECNOLOGIA - PROGRAMADOR
4137;OPERADOR DE MOLINO;OPERADOR DE MAQ. (MOLINO)
4138;COORDINADOR DE PRESUPUESTO;COORDINADOR DE CONTROL PRESUPUESTARIO
4139;DIRECTOR DE INFORMACION Y TECNOLOGIA;DIRECTOR DE TECNOLOGIAS DE LA INFORMACION Y COMUNICACION
4140;ANALISTA DE MICROBIOLOGIA;ANALISTA DE MICROBIOLOGIA 2
4141;ANALISTA DE PRODUCCION SR;ANALISTA TECNICO DE PRODUCCION
4142;AYUDANTE ADMINISTRATIVA;ADMINISTRATIVO-ASISTENTE ADMINISTRATIVO
4143;ASISTENTE DE TECNICO EN SISTEMAS;ASISTENTE DE SISTEMAS Y COMUNICACIONES
4144;COORDINADOR DE CENTRO DE SERVICIO;ENCARGADO CENTRO DE SERVICIOS
4145;COORDINADORA TECNICA Y PEDAGOGICO;COORDINADOR TECNOPEDAGOCICO
4146;JEFE DE EQUIPOS Y MANTENIMIENTO;RESPONSABLE DE MANTENIMIENTO Y GESTION DE EQUIPOS
4147;PLANIFICADOR DE MEDIOS;PLANIFICADOR(A) DE MEDIOS
4148;COORDINADOR, PLANEACION FINANCIERA;JEFE DE PLANEACION FINANCIERA Y BUSINESS
4149;SUBGERENTE DE TECNOLOGIA Y OPERACIONES;SUBGERENTE DE TECNOLOGIA Y PROCESOS
4150;ANALISTA DE COMPRAS SENIOR;ESPECIALISTA SENIOR DE COMPRAS
4151;DIRECTOR DE INFORMACION Y TECNOLOGIA;DIRECTOR GENERAL DE TECNOLOGIAS DE LA INFORMACION Y TRANSFORMACION DIGITAL
4152;COORDINADOR DE RETAIL;COORDINADOR RETAIL
4153;ASISTENTE JEFE PRODUCCION;ASISTENTE OPERATIVO PRODUCCION
4154;ASISTENTE DE URBANISMO;COORDINADOR DE URBANISMO
4155;DOCENTE REEMPLAZO;DOCENTE REEMPLAZOS
4156;ASISTENTE ADMINISTRACION Y LOGISTICA;ASISTENTE DE COORDINACION Y LOGISTICA
4157;EJECUTIVO DE DISTRIBUCION;EJECUTIVO DE VENTAS DISTRIBUCION
4158;AUDITOR INTERNO JUNIOR;AUDITOR INTERNO SUPERVISOR
4159;JEFE DE AREA DE PRODUCCION / CALIDAD;JEFE AREA DE CALIDAD
4160;GERENTE ADMINISTRATIVO COMERCIAL;GERENTE ADMINISTRATIVO CORPORATIVO
4161;DIRECTOR DE BIENESTAR ESTUDIANTIL;JEFE DE BIENESTAR ESTUDIANTIL
4162;ESPECIALISTA DE COMUNICACION;ESPECIALISTA DE COMUNICACION DIGITAL
4163;ASESOR COMERCIAL ADMINISTRATIVO;AUXILIAR ADMINISTRATIVO COMERCIAL
4164;ANALISTA / PLANIFICADOR DE LA DEMANDA;ANALISTA DE COMPRAS Y PLANIFICACION DE LA DEMANDA
4165;TECNICO DE SOPORTE II;TECNICO DE SOPORTE MEDIO
4166;ASISTENTE COMERCIAL ADM;ASISTENTE ADM DE VENTAS
4167;OPERADOR CONTROL MASTER;OPERADOR MASTER
4168;COORDINADOR DE BODEGA INDUSTRIAL;COORDINADOR DE BODEGA Y CEDIS
4169;COORDINADORA ADMINISTRATIVA-CONTABLE;ASISTENTE COORDINACION ADMINISTRATIVA
4170;COORDINADOR DE LOGISTICA Y OPERACIONES;COORDINADOR DE LOGISTICA E INVENTARIOS
4171;JEFE DE PLANIFICACION Y CONTROL;COORDINADOR DE PLANIFICACION Y PROCESOS
4172;GERENTE DE INFORMACION Y TECNOLOGIA;GERENTE CORPORATIVO DE SISTEMAS DE INFORMACION
4173;CAJERA FACTURADORA;CAJERA FACTURADORA AGENCIA
4174;ASISTENTE DE PAUTAJE;ASISTENTE DE PAUTAJE/CONTINUIDAD
4175;ASISTENTE DE SERVICIO AL CLIENTE BA;ASISTENTE INTEGRAL DE SERVICIO AL CLIENTE
4176;JEFE TECNICO;JEFE TECNICO TALLER
4177;JEFE DE SISTEMAS INFORMATICOS;ASISTENTE DE SISTEMAS INFORMATICOS
4178;COORDINADOR DE CERTIFICACIONES;COORDINADOR DE VALIDACIONES
4179;ASISTENTE DE GERENCIA DE VENTAS;ASISTENTE ADM DE VENTAS
4180;COORDINADOR DE MEDIOS DIGITALES;COORDINADOR DE COMUNICACION DIGITAL
4181;INSPECTOR ASEGURAMIENTO DE CALIDAD;REVISOR - INSPECTOR CONTROL DE CALIDAD
4182;ANALISTA DE RIESGO;ANALISTA DE ADMINISTRACION DE RIESGOS
4183;ANALISTA DE INFORMACION;ANALISTA DE INFORMACION TECNICA
4184;DIRECTOR DE PROYECTOS;DIRECTOR DE OBRAS
4185;EMPLEADO DE MANTENIMIENTO;SUB-TECNICO DE MANTENIMIENTO
4186;COORDINATOR LOGISTICS & CUSTOMER SERVICE ECUADOR;CUSTOMER EXPERIENCE & LOGISTICS CHIEF ECUADOR
4187;JEFE DE COMPRAS Y LOGISTICA;JEFE IMPORTACION-LOGISTICA
4188;ANALISTA DE COMPRAS INTERNACIONALES;ANALISTA DE PLANEACION Y COMPRAS INTERNACIONALES
4189;SUPERVISOR DE POSCOSECHA;ASISTENTE TECNICO DE POSCOSECHA
4190;ANALISTA DE SINIESTROS;ANALISTA JUNIOR DE SINIESTROS
4191;SUPERVISOR DE BODEGA PT;SUPERVISOR BODEGA PT
4192;ASISTENTE DE AUDITORIA INTERNA;ANALISTA DE CONTROL Y AUDITORIA INTERNA
4193;ANALISTA PLANEADOR DE PRODUCCION;ASISTENTE DE PLANEACION DE LA PRODUCCION
4194;GERENTE DE EXPERENCIA DEL CLIENTE;GERENTE DE EXPERIENCIA DEL CLIENTE Y OPERACIONES
4195;VENDEDOR;VENDEDOR (C)
4196;ESPECIALISTA TD - SERVICIOS IT;ESPECIALISTA TD - SERVICIOS IT CORE
4197;GERENTE DE MANTENIMIENTO E INGENIERIA;GERENTE DE INFRAESTRUCTURA Y MANTENIMIENTO
4198;OPERADOR SIMON I;OPERADOR SIMON III
4199;SUB-GERENTE LOGISTICO;SUBGERENTE DE COMERCIO Y LOGISTICA
4200;COORDINADOR CONTROL INTERNO;COORDINADOR DE CONTROL INTERNO Y PROCESOS
4201;GERENTE ARQUITECTURA EMPRESARIAL;JEFE DE ARQUITECTURA EMPRESARIAL
4202;ASISTENTE DE INFORMES;ASESOR DE INFORMES
4203;JEFE DE MEDIOS;JEFE CORPORATIVO DE MEDIO
4204;ASISTENTE DE OFICINA DE PRESIDENCIA;ASISTENTE DESPACHO PRESIDENCIA
4205;ASISTENTE DE LOGISTICA INVERSA;JEFE DE LOGISTICA INVERSA
4206;JEFE DE ADQUISICIONES, CONTRATOS Y CONVENIOS;GERENTE DE CONTRATOS Y ADQUISICIONES
4207;EJECUTIVO DE VENTAS CANAL MODERNO;GERENTE DE VENTAS CANAL MODERNO
4208;ASISTENTE DE SISTEMAS;ASISTENTE DE SISTEMAS INFORMATICOS
4209;VENDEDOR SERVICIO;VENDEDOR SERVICIO TECNICO
4210;JEFE DE NEGOCIOS DE TARJETA DE CREDITO;JEFE OPERATIVO TARJETA DE CREDITO
4211;COORDINADOR DE CALIDAD Y MONITOREO;COORDINADOR DE DESARROLLO Y GESTION DE CALIDAD
4212;COORDINADOR DE RECLUTAMIENTO Y SELECCION;COORDINADOR RECLUTAMIENTO
4213;AUXILIAR DE LOGISTICA INVERSA;AUXILIAR DE LOGISTICA E INVENTARIOS
4214;GERENTE DE RIESGOS Y CUMPLIMIENTO;JEFE DE RIESGOS INTEGRALES Y CUMPLIMIENTO
4215;INGENIERO SENIOR DE MANTENIMIENTO;INGENIERO DE MANTENIMIENTO JUNIOR
4216;ANALISTA TECNICO DE CALIDAD;ANALISTA DE APLICACIONES Y CALIDAD
4217;COORDINADOR DE PRESUPUESTO;COORDINADOR DE PRESUPUESTOS Y LICITACIONES
4218;ANALISTA CORPORATIVO DE PLANIFICACION FINANCIERA;ANALISTA Y PLANIFICADOR FINANCIERO
4219;JEFE DE CONTABILIDAD (F);JEFE DE CONTABILIDAD Y REPORTING
4220;ANALISTA JUNIOR DE APLICACIONES;ANALISTA SENIOR DE APLICACIONES
4221;ENCARGADO DE MANTENIMIENTO;JEFE DE MANTENIMIENTO E INCIDENCIAS
4222;ASISTENTE AUXILIAR CONTABLE;ASISTENTE CONTABLE A
4223;JEFE DE FINANZAS;JEFE DE CONTROL Y CORDINACION FINANCIERA
4224;TRABAJADOR PRODUCCION;TRABAJADORES DE PRODUCCION
4225;VISITADOR MED-COSTA;VISITADOR MEDICO COSTA MEDITOTAL
4226;ASISTENTE ADMINISTRATIVO Y COMPRAS;ASISTENTE DE COMPRAS Y CONTABILIDAD
4227;SUPERVISOR MANTENIMIENTO FLOTA;SUPERVISOR DE FLOTA VEHICULAR
4228;INGENIERO JEFE;JEFE TECNICO INGENIERIA
4229;ANALISTA DE INGENIERIA DE PROCESOS;ASISTENTE DE INGENIERIA DE PROCESOS
4230;TRABAJADOR SOCIAL/AUXILIAR;TRABAJADOR(A) SOCIAL/ASIST. ADMINISTRATIVA
4231;SENIOR ANALYST, FINANCIAL PLANNING AND ANALYSIS;SENIOR FINANCE ANALYST
4232;ASISTENTE DE MARKETING;ASISTENTE VENTAS Y MARKETING
4233;INGENIERO DE INVESTIGACION Y DESARROLLO;INGENIERO DE DESARROLLO SR.
4234;ADMINISTRADOR DE MARKETING;ADMINISTRADOR DE VENTAS Y MARKETING
4235;JEFE DE FACTURACION;ASISTENTE DE FACTURACION JR
4236;ANALISTA MANTENIMIENTO;ANALISTA MANTENIMIENTO Y PROYECTOS
4237;GERENTE DE GESTION DE PRODUCCION;GERENTE DE PRODUCCION 生产经理
4238;DIRECTOR DE OPERACIONES CRV;SUPERVISOR DE OPERACIONES CRV
4239;CONSERJE DE SEGURIDAD;CONSERJE Y SEGURIDAD
4240;SUBGERENTE COMERCIAL QUITO;SUBGERENTE DE VENTAS QUITO
4241;GERENTE DE COMERCIALIZACION Y;GERENTE OPERATIVO Y VENTAS
4242;JEFE OPERATIVO - BODEGA;JEFE DE BODEGA CENTRAL
4243;ADM APOYO SENIOR (ANALISTA);ADM DE APOYO SENIOR (ANALISTA)
4244;RESPONSABLE TECNICO;RESPONSABLE AREA TECNICA
4245;ANALISTA DE CONTABILIDAD (CUENTAS POR PAGAR NOMINA);ANALISTA DE CONTABILIDAD (CUENTAS POR PAGAR PROVEEDORES)
4246;COORDINADOR DE DISTRIBUCION Y VENTAS;DIRECTOR DE DISTRIBUCION Y ALMACENES
4247;COORDINADOR DE CANALES COMERCIALES;JEFE DE CANALES COMERCIALES
4248;COORDINADOR DE BIENESTAR Y RESPONSABILIDAD SOCIAL;COORDINADOR DE BIENESTAR SOCIAL Y ASUME
4249;ASESOR COMERCIAL;ASESOR COMERCIAL (JR.)
4250;AUXILIAR TECNICO MECANICO;ASISTENTE TECNICO DE MECANIZADO
4251;GERENTE CORPORATIVO DE TALENTO HUMANO;GERENTE DE TALENTO
4252;JEFE RESPONSABILIDAD SOCIAL;JEFE RESPONSABILIDAD SOCIAL EM
4253;COORDINADORA OPERATIVA;COORDINADORA DE ADMINISTRACION OPERATIVA
4254;JEFE DE VENTAS MAQUINARIA;VENDEDOR MAQUINARIA
4255;BODEGUERO 3;BODEGUERO S3
4256;POSTCOSECHA;POSTOCOSECHA
4257;GERENTE DE SEGURIDAD FISICA;DIRECTOR DE SEGURIDAD FISICA
4258;CHOFER DE VEHICULOS DE EMERGENCIAS;CHOFER: DE VEHICULOS DE EMERGENCIA
4259;GERENTE ADMINISTRATIVA Y DE RECURSOS HUMANOS;GERENTE DE DESARROLLO HUMANO Y ADMINISTRACION
4260;ANALISTA CONTROL FINANCIERO;ANALISTA DE PLANEAMIENTO Y CONTROL FINANCIERO
4261;GESTOR DE CAMPO;GERENTE DE CAMPO
4262;JEFE DE SEGURIDAD SALUD Y AMBIENTE;SUPERVISOR DE SALUD, SEGURIDAD, AMBIENTE Y CALIDAD
4263;TECNICO DE MANTENIMIENTO PREDICTIVO;TECNICO MANTENIMIENTO PREVENTIVO
4264;ASISTENTE DE ATENCION AL CLIENTE Y OPERACIONES;ASISTENTE DE OPERACION Y EXPERIENCIA DE CLIENTES
4265;FIELD SERVICE ENGINEER;SR. FIELD SERVICE ENGINEER
4266;JEFE ENFERMERAS;JEFE ENFERMERIA
4267;COORDINADOR ADMINISTRATIVO DE CAMPAMENTO;ASISTENTE ADMINISTRATIVO DE CAMPAMENTO
4268;JEFE CUENTA CLAVE;JEFE (A) CUENTAS
4269;COORDINADOR DE FLOTA VEHICULAR;SUPERVISOR DE FLOTA VEHICULAR
4270;OPERARIO 2;OPERATIVO 2
4271;JEFE DE OPERACIONES AEREAS;JEFE DE OPERACIONES TERRESTRES
4272;AYUDANTE DE SEGURIDAD FISICA;AYUDANTE DE SEGURIDAD
4273;MENSAJERO CORPORATIVO;MENSAJERO INSTITUCIONAL
4274;JEFE DE PRODUCCION - A;JEFE DE PRODUCCION - B
4275;ASISTENTE COMPRAS Y LOGISTICA;ASISTENTE DE COMPRAS Y LOGISTICA 1
4276;ASISTENTE ADMINISTRACION CONTRATOS;ASISTENTE DE CONTRATOS
4277;SUBGERENTE DE TRABAJO COMUNITARIO;COORDINADOR SEMISENIOR DE TRABAJO COMUNITARIO
4278;GERENTE DE MARCA;GERENTE DE GRUPO DE MARCAS
4279;CONDUCTOR LOGISTICO;CONDUCTOR LOGISTICO SR.
4280;ANALISTA ASUNTOS REGULATORIOS;ANALISTA DE ASUNTOS REGULATORIOS CORPORATIVOS
4281;ASISTENTE DE COORDINACION TECNICA DE PROCESOS ACADEMICOS;COORDINADOR DE PROCESOS ACADEMICOS
4282;ANALISTA DE GESTION LOGISTICA;ANALISTA DE LOGISTICA INTERNACIONAL
4283;CAJERA RECEPCIONISTA;CAJERA-RECEPCIONISTA
4284;AYUDANTE DE COCINA;3. AYUDANTE DE COCINA
4285;COORDINADORA PROYTO;COORDINADORA/ PROYECTO
4286;DIRECTOR DE OPERACIONES Y FINANZAS;JEFE DE OPERACIONES Y FINANZAS
4287;DIRECTOR DE TECNOLOGIA DE LA INFORMACION;GERENTE REGIONAL TECNOLOGIAS DE LA INFORMACION
4288;GERENTE DE NUTRICION;JEFE DE NUTRICION
4289;COORDINADOR DE COBROS Y FACTURACION;COORDINADOR DE COBROS Y PAGOS
4290;AYUDANTE DE VENTAS UNB;VENDEDOR UNB
4291;ASESOR TECNICO JR;ASESOR TECNICO COMERCIAL JR
4292;AUXILIAR DE REPARACION Y MANTENIMIENTO DE EQUIPOS ESPECIALIZADOS PROPIOS DE LA INDUSTRIA;AYUDANTE DE ELECTRICISTA, MECANICO DE EQUIPOS ESPECIALIZADOS PROPIOS DE LA INDUSTRIA
4293;ANALISTA COMUNICACION;ANALISTA DE COMUNICACION DEL SERVICIO
4294;SUPERVISOR DE OPERACIONES PUERTO;ASISTENTE DE OPERACIONES PUERTOS
4295;INSTRUMENTISTA DEL SECTOR SALUD;INSTRUMENTISTA DEL SECTOR SALUD 1
4296;FULL STACK SR;FULL STACK SSR
4297;ENFERMERA;ENFERMERA/O
4298;ASISTENTE DE DIRECCION TECNICA;ASISTENTE DE DIRECCION TECNICA TEMPORAL
4299;COORDINADOR SENIOR DE PRODUCCION Y TECNOLOGIA;JEFE DE PRODUCCION SENIOR
4300;GERENTE DE LOGISTICA;EJECUTIVO DE OPERACION LOGISTICA
4301;AYUDANTE DE PLANTA ASFALTO;AYUDANTE DE MAQUINARIA/ PLANTA DE ASFALTO
4302;COORDINADORA DE SERV. CLIENTE;SECRETARIA SERVICIO AL CLIENTE
4303;ADMINISTRADOR;ADMINISTRADOR 1
4304;ASESOR LEGAL JR;ASISTENTE LEGAL JR
4305;JEFE DE VENTAS CORPORATIVO;JEFE PLANEACION Y ESTRATEGIA VENTAS
4306;ASISTENTE DE BODEGA BPT;AYUDANTE DE BODEGA BPTER
4307;CONTADOR JUNOR;CONTADOR SENIOR
4308;AUXILIAR DE MANTENIMIENTO SENIOR;GERENTE SENIOR DE MANTENIMIENTO
4309;ANALYTICS CONSULTANT - SPECIALIST;ANALYTICS CONSULTING MANAGER
4310;GERENTE DE RECURSOS HUMANOS - SSO;JEFE DE RECURSOS HUMANOS Y SSO
4311;ANALISTA AUDITORIA INTERNA;ANALISTA SR DE AUDITORIA
4312;JEFE DE SUPPLY CHAIN;SUPERVISOR DE SUPPLY CHAIN
4313;EJECUTIVA COMERCIAL SENIOR;EJECUTIVO COMERCIAL JUNIOR
4314;ASISTENTE DE EVALUACION Y DESARROLLO DOCENTE;ASISTENTE DE PLANIFICACION Y EVALUACION DE APRENDIZAJE
4315;INGENIERO DE INFRAESTRUCTURA TECNOLOGICA;TECNICO EN INFRAESTRUCTURA Y PLATAFORMAS TECNOLOGICAS
4316;ASISTENTE / AYUDANTE / AUXILIAR DE SERVICIOS TECNICO;ASISTENTE SOPORTE TECNICO
4317;AUX. GENERAL SERVICIOS;AUX. SERV.GENERALES
4318;JEFE PRODUCTO;JEFE_DE_PRODUCTO
4319;JEFE DE PRODUCCION Y LOGISTICA;JEFE DE PLANTA Y LOGISTICA
4320;INTEGRATION ENGINEER;INTEGRATIONS SR ENGINEER
4321;ASISTENTE DE PRESUPUESTO;AUXILIAR DE PRESUPUESTO
4322;EMPACADOR/CARGADOR 1;EMPACADOR/CARGADOR 3
4323;ANALISTA CONTROL CALIDAD;ESPECIALISTA CONTROL CALIDAD
4324;ANALYTICAL CONSULTANT;ANALYTICS CONSULTANT - SPECIALIST
4325;LIDER DE SERVICIO AL CLIENTE;JEFE DE EXCELENCIA AL CLIENTE
4326;ASISTENTE DE REDES;COORDINADOR DE REDES
4327;COORDINADOR DE CALIDAD DE SERVICIO;COORDINADOR DE EXCELENCIA DE SERVICIO
4328;COORDINADOR PROYECTO;DIRECTOR DE PROYECTO
4329;AYUD ADMINISTRADOR;AYUDANTE DE ADMINISTRACION
4330;OPERARIOS 1 DE BODEGA PUEMBO;OPERARIOS 1 DE MANTENIMIENTO PUEMBO
4331;AUXILIAR DE ARCHIVO Y DIGITALIZACION;AUXILIAR DE ARCHIVO DE DOCUMENTOS
4332;OPERADOR DE TERMOFORMADO;OPERADOR TERMOFORMADO 1
4333;GERENTE DE EXPORTACION;SUPERVISOR DE EXPORTACION
4334;ASISTENTE LOGISTICA Y MANTENIMIENTO;ASISTENTE DE LOGISTICA I
4335;ASISTENTE DE DISENO;ASISTENTE DE DISENO B
4336;DIRECTOR DE CARRERA DE INGENIERIA ELECTRICA;DIRECTOR DE CARRERA DE INGENIERIA ELECTRONICA
4337;COORDINADOR DE GESTION DE LA SALUD;JEFE DE GESTION DE LA SALUD
4338;JEFE PLANEACION DE PRODUCCION;SUPERVISOR DE PLANIFICACION EN PRODUCCION
4339;GERENTE REGIONAL SIERRA;GERENTE REGIONAL SIERRA / AUSTRO
4340;EJECUTIVO DE CANAL DIGITAL;JEFE DE CANAL DIGITAL
4341;MEDICO ESPECIALISTA EN RADIOLOGIA;MEDICO RESIDENTE DE RADIOLOGIA
4342;COORDINADOR DE RELACIONES INTERNACIONALES;GERENTE RELACIONES INTERNACIONALES
4343;JEFE DE INFRAESTRUCTURA Y COMUNICACIONES;ADMINISTRADOR DE INFRAESTRUCTURA Y COMUNICACIONES
4344;COORDINADOR ADMINISTRATIVO FINANCIERO;JEFE ADMINISTRATIVA Y FINANCIERA
4345;TECNOLOGO MEDICO SR - LABORATORIO;TECNOLOGO MEDICO-LABORATORIO
4346;SUPERVISOR DE OPERACIONES LOGISTICAS;SUPERVISOR EN LOGISTICA Y COMPRAS
4347;SUPERVISOR DE OPERACIONES PUERTO;SUPERVISOR DE PUERTO
4348;JEFE TRANSPORTE;SUPERVISOR DE TRANSPORTE
4349;ANALISTA COMERCIAL CORPORATIVO;ANALISTA COMERCIAL Y DE GERENCIA
4350;JEFE COMERCIAL Y SERVICIO;JEFE SERVICIOS OPERACIONES COMERCIALES
4351;COORDINADOR TECNICO DE EQUIPOS MEDICOS;TECNICO EQUIPO MEDICOS
4352;COORDINADOR DE ATENCION AL CLIENTE;RESPONSABLE DE ATENCION AL CLIENTE
4353;ANALISTA DE EVALUACION;ANALISTA DE EVALUACION DOCENTE
4354;COORDINADOR DE TALENTO HUMANO Y DESARROLLO ORGANIZACIONAL;SUPERVISORA DE DESARROLLO ORGANIZACIONAL Y TALENTO HUMANO
4355;ANALISTA DE MICROCREDITO;ANALISTA DE RIESGO DE MICROCREDITO
4356;GERENTE - REPRESENTANTE LEGAL;GERENTE DE LEGAL
4357;JEFE DE LEGAL Y COMPLIENCE;JEFE LEGAL Y DE CUMPLIMIENTO
4358;TRADE EXECUTION COORDINATOR;TRADE EXECUTION SPECIALIST
4359;GERENTE DE SISTEMA;SUB GERENTE DE SISTEMAS
4360;SUPERVISOR DE PESCA;SUPERVISOR DE RECEPCION DE PESCA
4361;SUPERVISOR DE IMPRENTA;SUPERVISOR DE IMPRENTA JR.
4362;ANALISTA DE COSTOS Y PRESUPUESTO;ANALISTA TECNICO DE PRESUPUESTO
4363;JEFE DE RECLAMOS;JEFE DE RECIBO
4364;ANALISTA DE SEGURIDAD DE INFORMACION;ANALISTA DE RIESGOS Y SEGURIDAD DE LA INFORMACION
4365;SUPERVISOR DE PACKAGING;SUPERVISOR DE PACKING
4366;JEFE DE ADMINISTRACION DE RECURSOS HUMAN;RESPONSABLE DE RECURSOS HUMANOS Y ADMINISTRATIVO
4367;SITE RELIABILITY ENGINEER;SENIOR SITE RELIABILITY ENGINEER
4368;COCINERO 2;2. COCINERO
4369;OPERADOR DE CARGADORA 4;OPERADOR DE CARGADORA 8
4370;ANALISTA DE INNOVACION;ASISTENTE DE INNOVACION
4371;TECNICO DE SISTEMA;TECNICO DE SISTEMAS SR.
4372;REPRESENTANTE DE VENTAS LIFE 2 SIERRA;REPRESENTANTE DE VENTAS LIFE 3 SIERRA
4373;ANALISTA COMERCIAL SENIOR;ANALISTA SENIOR SOPORTE COMERCIAL
4374;DIRECTOR GENERAL DE CUENTAS;DIRECTOR DE CUENTAS INTEGRALES
4375;CE BRAND MANAGER;EXECUTIVE CE BRAND MANAGER
4376;INGENIERO DISENO;INGENIERO DE DISENO JR
4377;OFICIAL DE SEGURIDAD;OFICIAL DE CUMPLIMIENTO DE SEGURIDAD
4378;INGENIERO INSPECTOR DE PROYECTOS 172;INGENIERO INSPECTOR DE PROYECTOS 283
4379;OFICIAL DE SERVICIO AL CLIENTE;OFICIAL DE SERVICIO AL CLIENTE Y SERVICIOS GENERAL
4380;ANALISTA DE CONTROL DE GASTO DE TRANSPORTE;SUPERVISOR DE CONTROL DE GASTO DE TRANSPORTE
4381;JEFE DE PRODUCCION LBPK;SUPERVISOR DE PRODUCCION LBPK
4382;ENCARGADO DE BODEGA;ENCARGADO DE BODEGA INDUSTRIA
4383;AUXILIAR DE GESTION DE CALIDAD;AUXILIAR DE GESTION DE LA CALIDAD DE SERVICIOS
4384;JEFE DE CUMPLIMIENTO;JEFE DE CONTROLES DE CUMPLIMIENTO
4385;ASIST. GERENCIA;ASIST.DE GERENCIA
4386;ASISTENTE ADMINISTRATIVO OPERACION;ASISTENTE ADMINISTRATIVO OPERATIVO JR.
4387;COORDINADOR BODEGA;COORDINADOR BODEGA COMERCIAL
4388;ASISTENTE ADM. PRODUCCION;ASISTENTE COORDINADOR DE PRODUCCION
4389;3. BODEGUERO;BODEGUERO 3
4390;ASISTENTE CONTABLE 2;ASISTENTE CONTABLE 4
4391;ANALISTA DE PROGRAMACION;ANALISTA DE APLICACIONES INFORMATICAS
4392;GERENTE DE LOGISTICA;GERENTE DE TRANSPORTE Y LOGISTICA
4393;JEFE DE CONTROL PRESUPUESTARIO;SUPERVISOR DE CONTROL PRESUPUESTAL
4394;TECNICO DE PROGRAMACION;DOCENTE DE PROGRAMACION
4395;ASISTENTE DE VENTAS Y LOGISTICA;ASISTENTE DE MERCADEO Y VENTAS
4396;JEFE DE CUENTAS POR PAGAR;LIDER DE CUENTAS POR PAGAR
4397;ASISTENTE DE INFRAESTRUCTURA Y PROYECTOS;COORDINADOR TECNICO INFRAESTRUCTURA Y SERV. ADM.
4398;ASISTENTE SENIOR AUDITORIA;SENIOR DE AUDITORIA 1
4399;ASIST/AUX. ADMINISTRATIVO;AUX. ADMINISTRATIVO (F)
4400;JEFE DE BODEGA DE INSUMOS Y REPUESTOS;JEFE DE INSUMOS, EMPAQUES Y REPUESTOS
4401;ADMINISTRATION & MANAGEMENT ASSISTANT;ASSISTANT, ADMINISTRATIVE
4402;OPERADOR DE EXCAVADORA- RETROEXCAVADORA;OPERADOR EXCAVADORA
4403;AUXILIAR DE GESTION DE CALIDAD;AUXILIAR TECNICO CALIDAD
4404;GERENTE COMERCIAL NACIONAL;GERENTE COMERCIAL MERCADO NACIONAL
4405;ASISTENTE DE CONTABILIDAD FINANCIERO;ASISTENTE DIRECCION FINANCIERA
4406;ASESOR COMERCIAL SIERRA;ASESOR TECNICO COMERCIAL SIERRA
4407;OPERADOR CORTADORA;OPERADOR DE CORTADORAS
4408;COORDINADOR DE RELACIONES PUBLICAS;GERENTE DE RELACIONES PUBLICAS
4409;GERENTE OPERATIVO DE COMERCIO EXTERIOR;JEFE OPERATIVO COMERCIO EXTERIOR
4410;JEFE DISENO;JEFE_DE_DISENO
4411;3 MIRADOR;MIRADOR 3
4412;ELECTRICISTA 1;ELECTRICO 1
4413;COORDINADOR DE BODEGA GENERAL;JEFE ADMINISTRATIVO DE BODEGA
4414;ASISTENTE DE PASTOR;ASISTENTE PASTOR
4415;COORDINADOR DE DISTRIBUCI;COORDINADOR DE DISTRIBUCION ENVASADO
4416;PASTORALISTA BASICA;PASTORALISTA PRE BASICA
4417;ASISTENTE ADMINISTRATIVA Y COMERCIAL;ASISTENTE ADMINISTRATIVA Y VENTAS
4418;JEFE DE IMPORTACIONES Y PLANEACION DE LA DEMANDA;JEFE DE PLANIFICACION E IMPORTACIONES
4419;ASISTENTE DE ALMACEN Y LOGISTICA;ASISTENTE DE LOGISTICA Y SEGURIDAD
4420;JEFE CRM OPERACIONES;JEFE CRM DESARROLLO
4421;JEFE DE CONTABILIDAD Y COBRANZAS;JEFE/A DE CONTABILIDAD Y TRIBUTACION
4422;ASISTENTE DE DISENO Y COMUNICACIONES;AUXILIAR DE DISENO Y COMUNICACION
4423;GERENTE DE PLANIFICACION CONTROL Y GESTION;COORDINADOR(A) DE PLANEACION Y CONTROL GESTION
4424;LIDER REGIONAL BACK UP SMART FIT;LIDER REGIONAL SMART FIT
4425;ASISTENTE DE AUDITOR;ASISTENTE DE AUDITORIA 2
4426;SUPERVISOR DE CAMPO;SUPERVISOR DE MAN. CAMPO
4427;INGENIERO DEVOPS;INGENIERO DEVOPS II
4428;JEFE DE BODEGA Y COMPRAS;JEFE DE BODEGA Y ENTREGAS
4429;COORDINADOR DE PRICING;JEFE DE PRICING
4430;"CHOFER ""C"" REPARTO";"CHOFER ""E"" REPARTO"
4431;ANALISTA DE ADMINISTRACION DE DATOS;ANALISTA DE DATOS E INFORMACION
4432;VENDEDOR / DESPACHADOR;DESPACHADOR / PERCHERO/VENDEDOR
4433;ASESOR DE APLICACIONES LIS;ASESOR DE APLICACIONES LIS SENIOR
4434;COORDINADOR TECNICO DE MARCA;JEFE TECNICO DE MARCA
4435;ASIST. COBRANZA;ASIST.CR.COBRANZA
4436;COORDINADOR DE GESTION DE APLICACIONES;GERENTE DE APLICACIONES
4437;JEFE DE ENVASADO;COORDINADOR DE ENVASADO
4438;ANALISTA CASH;ANALISTA CASH OUT
4439;COORDINADOR ADMINISTRA;COORDINADOR ADMINISTRATIVO JR.
4440;ANALISTA DE PLANIFICACION DE DEMANDA Y ABASTECIMIENTO;ANALISTA DE INVENTARIO Y PLANEACION DE DEMANDA
4441;ASISTENTE DE REDES Y COMUNICACIONES;JEFE DE REDES Y COMUNICACIONES
4442;ASISTENTE DE CUSTOMER SERVICE;ASISTENTE TECNICO DE ATENCION AL CLIENTE
4443;EJECUTIVO JUNIOR DE CUENTAS DE SALUD;GERENTE DE CUENTAS DE SALUD
4444;ANALISTA DE I.T.;ANALISTA DE TECNOLOGIA INFORMATICA
4445;VICEPRESIDENTE DE FINANZAS Y ADMINISTRACION;VICEPRESIDENTE FINANZAS Y OPERACIONES
4446;JEFE COMPRA /IMPORTACIONES;JEFE DE COMPRAS Y ADQUISICIONES
4447;COORDINADOR TRANSPORTE;COORDINADOR TRANSPORTE PRIMARIO
4448;ASISTENTE DE PUBLICIDAD;ASISTENTE COMUNICACION Y MEDIOS DE PUBLICIDAD
4449;JEFE DE CIBERSEGURIDAD;ASISTENTE DE CIBERSEGURIDAD
4450;ANALISTA DE COMPRA;ANALISTA DE COMPRAS SR
4451;GERENTE DE SERVICIOS DE OPERACIONES;GERENTE DE OPERACIONES Y SERVICIO AL CLIENTE
4452;SUPERVISOR DE COSTOS;SUB COORDINADORA DE COSTOS
4453;JEFE DE MARKETING Y VENTAS;JEFE DE VENTAS Y PROYECTOS COMERCIALES
4454;AUXILIAR DE SERVICIOS GENERALES-CHOFER;CHOFER - AUX. SERVICIOS GENERALES
4455;AUXILIAR DE FACTURACION;AUXILIAR DE FACTURACION DE BODEGAJE
4456;HSE COORDINATOR;HSE COORDINATORS
4457;ANALYST - PRODUCT SUPPORT;PRODUCT ANALYST SUPPORT
4458;PROFESOR MEDIO TIEMPO - FAC. EMPRENDIMIENTO, NEGOCIOS Y ECONOMIA;PROFESOR TIEMPO COMPLETO - FAC. EMPRENDIMIENTO, NEGOCIOS Y ECONOMIA
4459;COORDINADOR DE COSTOS;COORDINADOR DE COSTO
4460;GERENTE SENIOR DE CONSULTORIA DE IMPUESTOS;DIRECTOR GENERAL DE CONSULTORIA DE IMPUESTOS
4461;JEFE DE BODEGA Y PESAJE;JEFE DE PRODUCCION Y BODEGA
4462;ASISTENTE ADMINISTRACION Y LOGISTICA;ASISTENTE DE PROGRAMACION Y LOGISTICA
4463;COORDINADOR SENIOR DE PRODUCCION;COORDINADOR SENIOR DE PRODUCCION Y TECNOLOGIA
4464;GERENTE CORPORATIVO DE RECURSOS HUMANOS;GERENTE SENIOR DE RECURSOS HUMANOS
4465;ANALISTA COMERCIAL JR;ANALISTA SENIOR SOPORTE COMERCIAL
4466;ANALISTA DE RIESGO TECNOLOGICO - PROYECTOS;JEFE DE RIESGO TECNOLOGICO - PROYECTOS
4467;ASISTENTE SISTEMA DE GESTION;ASISTENTE DE SISTEMA DE GESTION INTEGRADO
4468;MARINERO DE PRIMERA DE MAQUINAS;MARINERO DE PRIMERA DE MAQUINAS / MAQUINISTA
4469;JEFE DE OFICINA MANTA;JEFE DE SERVICIO MANTA
4470;ESPECIALISTA DE CUMPLIMIENTO 1;JEFE DE CUMPLIMIENTO 1
4471;GERENTE NACIONAL DE VENTAS CAMIONES;GERENTE NACIONAL DE VENTAS VEHICULOS
4472;JEFE DE SISTEMAS INTEGRADOS;JEFE DE SISTEMAS INTEGRAD
4473;JEFE DE PRODUCCION Y LOGISTICA;ASISTENTE DE PRODUCCION Y LOGISTICA
4474;AUXILIAR DE PRODUCCION ARTEMIA;TECNICO DE PRODUCCION ARTEMIA
4475;JEFE ADMINISTRADOR;JEFE DE ADMINISTRACION Y ASUNTOS COORPORATIVOS
4476;ASISTENTE DE RECUPERACION;ASESOR DE RECUPERACION
4477;TECNICO DE REFRIGERACION;TECNICO DE REPARACION DE REFRIGERADOS
4478;COORDINADORA DE VENTAS, SERVICIO AL CLIENTE Y PLANEACION;COORDINADORA VENTAS/SERVICIO AL CLIENTE
4479;ANALISTA ADM Y CONTABLE;ANALISTA CONTABLE IMPUESTOS
4480;GERENTE EXPERIENCIA DEL CLIENT;JEFE REGIONAL DE EXPERIENCIA DEL CLIENTE
4481;JEFE DE CALIDAD Y PROCESO;JEFE DE CALIDAD Y SISTEMAS DE GESTION
4482;ASIST ADM PLANTA;ASIST. PLANTA
4483;JEFE DE VENTAS REGIONAL;JEFE REGIONAL VENTAS
4484;ANALISTA DE COMUNICACION Y CULTURA;ANALISTA DE CULTURA Y COMUNICACION CORPORATIVA
4485;AUXILIAR ADMINISTRATIVA FINANCIERA;AUXILIAR ADMINISTRACION Y FINANZAS
4486;SUB GERENTE ADMINISTRATIVO;SUBDIRECTOR ADMINISTRATIVO
4487;JEFE DE ADMINISTRACION, FINANZAS Y PLANEACION;JEFE CORPORATIVO DE PLANIFICACION Y CONTROL
4488;COORDINADOR SENIOR DE COMUNICACIONES;ASISTENTE SENIOR DE COMUNICACION
4489;COORDINADORA DE FINANZAS Y CONTABILIDAD;COORDINADORA DE CONTABILIDAD Y TESORERIA
4490;JEFE DE TECNOLOGIA Y COMUNICACIONES;JEFE DE SISTEMAS Y COMUNICACIONES
4491;ANALISTA DE PROCESOS Y AUTOMATIZACION;ANALISTA DE PROCESOS (E)
4492;ASISTENTE DERECHO;ASISTENTE FAC. DERECHO
4493;SECRETARIO GENERAL - PROCURADOR;SECRETARIO PROCURADOR
4494;AUXILIAR DE MANTENIMIENTO DE EQUIPOS Y VEHICULOS;AUXILIAR DE SOPORTE Y MANTENIMIENTO
4495;ASISTENTE ADMINISTRATIVO SERVICIOS GENERALES;ASISTENTE ADMINISTRATIVO DE SERVICIO
4496;ASISTENTE DE COMPRAS M.P. 采购助理;ESPECIALISTA EN COMPRAS M.P. 采购助理
4497;COORDINADOR DE VENTA;COORDINADOR DE PUNTO DE VENTA
4498;COORDINADOR REGIONAL OPERACIONES;COORDINADOR DE OPERACIONES JR
4499;ASESOR DE VENTAS (R);ASESOR DE VENTAS SR.
4500;ANALISTA DE ALIANZAS;ANALISTA DE PLANEACION ALIANZAS
4501;ANALISTA DE PRODUCTIVIDAD;ANALISTA DE PRODUCTIVIDAD Y NOMINA
4502;ADMINISTRADOR INFRAESTRUCTURA;JEFE DE ADMINISTRACION DE INFRAESTRUCTUR
4503;EJECUTIVO DE CUENTA PROYECTOS;EJECUTIVO DE PROYECTOS NUEVOS
4504;EC_ANALISTA PLANIFICACION FINANCIERA;EC_ANALISTA SR. DE ADMINIST FINANCIERA
4505;SUPERVISOR TECNICO DE MANTENIMIENTO PREDICTIVO;TECNICO DE MANTENIMIENTO PREDICTIVO
4506;PILOTO AVIADOR;PILOTO DE AERONAVE
4507;ASESOR DE POST-VENTA;ASESOR DE POST VENTA
4508;ASISTENTE LIMPIEZA;ASISTENTE / AUXILIAR DE LIMPIEZA
4509;ASISTENTE DE ENTREGAS;ASESOR DE ENTREGAS
4510;COORDINADOR/A OPERATIVO/A DE CULTIVO DE ROSAS;OPERARIO/A DE CULTIVO DE ROSAS
4511;DIRECTOR EJECUTIVA;EJECUTIVA DE DIRECCION
4512;GERENTE DE VENTAS CANAL MODERNO;GERENTE DE VENTAS CANAL MODERNO Y FARMA
4513;ASISTENTE A;ASISTENTE B
4514;JEFE DE FINANCIERO;JEFE DE CONTROL Y CORDINACION FINANCIERA
4515;AYUDANTE DE JARDINERIA;AUXILIAR DE JARDINERIA 1
4516;GERENTE CONTROL DE GESTION;GERENTE CONTROL INTERNO
4517;COORDINADOR DE SERVICIOS GENERALES;COORDINADOR DE GESTION, CONTROL Y SERVICIOS GENERALES
4518;ASESOR DE CUENTAS CORPORATIVAS;CONSULTOR DE CUENTAS CORPORATIVAS
4519;GESTOR DE COBRANZA;GESTOR DE COBRANZA SAN GABRIEL
4520;ASISTENTE ADM.FINANCIERO SENIOR;ASISTENTE CONTROL FINANCIERO
4521;JEFE DE OPERACIONES SERVICIO;GERENTE OPERACIONES SERVICIO
4522;GERENTE SUPPLY CHAIN;GERENCIA SUPPLY CHAIN
4523;GERENTE SENIOR DE IMPUESTOS;COORDINADOR SENIOR DE IMPUESTOS
4524;FACTURACION;FACTURACION GENERAL
4525;JEFE DE CONTROL Y CORDINACION FINANCIERA;JEFE CONTROL FINANCIERO Y FINANZAS CORPO
4526;JEFE DE EXPORTACION E IMPORTACION;JEFE COMERCIAL DE EXPORTACIONES
4527;PAYROLL & COMPENSATIONS SUPERVISOR;PAYROLL ASSOC SUPERVISOR
4528;ANALISTA DE COMUNICACION Y DISENO;ANALISTA DE COMUNICACION Y RELACIONAMIENTO
4529;GERENTE DE OPERACIONES HE;GERENTE DE OPERACIONES HG
4530;INGENIERO DE INVESTIGACION Y DESARROLLO;INGENIERO DE INVESTIGACION Y DESARROLLO SENIOR
4531;GERENTE TECNOLOGIA DE INFORMACION;GERENTE DE TECNOLOGIA E INNOVACION
4532;ASISTENTE DE CONTROL;AUXILIAR DE CONTROL
4533;JEFE DE OPERACIONES CONTABLES;JEFE DE CONTABILIDAD Y CONTROL INTERNO
4534;OFICIAL SERVICIOS AL CLIENTE;OFICIAL SERVICIOS GESTION RELACION CON CLIENTES
4535;COORDINADOR DE OPERACIONES CRV;SUPERVISOR DE OPERACIONES CRV
4536;ASESOR DE PROCESOS;ASESOR / GESTOR DE PROCESOS (GP)
4537;EJECUTIVO INDEMNIZACIONES SENIOR;EJECUTIVO DE INDEMNIZACIONES VH SENIOR
4538;GERENTE DE SEGURIDAD;GERENTE DE SEGURIDAD INDUSTRIAL Y FISICA
4539;COORDINADOR DE BODEGA DE DESPACHOS;ASISTENTE DE BODEGA INVENTARIO DESPACHOS
4540;GERENTE SEGURIDAD;GERENTE TECNICO DE SEGURIDAD
4541;JEFE DE MEDIOS DE PAGO;JEFE DE MEDIOS DE PAGO Y CANALES
4542;COORDINADOR CORPORATIVO DE MARKETING;COORDINADOR DE EXCELENCIA DE MARKETING
4543;ASISTENTE COMERCIAL DE VENTAS;ASISTENTE COMERCIAL/MERCADERISTA
4544;BIONEGOCIOS COMMUNICATION ASSISTANT;BIONEGOCIOS COMUNICATION SPECIALIST
4545;COORDINADOR JUNIOR DE CONTABILIDAD;COORDINADOR SENIOR DE CONTABILIDAD
4546;CONSULTOR SNR SRT;CONSULTOR SRT
4547;SUBGERENTE DE SERVICIO;SUBGERENTE DE SERVICIO TECNICO
4548;COORDINADOR DE CONTROL Y PLANEAMIENTO FINANCIERO;COORDINADOR DE INFORMACION Y CONTROL FINANCIERO
4549;AYUDANTE DE LIMPIEZA Y MANTENIMIENTO;AYUDANTE DE LIMPIEZA Y MTTO
4550;WAREHOUSE COORDINATOR;WAREHOUSING & DISTRIBUTION COORDINATOR
4551;COORDINADOR LABORATORIO;COORDINADOR/A SR DE LABORATORIO
4552;COORDINADOR DE PLANIFICACION Y ASEGURAMIENTO DE LA CALIDAD;JEFE DE PLANIFICACION Y CALIDAD
4553;JEFE COMPRA /IMPORTACIONES;JEFE SENIOR DE COMPRAS
4554;AYUDANTE DEL SECTOR METALMECANICO 139;AYUDANTE DEL SECTOR METALMECANICO 274
4555;ANALISTA CONTABILIDAD;ANALISTA DE OPERACIONES CONTABLES
4556;AUXILIAR DE SERVICIOS GENERALES (ATENCION Y SERVICIO DE CAFETERIA);AUXILIAR DE SERVICIOS GENERALES Y CAMARERIA
4557;AUXILIAR DE PLANTA;AYUDANTE OPERARIO DE PLANTA
4558;ASISTENTE ADMINISTRATIVO PROYECTOS;ASISTENTE TECNICO DE PROYECTOS
4559;EJECUTIVO DE CUENTA EMISION JUNIOR;EJECUTIVO DE CUENTA EMISION SENIOR
4560;ANALISTA DE COSTO;ANALISTA CONTABLE COSTOS
4561;CAJERA - FACTURADORA;CAJERA COBRADORA OPERADORA FACTURADORA
4562;CONSULTOR DE VENTAS;CONSULTOR TECNICO DE VENTAS
4563;JEFE DE MEDIOS DIGITALE;JEFE DE CONTENIDO DIGITAL
4564;JEFE DE CUENTAS CLAVE;GERENTE DE CUENTAS CLAVE
4565;SECRETARIA DE RECTORADO Y VICERRECTORADO;SECRETARIA DE VICE-RECTOR
4566;JEFE TECNICA;JEFE DPTO TECNICO
4567;ASISTENTE DE CUIDADO;AUXILIAR DE CUIDADO
4568;JEFE DE MANEJO FORESTAL;SUPERVISOR DE MANEJO FORESTAL
4569;AYUDANTE MECANICA;AYUDANTE-MECANICA
4570;SUPERVISOR DE MANTENIMIENTO DE EQUIPOS;SUPERVISOR DE CONSTRUCCIONES Y MANTENIMIENTO
4571;JEFE DE GESTION DIGITAL;COORDINADOR DE GESTION DIGITAL
4572;ANALISTA DE PUBLICIDAD;ANALISTA SENIOR DE MARCA Y PUBLICIDAD
4573;JEFE DE DISENO GRAFICO;TECNICO DE DISENO GRAFICO
4574;DOCENTE DE ROBOTECH;DOCENTE ROBOTECH
4575;SUPERVISOR DE BODEGA MP;SUPERV. GENERAL DE BODEGA MP - PT
4576;GUEST RELATION MANAGER;GUEST RELATION OFFICER
4577;ESPECIALISTA DE AUDITORIA;ESPECIALISTA DE AUDITORIA Y PROCESOS
4578;COORDINADOR DE PROYECTOS TI;RESPONSABLE DE PROYECTOS DE TI
4579;COORDINADOR DE SISTEMA;COORDINADOR DE SISTE
4580;OPERARIO DE PRODUCCION / LIMPIEZA;OPERADOR LIMPIEZA DE FABRICA
4581;ANALISTA DE BIENESTAR;ANALISTA DE BIENESTAR SENIOR
4582;CADENERO 2;CADENERO 3
4583;MEDICO OCUPACIONAL III;MEDICO OCUPACIONAL IV
4584;ASISTENTE DE CONTABLE;ASISTENTE CONTABLE, CREDITO Y COBRANZA
4585;SUPERVISOR DE ADMINISTRACION DE PERSONAL;SUPERVISOR DE PERSONAL
4586;JUNIOR ASSISTANT OF COST CONTROL;SENIOR ASSISTANT OF COST CONTROL
4587;MANTENIMIENTO-TRABAJADOR GENERAL 5;MANTENIMIENTO-TRABAJADOR GENERAL 6
4588;ANALISTA DE RECLAMOS;ANALISTA DE RECPCION
4589;ASISTENTE ADMINISTRATIVO CALIDAD;ASISTENTE DPTO. CALIDAD
4590;JEFE DE DISENO Y DESARROLLO;COORDINADOR DE DISENO Y DESARROLLO
4591;JEFE OPERACIONES Y VENTAS;JEFE DE PLANEAMIENTO OPERATIVO Y VENTAS
4592;COORDINADOR VENTAS Y EXPO;COORDINADORA DE VENTAS Y EVENTOS
4593;GERENTE CORPORATIVO DE RECURSOS HUMANOS;JEFE DE RECURSOS HUMANOS CORPORATIVO
4594;COORDINADOR DE DISENO Y PROYECTOS;GERENTE DE PROYECTOS Y DISENO
4595;ANALISTA DE NOMINA Y CONTRATOS;ANALISTA DE CONTRATOS
4596;GERENTE REGIONAL SIERRA;GERENTE DE DIVISION SIERRA
4597;GERENTE DE DESARROLLO DE NEGOCIOS E INNOVACION TECNOLOGICA;GERENTE DE DESARROLLO DE SOLUCIONES TECNOLOGICAS
4598;GERENTE CORPORATIVO COMERCIAL Y DESARROLLO;GERENTE DE DESARROLLO EN VENTAS
4599;COORDINADOR DE CAPACITACION;RESPONSABLE DE CAPACITACION
4600;ASISTENTE JUNIOR CONTABILIDAD;ASISTENTE SEMI-SENIOR DE CONTABILIDAD
4601;TECNICO DE REPARACION Y MANTENIMIENTO DE EQUIPOS ESPECIALIZADOS PROPIOS DE LA INDUSTRIA;AUXILIAR DE REPARACION Y MANTENIMIENTO DE EQUIPOS ESPECIALIZADOS PROPIOS DE LA INDUSTRIA
4602;JEFE CALIDAD Y AMBIENTAL;JEFE DE CALIDAD Y SOSTENIBILIDAD
4603;ESPECIALISTA SAP;ESPECIALISTA COMERCIAL SAP
4604;GERENTE SENIOR DE SEGURIDAD;JEFE DE SISTEMA DE GESTION DE SEGURIDAD
4605;ANALISTA CREDITO;ANALISTA DE CREDITO REMEDIAL
4606;COORDINADOR DE CULTIVO Y PRODUCCION;COORDINADOR/A OPERATIVO/A DE CULTIVO
4607;AUXILIAR DE FACTURACION;AUXILIAR DE SERVICIO AL CLIENTE Y FACTURACION
4608;COORDINADOR SERVICIOS ADMINISTRATIVOS;COORDINADORA DE GESTION ADMINISTRATIVA
4609;ASISTENTE LEGAL;ABOGADO ASISTENTE
4610;RESPONSABLE DE ATENCION AL CLIENTE;ASISTENTE DEL CENTRO DE ATENCION AL CLIENTE
4611;DIRECTOR DE INFORMACION Y TECNOLOGIA;DIRECTOR DE TECNOLOGIA INFORMATICA
4612;COORDINADOR DE PROGRAMACION;SUPERVISOR DE PROGRAMACIO
4613;ASISTENTE CONTABLE;ASISTENTE CONTABLE GENERAL
4614;DISENADORA I;DISENADORA II
4615;JEFE DE SSO;JEFE DE LA UNIDAD DE SSO
4616;OPERADOR DE CAMARA DE COMPENSACION;OPERADOR DE CAMARA DE COMPENSACION E INDEXACION
4617;SUPERVISOR DE LOGISTICA INVERSA;JEFE DE LOGISTICA INVERSA
4618;ESPECIALISTA DE PRESUPUESTO;ESPECIALISTA DE PRESUPUESTO Y CONTROL
4619;COORDINADOR DE CONVENIOS Y VENTAS;COORDINADOR VENTAS Y EXPO
4620;ASISTENTE ADMINISTRACION COMERCIAL;ASISTENTE ADMINISTRATIVA ATENCION AL CLIENTE
4621;AYUDANTE OBRA;AYUDANTE OBRA G.
4622;CHOFER DE DIRECTORIO;CHOFER DE DIRECTORIO 2
4623;RESPONSABLE DE CREDITO Y COBRANZA;RESPONSABLE DE CREDITO
4624;AUXILIAR ADMINISTRATIVO (E);AUXILIAR ADMINISTRATIVO A&B
4625;CONTROLER FINANCIERO;COORDINADOR CONTROL FINANCIERO
4626;AYUDANTE DE ENVASADO;AYUDANTE DE ENVASADO A GR
4627;COORDINADOR DE ALMACEN DE MANTENIMIENTO;COORDINADOR DE COMPRAS DE MANTENIMIENTO
4628;JEFE DE INTELIGENCIA COMERCIAL;GERENTE DE INTELIGENCIA COMERCIAL
4629;COORDINADOR SISTEMAS INTEGRADOS;COORDINADORA TECNICA DE SISTEMAS INTEGRADOS
4630;PROFESOR TIEMPO COMPLETO DE LAS CARRERAS DE INGENIERIA CON CARGA DE GESTION ACADEMICA COMO COORDINADOR ACADEMICO ONLINE;PROFESORA TIEMPO COMPLETO DE LAS CARRERAS DE INGENIERIAS EN COMPUTACION CON CARGA EN GESTION ACADEMICA COMO COORDINADORA ACADEMICA ONLINE
4631;SUPERVISOR DE TRANSPORTE;SUPERVISOR DE TRANSPORTE Y ENTREGA
4632;ASISTENTE DE LOGISTICA Y COMPRAS;AUXILIAR DE LOGISTICA Y LIMPIEZA
4633;COORDINADOR DE DESARROLLO DE NUEVOS PRODUCTOS;COORDINADOR DE NUEVOS PRODUCTOS
4634;ANALISTA DE NOMINA Y COBRANZA;ANALISTA DE NOMINA Y COMISIONES
4635;JEFE DE CARGA;GERENTE DE CARGA
4636;TINTURADOR;TINTORERO
4637;ANALISTA SENIOR DE TESORERIA;ANALISTA TESORERIA Y FINANZAS
4638;COORD. DEL COMPLEJO DEPORTIVO;COORDINADOR COMPLEJO DEPORTIVO
4639;RESPONSABLE DE RECURSOS HUMANOS;RESPONSABLE DE RECURSOS HUMANOS Y ADMINISTRATIVO
4640;TECNOLOGA;TECNOLOGIA
4641;COORDINADOR DE MANTENIMIENTO MECANICO;COORDINADOR DE MANTENIMIENTO CORRECTIVO
4642;JEFE EXPORTACION;JEFE DE VENTAS EXPORTACION
4643;ANALISTA DE BUSINESS INTELLIGENCE;ASISTENTE DE BUSINESS INTELLIGENCE
4644;GERENTE DE NUTRICION Y FORMULACION;JEFE DE NUTRICION Y FORMULACION
4645;TECNICO DE IMAGENOLOGIA;TECNICOS/AUXILIARES DE IMAGENOLOGIA
4646;ASISTENTE ADM EN PRODUCCION;ASISTENTE ( DPTO. PRODUCCION )
4647;JEFE Y AFINES;JEFE Y/O AFINES
4648;GERENTE DE LOGISTICA;GERENTE DE LOGISTICA JR
4649;AUXILIAR 2 DE SECRETARIA TECNICA DE GESTION DOCUMENTAL Y ARCHIVO;AUXILIAR DE GESTION DOCUMENTAL Y ARCHIVO
4650;DIRECTOR DESARROLLO INSTITUCIONAL;JEFE DE DESARROLO INSTITUCIONAL
4651;ASISTENTE DE EMPAQUE;AYUDANTE DE EMPAQUE
4652;ANALISTA SENIOR DE OPERACIONES FINANCIERAS;ANALISTA SENIOR FINANCIERO ADMINISTRATIVO
4653;SUPERVISOR INSTALACION;SUPERVISOR TECNICA EN GENERAL E INSTALACION
4654;CHOFER REPARTIDOR;CHOFER REPARTIDOR BODEGA
4655;COORDINADOR DE PROYECTOS Y SERVICIOS;COORDINADOR SENIOR DE PROYECTOS
4656;ASISTENTE DE AUDITORIA SR.;ASISTENTE DE AUDITORIA TECNICA
4657;ANALISTA PLANEADOR DE PRODUCCION;PLANIFICADOR/A DE PRODUCCION
4658;GERENTE COMERCIAL GYE;GERENTE DE VENTAS GYE
4659;FRAUD MONITORING ANALYST;FRAUD PREVENTION ANALYST
4660;SUPERVISOR DE AREA;SUPERVISORES DE AREA
4661;SUPERVISOR DE FACTURACION Y COBRANZA;SUPERVISOR CREDITO, COBRANZA Y FACTURACION
4662;ABOGADO;ABOGADO SR.
4663;ASISTENTE ADMINISTRATIVA Y DE RRHH;ASISTENTE ADMINISTRATIVA Y RRH
4664;TECNICO AMBIENTE;TECNICA DE MEDIO AMBIENTE
4665;ANALISTA PROGRAMADOR;ANALISTA PROGRAMADOR G
4666;TRIPULANTE 1;TRIPULANTE 2
4667;COORDINADORA ACADEMICA DE GRADO FAC. DERECHO - ONLINE;PROFESORA TIEMPO COMPLETO DE LA ESC. DE DERECHO DE LA FAC. POSTGRADOS CON CARGA EN GESTION ACADEMICA COMO COORDINADORA ACADEMICA ONLINE
4668;COORDINADOR ADMINISTRATIVA;COORDINADORA DE RECURSOS HUMANOS Y ADMINISTRATICO
4669;JEFE DE INNOVACION Y MEJORA CONTINUA;JEFE DE ESTRATEGIA Y MEJORA CONTINUA
4670;TRABAJADOR ACUICOLA;TRABAJADOR ACUICOLA VARIOS
4671;COORDINADOR DE SOSTENIBILIDAD DE NEGOCIOS;DIRECTOR DE SOSTENIBILIDAD DE NEGOCIOS
4672;ASISTENTE DE PROYECTO;ASISTENTE / AYUDANTE DE PROYECTOS
4673;GERENTE TECNICO DE PRESUPUESTO, DESARROLLO Y CONTROL;JEFE DE PRESUPUESTO Y CONTROL DE GESTION
4674;COORDINADOR MANEJO DE INVENTARIO;COORDINADOR/A DE INVENTARIO
4675;EJECUTIVO DE VENTAS SENIOR;EJECUTIVO VENTAS SENIOR
4676;ASISTENTE DE VENTAS, DE TECNOLOGIA, DE COMPRAS, DE ADMINISTR;ASISTENTE_DE_ADMINISTRACION_Y_DESARROLLO_DE_VENTAS
4677;ELECTRICIAN;ELECTRICITY TECHNICIAN
4678;JEFE DE SEGURIDAD Y SALUD EN EL TRABAJO;JEFE DE SEGURIDAD EN EL TRABAJO Y AMBIENTE
4679;ESPECIALISTA COMPENSACIONES;ESPECIALISTA DE COMPENSACIONES Y DATOS
4680;SUPERVISOR ZONAL DE VENTAS;SUPERVISOR REGIONAL DE VENTAS
4681;REPRESENTANTE DE VISITA MEDICA;REPRESENTANTE DE VISITA MEDICA ESTANDAR
4682;OPERADOR DE MOLDES;OPERARIO LIMPIEZA MOLDES
4683;IMPULSADORA - MERCADERISTA;MERCA IMPULSADOR(A)
4684;DIRECTOR DE REASEGUROS ECUADORCOLOMBIA;EJECUTIVO DE REASEGUROS ECUADOR COLOMBIA
4685;EJECUTIVA DE SOPORTE;EJECUTIVO SOPORTE
4686;ASESOR COMERCIAL/ VENDEDOR;ASESOR COMERCIAL - COMERCIO
4687;SUPERVISOR CULTIVO;SUPERVISOR GENERAL CULTIVO
4688;ANALISTA DE ESTRATEGIA CORPORATIVA;ANALISTA DE ESTRATEGIA Y NEGOCIOS
4689;JEFE DE MANTENIMIENTO Y PRODUCCION;JEFE DE MANTENIMIENTO Y ADECUACIONES
4690;ASISTENTE ADMINISTRATIVO MT,EC;ASISTENTE ADMINISTRATIVO..D
4691;JEFE DE SEGURIDAD FISICA Y SSO;JEFE SEGURIDAD FISICA Y VIAL
4692;OPERADOR DE TORNO;OPERADOR DE TORNO SENIOR
4693;JEFE (A) DE INFRAESTRUCTURA;JEFE DE INFRAESTRUCTURA Y SEGURIDAD
4694;INGENIERO PROCESOS;INGENIERO PROCESOS IT
4695;JEFE DE MEDIOS DE PAGO;JEFE DE TARJETAS Y MEDIOS DE PAGO
4696;AYUDANTE DE MECANICA INDUSTRIAL;AYUDANTE DE METALMECANICA
4697;ASISTENTE DE FINANCIERO;ASISTENTE FINANCIERO - CONTABILIDAD
4698;SUBGERENTE COMERCIAL Y OPERACIONES;SUBGERENTE COMERCIAL Y SERVICIO
4699;ELECTRICISTA 2;ELECTRICISTA 4
4700;ASISTENTE ASUNTOS REGULATORIOS;ASISTENTE DE ASUNTOS REGULATORIOS Y COMERCIALES
4701;AUXILIAR COCINA;AUXILIAR DE COCINA 1
4702;JEFE DE VENTAS UIO;JEFE DE VENTAS COBERTURA UIO
4703;COORDINADOR DE PROYECTOS E INNOVACION;COORDINADOR DE MEJORAMIENTO E INNOVACION
4704;SALES SUPERVISOR;SALES AND MARKETING SUPERVISOR
4705;COORDINADOR DE APLICATIVOS;COORDINADOR DE GESTION DE APLICACIONES
4706;SUPERVISOR ROTATIVO 1;SUPERVISOR ROTATIVO 3
4707;ASISTENTE DE LOGISTICA DE TARJETA DE CREDITO;ASISTENTE DE LOGISTICA MEDIOS DE PAGO
4708;ASISTENTE DE GESTION 1;ASISTENTE GESTION ADMINISTRATIVA 1
4709;ASISTENTE BODEGA;ASISTENTE/ AUX BODEGA
4710;INGENIERO DESARROLLO;INGENIERO(A) DE DESARROLLO
4711;ANALISTA JURIDICO;ANALISTA DE APOYO JURIDICO
4712;VENDEDOR CANAL TRADICIONAL;VENDEDOR CANAL MAYORISTA
4713;ASESOR DE SERVCIO;ASESOR DE SERVICIOS A
4714;JEFE DE VENTAS Y PROYECTOS COMERCIALES;JEFE VENTAS (DIRECTORES DE VENTAS, COMERCIALIZACION Y DESARROLLO)
4715;ASISTENTE DE COMPRAS 2;ANALISTA DE COMPRAS 2
4716;SUPERVISOR DE MANTENIMIENTO PLANTA;SUPERVISOR DE PLANIFICACION DE MANTENIMIENTO DE PLANTA DE PROCESOS
4717;ANALISTA DE TECNOLOGIAS DEL ENTRETENIMIENTO;ESPECIALISTA DE TECNOLOGIAS DEL ENTRETENIMIENTO
4718;ASISTENTE ADMINISTRATIVA Y RECEPCION;ASISTENTE DE GESTION ADMINISTRATIVA Y SEGURIDAD
4719;ANALISTA DE INFRAESTRUCTURA TI;ANALISTA DE INFRAESTRUCURA TI
4720;AYUDANTE DE MECANICA AIREADOR;AYUDANTE DE AIREADORES
4721;GERENTE DE COMPRA Y FRUTA;JEFE DE COMPRA DE FRUTA
4722;PAR PEDAGOGICO 2;PAR PEDAGOGICO 3
4723;ANALISTA SENIOR PLANIFICACION Y CONTROL DE GESTION;ANALISTA SENIOR PLANIFICACION Y REPORTING
4724;PROFESOR ESTUDIOS SOCIALES;PROFESORA SEC ESTUDIOS SOCIALES
4725;CLIENT SOLUTIONS MANAGER;CUSTOMER SOLUTIONS MANAGER
4726;ANALISTA BANCA CORPORATIVA 8;ANALISTA BANCA CORPORATIVA6
4727;COORDINADOR DE DISENO Y DESARROLLO;DIRECTOR DE DISENO Y DESARROLLO
4728;ANALISTA DE INVESTIGACION Y SEGURIDAD FISICA;ANALISTA DE SEGURIDAD DE LA INFORMACION Y FISICA
4729;JEFE TERMINAL NORTE;JEFE TERMINAL SUR
4730;JEFE SERVICIO Y OPERACIONES;JEFE SERVICIOS OPERATIVOS SUCURSAL
4731;ASISTENTE DE GERENCIA DE CALIDAD;ASISTENTE ( CONT. CALIDAD )
4732;TRABAJADOR ACUICOLA - VARIOS;TRABAJADOR ACUICOLA - TRACTORISTA
4733;AUXILIAR DE EXHIBICION Y;AUXILIAR DE EXHIBICION Y ENTREGAS
4734;TECNICO DE PROCESOS;TECNICO DE PROCESOS Y CALIDAD
4735;TECNICO / OBRERO SENIOR;TECNICO SENIOR OPERACIONES
4736;JEFE DE AMBIENTE;JEFE DE AMBIENTE Y REGULATORIO
4737;COORDINADOR DE GESTION CORPORATIVA;JEFE DE GESTION CORPORATIVA
4738;BODEGUERO F3;BODEGUERO S3
4739;AYUDANTE DE BODEGA Y REPARTO;AYUDANTE DE BODEGA/TRANSPORTE
4740;ANALISTA DE TI INFRAESTRUCTURA Y REDES;ESPECIALISTA DE INFRAESTRUCTURA TI
4741;GERENTE DE DESARROLLO Y PLANIFICACION PROYECTOS;GERENTE DE INGENIERIA Y PROYECTOS
4742;ASISTENTE TECNICO UIO;ASIST. TECNICO ADM UIO
4743;ASESOR COMERCIAL EXPORTACION;ASESOR COMERCIAL IMPORT
4744;ANALISTA DE COMERCIO EXTERIOR Y COMPRAS;ANALISTA DE COMERCIO EXTERIOR SENIOR
4745;TECNICO AMBIENTAL;ASISTENTE TECNICO AMBIENTAL
4746;SUPERVISOR DE POSTCOSECHA;SUPERVISOR DE POSCOSECHA
4747;SUPERVISOR IMPORTACIONES;SUPERVISOR IMPORTACIONES CARGA
4748;ASISTENTE/COORDINACION DPTO. SOSTENIBILIDAD;JEFE DPTO SOSTENIBILIDAD
4749;ABOGADO SENIOR JURIDICO;ASESOR JURIDICO SENIOR
4750;JEFE DE RECURSOS HUMANOS REGIONAL;COORDINADOR JUNIOR DE RECURSOS HUMANOS
4751;ANALISTA DE MARKETING;ANALISTA ADMINISTRATIVO DE MARKETING
4752;RESPONSABLE FINANCIERA Y ADMINISTRATIVA;RESPONSABLE FINANCIERA Y CONTABLE
4753;ANALISTA DE ASEGURAMIENTO Y CONTROL DE CALIDAD;ANALISTA CONTROL CALIDAD
4754;ANALISTA ADMINISTRATIVA FINANCIERA;AUXILIAR ADMINISTRATIVA FINANCIERA
4755;JEFE DE TECNOLOGIA Y COMUNICACIONES;JEFE DE TECNOLOGIA, DESARROLLO Y COMUNIC
4756;ASISTENTE COMUNICACION Y MEDIOS DE PUBLICIDAD;ASISTENTE DE PUBLICIDAD/VENTAS
4757;JEFE DE CAMPO 1;JEFE DE CAMPO 2
4758;ASISTENTE FINANCIERO 3;AUXILIAR FINANCIERO 1
4759;ASISTENTE PUBLICIDAD Y MERCADEO;AUXILIAR EN MERCADEO Y PUBLICIDAD
4760;GERENTE TECNICA;GERENTE REGIONAL TECNICO
4761;COORDINADOR DE MANTENIMIENTO AUTOMOTRIZ;COORDINADOR AUTOMOTRIZ
4762;OPERADOR POLIFUNCIONAL;OPERADOR MULTIFUNCION
4763;COUNTRY SALES MANAGER;COUNTRY SALES DIRECTOR
4764;TECNOLOGO MEDICO;TECNOLOGO MEDICO/A
4765;ASISTENTE CORRESPONSALES Y MULTILATERALES;COORDINADOR CORRESPONSALES Y MULTILATERALES
4766;ASISTENDE ADMINISTRATIVO;ASISENTE ADMINISTRATIVO
4767;COBRADOR /RECAUDADOR/ FACTURADOR;FACTURADOR/ENCUESTADOR/COBRADOR/RECAUDADOR
4768;GERENTE DE DESARROLLO Y PLANIFICACION PROYECTOS;GERENCIA DE PROYECTOS
4769;ANALISTA DE PRICING;ANALISTA DE PRECIOS
4770;ASISTENTE DE VENTAS INSTITUCIONAL;ASISTENTE ADMINISTRATIVA Y VENTAS
4771;GERENTE CANAL TRADICIONAL;GERENTE DE CANAL TRADICIONAL
4772;ENCARGADO DE PESCA;ENCARGADO DE PESCAS
4773;DIRECTOR ADMINISTRATIVO;DIRECTOR DE SERVICIOS ADMINISTRATIVOS E INFRAESTRUCTURA
4774;COORDINADOR DE COBROS Y FACTURACION;COORDINADOR DE FACTURACION Y EMBARQUES
4775;ASISTENTE 2 - DE CONTABILIDAD;ASISTENTE B DE CONTABILIDAD
4776;JEFE DE COMUNICACION INTERNA;RESPONSABLE DE COMUNICACION INTERNA
4777;SUPERVISOR DE INNOVACION Y PLANIFICACION;SUPERVISOR DE MEJORAMIENTO E INNOVACION
4778;JEFE DE PROYECTO;LIDER DE GESTION DE PROYECTOS
4779;GERENTE DE MANTENIMIENTO;JEFE DE MANTENIMIENTO E INCIDENCIAS
4780;ASESOR COMERCIAL II;ASESOR COMERCIAL III
4781;ASISTENTE GESTION DE PERSONAL;ASISTENTE DE GERENCIA Y CONSEJOS
4782;JEFE DE PUBLICIDAD Y MERCADEO;JEFE MARKETING Y PROMOCION
4783;SUPERVISOR DE MANTENIMIENTO PLANEADO;SUPERVISOR DE MANTENIMIENTO AERONAUTICO
4784;GERENTE DE GESTION DE PRODUCCION;JEFE DE PRODUCCION Y CALIDAD
4785;ANALISTA DE MARKETING JR;ANALISTA DE MARKETING JUNIOR
4786;COORDINADOR DE RELACIONES INTERNACIONALES;DIRECTOR(A) RELACIONES INTERNACIONALES
4787;ESPECIALISTA DE RIESGO;ESPECIALISTA DE RIESGO PAIS
4788;ESPECIALISTA DE PRODUCTO CORPORATIVO Y ANALITICA DE DATOS;JEFE DE PRODUCTO CORPORATIVO Y ANALITICA DE DATOS
4789;INGENIERO DE PRODUCTOS QUIMICOS;INGENIERO/A QUIMICO/A
4790;INGENIERO DE INFRAESTRUCTURA Y REDES;INGENIERO DE SOPORTE INFRAESTRUCTURA
4791;COORDINADORA DE MERCADEO Y COMUNICACION;COORDINADORA GERENCIA DE MERCADEO
4792;ASESOR DE TRADE MARKETING;REPRESENTANTE DE TRADE MARKETING
4793;GESTOR DE ATENCION AL CLIENTE;GERENTE DE ATENCION A CLIENTES B2C
4794;JEFE DE POSTVENTA;GERENTE ZONAL DE POSTVENTA
4795;JEFE DE COMPRAS GENERALES;JEFE DE COMPRAS Y ALMACENAMIENTO
4796;AYUDANTE DE SOLDADOR;3. AYUDANTE DE SOLDADOR
4797;ASISTENTE DE FACTURACION JR;ASISTENTE DE FACTURACION FIN
4798;JEFE ASEGURAMIENTO DE CALIDAD;COORDINADOR SISTEMAS GESTION DE CALIDAD
4799;COORDINADOR DE ASEGURAMIENTO DE LA CALIDAD, SEGURIDAD Y MEDIO AMBIENTE;COORDINADOR DE PLANIFICACION Y ASEGURAMIENTO DE LA CALIDAD
4800;NETWORK ENGINEER;NETWORK PROJECT ENGINEER
4801;COORDINADOR DE GESTION DE NEGOCIO;GERENTE DE CONSULTORIA DE NEGOCIOS
4802;ANALISTA DE FACTURACION SENIOR;ASISTENTE FINANCIERO FACTURACION SENIOR
4803;COORDINADOR DE MARKETING Y DISENO;COORDINADOR DE MARKETING Y SERVICIO AL CLIENTE
4804;ASISTENTE I LEGAL;ASISTENTE ADM. LEGAL
4805;EJECUTIVO TECNICO DE OPERACIONES;RESPONSABLE TECNICO OPERACIONES
4806;ASISTENTE 1 DE PLANIFICACION DE LA DEMANDA;COORDINADOR 1 DE PLANIFICACION DE DEMANDA
4807;SUPERVISOR TECNICO;SUPERVISOR SERV.TECNICO
4808;AUXILIAR DE COMPRAS;AUXILIAR PROCESOS OPERATIVOS COMPRAS
4809;ASISTENTE MANTENIMIENTO;ASISTENTE DE MANTENIMIENTO DE INSTALACIONES
4810;COORDINADOR DE LOGISTICA (PLANIFICACION COMERCIAL);COORDINADOR DE LOGISTICA (PLANIFICACION INDUSTRIAL)
4811;ASISTENTE DE COBRANZAS - CONTABLE;ASISTENTE CONTABLE, CREDITO Y COBRANZA
4812;COORDINADOR DE CONTROL LOGISTICO;COORDINADOR DE LOGISTICA INTERNACIONAL
4813;GERENTE DE TALENTO HUMANO - SSO;TALENTO HUMANO Y SSO
4814;JEFE DE MARKETING & DIGITAL;JEFE DE MARKETING Y PUBLICIDAD
4815;TG CHOFER;T.G CHOFER
4816;COORDINADOR CONTROL INTERNO;COORDINADOR DE RIESGOS Y CONTROL INTERNO
4817;GERENTE REGIONAL DE MARKETING;GERENTE DE MARKETING Y ALIANZAS ESTRATEGICAS
4818;COORDINADOR DE MUELLE;JEFE DE MUELLE
4819;OPERADOR DE MAQUINA (CARNES);OPERADOR DE MAQUINA DE EN
4820;TRABAJADORES AGRICOLAS QUE LABORAN EN LAS PLANTACIONES;TRABAJADORES AGRICOLAS QUE LABORAN EN LAS PLANTACIONES-FERTILIZACION
4821;ANALISTA CONTABILIDAD;ANALISTA SENIOR CONTABILIDAD
4822;GERENTE DE CANAL;GERENTE DE CANAL TRADICIONAL
4823;ASISTENTE DE OBRA;002 ASISTENTE DE OBRA
4824;ASISTENTE DE AUDITORIA JUNIOR;ASISTENTE DE AUDITORIA Y PROYECTOS
4825;JEFE DE TRADE MARKETING CANAL MASIVO;JEFE DE TRADE MARKETING CANAL TRADICIONAL
4826;COORDINADOR(A) DE FORMACION;COORDINADOR DE FORMACION Y DESARROLLO
4827;AUXILIAR DE ALIMENTACION;AUXILIAR DE ALIMENTACION - AUX.DE SERVICIOS VARIOS
4828;SUPERVISOR DE ALMACEN;SUPERVISOR DE ALMACEN Y LOGISTICA COORD
4829;AYUDANTE DE COMPRAS / AYUDANTE DE ALMACENISTA (ESTABLECIMIENTOS CATEGORIA PRIMERA);AYUDANTE DE COMPRAS / AYUDANTE DE ALMACENISTA (ESTABLECIMIENTOS CATEGORIA LUJO)
4830;PROFESOR CIENCIAS;PROFESOR LABORATORIO CIENCIAS
4831;HC MARKETING ANALYST ECUADOR;HC MARKETING SPECIALIST ECUADOR
4832;EJECUTIVA DE VENTA;VENDEDORA EJECUTIVA
4833;ASISTENTE SERVICIO AL CLIENTE Y OPERACIONES;ASIST. DE SERVICIO AL CLIENTE
4834;COORDINADOR OPERACIONES PUERTOS;COORDINADORA DE OPERACIONES Y PUERTO
4835;AUXILIAR DE BODEGA 1;ASISTENTE DE BODEGA 2
4836;JEFE COMERCIAL Y SERVICIO;JEFE COMERCIAL SEGMENTO COMERCIO
4837;AUX CONTAB;AUX. CONTAB.
4838;COORDINADOR DE COCINA;COORDINADORD DE COCINA
4839;COORDINADOR DE GESTION DE MANTENIMIENTO;COORDINADOR DE PLANEACION MANTENIMIENTO
4840;COORDINADOR DE LINEA DE PRODUCCION;COORDINADOR DE PRODUCCION GENERAL
4841;ASISTENTE DE ROUTE TO MARKET;COORDINADOR DE ROUTE TO MARKET
4842;ANALISTA DE ASEGURAMIENTO DE CALIDAD-REPRESENTANTE TECNICO;ASISTENTE TECNICO Y DE CALIDAD
4843;JEFE DE BUSINESS INTELLIGENCE;JEFE DE BUSINESS INTELLIGENCE BI
4844;ASISTENTE ADMINISTRA;ASISTENTE ADM.
4845;GERENTE OPERACIONES;GERENTE OPERACIONAL
4846;ASESOR TECNICO - CONSTRUCCION;TECNICO DE CONSTRUCCIONES
4847;COORDINADOR DE DESARROLLO DE INTELIGENCIA ARTIFICIAL;JEFE DE DESARROLLO DE INTELIGENCIA ARTIFICIAL
4848;ASISTENTE PROCESOS;ASISTENTE PROCESOS FIRMAS
4849;COORDINADOR DE MEJORAMIENTO CONTINUO;JEFE DE MEJORAMIENTO CONTINUO
4850;ASITENTE DE CREDITO;ASISTENTE CREDITO EMPRESAS
4851;JEFE DE AGENCIA - VENTAS;JEFE VENTAS (DIRECTORES DE VENTAS, COMERCIALIZACION Y DESARROLLO)
4852;ANALISTA PROGRAMADOR SOFTWARE;PROGRAMADOR DE SOFTWARE
4853;KEY ACCOUNT MANAGER SENIOR;KEY ACCOUNT MANAGER JUNIOR
4854;COORDINADOR SENIOR DE RECURSOS HUMANOS;GERENTE SENIOR DE RECURSOS HUMANOS
4855;COORDINADOR DE OPERACIONES JR;CORDINADOR DE OPERACIONES JUNIOR
4856;GERENTE DE I+D;GERENTE DE I+D+I
4857;SUBGERENTE BACK OFFICE Y CONTROL INTERNO;SUBGERENTE DE BACKOFFICE
4858;COORDINADOR DE VENTAS - C;COORDINADOR DE VENTAS - F
4859;GERENTE NACIONAL ADMINISTRATIVA FINANCIERA;GERENTE FINANCIERA ADMINISTRATIVA JR.
4860;ASISTENTE DE OPERACIONES DE CAMPO;JEFE DE OPERACIONES DE CAMPO
4861;SUPERVISOR DE PRODUCCION NOCHE;JEFE DE PRODUCCION NOCHE
4862;JEFE DE AGENCIA JUNIOR;JEFE DE AGENCIA SENIOR
4863;ANALISTA SEGURIDAD TECNOLOGICA;ANALISTA SEGURIDAD SENIOR
4864;COORDINADOR DE TRANSFORMACION;JEFE DE TRANSFORMACION
4865;JEFE DE PROYECTOS;GERENTE PROYECTOS
4866;JEFE DE COSTUMER EXPERIENCE;JEFE DE COSTUMER EXPERIENCE Y SERVICIO AL CLIENTE
4867;LIDER DE ATENCION AL CLIENTE;EJECUTIVO DE ATENCION AL CLIENTE Y VENTAS
4868;COORDINADOR DE CONTROL LOGISTICO;COORDINADOR DE CENTRO LOGISTICO
4869;ANALISTA ACTIVOS FIJOS;ANALISTA DE ACTIVOS
4870;ASESOR COMERCIAL CORPORATIVO;ASESOR TECNICO COMERCIAL DE CORPORATIVO
4871;AIR LOGISTICS CUSTOMER CARE;AIR LOGISTICS CUSTOMER CARE SPECILAIST
4872;GERENTE DE LOGISTICA;JEFE DE LOGISTICA Y ADQUISICIONES
4873;SUPERVISOR DE TECNICOS;SUPERVISOR DEL DEPARTAMENTO TECNICO
4874;ENCARGADO DE COSTOS E INVENTARIOS;JEFE DE COSTOS E INVENTARIOS
4875;ASISTENTE DE TECNOLOGIA, INFORMATICA Y C;ASISTENTE TECNICO DE INFORMATICA
4876;SUBGERENTE FINANCIERA;SUBGERENTE ADM-FINANCIERO
4877;GERENTE DE EQUIPOS Y ABASTECIMIENTO;JEFE DE EQUIPOS Y ABASTECIMIENTO
4878;SOPORTE DOCUMENTAL;SOPORTE DOCUMENTAL (E)
4879;CUSTOMER EXPERIENCE SPECIALIST;CUSTOMER EXPERIENCE CONSULTANT
4880;AUX ADMINISTRATIVA;AUX.ADMINISTRATIVO
4881;SUPERVISOR DE ACABADOS;SUPERVISOR DE TURNO DE ACABADOS
4882;INGENIERO INSPECTOR DE PROYECTOS 146;INGENIERO INSPECTOR DE PROYECTOS 216
4883;ASISTENTE DE BODEGA Y DESPACHO;ASISTENTE DE VENTAS Y BODEGA
4884;COORDINADOR TECNICO DE OPERACIONES;EJECUTIVO TECNICO DE OPERACIONES
4885;EJECUTIVO DE VENTAS CAMIONES;JEFE DE VENTAS CAMIONES
4886;EJECUTIVO DE BANCA CORPORATIVA;EJECUTIVO DE BANCA ESPECIALIZADA
4887;AYUDANTE TRAMITACION DOCUMENTOS;AYUDANTE TRAMITACION
4888;COMPRADOR DE INDIRECTOS;COMPRADOR DE DIRECTOS
4889;DIRECTOR DE PLANIFICACION Y PROCESOS;JEFE DE PLANIFICACION PROCESOS Y PROYECTOS
4890;EXPERTO (FUN 3 CSO);EXPERTO JUNIOR (FUN 3) CSO
4891;GERENTE DE SOPORTE CORPORATIVO;JEFE DE SOPORTE CORPORATIVO
4892;INSPECTOR DE SEGURIDAD;INSPECTOR DE ASEGURAMIENTO
4893;ASESOR DE VENTAS B2C;ASISTENTE DE SOPORTE VENTAS B2B
4894;ANALISTA CREDITO Y COBRANZA;ANALISTA DE CREDITO Y COBRANZA PL
4895;ANALISTA DE ATENCION Y RETENCION AL CLIENTE;ANALISTA DEL CENTRO DE ATENCION AL CLIENTE
4896;JEFE DE SUCURSAL;COORDINADOR DE SUCURSAL
4897;EJECUTIVO COMERCIAL CORPORATIVO;EJECUTIVO COMERCIAL DE CORPORATIVOS PERSONAS
4898;TECNICO 1 DE TALLER ELECTRONICA ACUACULTURA;ASISTENTE 1 DE TALLER ELECTRONICA ACUACULTURA
4899;AUXILIAR DE SERVIC.GENERALES;AUXILIAR DE SERVICIOS 1
4900;ASISTENTE FINANZAS;ASISTENTE FINANZAS CORPORATIVAS
4901;COORDINADOR CREDITO;COORDINADOR DE CREDITO Y CARTERA
4902;ANALISTA DE GERENCIA Y PROCESOS;ANALISTA ADMINISTRATIVO Y GERENCIA GENERAL
4903;ANALISTA DE DESARROLLO DE TALENTO HUMANO;ANALISTA DE TALENTO HUMANO Y COMUNICACION
4904;GERENTE DE NEGOCIOS (E);GERENTE DE NEGOCIOS 1
4905;COORDINADOR DE PLANIFICACION Y PROCESOS;COORDINADOR SENIOR DE PLANIFICACION Y CONTROL
4906;SUPERVISOR DE SEGUR;SUPERVISORES DE SEGURIDAD
4907;JEFE DE GESTION OPERATIVA;DIRECTOR DE GESTION OPERATIVA
4908;JEFE DE GESTION DE TALENTO HUMANO;GERENTE CORPORATIVO DE TALENTO HUMANO
4909;SUPERVISOR DE OPERACION;SUPERVISOR DE OPERACIONES SR
4910;JEFE DE CALIDAD Y SISTEMAS DE GESTION;GERENTE DE SEGURIDAD Y CALIDAD
4911;JEFA DE COMPRA;JEFA DE COMPRAS/IMPORTACIONES
4912;ASISTENTE DE RECEPCION Y ATENCION AL CLIENTE;JEFE DE REGISTRO Y ATENCION AL CLIENTE
4913;ANALISTA OPERACIONES COMERCIALES;ANALISTA SENIOR DE OPERACIONES COMERCIAL
4914;GERENTE DE PROMOCION Y VENTAS;GERENTE DE VENTAS - VENDEDOR
4915;PROFESOR MATEMATICAS;PROFESOR MATEMATICAS DEL NIVEL EGB SUPERIOR Y BACHILLERATO
4916;JEFE DE PLANIFICACION FINANCIERA;GERENTE DE PLAN FINANCIERA
4917;REPRESENTANTE TECNICO DE FARMACIA;REPRESENTANTE TECNICO DE FARMACIA INTERNA
4918;GERENTE DE PRODUCCION LABORATORIO;JEFE DE PRODUCCION Y LABORATORIO
4919;AUXILIAR TECNICO CALIDAD;AUXILIAR DE CALIDAD, SEGURIDAD Y SALUD
4920;ASISTENTE DE SEGURIDAD OCUPACIONAL;ASISTENTE DE SEGURIDAD, SALUD OCUPACIONAL Y MEDIO AMBIENTE
4921;PSICOLOGA BASICA ELEMENTAL;PSICOLOGA BASICA SUPERIOR
4922;DOCENTE NO TITULAR 1;DOCENTE NO TITULAR 3
4923;GERENTE DE TTHH;ADMINISTRADOR DE TTHH
4924;ANALISTA DE PLANEAMIENTO Y CONTROL FINANCIERO;ANALISTA Y PLANIFICADOR FINANCIERO
4925;AUXILIAR TRIBUTARIO;AYUDANTE TRIBUTARIO
4926;JEFE LATONERIA;JEFE TALLER LATONERIA
4927;ANALISTA COMERCIAL;ANALISTA COMERCIAL JR
4928;JEFE DE FINANCIERO;JEFE OPERATIVO FINANCIERO
4929;GERENTE FINANCIERO-CONTADOR;JEFE DE CONTABILIDAD CONTADOR GENERAL
4930;GERENTE DE GESTION DE MARKETING;GERENTE DE ANALITICA Y MARKETING
4931;DIRECTOR DE PLANIFICACION;DIRECTOR DE PLANIFICACION Y COSTOS
4932;SUPERVISOR DE NEGOCIOS B2B;SUPERVISOR DE VENTAS B2C
4933;AUX. SERVICIO TECNICO;AUX. TECNICO
4934;COORDINADOR DE COMPRAS E IMPORTACIONES;COORDINADOR DE COMPRAS IMPORTADAS
4935;ANALISTA DE SOPORTE OPERATIVO;ANALISTA DE SOPORTE OPERATIVO - PASIVOS
4936;VICEPRESIDENTE FINANCIERO;VICEPRESIDENTE GESTION FINANCIERA
4937;ANALISTA DE INFORMACION;ANALISTA SEG. DE LA INFORMACION
4938;COMERCIAL SALES MANAGER ECUADOR;MANAGER FIELD SALES ECUADOR
4939;EDV SIERRA NORTE;EDV SIERRA NORTE IBARRA
4940;ANALISTA CONTABLE Y FINANCIERO;ANALISTA SENIOR FINANCIERO ADMINISTRATIVO
4941;COORDINADOR DE SISTEMAS DE GESTION;JEFE DE SISTEMAS INTEGRADOS DE GESTION Y ASUNTOS REGULATORIOS
4942;SUBGERENTE DE LOGISTICA;SUB-GERENTE LOGISTICO
4943;OPERARIO DE LIMPIEZA E HIGIENE;OPERARIO SERV. GEN. LIMPIEZA
4944;ASISTENTE DE COMEX;ASISTENTE COMEX Y COMPRAS
4945;OPERADOR DE MAQUINAS SEMICOMPLEJAS;OPERADOR MECANICO MAQ. SEMICOMPLEJAS
4946;ASSISTANT CUST SERV EXP;ASSISTANT CUST SERV IMP
4947;ASISTENTE CONTABILIDAD GENERAL;AISTENTE/AYUDANTE/AUX. DE CONTABILIDAD
4948;JEFE SEGURIDAD DE INFORMACION;JEFE DE SEGURIDADES FISICAS Y DE INFORMACION
4949;ENCARGADO DE SEGURIDAD FISICA;RESPONSABLE DE SOPORTE DE SEGURIDAD FISICA
4950;COORDINADOR DE HSE;JEFE DE HSE
4951;ANALISTA DE TECNOLOGIA JUNIOR;ANALISTA JR DE TECNOLOGIA, INNOVACION Y MEJORA CONTINUA
4952;COORDINADOR DE FLOTA;COORDINADOR DE FLOTA TERCERA
4953;JEFE DE AUDITORIA Y CALIDAD;JEFE AUDITORIA DE ESTABLECIMIENTOS
4954;ADMINISTRADOR CONTABLE;JEFE ADMINISTRATIVO CONTABLE
4955;ASISTENTE AUXILIAR DE CONTABILIDAD;AISTENTE/AYUDANTE/AUX. DE CONTABILIDAD
4956;COORDINADORA ADMINISTATIVA Y TALENTO HUMANO;SUPERVISORA ADMINISTRATIVA Y DE TALENTO HUMANO
4957;GERENTE DE INTELIGENCIA Y TECNOLOGIA;GERENTE TECNOLOGIA E INTELIGENCIA EMPRE.
4958;VISITADOR MEDICO;VISITADOR MEDICO JR
4959;SUPERVISOR DE MANTENIMIENTO (MECANICO);SUPERVISOR DE MANTENIMIENTO Y PROYECTOS
4960;COORDINADOR BIBLIOTECA;COORDINADORA DPTO. BIBLIOTECA
4961;JEFE DE INTELIGENCIA DE VENTAS;JEFE DE INTELIGENCIA Y ANALITICA DE NEGOCIO
4962;COORDINADOR DE COMPRAS - NO PRODUCTIVAS;JEFE DE COMPRAS NO PRODUCTIVAS
4963;ASISTENTE TECNICO DE RIESGOS;TECNICO DE RIESGOS
4964;AYUDANTE POLIFUNCIONAL;AUXILIAR POLIFUNCIONAL I
4965;JEFE CONTROL OPERACIONAL;JEFE DE CONTROL ORGANIZACIONAL
4966;ASISTENTE DE DOCENTE;ASISTENTE DE PROFESOR
4967;GERENTE SUCURSAL QUITO;JEFE SUCURSAL QUITO
4968;ANALISTA COMERCIAL Y LOGISTICA;ANALISTA DE LOGISTICA Y FACTURACION
4969;ASISTENTE DE DESARROLLO ORGANIZACIONAL Y EXPERIENCIA DEL CLIENTE;JEFE DE DESARROLLO ORGANIZACIONAL Y EXPERIENCIA DEL CLIENTE
4970;AUXILIAR DE LABORATORIO ADMINISTRATIVO;AUXILIAR DE LABORATORIO (AL)
4971;SUPERVISOR DE DE VENTAS;SUPERVISOR REGIONAL DE VENTAS
4972;ASISTENTE DE TESORERIA;ASISTENTE ADMINISTRATIVO - TESORERIA
4973;COORDINADOR DE DISTRIBUIDORES;JEFE DE ZONA DISTRIBUIDORES
4974;EJECUTIVO DE MARKETING Y VENTAS;COORDINADOR DE MARKETING Y VENTAS
4975;GERENTE DE DESARROLLO HUMANO Y ORGANIZACIONAL;GERENTE GESTION DESARROLLO HUMANO
4976;ASISTENTE DE SEGURIDAD Y AMBIENTE;ASISTENTE DE SEGURIDAD Y SALUD
4977;JEFE DE CALIDAD PLANTA;COORDINADOR DE CALIDAD DE PROCESOS DE PLANTA
4978;ASISTENTE FINANCIERO SENIOR;GERENTE FINANCIERA SENIOR
4979;ASISTENTE GERENCIA VENTAS;ASISTENTE GERENTE DE VENTAS
4980;SUPERVISOR DE OPERACIONES CONTACT CENTER;LIDER DE OPERACIONES CONTACT CENTER
4981;T/A ALIMENTADOR - AIREACION;T/A ALIMENTADOR/ AYUD AIREADORES
4982;CORDINADOR DE PLANTA PRODUCCION 2;CORDINADOR DE PLANTA PRODUCCION 3
4983;JEFE DE AREA;GERENTE DE AREA
4984;EJECUTIVA OPERATIVA COMERCIAL;EJECUTIVA / O COMERCIAL
4985;SECRETARIO(A);SECRETARIO(A) GENERAL
4986;GERENTE DE OPERACIONES SUPPLY CHAIN;COORDINADOR DE SUPPLY CHAIN
4987;COORDINADOR DE SEGURIDAD INFORMATICA;SUPERVISOR DE SEGURIDAD DE LA INFORMACION
4988;OPERADOR DE MONTACARGA Y CONTENEDORES;OPERADOR CARGA Y MONTACARGA
4989;COORDINADOR DE SALUD Y SEGURIDAD;CORDINADOR DE LA UNIDAD DE SALUD
4990;ASISTENTE SISTEMATIZACION;COORDINADORA DE SISTEMATIZACION
4991;AUXILIAR DE BODEGA SR;ASISTENTE DE BODEGA JR
4992;AUXILIAR DE CAFETERIA Y LIMPIEZA;AUX. DE CAFETERIA Y LIMPIEZA
4993;OPERADOR LOGISTICA;OPERADOR LOGISTICO SR.
4994;ASISTENTE LEGAL;ASISTENTE ADM. LEGAL
4995;AUDITOR DE ASEGURAMIENTO DE CALIDAD;AUDITOR DE CERTIFICACION
4996;ASISTENTE CONTROL CALIDAD;ASISTENTE DE GERENCIA DE CALIDAD
4997;JEFE DE VENTAS REGIONAL;GERENTE DE VENTAS REGIONAL
4998;LABORATORISTA 2;LABORATORISTA 3
4999;JEFE DE PLANEAMIENTO;JEFE DE PLANEACION Y PROYECTOS
5000;COORDINADOR SSA;SUPERVISOR DE SSA
5001;SUBGERENTE;SUBGERENCIA
5002;JEFE DE OPERACIONES TRANSFERENCIAS INTERNACIONALES;JEFE DE OPERACIONES TRANSFERENCIAS NACIONALES
5003;ELECTRICISTA 2 ZONAL;ELECTRICISTA 2DA
5004;DOCENTE NO TITULAR;DOCENTE NO TITULAR 1
5005;ASISTENTE DE AUDITORIA SR.;ASISTENTE SENIOR DE AUDITORIA INTERNA
5006;ANALISTA COMUNICACION Y DESARROLLO;ANALISTA JR DE COMUNICACION Y CAPACITACION
5007;ASISTENTE COMERCIAL A;ASISTENTE COMERCIAL (AC)
5008;ADMINISTRADOR DE CAMPUS;JEFE DE CAMPUS
5009;ASISTENTE CONTABLE TESORERIA;ASISTENTE CONTABLE Y TESORERIA
5010;SUPERVISOR DE EXTRUSION;SUPERVISOR EXTRUSION SOPLADO
5011;ASISTENTE ADMINISTRATIVO INFRAESTRUCTURA;ASISTENTE DE INFRAESTRUCTURA Y PROYECTOS
5012;ASISTENTE DE ADQUISICIONES Y SERVICIOS GENERALES;ASISTENTE DE COMPRAS GENERALES
5013;TECNICO LABORATORISTA 1;TECNICO LABORATORISTA 3
5014;ASISTENTE COMPRAS Y LOGISTICA;ASISTENTE DE LOGISTI
5015;SUPERVISOR DE SANITIZACION;JEFE DE SANITIZACION
5016;MAESTRO DE OBRA 1;MAESTRO DE OBRA 2
5017;ANALISTA DE RELACIONES INSTITUCIONALES;ESPECIALISTA RELACIONES INSTITUCIONALES
5018;LIDER DE SEGURIDAD Y SALUD OCUPACIONAL;LIDER_DE_SEGURIDAD_INDUSTRIAL_Y_SALUD_OCUPACIONAL
5019;JEFE DE ESTRATEGIAS DIGITALES;JEFE DISENO Y ESTRATEGIA DIGITAL
5020;JEFE ADMINISTRATIVO PRODUCCION;JEFE DE PRODUCCION (PR)
5021;SUPERVISOR DE BODEGA DE PRODUCTO;SUPERVISOR DE PRODUC Y S.S.O
5022;COORDINADOR (A) DE ARCHIVO;ANALISTA DE ARCHIVO
5023;ASISTENTE DE TIENDA POLICENTRO;JEFE DE TIENDA POLICENTRO
5024;OFICIAL DE PROTECCION DE DATOS;OFICIAL DE PROTECCION Y ANALITICA DE DATOS
5025;DIRECTOR DE DESARROLLO ORGANIZACIONA Y TALENTO HUMANO;JEFE DE DESARROLLO ORGANIACIONAL/JEFE DE TALENTO HUMANO
5026;OPERADOR MAQUINARIA;OPERADOR DE MAQUINA
5027;ASESOR TECNICO COMERCIAL INDUSTRIAL;ASESOR TECNICO COMERCIAL Y DE SISTEMAS
5028;DIRECTORA ADMINISTRATIVA FINAN;DIRECTORA CORPORATIVA FINANCIERA ADMINIS
5029;JEFE DE GESTION DE TALENTO HUMANO;ASISTENTE DE GESTION DE TALENTO HUMANO
5030;JEFE DE MANTENIMIENTO Y OPERACIONES;JEFE DE EQUIPOS Y MANTENIMIENTO
5031;ANALISTA DE COMUNICACION Y MARKETING;ASESOR DE COMUNICACION Y MARKETING
5032;SUBGERENTE DE LOGISTICA;SUBGERENTE DE COMERCIO Y LOGISTICA
5033;INGENIERO ADMINISTRACION DE SERVICIOS TI;INGENIERO SENIOR ADMINISTRACION DE SERVICIOS TI
5034;ASISTENTE ADMINISTRATIVO MENSAJERIA;ASISTENTE ADMINISTRATIVO MENSAJERIA EXPORTACIONES
5035;COORDINADORA DE GESTION ADMINISTRATIVA;COORDINADORA DE RECURSOS HUMANOS Y ADMINISTRATICO
5036;ADMINISTRADOR FIDUCIARIO JUNIOR;ADMINISTRADOR FIDUCIARIO SENIOR
5037;ASISTENTE DE CALIDAD Y LABORATORIO;ASISTENTE DE PRODUCCION Y CALIDAD
5038;TECNICO DE ENSAMBLAJE;MECANICO DE ENSAMBLAJE
5039;EXPERTO (FUN 3);EXPERTO (FUN 4)
5040;JEFE DE VENTAS MAQUINARIA;GERENTE DE VENTAS MAQUINARIA
5041;ANALISTA DE ESTANDARIZACION;ANALISTA DE ESTANDARIZACION Y PRODUCTIVIDAD
5042;COORDINADOR DE INNOVACION;GERENTE INNOVACION Y DESARROLLO
5043;SUPERVISOR DE ENFERMERAS;SUPERVISOR ENFERMERIA
5044;TECNICO DE MAQUINARIA;TECNICO DE OPERACION DE MAQUINARIA
5045;JEFE DE OPERACION;JEFE DE OPERACIONES JR
5046;SUPERVISOR (A) DE AREA DE VENTAS Y COBROS;SUPERVISOR AREA DE VENTAS
5047;CHOFER DE TRACTOMULA # 38;CHOFER DE TRACTOMULA # 60
5048;SUPERVISOR DE OPERACION;SUPERVISORA DE OPERACIONES Y CONTABILIDAD
5049;SUPERINTENDENTE DE OPERACIONES SENIOR;COORDINADOR DE OPERACIONES SENIOR
5050;DOCENTE TITULAR AUXILIAR (MEDIO TIEMPO);DOCENTE TITULAR AUXILIAR (TIEMPO PARCIAL)
5051;COORDINADOR DE SEGURIDAD CORPORATIVA;COORDINADOR TECNICO DE SEGURIDAD
5052;SECRETARIA DE GERENTE;JEFA DE SECRETARIA GENERAL
5053;ASISTENTE DE LOGISTICA EXPORTACION;ASISTENTE DE LOGISTICA INTERNACIONAL
5054;ASISTENTE DE BODEGA B;ASISTENTE DE BODEGA B POR MENOR
5055;LIDER DE PROYECTO;RESPONSABLE DE PROYECTO
5056;INGENIERO BACK-END I;INGENIERO BACK-END II
5057;AUX. DE BODEGA;AUX. DE BODEGA (EQ)
5058;ASISTENTE DE TECNOLOGIA Y MEDIOS;ASISTENTE DE TECNOLOGIA Y SISTEMAS
5059;SUPERVISOR DE DIGITADOR;SUPERVISOR DIGITACION
5060;COORDINADOR TALLER MECANICO;COORDINADOR TECNICO DE TALLER
5061;DOCENTE DE INGLES PREESCOLAR;DOCENTE DE INGLES EDUCACION INICIAL
5062;DIRECTOR DE DESARROLLO ORGANIZACIONAL;DIRECTOR DE DESARROLLO ORGANIZACIONA Y TALENTO HUMANO
5063;ASISTENTE ADMINISTRATIVO REGIONAL;ASISTENTE DE GERENTE REGIONAL
5064;AUXILIAR DE QUIROFANO;AUXILIAR QUIROFANO
5065;AYUDANTE DE MANTENIMIENTO Y;JEFE DE MANTENIMIENTO Y ADECUACIONES
5066;SUPERVISOR DE FACILIDADES;DIRECTOR DE FACILIDADES
5067;COORDINADOR DE MARKETING Y SERVICIO AL CLIENTE;COORDINADOR JUNIOR DE MARKETING
5068;ASISTENTE DE MANTENIMIENTO 2;ASISTENTE JR. MANTENIMIENTO
5069;DIRECTOR DE CARRERA DE EDUCACION INICIAL;DIRECTOR DE LA CARRERA DE EDUCACION
5070;ANALISTA DE FACTURACION;ANALISTA DE FACTURACION Y DISTRIBUCION
5071;ANALISTA DE MICROBIOLOGIA;ANALISTA DE MICROBIOLOGIA JUNIOR
5072;JEFE INTEGRAL DE RIESGOS;JEFE NAC. DE ADM. INTEGRAL DE RIESGO
5073;ESPECIALISTA SOPORTE INFRAESTRUCTURA;ESPECIALISTA DE INFRAESTRUCTURA TECNOLOGICA
5074;PAR PEDAGOGICO 2;PAR PEDAGOGICO 4
5075;ASISTENTE / AYUDANTE DE PROYECTOS;AUXILIAR DE PROYECTOS
5076;ESPECIALISTA CRM;ESPECIALISTA REGIONAL CRM
5077;ASISTENTE SOPORTE TECNICO;ASISTENTE SOPORTE SERVICIOS TECNOLOGICOS
5078;COORDINADOR OPERATIVO LOGISTICO;COORDINADOR DE CONTROL LOGISTICO
5079;GERENTE DE FINANZAS;GERENTE DE FINANZAS Y CONTROL
5080;JEFE BODEGA TECNICO;JEFE DE BODEGA Y MANTENIMIENTO
5081;JEFE DE AUDITORIA Y CALIDAD;GERENTE DE PROCESOS DE AUDITORIA Y CALIDAD
5082;OPERADOR ALIMENTADOR DE CANA;OPERADOR TRANSPORTADOR DE CANA
5083;SUPERINTENDENTE DE TRANSPORTE;SUPERVISOR GENERAL DE TRANSPORTE
5084;GERENTE OPERACIONAL;GERENTE ASOCIADO DE OPERACIONES
5085;AYUDANTE DE BODEGA DE INSUMOS Y REPUESTOS;JEFE DE BODEGA DE INSUMOS Y REPUESTOS
5086;ASISTENTE FINANCIERO - CONTABILIDAD;ASISTENTE FINANCIERO Y DE ALMACEN
5087;DIRECTOR CREATIVO;DIRECTORA CREATIVA
5088;ASISTENTE CAJA;ASISTENTE CAJA GENERAL
5089;RESPONSABLE DE CONTROL INTERNO;DIRECTOR DE CONTROL INTERNO
5090;JEFE DE PROCESOS Y PROYECTOS;JEFE CORPORATIVO DE INGENIERIA DE PROCESOS
5091;JEFE DE OPERACIONES TECNICAS;EJECUTIVO TECNICO DE OPERACIONES
5092;JEFE DE COMPRAS Y ADQUISICIONES;JEFE DE SUMINISTROS Y ADQUISICIONES
5093;JEFE ASUNTOS CORPORATIVOS Y SOSTENIBILIDAD;JEFE DE SOSTENIBILIDAD Y SISTEMA DE GESTION
5094;ASISTENTE COMERCIAL Y FACTURACION;ASISTENTE DE COMPRAS Y FACTURACION
5095;ANALISTA CONTROL FINANCIERO;ANALISTA FINANCIERO Y DE DATOS
5096;REALIZADOR AUDIOVISUAL;REALIZADOR Y PRODUCTOR AUDIOVISUAL
5097;OPERADOR DE MAQUINAS COMPLEJAS SOLDADURA;OPERADOR DE MAQUINAS SEMICOMPLEJAS SOLDADURA
5098;COORDINADOR DE SERVICIO AL CLIENTE PROYECTOS Y PROCESOS;COORDINADOR GESTION DE CLIENTES Y PROYECTOS
5099;COORDINADOR DE GESTION, CONTROL Y SERVICIOS GENERALES;GERENTE COORDINACION Y SERVICIOS
5100;COORDINADORA NUEVOS PROYECTOS;DIRECTORA DE NUEVOS PROYECTOS
5101;COORDINADOR SEGURIDAD FISICA;COORDINADOR SENIOR DE SEGURIDAD FISICA
5102;SUPERVISOR DE LIMPIEZA Y MANTENIMIENTO;SUPERVISOR DE MANTENIMIENTO/AUXILIAR DE SERVICIOS DE LIMPIEZA Y MANTENIMIENTO
5103;MEDICO PATOLOGO;MEDICO TRATANTE PATOLOGO
5104;COORDINADORA ADMINISTRATIVA Y PROYECTOS;COORDINADORA ADMINISTRATIVA Y DE IMAGEN
5105;AUX. DE BODEGA;AUX DE BODEGA
5106;EJECUTIVA DE SERVICIO AL CLIENTE;AGENTE DE SERVICIO AL CLIENTE Y OPERACIONES
5107;JEFE DE SISTEMA DE GESTION INTEGRADO;ESPECIALISTA DEL SISTEMA DE GESTION INTEGRADO
5108;GERENTE DE TESORERIA Y COBRANZAS;COORDINADOR DE TESORERIA Y COBRANZAS
5109;JEFE DE CONTROL DE CALIDAD EN PRODUCCION;COORDINADOR (A) DE CONTROL DE CALIDAD JR
5110;PROMOTER;PROMOTOR (A)
5111;AYUDANTE DE OBRA;ASISTENTE TECNICO DE OBRA
5112;GERENTE DE COMPRAS E IMPORTACIONES;GERENTE DE OPERACIONES IMPORT
5113;PROGRAMADOR Y DISENADOR MULTIMEDIA;PROGRAMADOR MULTIMEDIA
5114;CAJERO OPERADOR;OPERADOR DE CAJEROS AUTOMATICOS
5115;ANALISTA DE INFRAESTRUCTURA Y SERVICIOS GENERALES;ANALISTA DE INFRAESTRUCTURA Y TELECOMUNICACIONES SR
5116;ANALISTA DE CUMPLIMIENTO NORMATIVO;ANALISTA DE NORMATIVA
5117;JEFE DE SALUD Y SEGURIDAD OCUPACIONAL;JEFE SEGURIDAD Y SALUD TRABAJO
5118;SUPERVISOR DE VENTAS 5;SUPERVISOR DE VENTAS 6
5119;GERENTE DE ORIGINACION DE CREDITO;GERENTE NACIONAL DE ORIGINACION DE CREDITO
5120;JEFE DE VENTAS ZONAL;GERENTE DE VENTAS ZONA
5121;AUXILIAR EN GENERAL EN SERVICIOS DE VENTAS;AUXILIAR ASISTENTEDE GERENTE DE VENTAS
5122;GERENTE DE FINANZAS Y CONTROL;GERENTE I DE FINANZAS
5123;ASISTENTE ADMINISTRATIVA Y VENTAS;ASISTENTE ADMINISTRATIVO Y DE MERCADEO
5124;DOCENTE DE EDUCACION BASICA;DOCENTE DE EDUCACION BASICA MEDIA
5125;REPRESENTATE TECNICO COMERCIAL;RESPONSABLE TECNICO COMERCIAL
5126;ANALISTA COMUNICACION;ANALISTA DE COMUNICACIONES JR
5127;SECRETARIA PRIMARIA;SECRETARIA DE PRIMARIA
5128;AUXILIAR 1 DE LABORATORIO;AYUDANTE DE LABORATORIO 1
5129;JEFE DE SECTORES ESTRATEGICOS;JEFE DE SERVICIOS ESTRATEGICOS
5130;DIRECTOR DE PLANTA;RESPONSABLE DE PLANTA
5131;AYUDANTE DE CARNES;AYUDANTE DE CARNICERIA
5132;ADMINISTRADOR DE CENTRO DE COMPUTO;DIRECTOR CENTRO DE COMPUTO
5133;TECNICO DE CAMPO;TECNICO DE CAMPO III
5134;COORDINADOR JUNIOR DE SUBESTACION ELECTRICA;SUPERVISOR SUBESTACION ELECTRICA
5135;DIRECTOR DE CARRERA DE INGENIERIA MECANICA;DIRECTOR DE CARRERA DE MECANICA
5136;LIDER DE RECURSOS HUMANOS;LIDER SENIOR DE RECURSOS HUMANOS
5137;GERENTE COMERCIAL TRADICIONAL;GERENTE DE VENTAS TRADICIONAL
5138;DIRECTOR DE PROGRAMA;JEFE DE PROGRAMA
5139;TECNICA DE SEGURIDAD Y AMBIENTE;TECN. DE SEGURIDAD, S.O Y MEDIO AMBIENTE
5140;ADMINISTRADOR DE INFRAESTRUCTURA DE RED Y COMUNICACIONES;ADMINISTRADOR DE HARDWARE Y COMUNICACIONES
5141;AUXILIAR OFICINA;AYUDANTE DE OFICINA
5142;COORDINADOR CORPORATIVO CSC;COORDINADOR CSC
5143;TUTORA DE DECIMOS DE BASICA/DOCENTE;TUTORA DE QUINTOS DE BASICA/DOCENTE
5144;COORDINADOR DE SEGURIDAD CORPORATIVA;ANALISTA DE SEGURIDAD CORPORATIVA
5145;COORDINADOR DE SEGURIDAD INFORMATICA;LIDER DE SEGURIDAD INFORMATICA
5146;VENDEDOR V2;VENDEDOR V3
5147;JEFE DE IMPORTACIONES & COMEX;JEFE DE IMPORTACIONES Y POST VENTA
5148;JEFE DE VENTAS DE AUTOSERVICIOS;JEFE DE VENTAS VEHICULOS
5149;TRABAJADOR FLORICOLA;TRABAJADOR FLORICULTOR
5150;ASESOR TECNICO Y COMERCIAL;ASESOR TECNICO COMERCIAL L
5151;SALES ANALYST;SALES DATA ANALYST
5152;GERENTE TECNOLOGIA DE INFORMACION;GESTOR DE SERVICIOS DE TECNOLOGIA DE LA INFORMACION
5153;COORDINADOR DE SST;COORDINADOR DE SST Y SISTEMAS DE GESTION
5154;ASISTENTE SOPORTE USUARIO;TECNICO DE SOPORTE A USUARIO
5155;MASTER MATERIAL PLANNER;MATERIAL PLANNER
5156;AUXILIAR ADMINISTRATIVO COMERCIAL;AUXILIAR COMERCIAL INTERNO
5157;SOPORTE A USUARIO;SOPORTE TECNICO A USUARIOS
5158;SUBGERENTE NACIONAL TECNICO;SUBGERENTE NACIONAL TECNICO Y SINIESTROS
5159;AUXILIAR ADMINISTRATIVO DE LOGISTICA;AUXILIAR ADMINISTRATIVO CENTRO LOGISTICO
5160;GERENTE DE CONSULTORIA DE ARQUITECTURA EMPRESARIAL;ASISTENTE DE CONSULTORIA DE ARQUITECTURA EMPRESARIAL
5161;COORDINADOR PLANTA EMPACADORA;JEFE DE PLANTA EMPAQUE
5162;JEFE DE PROYECTOS REGULATORIOS;LIDER DE PROYECTOS REGULATORIOS
5163;JEFA DE RECURSOS HUMANO;JEFE DE ADMINISTRACION DE RECURSOS HUMAN
5164;ASISTENTE DE CONTROL Y FACTURACION;ASISTENTE DE CONTROL Y FACTURACION TEMPORAL
5165;PUBLICISTA - DISENADOR;DISENADOR DE PRENSA
5166;EJECUTIVO DE PROYECTOS NUEVOS;EJECUTIVO DE PROYECTOS Y PROCESOS
5167;TECNICO DE CULTIVOS;JEFE TECNICO DE CULTIVOS
5168;COORDINADOR CREDITO;COORDINADOR CREDITO PERSONAS
5169;ASISTENTE MANTENIMIENTO INFRAESTRUCTURA;ASISTENTE TECNICO DE INFRAESTRUCTURA
5170;COORDINADOR DE SERVICIOS ADMINISTRATIVOS;ASISTENTE COORDINACION ADMINISTRATIVA
5171;DIRECTORA ADM FINANCIERA;DIRECTORA ADMIN FINANCIERO
5172;AUXILIAR DE VENTAS;AUXILIAR ASISTENTEDE GERENTE DE VENTAS
5173;ASISTENTE DE DISENO GRAFICO;ASISTENTE DESENADOR GRAFICO
5174;ANALISTA AUDITORIA INTERNA;ESPECIALISTA DE AUDITORIA INTERNA
5175;ASISTENTE DE INGENIERIA DE PROCESOS;ASISTENTE DE SERVICIOS / INGENIERA
5176;SUPERVISOR DE PRODUCCION VETERINARIA;ASISTENTE DE PRODUCCION VETERINARIO
5177;AUXILIAR DE CAFETERIA Y LIMPIEZA;AUXILIAR DE ORDEN Y ASEO
5178;ASISTENTE GESTION CALIDAD;COORDINADOR SISTEMAS GESTION DE CALIDAD
5179;DIRECTOR DE CONTABILIDAD Y TRIBUTACION;JEFE/A DE CONTABILIDAD Y TRIBUTACION
5180;EJECUTIVO DE CUENTAS CORPORATIVAS SENIOR;EJECUTIVO JUNIOR DE CUENTAS CORPORATIVAS
5181;CHOFER DE BUS;CHOFER DE TRANSPORTE
5182;VICEPRESIDENTE FINANCIERO;VICEPRESIDENTE FINANZAS Y OPERACIONES
5183;ASISTENTE ELECTRICO;ASISTENTE ELECTRICO B
5184;AUDITOR INTERNO 1;AUDITOR INTERNO 2
5185;COORDINADOR DE PRODUCCION - B;COORDINADOR DE PRODUCCION - C
5186;GERENTE DE CANAL DIRECTO;DIRECTOR DE CANAL
5187;TECNICO SOLDADOR;TECNICO MECANICO SOLDADOR
5188;ANALISTA COMERCIAL Y MARKETING;ANALISTA DE MARKETING JR
5189;COORDINADOR MEDIO AMBIENTE;JEFE DE MEDIO AMBIENTE
5190;ASISTENTE OPERATIVO JR.;ASISTENTE OPERATIVO Y ADM
5191;ASISTENTE DE BODEGA DE MANTENIMIENTO;ASISTENTE ABASTECIMIENTO DE MANTENIMIENTO
5192;BODEGUERO OFICINA CENTRAL QVD;BODEGUERO-OFICINA
5193;SUPERVISOR DE BODEGA MATERIA PRIMA;SUPERVISOR DE MATERIA PRIMA
5194;ANALISTA DE GARANTIA DE CALIDAD;GERENTE DE GARANTIA DE CALIDAD
5195;ANALISTA DE COSTOS;ANALISTA DE COSTO
5196;COORDINADOR DE TRADE MARKETING CANAL TRADICIONAL;JEFE DE TRADE MARKETING CANAL MODERNO
5197;ASESOR DE PROMOCION MEDICA;COORDINADOR DE PROMOCION MEDICA
5198;TRABAJADOR / A SOCIAL;TRABAJADOR/AR SOCIAL
5199;ARQUITECTO DE SOFTWARE;ARQUITECTO SENIOR DE SOFTWARE
5200;JEFE DE POSTVENTA;RESPONSABLE DE POSTVENTA
5201;ESPECIALISTA DE MARKETING Y COMUNICACION;ESPECIALISTA DE COMMS & MARKETING
5202;ARQUITECTO DE DATOS;ARQUITECTO DE DATOS Y BI
5203;PLANIFICADOR ESTRATEGICO;DIRECTOR DE PLANIFICACION ESTRATEGICA
5204;ASISTENTE DE BODEGA B;ASISTENTE DE BODEGA 2
5205;INGENIERO DE PRODUCCI�N SENIOR;INGENIERO DE PRODUCCION JUNIOR
5206;ANALISTA DE ABASTECIMIENTO;ANALISTA DE ABASTECIMIENTOS Y SERVICIOS GENERALES
5207;ANALISTA DE INFRAESTRUCTURA Y SEGURIDAD INFORMATICA;ADMINISTRADOR DE INFRAESTRUCTURA Y SEGURIDAD INFORMATICA
5208;SUPERVISOR DE AGRONOMIA;SUPERVISOR DE SANIDAD VEGETAL
5209;FIELD SPEC II - SPC;FIELD SPEC II - SPCO
5210;ASISTENTE DE COMPRAS Y CONTABILIDAD;ASISTENTE COMERCIAL Y COMPRAS
5211;JEFE DE MANTENIMIENTO INDUSTRIAL;JEFE TECNICO DE MANTENIMIENTO
5212;COORDINADOR DE AMBIENTE;JEFE DE AMBIENTE
5213;GERENTE DE PERSONAL, ADMINISTRACION Y FINANZAS;GERENTE DE FINANZAS Y CONTABILIDAD
5214;ASESOR LOGISTICO DE COMERCIO EXTERIOR;ASISTENTE DE LOGISTICA INTERNACIONAL
5215;EMPACADOR 1;EMPACADOR 1 L2
5216;GERENTE DE LOGISTICA Y DISTRIBUCION;GERENTE DE OPERACIONES, DISTRIBUCION Y LOGISTICA
5217;LABORATORISTA DE CALIDAD;AYUDANTE LABORATORIO DE CALIDAD
5218;TRABAJADORES AGRICOLAS QUE LABORAN EN LAS PLANTACIONES-ENFUNDE;TRABAJADORES AGRICOLAS QUE LABORAN EN LAS PLANTACIONES-ENFUNDE-DESFLORE
5219;COORDINADOR TRIBUTARIO;COORDINADOR CONTABLE TRIBUTARIO
5220;SUPPLY ANALYST;SUPPLY CHAIN ANALYST
5221;JEFE DE ANALISIS COMERCIAL;ANALISTA DE ANALISIS COMERCIAL
5222;ESPECIALISTA DE INTELIGENCIA DE NEGOCIOS;ESPECIALISTA DE DATOS INTELIGENCIA DE NEGOCIOS
5223;ASISTENTE DE DISTIBUCION;ASISTENTE CENTRO DE DISTR
5224;ANALISTA FISICO QUIMICO;ANALISTA TECNICO-FISICO QUIMICO
5225;SUPERVISOR AREA DE VENTAS;SUPERVISOR(A) EN VENTAS
5226;COORDINADOR CALIDAD;COORDINADOR/A ASEGURAMIENTO DE LA CALIDAD Y VINCULACION
5227;SECRETARIA DE GERENCIA;SECRETARIA EJECUTIVA DE GERENCIA
5228;ASISTENTE RECAUDADOR;AUXILIAR DE RECAUDACION
5229;JEFE DE CONTROL DE CALIDAD EN PRODUCCION;CONTROLADOR DE CALIDAD DE PRODUCTO
5230;COORDINADOR CORPORATIVO DE MARKETING;COORDINADOR DE MARKETING Y CONDUCTA DEL MERCADO
5231;AUXILIAR DE VENTAS;AUXILIAR 2 DE VENTAS
5232;ASISTENTE MANTENIMIENTO;EMPLEADA DE MANTENIMIENTO
5233;INGENIERO PREVENTA;INGENIERO PREVENTA-PRODUCTO
5234;ANALISTA ADMINISTRACION DE PERSONAL;ANALISTA DE SERVICIOS AL PERSONAL
5235;JEFE DE TRANSPORTE;JEFE DE TRANSPORTE Y OPERACION
5236;COORDINADOR INGENIERIA;COORDINADOR INGENIERIA E INST
5237;JEFE DE LINEA;JEFE LINEA
5238;PROFESORA TITULAR AUXILIAR 2;PROFESOSR TITULAR AUXILIAR 2
5239;COORDINADOR BACK SAC;COORDINADOR SAC - FRONT
5240;DIRECTOR ACCOUNT EXECUTIVE;DIRECTOR, ACCOUNT
5241;SUPERVISOR DE MANTENIMIENTO (MECANICO);SUPERVISOR DE MANTENIMIENTO OPERACIONES
5242;COORD. ADMINISTRATIVA;COORD ADMINISTRATIVA
5243;GERENTE DE LOGISTICA;JEFE DE LOGISTICA - SERVICIOS GENERALES
5244;GERENTE CONTROL CALIDAD;GERENTE DE PROCESOS DE AUDITORIA Y CALIDAD
5245;JEFE DE AUDITORIA DE OPERACIONES;JEFE AUDITORIA ADMINISTRATIVA
5246;TRABAJADOR DE TEXTILES;TRABAJADORES DE TEXTILES
5247;JEFE ADMINISTRATIVO Y CREDITO;JEFE DE CREDITO Y FACTURACION
5248;VERIFICADOR DE FABRICA DE CREDITO;VERIFICADOR/DIGITADOR DE FABRICA DE CREDITO
5249;OPERADOR DE MAQUINARIA INDUSTRIAL;OPERADOR DE MAQUINARIA SR.
5250;JEFE DE MEJORA CONTINUA Y PROCESOS;EJECUTIVO PROCESOS Y MEJORA CONTINUA
5251;AUXILIAR DE BODEGA EXTERNA;AUXILIAR DE BODEGA TIENDAS
5252;ESPECIALISTA DE PRICING;AGENTE DE PRICING
5253;ASISTENTE DE INVESTIGACIO;AUXILIAR DE INVESTIGACION
5254;ANALISTA ADMINISTRATIVO (CD);ANALISTA ADMINISTRATIVO (Q)
5255;ASISTENTE DE SEGURIDAD FISICA;ASISTENTE ADMINISTRATIVO SEGURIDAD FISICA
5256;COORDINADOR DE RIESGO OPERATIVO Y CONTINUIDAD DEL NEGOCIO;ESPECIALISTA RIESGO OPERATIVO Y CONTINUIDAD DEL NEGOCIO
5257;ASISTENTE DE CLIENTES Y SERVICIOS;ASISTENTE DE CUSTOMER SERVICE
5258;COORDINADOR DE PRESUPUESTO;COORDINADOR DE COSTOS Y PRESUPUESTO
5259;JEFE CONTROL INTERNO Y PROCESOS;COORDINADOR DE CONTROL INTERNO Y PROCESOS
5260;JEFE DE LOGISTICA OPERATIVA;COORDINADOR OPERATIVO LOGISTICO
5261;JEFE TECNICA;JEFE DEPARTAMENTO TECNICO
5262;AUXILIAR DE MERCADEO;AYUDANTE DE MERCADEO
5263;ASISTENTE COMERCIAL A;ASISTENTE SOPORTE COMERCIAL
5264;OPERADOR DE PLANTA;OPERADOR TECNICO PLANTA
5265;AYUDANTE ADMINISTRATIVA;AUXILIAR ADMINISTRATIVO-OPERATIVO
5266;SECRETARIA RECTOR;SECRETARIO/A DE RECTORADO
5267;INGENIERO DE TELECOMUNICACIONES SENIOR;INGENIERO SENIOR DE INFRAESTRUCTURA TECNOLOGICA
5268;COORDINADOR IMPUESTOS;COORDINADOR SENIOR DE IMPUESTOS
5269;JEFE EXPORTACION;JEFE DE OPERACIONES EXPORTACION
5270;JEFA ADMINISTRATIVO;JEFE DE GESTION ADMINISTRATIVA
5271;COORDINADOR DE MARKETING Y PUBLICIDAD;COORDINADOR DE PUBLICIDAD Y COMUNICACION
5272;GERENTE DE INFRAESTRUCTURA Y TELECOMUNICACIONES;GESTOR DE REDES Y TELECOMUNICACIONES
5273;RECEPCIONISTA CERTIFICADA (ESTABLECIMIENTOS CATEGORIA PRIMERA);RECEPCIONISTA CERTIFICADA (ESTABLECIMIENTOS CATEGORIA LUJO)
5274;COORDINADOR TRANSFORMACION PROCESOS;JEFE DE TRANSFORMACION DE PROCESOS
5275;GERENTE CONTROL FINANCIERO;COORDINADOR CONTROL FINANCIERO
5276;AUX. ADMINISTRATIVA;AUX. ADMINISTRATIVO (F)
5277;CHOFER DE CAMION;CHOFER DE VEHICULO
5278;ASISTENTE ADM VENTAS;ASISTENTE VENTAS DIRECTAS
5279;COORDINADOR DE PROCESOS Y PRODUCTIVIDAD;JEFE PRODUCTIVIDAD Y CONTROL ORGANIZACIONAL
5280;COORDINADOR DE SEGUROS;COORDINADOR DE ASEGURAMIENTO
5281;ASISTENTE DE BODEGA Y DE OPERACION;ASISTENTE BODEGA PARTES Y SUMINISTROS
5282;GERENTE DE PLANEACION FINANCIERA;GERENTE CORPORATIVO DE PLANEAMIENTO
5283;AUXILIAR DE APOYO;AUXILIAR DE APOYO-1
5284;JEFE DE VENTAS;JEFE DE MERCADO Y VENTAS
5285;INGENIERO DE PROYECTO;LIDER INGENIERO DE PROYECTOS
5286;ASISTENTE DE DIRECCION TECNICA DE TECNOLOGIAS DE LA INFORMACION;AUXILIAR 1 DE DIRECCION TECNICA DE TECNOLOGIAS DE LA INFORMACION
5287;COORDINADOR CAMARA DE FRIO;JEFE DE CAMARA DE FRIO
5288;ASESOR DE VENTAS EN TIENDA;ASESOR DE TIENDA
5289;JEFE DE DISTRIBUCION;JEFE DE ZONA DISTRIBUIDORES
5290;MECANICO MOLDES INYECCION;MECANICO TALLER MOLDES INYECCION
5291;JEFE DE TRADE MARKETING;JEFE DE TRADE VENTA EXTERNA
5292;ANALISTA INFRAESTRUCTURA;ANALISTA TECNICO INFRAESTRUCTURA
5293;ANALISTA COMERCIO EXTERIOR;ANALISTA_DE_COMERCIO_EXTERIOR
5294;ASISTENTE DE DATA MAESTRA;ASISTENTE DE DATA
5295;ADMINISTRATIVA/AUXILIAR DE LIMPIEZA;AYUDANTE DE LIMPIEZA ADMINISTRATIVO
5296;MERCADERISTA (MD);MERCADERISTA (R)
5297;JEFE DE GESTION DE TALENTO HUMANO;EJECUTIVO DE TALENTO HUMANO
5298;JEFE DE PLANIFICACION FINANCIERA Y ANALISIS;ASISTENTE PLANEACION Y ANALISIS FINANCIERO
5299;COORDINADOR ABASTECIMIENTO;COORDINADOR/A GENERAL ABASTECIMIENTO
5300;ANALISTA CREDITO;ANALISTA CREDITO NACIONAL
5301;INGENIERO DE SOPORTE INFRAESTRUCTURA;TECNICO INSTALADOR INFRAESTRUCTURA
5302;COORDINADOR DISENO GRAFICO;COORDINADOR SENIOR DISENO GRAFICO
5303;ASISTENTE DE LOGISTICA;RESPONSABLE DE LOGISTICA
5304;LIDER DE DESARROLLO DE NEGOCIOS;RESPONSABLE DE DESARROLLO DE NEGOCIOS
5305;ASISTENTE CALIDAD Y REGULATORIO;TECNICO DE CALIDAD Y ASUNTOS REGULATORIOS
5306;ADMINISTRADOR FIDUCIARIO JR.;ADMINISTRADOR FIDUCIARIO JUNIOR
5307;VENDEDOR 40 HORAS;VENDEDOR 30 HORAS
5308;ANALISTA DE FIDELIZACION;ESPECIALISTA DE FIDELIZACION
5309;AUXILIAR DE VARIOS SERVICIOS Y VENTAS;AUXILIAR EN GENERAL DE SERVICIOS, VENTAS, DESPACHOS Y TRAMITES
5310;ADMINISTRADOR ZONAL;GERENTE ADMINISTRATIVO ZONAL
5311;ESPECIALISTA PLANEACION FINANCIERA;PLANIFICADOR FINANCIERO
5312;AUXILIAR DE BODEGA DE MATERIA;AYUDANTE DE BODEGA DE MATERIAL
5313;SUPERVISOR DE LOGISTICA DE COMERCIALIZACION;SUB-GERENTE LOGISTICO
5314;AUXILIAR DE ENTREGA Y RECOLECCION;AUXILIAR DE ENTREGA Y RECOLECCION IN HOUSE
5315;AYUDANTE DEL SECTOR METALMECANICO 182;AYUDANTE DEL SECTOR METALMECANICO 274
5316;SUPERVISOR CULTIVO F3;SUPERVISOR CULTIVO F2
5317;INGENIERO DE SOLUCIONES CORPORATIVA;INGENIERO PROYECTOS E INSTALACIONES CORPORATIVAS
5318;DOCENTE;DOCENTE DIPLOMA
5319;COORDINADOR DE SALUD ANIMAL;ANALISTA DE SALUD ANIMAL
5320;COORDINADOR DE TECNOLOGIA;COORDINADOR DE DESARROLLO TECNOLOGICO
5321;ANALISTA ASEGURAMIENTO CALIDAD;ASEGURADOR CALIDAD
5322;AUXILIAR DE LABORATORIO - LABORATORIO CENTRAL;LABORATORISTA - LABORATORIO CENTRAL
5323;ANALISTA FINANCIERO COMERCIAL;ANALISTA FINANCIERO I
5324;ANALISTA I&D;ANALISTA N1 I+D+I
5325;AYUDANTE DE RUTA 1 - LICENCIA E;AYUDANTE DE RUTA 2 - LICENCIA C
5326;COORDINADOR DE EQUIPO;JEFE DE EQUIPO
5327;AUXILIAR DE LABORATORIO (AL);AUXILIAR DE LABORATORIO EXPERIMENTAL
5328;DIRECTOR CORPORATIVO FINANCIERO;DIRECTORA CORPORATIVA FINANCIERA ADMINIS
5329;PARAMEDICO;PARAMEDICO SM
5330;TRABAJADOR (A) SOCIAL;TRABAJADOR/A SOCIAL P2
5331;ASESOR DE COMUNICACION Y MARKETING;ASISTENTE COMERCIAL Y DE COMUNICACION
5332;ESPECIALISTA DE INNOVACION;DIRECTOR DE INNOVACION
5333;ANALISTA DE MONITOREO DE SERVICIO;RESPONSABLE DE MONITOREO DE SERVICIO
5334;JEFE CONTABLE / TRIBUTARIO;JEFE CONTABILIDAD TRIBUTARIA
5335;GERENTE CORPORATIVO DE RIESGOS;GERENTE ADMINISTRACION DE RIESGO
5336;JEFE DE COMUNICACION INTERNA;JEFE DE COMUNICACION ORGANIZACIONAL
5337;COORDINADOR DE TALLER TRANSPORTE;JEFE DE TALLER TRANSPORTE
5338;EJECUTIVO DE PUNTO DE SERVICIO STANDAR;EJECUTIVO DE PUNTO DE SERVICIO
5339;MARKETING Y PUBLICIDAD;COMUNICACION & MARKETING
5340;ASISTENTE /AYUDANTE/AUXILIAR BODEGA;ASISTENTE DE BODEGA SUCURSALES
5341;AYUDANTE A DE MANTENIMIENTO;AYUDANTE DE MANTENIMIENTO (ESTABLECIMIENTO CATEGORIA)
5342;ASISTENTE PRODUCCION 2;ASISTENTE PRODUC 2
5343;COORDINADOR DE VENTAS - C;COORDINADOR DE VENTAS - D
5344;ASISTENTE DE INGENIERIA SENIOR;ASISTENTE DE SERVICIOS / INGENIERA
5345;AUXILIAR DE SERVICIOS BANCARIOS;SUPERVISOR DE SERVICIOS BANCARIOS
5346;AUX DE SERVICIOS GENERALES;AUX DE SERV GENERALES
5347;COORDINADOR DE INFRAESTRUCTURA Y SEGURIDAD;COORDINADOR DE INFRAESTRUCTURA JUNIOR
5348;COORDINADOR DE CONTROL EN RUTA;COORDINADOR DE RUTA
5349;COORDINADOR DE CONTROL Y CUMPLIMIENTO;JEFE DE CONTROLES DE CUMPLIMIENTO
5350;ASISTENTE CONTABLE SR;ASISTENTE CONTABLE (RELACIONADAS)
5351;SUPERVISOR DE RELACIONES COMUNITARIAS;COORDINADOR DE RELACIONES COMUNITARIAS
5352;TECNICO DE REFRIGERACION;TECNICO ELECTRICO Y REFRIGERACION
5353;ASISTENTE DE OPERACIONES BACK OFFICE;GERENTE DE BACK OFFICE
5354;JEFE COMPRAS Y PLANIFICACION DE DEMANDA;COORDINADOR DE COMPRAS Y PLANIFICACION DE LA DEMANDA
5355;AUXILIAR BALCON DE SERVICIOS;AUXILIAR BALCON SERVICIOS
5356;DIRECTOR DE PLANIFICACION FINANCIERA;ANALISTA CORPORATIVO DE PLANIFICACION FINANCIERA
5357;GERENTE DE ASEGURAMIENTO DE CALIDAD;GERENTE TECNICA Y ASEGURAMIENTO DE LA CALIDAD
5358;DOCENTE DE BASICA;DOCENTE GENERAL BASICA
5359;AUXILIAR DE EXPORTACIONES;ASISTENTE DE EXPORTACIONES EUROPA / AMERICA
5360;ASISTENTE DE BASCULA;AUXILIAR DE BASCULA
5361;COORDINADOR CONTABLE TRIBUTARIO;COORDINADOR FINANCIERO & TRIBUTARIO
5362;JEFE COMERCIAL NACIONAL;COORDINADOR COMERCIAL NACIONAL
5363;GERENTE CONTABLE FINANCIERO;GERENTE CONTABLE & FINANCIERA
5364;SITE RELIABILITY ENGINEER;SITE RELIABILITY ENGINEER - INTERMEDIATE
5365;OPERADOR CONTROL ROOM;OPERADOR CONTROL ROOM (BC)
5366;ANALISTA DE DISTRIBUCION Y LOGISTICA;ANALISTA DE OPERACIONES LOGISTICA
5367;JEFE DE PESCA;SUPERVISOR DE PESCA
5368;COORDINADOR DE INFRAESTRUCTURA Y COMUNICACIONES;COORDINADOR DE PROYECTOS DE INFRAESTRUCTURA
5369;DOCENTE DE ARTE;DOCENTE EDUCACION ARTISTICA
5370;ADMINISTRADOR DE SISTEMAS;ADMINISTRADOR DE SISTEMAS SR
5371;ASISTENTE COMPRAS Y LOGISTICA;ANALISTA DE COMPRAS & LOGISTICA
5372;GERENTE DE MANTENIMIENTO Y DESARROLLO;JEFE DE DESARROLLO Y MANTENIMIENTO
5373;ANALISTA CONTABLE FINANCIERA;ANALISTA CONTABLE, FINANCIERA Y ADMINIST
5374;TECNICO AGRONOMO;TECNICO COMERCIAL AGRONOMO
5375;ENCARGADO DE TESORERIA;COORDINADOR DE TESORERIA Y COBRANZAS
5376;JEFE DE CANAL MODERNO;JEFE DE CANAL MODERNO Y CANAL NO TRADICIONAL
5377;CAPUCHON 1;CAPUCHON 2
5378;DIRECTOR/A DE SERVICIOS GENERALES;COORDINADOR DE GESTION, CONTROL Y SERVICIOS GENERALES
5379;OPERADOR DE MAQUINAS SEMICOMPLEJAS;OPERADOR DE MAQUINAS SEMICOMPLEJAS SOLDADURA
5380;ASISTENTE ADMINISTRATIVO (TEMPORAL);ASISTENTE ADMINISTRATIVO JUNIOR
5381;ASESOR TECNICO SENIOR;ASISTENTE TECNICO SENIOR
5382;JEFE DE SEGURIDADES FISICAS;JEFE DE SEGUROS MASIVOS
5383;COORDINADOR DE VENTA;COORDINADOR DE VENTAS - C
5384;GERENTE DE SERVICIO Y ATENCION AL CLIENTE;JEFE ATENCION A CLIENTES
5385;JEFE DE POSTVENTA;JEFE DE SERVICIO POSTVENTA
5386;JEFE DE GESTION DE APLICACIONES;COORDINADOR DE GESTION DE APLICACIONES
5387;SUPERVISOR DE MECANICA;SUPERVISOR DE MECANICOS
5388;EJECUTIVA OPERACIONES;EJECUTIVO OPERATIVO
5389;ASISTENTE DE PLANEACION Y LOGISTICA;ASISTENTE DE LOGISTICA Y CONTROL DE COMUNICACION
5390;ASISTENTE 2 DE PRODUCCION;ASISTENTE COORDINADOR DE PRODUCCION
5391;COORDINADOR DE PLANIFICACION Y PRODUCCION;COORDINADOR SENIOR DE PLANIFICACION Y CONTROL
5392;SUPERVISOR DE CONTROL;SUPERVISOR DE CONTROL DE GESTION
5393;ASESOR DE CUSTOMER SUCCESS;COORDINADOR DE CUSTOMER SUCCESS
5394;ANFITRIONA / RECEPCIONISTA;ANFITRIONA RECEPCIONISTA
5395;SUPERVISOR DE SEGURIDAD OPERATIVO;SUPERVISOR DE SEGURIDAD CORPORATIVA
5396;GERENTE ESTRATEGICA;DIRECTORA ESTRATEGICA
5397;AUXILIAR DE PLANTA;OPERADOR AUXILIAR DE PLANTA
5398;ANALISTA DE PLANIFICACION DE EMBARQUE;COORDINADOR DE PLANIFICACION Y EMBARQUE
5399;BARMAN (CANTINERO) (ESTABLECIMIENTOS CATEGORIA PRIMERA);BARMAN (ESTABLECIMIENTOS CATEGORIA LUJO)
5400;ASISTENTE DE MANTENIMIENTO 2;ASISTENTE DE MANTENIMIENTO 3
5401;JEFE DE BODEGA Y COMPRAS;JEFA DE COMPRAS Y BODEGA
5402;AYUDANTE DEL SECTOR METALMECANICO 267;AYUDANTE DEL SECTOR METALMECANICO 274
5403;JEFE CORPORATIVO DE COBRANZAS;JEFE DE COBRANZAS CORPORATIVAS Y FINANCIERAS
5404;JEFE DE CARTERA;JEFE CARTERA
5405;JEFE DE RESPONSABILIDAD SOCIAL CORPORATIVA;JEFE RESPONSABILIDAD SOCIAL EM
5406;AUXILIAR DE BODEGA;AUXILIAR DE BODEGA TIENDAS
5407;ANALISTA DE INFRAESTRUCTURA;ANALISTA DE INFRAESTRUCTURA Y TICS
5408;SUPERVISOR DE DE VENTAS;SUPERVISOR DE VENTAS 5
5409;ASISTENTE DE MARKETING;ASISTENTE DE NEGOCIOS Y MARKETING
5410;COORDINADOR SENIOR DE PROYECTOS DE INNOVACION;ANALISTA SENIOR DE PROYECTOS DE INNOVACION
5411;LIMPIADOR DE CUERNOS EN LIMPIEZA DE MATERIA PRIMA;RECOGEDOR DE CUERNOS EN LIMPIEZA DE MATERIA PRIMA
5412;ANALISTA FINANCIERO I;ANALISTA FINANCIERO JUNIOR
5413;AGENTE DE CONTROL DE CALIDAD;ASIST.DE CONTROL DE CALIDAD
5414;ASISTENTE DE ADMINISTRACION Y FINANZAS;ASISTENTE ADMINISTRATIVO FINANZAS
5415;CHOFER TANQUERO;CHOFER/TANQUERO
5416;JEFE DE REASEGUROS;GERENTE DE REASEGUROS
5417;COORDINADOR DE OPERACIONES IT;COORDINADOR DEPARTAMENTO IT
5418;AYUDANTE DE SOLDADOR;TA/ AYUDANTE DE SOLDADOR
5419;FUNCIONARIO 1;FUNCIONARIO 2
5420;DOCENTE BASICA MEDIA INGLES;DOCENTE BASICA MEDIA ESPANOL
5421;ANALISTA PROGRAMADOR;ANALISTA PROGRAMADOR JUNIOR
5422;ANALISTA DE ADMINISTRACION DE RIESGOS;ANALISTA DE GESTION DE RIESGOS Y ADMINISTRACION DE DATOS
5423;ESPECIALISTA DE COSTOS;ESPECIALISTA DE COSTOS Y PAGOS
5424;ESPECIALISTA CANALES DIGITALES;VENDEDOR DE CANALES DIGITALES
5425;COORDINADOR DE MANTENIMIENTO (PLANIFICADOR);COORDINADOR CORPORATIVO DE MANTENIMIENTO
5426;JEFE DE SEGURIDAD DE LA INFORMACION;GERENTE DE SEGURIDAD DE LA INFORMACION
5427;MECHANIC TECHNICIAN;MECHANICAL MAINTENANCE TECHNICIAN
5428;AUX DE LABORATORIO;AUX LABORATORIO
5429;ANALISTA DE TESORERIA Y COBRANZAS;ANALISTA DE TESORERIA Y CUENTAS POR PAGAR
5430;COORDINADOR OPERATIVO DE PROYECTOS;COORDINADOR DE PROYECTOS Y ESTRATEGIA
5431;ASISTENTE ASUNTOS REGULATORIOS;ANALISTA DE ASUNTOS REGULATORIOS MASIVOS
5432;JEFE DE IT;JEFE CORPORATIVO IT
5433;GERENTE DE PRODUCCION E INFRAESTRUCTURA;GERENTE DE PRODUCCION Y MANTENIMIENTO
5434;TECNICO DE CAMPO;TECNICO DE CAMPO JR.
5435;PROFESOR DE MATEMATICAS;DOCENTE DE MATEMATICAS Y SOCIALES
5436;MECANICO TIPO 1;MECANICO TIPO A
5437;OPERADOR DE MAQUINAS SEMICOMPLEJAS ALUMINIO;OPERADOR DE MAQUINAS SENCILLAS ALUMINIO UIO
5438;ANALISTA DE CADENA DE SUMINISTRO;COORDINADOR DE CADENA DE SUMINISTRO
5439;NETWORK ENGINEER;NETWORK SECURITY ENGINEER
5440;ASISTENTE DE TALENTO HUMANO;ASISTENTE SENIOR DE TALENTO HUMANO
5441;GERENTE DE PRODUCCION 生产经理;SUBGERENTE DE PRODUCCION 生产副经理
5442;EJECUTIVO (A) VENTAS;EJECUTIVO DE VENTAS SR.
5443;DIRECTOR DE CARRERA DE PSICOLOGIA;DIRECTOR DE PSICOLOGIA
5444;COORDINADOR DE DISENO;COORDINADOR DE DISENO, I+D
5445;JEFE DE OPERACIONES TECNICAS;JEFE DE OPERACIONES TECNOLOGICAS
5446;VENDEDOR AUTOMOTRIZ;VENDEDOR AUTOMOTRIZ SR
5447;TRABAJADOR TEXTIL;TRABAJADORES DE TEXTILES
5448;DIRECTOR DE COMUNICACION;DIRECTOR DE MEDIOS
5449;COORDINADOR DE PROTECCION DE ACTIVOS;JEFE DE PROTECCION DE ACTIVOS
5450;COORDINADOR DE OPERACIONES LAND Y GPS;GERENTE DE OPERACIONES LAND Y GPS
5451;ESPECIALISTA CIBERSEGURIDAD;ESPECIALISTA EN SOLUCIONES DE CIBERSEGURIDAD
5452;JEFE DE INTELIGENCIA DE NEGOCIOS;EJECUTIVO DE INTELIGENCIA DE NEGOCIOS
5453;INGENIERO INSPECTOR DE PROYECTOS 172;INGENIERO INSPECTOR DE PROYECTOS 264
5454;JEFE DE POST-VENTA;JEFE DE SERVICIO POST VENTA
5455;GERENTE DE OPERACIONES AGROINDUSTRIALES;JEFE DE OPERACIONES AGRICOLAS
5456;EJECUTIVO DE INDEMNIZACIONES JUNIOR;EJECUTIVO(A) DE INDEMNIZACIONES
5457;SECRETARIO(A) ADMINISTRATIVO;ASISTENTE ADMINISTRATIVO - SECRETARIO
5458;GERENTE COMERCIAL REGIONAL;GERENTE COMERCIAL ZONAL
5459;JEFE COMPRAS NACIONALES;GERENTE DE COMPRAS NACIONALES
5460;ASISTENTE ADMINISTRA;ASISTENTE ADMINISTRACION GENERAL
5461;ESPECIALISTA DE MERCADEO;ESPECIALISTA DE MERCADEO CON ENFOQUE COMERCIAL
5462;ASISTENTE ADMINISTRATIVA DE TALLER;ASISTENTE ADMINISTRATIVA - TALLER
5463;ASISTENTE ADMINISTRATIVA Y SERVICIOS EN GENERAL;ASISTENTE TECNICO ADMINISTRATIVA DE SOPORTE
5464;INGENIERO DE SEGURIDAD INFORMATICA;INGENIERO DE SEGURIDAD IT
5465;IMPULSADOR MERCADERISTA;IMPULSADORA MERCADOS
5466;INGENIERO INSPECTOR DE PROYECTOS 216;INGENIERO INSPECTOR DE PROYECTOS 264
5467;JEFE DE OPERACIONES Y TRANSPORTE;JEFE DE GESTION Y TRANSPORTE
5468;ANALISTA SISTEMAS INFORMACION;TECNICO DE SISTEMAS INFORMATICOS
5469;COORDINADOR DE OPERACIONES GPS;GERENTE DE OPERACIONES GPS
5470;ANALISTA DE SELECCION Y DH;ANALISTA DE SELECCION PERSONAL
5471;ASISTENTE ADMINISTRACION Y LOGISTICA;ASISTENTE ADMINISTRATIVO Y COMPRAS
5472;EJECUTIVO DE INDEMNIZACIONES JUNIOR;EJECUTIVO INDEMNIZACIONES SENIOR
5473;PROFESOR MEDIO TIEMPO - FAC. EMPRENDIMIENTO, NEGOCIOS Y ECONOMIA;PROFESOR TITULAR PRINCIPAL MEDIO TIEMPO FAC. EMPRENDIEMIENTO, NEGOCIOS Y ECONOMIA
5474;COORDINADOR DE CONTROL DE COSTOS;COORDINADOR CONTABILIDAD COSTOS
5475;AUXILIAR MANT. ELECTRICO;AUXILIAR MANT. MECANICO
5476;COORDINADOR/A REGIONAL DE ESTRATEGIA E INNOVACION;DIRECTOR DE ESTRATEGIA E INNOVACION
5477;ASISTENTE JURIDICO;AUXILIAR JURIDICO
5478;GERENTE DE FARMACOVIGILANCIA;RESPONSABLE DE FARMACOVIGILANCIA
5479;PROGRAM DIRECTOR;DIRECTOR DE PROGRAMA
5480;ASESOR DE CALL CENTER;AUXILIAR DE CALL CENTER
5481;AUXILIAR DI LIMPIEZA;AUXILIARE DE LIMPIEZA CONTROL CALIDAD
5482;JEFE DE PLANIFICACION Y PRESUPUESTO;JEFE DE PLANIF Y PROGRAMA
5483;JEFE DE CENTRO MEDICO;JEFE DE DEPARTAMENTO MEDICO
5484;JEFE DE OFICINA;JEFE DE OFICINA ADMINISTRATIV
5485;GERENTE DE PROYECTO;GERENTE DE IMPLEMENTACION DE PROYECTOS
5486;AUXILIAR DE EFICIENCIA OPERATIVA;ANALISTA DE EFICIENCIA OPERATIVA
5487;ASESOR DE TELEVENTA;ASESOR DE TELEVENTAS
5488;GERENTE DE DEPARTAMENTO LEGAL;DIRECTORA DEPARTAMENTO LEGAL
5489;COORDINADOR DE REDES Y COMUNICACIONES;COORDINADOR TECNICO DE ENLACES Y TELECOMUNICACIONES
5490;LOGISTIC COORDINADOR LEVEL I;LOGISTIC COORDINATOR LEVEL IV
5491;ASISTENTE DE SEGURIDAD INDUSTRIAL Y AMBIENTE;ASISTENTE DE SEGURIDAD INDUSTRIAL / CALIDAD
5492;COORDINADORA GENERAL;COORDINADORA ADM GENERAL
5493;TECNICO DE SEGURIDAD Y SALUD EN EL TRABAJO;ANALISTA SEGURIDAD Y SALUD EN EL TRABAJO
5494;ASISTENTE DE OPERACIONES / INVENTARIO;ASISTENTE DE OPERACIONES / INVENTARIOS
5495;SUBGERENTE CX Y SERVICIO AL CLIENTE;SUBGERENTE DE CX Y CRM
5496;COORDINADOR DE DESARROLLO DE NEGOCIOS;EJECUTIVO DE DESARROLLO DE NEGOCIOS
5497;SALES AND MARKETING ASSISTANT MANAGER;SALES AND MARKETING MANAGER
5498;SUPERVISOR DE SERVICIO DE CAMPO I;SUPERVISOR DE CAMPO 1
5499;CHOFER PLUMA;CHOFER PLUMA 02
5500;ASISTENTE DE DISTRIBUCION;ASISTENTE DE DISTRIBUCION/TRANSPORTE
5501;ANALISTA DE TRANSPORTE;ANALISTA TRANSPORTE INTERNACIONAL
5502;ANALISTA ADMINISTRACION ,FINANZAS Y CONTROL;ANALISTA FINANCIERO, LOGISTICO Y ADMINISTRATIVO
5503;GERENTE TECNICO DE DESARROLLO;ASISTENTE DESARROLLO TECNICO
5504;ANALISTA ADMINISTRACION INVENTARIOS;ANALISTA DE INVENTARIOS Y FACTURACION
5505;COORDINADOR DE MKT;JEFE DE MKT
5506;ASISTENTE DE MUESTRAS Y PRUEBAS INDUSTRIALES;COORDINADOR/A DE MUESTRAS Y PRUEBAS INDUSTRIALES
5507;VENDEDOR EXTERNO;AGENTE VENDEDOR EXTERNO
5508;LIDER DE INFRAESTRUCTURA;LIDER DE INFRAESTRUCTURA Y SEGURIDAD
5509;ASISTENE CONTABLE;ASISTETEN CONTABLE
5510;ASISTENTE DE TRAMITES;ASESOR DE TRAMITES
5511;OBRERO DE PRODUCCION - LARVAS;TECNICO DE PRODUCCION LARVAS
5512;DOCENTE VICERRECTORA;DOCENTE-VICERRECTORA
5513;COORDINADOR DE MARCA Y PUBLICIDAD;COORDINADORA DE COMUNICACION Y MARCA
5514;BODEGUERO 211;BODEGUERO 221
5515;SUPERVISOR DE LINEA;SUPERVISOR GENERAL DE LINEAS
5516;VENDEDOR VEH. LIVIANOS;VENDEDOR DE VEHICULOS LIVIANOS
5517;ASIST. ADMINIST.;ASIST. ADMINISTR
5518;ANALISTA AUDITORIA;ANALISTA SR DE AUDITORIA
5519;ASISTENTE DE ADUANA;AUXILIAR DE AGENTE ADUANA
5520;ANALISTA CONTROL OPERATIVO;ANALISTA DE CONTROL OPERATIVO - ADM DE LA INFORMACION
5521;COORDINADOR ASISTENTE LOGISTICA;COORDINADOR LOGISTICO Y ACADEM
5522;SUBGERENTE DE NEGOCIOS;SUBGERENTE DE INTELIGENCIA DE NEGOCIOS
5523;AUDITOR DE CONTROL DE CALIDAD;AUDITOR INTERNO Y DE PROCESOS
5524;SUPERINTENDENTE DE MANTENIMIENTO ELECTRICO Y DE INSTRUMENTACION;SUPERV. MANTENIMIENTO ELECTRICO
5525;AUXILIAR DE PLANTA;AUXILIAR DE PLANTA - AGREGADOS
5526;JEFE DE INVENTARIO;SUPERVISOR DE INVENTARIO
5527;SUBGERENTE DE CONTABILIDAD;SUBCONTADOR DE EMPRESA
5528;ANALISTA PLANEACION SUMINISTROS;PLANIFICADOR SENIOR DE SUMINISTROS
5529;DESARROLADOR JUNIOR DE SOFTWARE;INGENIERO DE SOFTWARE JUNIOR
5530;OPERADOR CALIDAD;ESPECIALISTA CALIDAD OPERACIONAL
5531;JEFE DE PUBLICIDAD;JEFE DE PUBLICIDAD Y COMUNICACION
5532;SUPERVISOR DE ALIMENTACION;JEFE DE ALIMENTACION
5533;DIRECTOR DE OPERACIONES DE MANUFACTURA;GERENTE DE OPERACIONES DE MANUFACTURA
5534;ANALISTA DE INFRAESTRUCTURA Y SERVICIOS GENERALES;ANALISTA TECNICO INFRAESTRUCTURA
5535;GESTOR DE UNIVERSIDAD;GESTOR UNIVERSITARIO
5536;ANALISTA DE COMPRAS 2;ANALISTA DE VENTAS 2
5537;JEFE FINANCIERO Y TALENTO HUMANO;GERENTE FINANCIERA Y TALENTO HUMANO
5538;ANALISTA RECURSOS HUMANOS;AUXILIAR DE RECURSOS HUMANOS
5539;AUXILIAR DE MANTENIMIENTO 1;AUXILIAR DE MANTENIMIENTO C
5540;GERENTE DE BODEGA Y LOGISTICA;GERENTE DE COMERCIO Y LOGISTICA
5541;JEFE DE ALMACEN DE PRODUCTO TERMINADO;COORDINADOR DE ALMACEN DE MATERIA PRIMA Y PRODUCTO TERMINADO
5542;EJECUTIVO LEGAL JUNIOR;EJECUTIVO LEGAL SENIOR
5543;EJECUTIVO DE CUENTA JR;EJECUTIVO DE CUENTA EMISION JUNIOR
5544;JEFE ADMINISTRATIVO Y OPERACIONES;JEFE DE ADMINISTRACION Y ASUNTOS COORPORATIVOS
5545;OPERADOR DE MONITOREO;OPERADOR DE MONITOREO REMOTO
5546;JEFE DE MECANICOS;SUPERVISOR GENERAL DE MECANICOS
5547;GERENTE CALIDAD;SUPERVISOR GENERAL DE CALIDAD
5548;JEFE DE SEGURIDAD FISICA;JEFE CORPORATIVO SEGURIDAD FISICA
5549;ASISTENTE ADMINISTRATIVA-CONTABLE;ASISTENTE ADMINISTRADOR
5550;INSPECTOR ASEGURAMIENTO DE CALIDAD;INSPECTOR DE CALIDAD ENTRADA
5551;INGENIERO DE INFRAESTRUCTURA Y COMUNICACIONES;INGENIERO DE COMUNICACIONES
5552;OPERADOR BODEGA Y DESPACHO;OPERADOR DE BODEGA/ OFICINA
5553;PRODUCTION ENGINEERING EXPERT;PRODUCTION PROCESS EXPERT
5554;AUXILIAR DE TINTURADO;AYUDANTE DE TINTURACION
5555;ASISTENTE DIRECCION ATENCION A PACIENTES;DIRECTOR DE ATENCION A PACIENTES
5556;JEFE / PRODUCCION;JEFE DE PRODUCCION (PR)
5557;COORDINADOR DE RELACIONES COMUNITARIAS;COORDINADOR DE RELACIONES COMUNITARIAS OFICINA
5558;ASISTENTE DE INVENTARIOS;ASISTENTE DE OPERACIONES / INVENTARIOS
5559;COORDINADOR DE TRADE;JEFE COORDINADOR DE TRADE
5560;ASISTENTE TECNICO ELECTRICO;INSTALADOR / TECNICO ELECTRICO
5561;ASISTENTE SOPORTE TECNOLOGICO;ASISTENTE TECNICO IT
5562;JEFE DE VENTAS;JEFE DE VENTAS EXTERNAS
5563;ANALISTA DE RIESGO TECNOLOGICO – MONITOREO Y CONTROL;JEFE DE RIESGO TECNOLOGICO - MONITOREO Y CONTROL
5564;COORDINADOR ADMINISTRATIVO DE PROYECTOS;ASISTENTE DE GESTION DE PROYECTOS
5565;OPERADOR PLANTA HORMIGON;OPERADOR PLANTA HORMIGONERA
5566;JEFE DE AUDITORIA Y CALIDAD;COORDINADOR DE AUDITORIA Y CONTROL INTERNO
5567;LICENCIADO LABORATORIO;LICENCIADO/A DE LABORATORIO
5568;AUXILIAR DE CONTABILIDAD;ANALISTA CONTABILIDAD
5569;ASISTENTE DE FRANQUICIAS;ASISTENTE SENIOR DE FRANQUICIAS
5570;ANALISTA COMERCIAL SENIOR;ANALISTA COMERCIAL JR
5571;COORDINADOR DE ADMINISTRACION;COORDINADOR JUNIOR DE ADMINISTRACION
5572;SUPERVISOR DE BODEGA Y LOGISTICA;SUPERVISOR DE BODEGA/ALMACEN
5573;COORDINADOR DE CONTROL Y PLANEAMIENTO FINANCIERO;COORDINADOR CONTROL FINANCIERO
5574;ADM. AUXILIAR DE SERVICIOS GENERALES;AUXILIAR DE SERVICIOS GENERALES OPERACIONES
5575;GERENTE DE BANCA ESPECIALIZADA;GERENTE NACIONAL DE BANCA ESPECIALIZADA
5576;ASISTENTE ADMINISTRATIVA DE SERVICIO TECNICO;JEFA ADMINISTRATIVA DE SERVICIO TECNICO
5577;INSTALADOR TECNICO;AYUDANTE TECNICO INSTALADOR
5578;GERENTE ADMINISTRATIBA;ADMIN - GERENTE ADMINISTRADOR
5579;COORDINADOR DE AUDITORIA MEDICA;ANALISTA DE AUDITORIA MEDICA
5580;AUXILIAR DE QUIMICOS;AUXILIAR DE LABORATORIO QUIMICO
5581;ANALISTA DE SELECCION Y DESARROLLO;ANALISTA DE DESARROLLO SR
5582;AGENTE VENDEDOR VIAJERO;AGENTE VIAJERO - ASESOR COMERCIAL
5583;COORDINADOR COMERCIO EXTERIOR;JEFE OPERATIVO COMERCIO EXTERIOR
5584;GERENTE DE LOGISTICA;GERENTE DE LOGISTICA Y ABASTEC
5585;ADMIN - ASISTENTE DE RECURSOS HUMANOS;ADMIN - JEFE DE RECURSOS HUMANOS
5586;JEFE DE COMUNICACION CORPORATIVA;JEFE DE COMUNICACION, EDUCACION E INFORMACION
5587;ASISTENTE DE GESTION SOCIAL;ASISTENTE PSICOSOCIAL
5588;MIRADOR;MIRADOR #1
5589;GERENTE DE LOGISTICA Y DISTRIBUCION;GERENTE DE COMERCIO Y LOGISTICA
5590;AUXILIAR DE SERVICIOS GENERALES Y CONSERJERIA;SUBGERENTE DE SERVICIOS GENERALES
5591;GERENTE DE LOGISTICA Y OPERACIONES;GERENTE DE OPERACIONES Y LOGISTICA INTEGRAL
5592;TRABAJADOR AGRICOLA 2;TRABAJADOR AGRICOLA 4
5593;ASISTENTE ADMINISTRATIVA DE SERVICIO TECNICO;ASIST. ADMINISTRATIVO SERVICIO TECNICO
5594;SUPERVISOR GENERAL DE PRODUCCION;SUPERINTENDENTE DE PRODUCCION
5595;ASISTENTE ADMINISTRATIVA Y RECURSOS HUMANOS;AUXILIAR DE CONTABILIDAD Y RECURSOS HUMANOS
5596;ANALISTA DE INFRAESTRUCTURA TI;JEFE DE INFRAESTRUCTURA TI
5597;TECNOLOGO DE LABORATORIO;TECNOLOGO MEDICO-LABORATORIO
5598;AYUDANTE DE IMPRENTA;AYUDANTE DE OPERADOR DE IMPRENTA
5599;COORDINADOR DE TRADE MARKETING CLIENTES ESPECIALES;COORDINADOR DE TRADE MARKETING TT
5600;ADMINISTRADOR PROYECTOS;LIDER DE GESTION DE PROYECTOS
5601;ESPECIALISTA ASUNTOS REGULATORIOS;ESPECIALISTA DE REGULATORIOS Y CALIDAD
5602;COORDINADOR DE BIENESTAR Y RESPONSABILIDAD SOCIAL;ANALISTA DE BIENESTAR Y RESPONSABILIDAD SOCIAL
5603;JEFE COMERCIAL;JEFE COMERCIAL OPERATIVO
5604;JEFE DE PROCESOS Y PRODUCTIVIDAD;JEFE PRODUCTIVIDAD Y CONTROL ORGANIZACIONAL
5605;JEFE DE BODEGA;JEFE DE DESPACHO - BODEGA
5606;JEFE DE QHSE;GERENTE DE QHSE
5607;ASISTENTE ADMINISTRATIVO ACTIVOS FIJOS;ASISTENTE DE ACTIVOS FIJOS Y ARCHIVO
5608;SUPERVISOR DE PRODUCCION/PROCESOS;SUPERVISOR DE SOPORTE Y PRODUCCION
5609;RESPONSABLE DE GESTION DE CALIDAD;COORDINADOR DE GESTION DE LA CALIDAD Y MEJORA CONT
5610;EJECUTIVO DE TELEMARKETING;EJECUTIVO TELESALES
5611;JEFE DE CUMPLIMIENTO NORMATIVO Y LEGAL;GERENTE DE LEGAL & CUMPLIMIENTO
5612;AUX. ADMINISTRATIVA;AUXILIAR ADMINISTRATIVA GENERAL
5613;GERENTE CORPORATIVO COMPRAS;GERENTE REGIONAL COMPRAS
5614;ASISTENTE DE OBRA;ASISTENTE GERENCIA DE OBRA
5615;MOLINERO 1;MOLINERO 2
5616;COORDINADOR DE PLANEACION Y CONTROL;COORDINADOR(A) DE PLANEACION Y CONTROL GESTION
5617;JEFE DE DISTRIBUIDORES;JEFE DE ZONA DISTRIBUIDORES
5618;AUXILIAR DE BODEGA EXTERNA;AUXILIAR - BODEGA
5619;JEFE COMPRAS;JEFE DE COMPRAS G
5620;EJECUTIVA DE CUENTA;EJECUTIVA DE CUENTAS INTERNACI
5621;EJECUTIVO DE ATENCION AL CLIENTE Y VENTAS;EJECUTIVO EXCELENCIA AL CLIENTE
5622;ANALISTA BANCA CORPORATIVA3;ANALISTA BANCA CORPORATIVA6
5623;ESPECIALISTA DE TRANSFORMACION DE PROCESOS;CONSULTOR TECNICO DE TRANSFORMACION DE PROCESOS
5624;ANALISTA DE COMPRAS Y ABASTECIMIENTO;ANALISTA DE COMPRAS SR
5625;GERENTE GENERAL / JEFE DE VENTAS;ASESOR DE VENTAS / GERENTE GENERAL
5626;ASISTENTE DE INGENIERIA DE MANTENIMIENTO;ASISTENTE DE PLANEACION MANTENIMIENTO
5627;COORDINADOR SHEQ-SGI;COORDINADOR SHEQ-SGI CLTC
5628;SUPERVISOR DE MANTENIMIENTO OPERACIONES;SUPERVISOR DE CONSTRUCCIONES Y MANTENIMIENTO
5629;JEFE DE PLANEACION Y PROYECTOS;COORDINADOR DE PLANIFICACION Y PROYECTOS
5630;ASISTENTE TECNICO;ASISTENTE DE TECNOLOGIA Y SISTEMAS
5631;INSIDE SALES EXECUTIVE;INSIDE SALES REPRESENTATIVE
5632;JEFE ADMINISTRACION Y RECURSOS HUMANOS;JEFA ADMINISTRATIVA Y DE RECURSOS HUMANOS
5633;COORDINADOR CALIDAD;COORDINADOR DE CALIDAD Y MONITOREO
5634;AUXILIAR DE SERVICIOS;AUXILIAR DE SERVICIOS EN GENERAL (GESTACION)
5635;ASISTENTE ADMINISTRATIVO M;ASISTENTE ADMINISTRATIVO MT,EC
5636;COORDINADOR LOGISTICO Y BODEGA;RESPONSABLE DE BODEGA & LOGISTICA
5637;ASISTENTE 1 FINANCIERO;AUXILIAR FINANCIERO 1
5638;ANALISTA DE REDES SOCIALES;ANALISTA DE REDES SOCIALES Y MULTIMEDIA
5639;OPERADOR DE PRODUCCION JUNIOR;OPERADOR DE PRODUCCION JR
5640;ANALISTA DE COBRANZA;ANALISTA DE COBRANZA CORPORATIVA
5641;OPERADOR TECNICO;OPERADOR DE
5642;TORNERO ROSCADOR;TORNERO ROSCADOR LIDER
5643;ANALISTA DE CALL CENTER;ANALISTA SENIOR DE FIDELIZACION Y CALL CENTER
5644;GERENTE DE INGENIERIA Y PROYECTOS;JEFE DE INGENIERIA Y PROYECTOS
5645;ASISTENTE DE DATA MAESTRA;JEFE DE DATA MAESTRA
5646;JEFE COMPRAS Y PLANIFICACION DE DEMANDA;JEFE DE IMPORTACIONES Y PLANEACION DE LA DEMANDA
5647;COORDINADOR DE CAPTACIONES;COORDINADOR DE CAPTACIONES Y SERVICIOS
5648;ASISTENDE ADMINISTRATIVO;ADMINISTRADOR ASISTENTE
5649;ANALISTA DE PROCESOS Y PROYECTOS;ANALISTA DE PROCESOS Y DESARROLLOS
5650;JEFE DE OPERACIONES Y CALIDAD;JEFE DE CALIDAD Y PRODUCTO
5651;COORDINADOR DE SERVICIOS INDUSTRIALES;COORDINADOR DE INDUSTRIALIZACION
5652;ANALISTA DE NOMINA;ANALISTA DE NOMINA Y ADMINISTRACION
5653;ANALISTA DE PROYECTO Y DESARROLLO;ANALISTA TECNICO DE PROYECTO
5654;ENCARGADO ADMINISTRACION;ADMINISTRADOR (A) ENCARGADO (A
5655;JEFE PRODUCTO;JEFE DE PRODUCCION TECNOLOGICA
5656;ASISTENTE GESTION 11;ASISTENTE GESTION 6
5657;CONTROLLER INTERNO FINANCIERO Y DE GESTION;JEFE DE CONTABILIDAD Y CONTROL INTERNO
5658;JEFE DE INFRAESTRUCTURA OPERACIONAL;COORDINADOR DE OPERACIONES E INFRAESTRUCTURA
5659;AYUDANTE DE MECANICA;AYUDANTE DE MECANICA GENERAL
5660;DIRECTOR DE TIENDA 1;DIRECTOR DE TIENDA 3
5661;ASISTENTE DE LABORATORIO Y SISTEMA;ASISTENTE TECNICO DE LABORATORIO
5662;COORDINADORA SERVICIOS GENERALES;COORDINADORA ADM GENERAL
5663;ANALISTA DE FACTURACION;ANALISTA DE FACTURACION Y COSTOS
5664;GERENTE DE AUDITORIA;GERENTE AUDITORIA
5665;ANALISTA DE PROCESOS Y EXCELENCIA;ANALISTA DE PROCESOS Y AUDITORIAS
5666;AUXILIAR / AYUDANTE DEL SECTOR DE METALMECANICA;AUXILIAR AYUDANTE METALMECANICA
5667;ANALISTA DE MANTENIMIENTO Y SERVICIOS GENERALES;ANALISTA DE MANTENIMIENTO, SERVICIOS GENERALES SEGURIDAD FISICA
5668;ASESORA COMERCIAL - TEAM LEADER EXPANSION POSTGRADO;ASESORA COMERCIAL - TEAM LEADER POSTGRADOS
5669;ANALISTA DE NOMINA;ANALISTA DE NOMINA SENIOR
5670;ANALISTA DESARROLLO COMPUESTOS;ASISTENTE DESARROLLO COMPUESTOS
5671;GERENTE B;GERENTE G
5672;EJECUTIVO ASIST JUNIOR (OFIC 1);EJECUTIVO ASISTENTE (OFC 1) CSO
5673;COORDINADOR DE APRENDIZAJE Y ENSENANZA;COORDINADOR DE PLANIFICACION DEL APRENDIZAJE
5674;JEFE DE IMPUESTOS Y NOMINA;JEFE REGIONAL DE IMPUESTOS
5675;ASISTENTE DE OPERACIONES 2;AUXILIAR 2 DE OPERACIONES
5676;ANALISTA SENIOR DE TESORERIA;ANALISTA DE TESORERIA 1
5677;JEFA DE TALENTO HUMANO Y NOMINA;PROFESIONAL DE TALENTO HUMANO Y NOMINA
5678;OPERARIO DE PRODUCCION BIOLOGICOS;OPERARIOS 1 DE PRODUCCION BIOLOGICOS
5679;ANALISTA DE MARKETING SENIOR;ANALISTA SENIOR MARKETING
5680;JEFE OPERACIONES CUENTAS Y DEPOSITOS;SUPERVISOR OPERACIONES CUENTAS Y DEPOSITOS
5681;GERENTE DE COMERCIAL;GERENTE SENIOR DE COMERCIAL
5682;GERENTE DE SERVICIOS EMPRESARIALES;JEFE DE SERVICIOS EMPRESARIALES
5683;SUPERVISOR DE CONTROL CONTABLE;SUPERVISOR OPERATIVO CONTABLE
5684;ASISTENTE DE SEGURIDAD, SALUD;ASISTENTE DIVISION SEGURIDAD
5685;JEFE DE PROYECTO;COORDINADOR JR DE PROYECTOS
5686;GERENTE DE INFRAESTRUCTURA Y TELECOMUNICACIONES;JEFE DE INFRAESTRUCTURA Y SISTEMAS
5687;JEFE DE BASE Y OPERACIONES EN CAMPO;JEFE DE OPERACIONES DE CAMPO
5688;INGENIERO DE APLICACIONES SR;INGENIERO DE PROYECTOS SR
5689;ASISTENTE DE LOGISTICA Y OPERACIONES;ASISTENTE DE ALMACEN Y LOGISTICA
5690;ASISTENTE DE FLOTA;AUXILIAR OPERATIVO DE FLOTA
5691;AYUDANTE DE COCINA;AYUD. DE COCINA
5692;ASESOR DE FIDELIZACION;ESPECIALISTA DE FIDELIZACION
5693;*GERENTE DE OPERACIONES;GERENTE NACIONAL OPERACIONES
5694;DOCENTE RELIGION;DOCENTE DE RELIGION
5695;ASISTENTE DE PROCESOS Y ASUNTOS REGULATORIOS;ANALISTA DE PROCESOS Y ASUNTOS REGULATORIOS
5696;ASISTENTE RRHH;ASISTENTE RRHH - HDA
5697;T.A TECNICO DE ALIMENTADORES;T.A JEFE DE TALLER DE ALIMENTADORES
5698;ASISTENTE DE SERVICIO TECNICO;ASISTENTE SOPORTE TECNICO
5699;ANALISTA DE REGULACION;ANALISTA REGULATORIO
5700;ANALISTA DE TESORERIA JR.;ANALISTA SENIOR DE TESORERIA
5701;DIRECTOR DE PROCESOS Y AUTOMATIZACION;JEFE DE AUTOMATIZACION Y PROCESOS
5702;ASISTENTE DE FACTURACION;ASISTENTE COMERCIAL Y FACTURACION
5703;GERENTE RELACIONES COMUNITARIAS;GERENTE DE RELACIONES PUBLICAS
5704;JEFE ADM. DE PRODUCION;JEFE DE PRODUCCION Y LABORATORIO
5705;QUALITY ASSURANCE MANAGER;QUALITY MANAGER
5706;ANALISTA DE EVALUACION Y DESARROLLO DE TALENTO HUMANO;ANALISTA DE TALENTO HUMANO Y ADMINISTRAC
5707;INGENIERO DE MANTENIMIENTO;INGENIERO DE OPERACION Y MANTENIMIENTO
5708;ASISTENTE DE CALIDAD Y LABORATORIO;ANALISTA DE CALIDAD Y LABORATORIO
5709;ANALISTA DE EXCELENCIA OPERACIONAL;COORDINADOR DE EXCELENCIA OPERACIONAL
5710;ANALISTA DE LOGISTICA INVERSA;COORDINADOR DE LOGISTICA INVERSA
5711;ASESOR COMERCIAL;ASESOR COMERCIAL INDUSTRIAL
5712;COORDINADOR GENERAL DE VENTAS REGIONAL EL ORO;EJECUTIVO DE VENTAS PROVINCIAS - EL ORO
5713;JEFE DE DESARROLLO DE NUEVOS NEGOCIOS;JEFE NUEVOS NEGOCIOS
5714;JEFE DE TALLER AUTOMOTRIZ;JEFE DE TALLER Y MANUFACTURA
5715;ASISTENTE DE VENTAS MAYOR;SUPERVISOR DE VENTAS MAYORISTA
5716;COORDINADOR DE SERVICIOS GENERALES;COORDINADOR SERV. GENERAL
5717;JEFE ADMINISTRATIVA Y TALENTO HUMANO;JEFA ADMINISTRATIVA Y DE RECURSOS HUMANOS
5718;SUPERVISOR DE OPERACIONES PUERTO;ADMINISTRADOR OPERACIONES PUERTOS
5719;AUXILIAR DE AUDITORIA;ASISTENTE DE AUDITORIA SR.
5720;ANALISTA QUIMICO JUNIOR;ANALISTA FISICO QUIMICO SENIOR
5721;ANALISTA PROCESOS;ANALISTA DE PROCESO SENIOR
5722;AUXILIAR DE SOPORTE A USUARIOS;EJECUTIVO DE SOPORTE A USUARIOS
5723;REGIONAL SALES MANAGER ECUADOR;SALES MANAGER DEALERS ECUADOR
5724;SUPERVISOR DE SEGURIDAD OPERATIVO;COORDINADOR SEGURIDAD OPERATIVA
5725;ANALISTA DE PROCESOS Y PRODUCTOS;ANALISTA JUNIOR DE PROCESOS
5726;COORDINADOR DE INFRAESTRUCTURA Y REDES;JEFE DE INFRAESTRUCTURA Y PROYECTOS
5727;SUPERVISOR DE INSTALACIONES Y GARANTIAS;SUPERVISOR TECNICO Y DE GARANTIAS
5728;ANALISTA COMERCIAL Y DE IMPORTACIONES;ANALISTA DE IMPORTACIONES Y ASUNTOS GUBERNAMENTALES
5729;GESTOR DE CREDITO;GESTOR DE OPERACIONES DE CREDITO
5730;ASISTENTE LEGAL;ASISTENTE DE LEGAL
5731;SUPERVISOR CENTRO DE OPERACIONES;SUPERVISOR DEL CENTRO DE SERVICIOS
5732;ANALISTA DE VISUAL MERCHANDISING;ASISTENTE DE VISUAL MERCHANDISING
5733;SUPERVISOR DE SEGUR;AYUDANTE SUPERVISOR SEGURIDAD
5734;ASISTENTE AUXILIAR DE CONTABILIDAD;AUXILIAR CONTABILIDAD
5735;AUXILIAR 1 DE SERVICIO AL CLIENTE;ASISTENTE INTEGRAL DE SERVICIO AL CLIENTE
5736;JEFE COMPRA /IMPORTACIONES;GERENTE DE COMPRAS E IMPORTACIONES
5737;COORDINADOR DE BODEGA DE SUMINISTROS;JEFE DE BODEGA DE SUMINISTROS
5738;EJECUTIVO PLANEACION FINANCIERA;PLANIFICADOR FINANCIERO
5739;ANALISTA DE TRANSPORTE;ANALISTA DE TRANSPORTE Y DESPACHO
5740;JEFE ANALISIS Y DESARROLLO;JEFE DE ANALISIS
5741;ASESOR TECNICO JUNIOR;ASESOR OPERATIVO JUNIOR
5742;CHOFER TRACTORISTA;CHOFER TRACTORISTA 2
5743;COORDINADORA CENTRO;COORDINADORA CENTROS DE APOYO
5744;JEFE DE SERVICIOS MEDICOS;JEFE SERVICIO MEDICO DE EMPRESA
5745;COORDINADOR SALUD OCUPACIONAL;SUPERVISOR DE SALUD OCUPACIONAL
5746;INGENIERO SENIOR DE MANTENIMIENTO;INGENIERO DE OPERACION Y MANTENIMIENTO
5747;TECNICO DE MANTENIMIENTO DE LA;TECNICO DE MANTENIMIENTO DE EQUIPOS
5748;TECNICO 2 DE POST VENTA;TECNICO POST - VENTA
5749;ASISTENTE CONTROL ADMINISTRATIVO;ASISTENTE GESTION ADMINISTRATIVA 1
5750;OPERADOR 1;OPERADOR I
5751;AYUDANTE DE MECANICO DE EQUIPOS INDUSTRIALES;MECANICO DE EQUIPOS
5752;COORDINADOR CORPORATIVO DE MANTENIMIENTO;COORDINADOR DE MANTENIMIENTO CORRECTIVO
5753;COORDINADOR DE QA;COORDINADOR DE PROCESOS Y QA
5754;JEFE DE INFRAESTRUCTURA TI;COORDINADOR DE INFRAESTRUCTURA Y GOBIERNO DE TI
5755;GERENTE DE MARKETING Y VENTAS;GERENTE DE MARKETING Y PUBLICIDAD
5756;JEFE ADMINISTRACION Y RECURSOS HUMANOS;JEFE DE ADMINISTRACION Y ASUNTOS COORPORATIVOS
5757;ASISTENTE DE OPERACIONES Y MANTENIMIENTO;TECNICO DE OPERACIONES Y MANTENIMIENTO
5758;COORDINADOR JUNIOR DE GESTION DE DEPOSITO DE RELAVES;SUBGERENTE DE GESTION DE DEPOSITOS DE RELAVES
5759;GERENTE DE MANTENIMIENTO;GERENTE DE MANTENIMIENTO DE EQUIPOS
5760;SUPERVISOR DE INFRAESTRUCTURA TECNOLOGICA;INGENIERO SENIOR DE INFRAESTRUCTURA TECNOLOGICA
5761;INGENIERO DE SOFTWARE JUNIOR;INGENIERA PROGRAMADOR JUNIOR
5762;ASISTENTE DE GERENCIA REGIONAL;ASISTENTE ADMINISTRATIVO REGIONAL
5763;CONTADOR JUNIOR;CONTADOR JR
5764;LIDER DE OPERACIONES CONTAC CENTER;LIDER DE OPERACIONES/CONTAC CENTER
5765;COORDINADOR SEGURIDAD ELECTRONICA;JEFE DE SEGURIDAD ELECTRONICA
5766;AUXILIAR DE TESORERIA;AUXILIAR DE CONTABILIDAD Y TESORERIA
5767;SUPERVISOR DE EMBARQUE;JEFE DE EMBARQUE
5768;SUBGERENTE DE TECNOLOGIA;SUBGERENTE DE TECNOLOGIA E INNOVACION
5769;ASISTENTE DE NOMINA;ASISTENTE DE CONSULTORIA DE NOMINA
5770;GERENTE ADMINISTRATIVA Y FINAN;GERENTE ADMINISTRACION, FINANZAS Y CONTROL
5771;ASISTENTE DE TRABAJO SOCIAL;ASISTENTE DE TRABAJO SOCIAL GRADO 1
5772;SUPERVISOR DE ALMACEN;SUPERVISOR DE BODEGA/ALMACEN
5773;ASISTENTE DE COMERCIO Y LOGISTICA;ASISTENTE ADQUISICIONES Y LOGISTICA
5774;ASISTENTE OPERATIVO DE TRANSPORTE;OPERARIO DE TRANSPORTE
5775;ASISTENTE GERENCIA DE BARES Y RESTAURANTES;JEFE DE BARES Y RESTAURANTES
5776;ANALISTA DE SELECCION Y DESARROLLO;ANALISTA DE SELECCION Y C
5777;JEFE DE CUENTAS CLAVES RENTING;GERENTE DE CUENTAS RENTING
5778;EJECUTIVO SENIOR SERVICIO AL CLIENTE;ESPECIALISTA SENIOR EN SERVICIO AL CLIENTE
5779;ASESOR TECNICO SENIOR 高级技术服务工 程师;ASESOR TECNICO 技术服务员
5780;COORDINADOR DE GESTION DE SERVICIOS;COORDINADOR SERVICIOS GENERALES Y BODEGA
5781;SUPERVISOR DE SEGURIDAD FISICA;SUPERVISOR DE SEGURIDAD FISICA - B
5782;ANALISTA SEGURIDAD;ANALISTA SEGURIDAD INFORMACION
5783;OPERADOR DE MAQUINA TERMOFORMADORA;OPERADOR DE TERMOFORMADO
5784;COORDINADOR AUDITORIA;COORDINADOR DE AUDITORIA I. Y C. O.
5785;DESARROLLADOR SISTEMAS;DESARROLLADOR SISTEMAS SR.
5786;DIRECTOR DE AUDITORIA;COORDINADOR DE AUDITORIA I. Y C. O.
5787;ANALISTA DE DESARROLLO DE NEGOCIOS;ANALISTA DE SOPORTE DE NEGOCIOS
5788;JEFE DE CONTROL Y CORDINACION FINANCIERA;JEFE CONTROL FINANCIERO Y CONTABILIDAD
5789;CAJERA/ FACTURADORA;CAJERO/A FACTURADOR
5790;1 MIRADOR;3 MIRADOR
5791;GERENTE DE GESTION DE PROYECTOS;GERENTE CORPORATIVO DE PROYECTOS
5792;JEFE ALMACEN;JEFE DE ALMACEN ENCARGADO
5793;JEFE DE CUSTOMER EXPERIENCE;JEFE DE CUSTOMER SERVICE
5794;ANALISTA DE IMPUESTOS;ANALISTA DE IMPUESTO
5795;JEFE DE COMPENSACIONES Y NOMINA;GERENTE DE NOMINA Y COMPENSACIONES
5796;ASISTENTE DE FACTURACION JR;AYUDANTE DE FACTURACION
5797;ASISTENTE DE CONSULTA;ASISTENTE DE CONSULTORIA
5798;ANALISTA DE REVENUE MANAGEMENT;ANALISTA REVENUE MANAGEMENT
5799;DIRECTOR ADMINISTRATIVO FINANCIERO;DIRECTOR GENERAL FINANCIERO
5800;AUXILIAR DE COCINA 1;AUXILIAR DE COCINA 2
5801;OPERADOR DE EQUIPO INDUSTRIAL EN ETIQUETADO Y ENCARTONADO;OPERARIO DE ETIQUETADO Y ENCARTONADO
5802;SUPERVISOR DE SECTOR 1;SUPERVISOR DE SECTOR 2
5803;EJECUTIVA SENIOR COBRANZAS;EJECUTIVA/O COBRANZAS
5804;DIRECTOR DE PROYECTOS;DIRECTOR DE PROYECTOS Y PROCESOS
5805;JEFE AUDITOR DE CALIDAD Y TALENTO HUMANO;JEFE AUDITOR EN GARANTIA DE CALIDAD
5806;JEFA ADMINISTRATIVA Y DE PROCESOS;JEFA ADMINISTRATIVA Y DE RECURSOS HUMANOS
5807;JEFE DE PROCESOS Y PROYECTOS;JEFE IMPLEMENTACION DE PROCESOS
5808;SUPERVISOR DE PUNTO DE VENTA;SUPERVISOR DE TIENDA
5809;SUBJEFE DE BODEGA;SUPERVISOR DE BODEGA JUNIOR
5810;ASISTENTE DE REDES Y COMUNICACIONES;ASISTENTE DE SISTEMAS Y COMUNICACIONES
5811;INSPECTOR(A) / CALIDAD EN PROCESO;INSPECTOR(A) / CALIDAD EN EMBARQUE
5812;GERENTE FIDELIZACION Y RETENCION;JEFE DE RETENCION Y FIDELIZACION
5813;JEFE DE INDEMNIZACIONES VIDA;COORDINADOR DE INDEMNIZACIONES VIDA
5814;EJECUTIVA COMERCIAL SENIOR;EJECUTIVO COMERCIAL JR
5815;SUPERVISOR DE SEGURIDAD FISICA;COORDINADOR SEGURIDAD FISICA
5816;ANALISTA CONTABLE Y FINANCIERO;ANALISTA CONTABLE, FINANCIERA Y ADMINIST
5817;JEFE ADMINISTRAC;JEFE ADMINISTR.
5818;COORDINADOR BODEGA;COORDINADOR BODEGA 1
5819;SUPERVISOR DE CALIDAD Y PROCESOS;SUPERVISOR OPERATIVO PROCESOS
5820;ASISTENTE ADMINISTRATIVA Y DE RRHH;ASISTENTE ADMINISTRATIVA Y RH
5821;ASESOR TECNICO DE MANTENIMIENTO;ASISTENTE DE MANTENIMIENTO INDUSTRIAL
5822;ASISTENTE DOCUMENTACION ADUANA;JEFE DOCUMENTACION ADUANA
5823;EJECUTIVO DE RIESGOS;EJECUTIVO DE SOPORTE DE RIESGOS
5824;DIRECTOR DE SEGURIDAD INTEGRAL;SECRETARIO DE SEGURIDAD INTEGRAL
5825;ANALISTA PROGRAMADOR;ANALISTA PROGRAMADOR 3
5826;EJECUTIVO DE INDEMNIZACIONES JUNIOR;EJECUTIVO DE INDEMNIZACIONES VH JUNIOR
5827;AUXILIAR DE OBRA CIVIL;AUXILIAR DE OBRA
5828;ADMINISTRADOR DE RED E INFRAESTRUCTURA;ADMINISTRADOR DE RED Y SISTEMAS
5829;LIDER DE OPERACIONES;CORDINADOR DE OPERACIONES
5830;DIRECTOR DE RIESGOS;GESTOR DE RIESGOS
5831;JEFE DE MANTENIMIENTO MAQUINAS;MAQUINISTA MANTENIMIENTO
5832;ANALISTA CONTRATACIONES;ANALISTA DE CONTRATACIONES 2
5833;ANALISTA INFRAESTRUCTURA;ANALISTA INFRAESTRUCTURA SISTEMAS
5834;ENCARGADO OPERATIVO BODEGA;JEFE OPERATIVO - BODEGA
5835;JEFE DE INFRAESTRUCTURA INFORMATICA;JEFE DE MANTENIMIENTO INFORMATICO
5836;TECNICO LABORATORISTA 3;TECNICO LABORATORISTA 5
5837;CULTIVO MO. BLOQUE 07;CULTIVO MO. BLOQUE 17*
5838;TECNICO (A) DE ENFERMERIA;AUXILIAR DE ENFERMERIA/ TECNICO DE ENFERMERIA
5839;SECRETARIA DE GERENCIA (E);SECRETARIA EJECUTIVA DE GERENCIA
5840;GERENTE DE ESTRATEGIA;GERENTE DE DESARROLLO ESTRATEGICO
5841;SUPERVISOR ELECTRICO 2;SUPERVISOR ELECTRICO 3
5842;ASISTENTE DEPARTAMENTO TECNICO;AYUDANTE DEPARTAMENTO TECNICO
5843;OFICIAL CUMPLIMIENTO;OFICIAL CUMPLIMIENTO SUPLENTE
5844;ANALISTA DE SOPORTE (TECNICO);ANALISTA DE SOPORTE OPERATIVO
5845;COORDINADOR ADMINISTRACION VENTAS;COORDINADOR DE CREDITO Y COBRANZA VENTAS
5846;TERAPISTA DE LENGUAJE;FONOAUDIOLOGA TERAPISTA DE LENGUAJE
5847;COORDINADOR DE GESTION DE NEGOCIO;COORDINADOR DE SOPORTE DE NEGOCIOS
5848;COORDINADOR DE LOGISTICA Y OPERACIONES;COORDINADOR LOGISTICA Y PLANEACION
5849;JEFE DE SEGURIDAD Y SALUD EN EL TRABAJO;JEFE MANTENIMIENTO Y SEGURIDAD Y SALUD EN EL TRABAJO
5850;ASISTENTE DE AUDITORIA INTERNA;ASISTENTE DE CONTROL Y AUDITORIA
5851;GERENCIA OPERATIVA;GESTOR OPERATIVO DE GERENCIA
5852;ASISTENTE 1 DE INVESTIGACION Y DESARROLLO / ELECTRONICA;COORDINADOR 1 DE INVESTIGACION Y DESARROLLO / ELECTRONICA
5853;JEFE DE BAR;JEFE DE BARMAN
5854;EJECUTIVO COMERCIAL SR;EJECUTIVA EN EL AREA COMERCIAL
5855;AUXILIAR EMPACADOR;EMPACADOR/ASISTENTE
5856;ANALISTA DE DATOS JR;ANALISTA DE BASE DE DATOS JR
5857;CINTA DE RE-INSPECCION EMPAQUE L2;CINTA DE RE-INSPECCION PROCESO L2
5858;COORDINADOR DE MARKETING Y VENTAS;COORDINADOR DE MARKETING Y SERVICIO AL CLIENTE
5859;JEFE DE COMPENSACIONES Y NOMINA;LIDER DE COMPENSACIONES Y NOMINA
5860;COORDINADORA DE SELECCION Y CONTRATACION;COORDINADORA SELECCION Y COMUN
5861;COORDINADOR DE TRANSFORMACION DIGITAL;ASISTENTE DE TRANSFORMACION DIGITAL
5862;AUXILIAR ADMINISTRATIVO-TESORERIA-CONTABILIDAD;AUXILIAR DE CONTABILIDAD Y TESORERIA
5863;ASISTENTE CARTERA Y COBRANZAS;ANALISTA CARTERA Y COBRANZAS
5864;ANALISTA DE LABORATORIO;ANALISTA DE LABORATORIO QUIMICO
5865;PROFESORA PRIMERO DE BASICA;PROFESORA TERCERO DE BASICA
5866;CHEF EJECUTIVO;EJECUTIVO DE GESTION
5867;ASISTENTE DE ATM;ASISTENTE ATM´S
5868;GERENTE ADMINISTRATIVA Y FINAN;GERENTE ADMINISTRATIVO, FINANCIERO Y DE RRHH
5869;AUXILIAR ADMINISTRATIVO MANTENIMIENTO;T.A AUXILIAR DE MANTENIMIENTO
5870;JEFE DE COBRANZAS;JEFE DE COBRANZAS REGIONAL
5871;ANALISTA DE ADMINISTRACION DE VENTAS Y CONTRATIACION PUBLICA;ANALISTA DE CONTRATACION Y ADMINISTRACION DE PERSONAL
5872;TECNICO DE CAMPO 1;TECNICO DE CAMPO III
5873;SUPERVISOR DE POSTCOSECHA;SUPERVISOR DE POSTCOSECHA F3
5874;ASISTENTE DE COBRANZAS Y SERVICIO AL CLIENTE GYE;ASISTENTE DE SERVICIO AL CLIENTE GYE
5875;EJECUTIVO COMERCIAL CORPORATIVO;EJECUTIVO DE GESTION COMERCIAL
5876;CONSULTOR DE REEMBOLSOS;ESPECIALISTA DE REEMBOLSOS
5877;LD&T ASSOC COORDINATOR;LD&T COORDINATOR
5878;OPERARIO PLANTA PRODUCCION;OPERADOR DE PRODUCCION (MAQUINA)
5879;SUPERVISOR LIMPIEZA;SUPERVISOR JR LIMPIEZA
5880;CONTROLADOR OPERACIONAL;OPERACIONAL CONTROLLER
5881;SUPERVISOR DE INFRAESTRUCTURA;SUPERVISOR DE OPERACIONES E INFRAESTRUCTURA
5882;PINTOR INDUSTRIAL;PINTOR B INDUSTRIAL
5883;ASISTENTE DE OPERACIONES EXPORT JR.;ASISTENTE SAC DE OPERACIONES EXPORT JR.
5884;JEFE DE CONTROL DE GESTION FINANCIERA;COORDINADOR DE GESTION FINANCIERA
5885;TECNICO DE PRODUCCION;TECNICO PRODUCTIVO
5886;SUPERVISOR/AFINES;SUPERVISORA /AFINES
5887;ACCOUNTANT ASSISTANT;ACCOUNTING ASSOCIATE
5888;ANALISTA DE TECNOLOGIA INFRAESTRUCTURA Y COMUNICACIONES;ANALISTA DE TECNOLOGIA Y SOPORTE TECNICO
5889;AISTENTE/AYUDANTE/AUX. DE CONTABILIDAD;ASISTENTE DE CONTABILIDAD-TESORERIA
5890;DIRECTOR / ADMINISTRADOR DE EDUCACION BASICA;DIRECTOR DE CARRERA DE EDUCACION BASICA
5891;ANALISTA DE DESARROLLO DE NEGOCIOS;ANALISTA DE NEGOCIACION
5892;AYUDANTE DE LA MAQUINA;AYUD. DE MAQUINA
5893;PERSONAL ACADEMICO TITULAR AGREGADO;PERSONAL ACADEMICO TITULAR AGREGADO NIVEL 2
5894;COORDINADOR TECNICO;COORDINADOR TECNICO MASTER
5895;ASISTENTE DE TECNOLOGIA INFORMATICA;AUXILIAR DE TECNOLOGIA DE LA INFORMACION
5896;OBRERO DE MICROINGREDIENTES;OBRERO DE MICROINGREDIENTES LIDER
5897;ASISTENTE ADMINISTRATIVO Y COMPRAS;SUPERVISOR ADMINISTRATIVO Y DE COMPRAS
5898;CHOFER OTROS CAMIONES;CHOFER PARA CAMIONES
5899;COORDINADORA ADMINISTRATIVA Y DE COMERCIO EXTERIOR;COORDINADORA DE COMERCIO EXTERIOR, LOGISTICA Y OPERACIONES
5900;MECANICO MONTACARGA;MECANICO MONTACARGAS
5901;JEFE DE NUEVOS PRODUCTOS PT;JEFE DE PRODUCTOS NUEVOS
5902;ASISTENTE DE MARKETING;ASISTENTE DE MARKETING JR.
5903;ANALISTA DE IMPUESTOS;ANALISTA DE IMPUESTOS G
5904;ASISTENTE DE DIRECCION TECNICA DE FINANZAS Y PRESUPUESTO;AUXILIAR 1 DE DIRECCION TECNICA DE FINANZAS Y PRESUPUESTO
5905;ESPECIALISTA RECURSOS HUMANOS;GENERALISTA DE RECURSOS HUMANOS
5906;ANALISTA DE RECLAMOS;ANALISTA DE RECLUTAMIENTO
5907;EJECUTIVO CUENTAS CORPORATIVAS;GERENTE CUENTAS CORPORATIVAS
5908;ASISTENTE DE NEGOCIACION;ASISTENTE DE NEGOCIACION CONSUMO
5909;EJECUTIVO DE VENTAS DA;EJECUTIVO DE VENTAS SR.
5910;TECNOLOGO MEDICO-IMAGEN;TECNOLOGO MEDICO-IMAGEN INTERVENCIONISMO
5911;SUPPLY PLANNER;SUPP. PLANNER
5912;SUPERVISOR EN LOGISTICA Y COMPRAS;SUPERVISOR DE LOGISTICA Y TRANSPORTE
5913;VENDEDOR-RECAUDADOR;VENDEDOR-RECEPTOR
5914;ASESORA COMERCIAL;ASESORA COMERCIAL AUSTRO
5915;ASISTENTE DE VALIDACIONES;ASISTENTE DE VERIFICACION
5916;INGENIERO DE PROYECT;INGENIERO PROYECTISTA
5917;ANALISTA FINANCIERO 2;ANALISTA FINANCIERO I
5918;ASESOR DE TALLER;ASESOR TECNICO (EQUIPOS DE TALLER)
5919;GERENTE DE GESTION DE PROYECTOS;GERENCIA DE PROYECTOS
5920;COORD. SERVICIO AL CLIENTE;DIRECCION SERVICIO AL CLIENTE
5921;ANALISTA DE CONVENIOS;ANALISTA DE CONVENIOS CORPORATIVOS
5922;AUXILIAR DE GESTION AMBIENTAL;GERENTE DE GESTION AMBIENTAL
5923;CUSTOMER ENGINEER;CUSTOMER SUCCESS ENGINEER
5924;JEFE ADMINISTRATIVA Y TALENTO HUMANO;SUPERVISORA ADMINISTRATIVA Y DE TALENTO HUMANO
5925;AUXILIAR DE WELL TESTING;OPERADOR DE WELL TESTING
5926;AGENTE VENDEDOR VIAJERO;AGENTE VIAJERO - VENDEDOR JUNIOR
5927;JEFE DE TRANSPORTE;SUPERVISOR DE OPERACIONES DE TRANSPORTE
5928;ANALISTA DE ACREDITACION INSTITUCIONAL;ANALISTA DE ACREDITACION INTERNACIONAL
5929;ASISTENTE DE SOFTWARE;ASISTENTE PROGRAMADOR
5930;GERENTE OPERACIONAL;GERENTE DE OPERACIONES Y PRODUCTIVIDAD
5931;GERENTE DE PRECIOS;JEFE DE PRECIOS
5932;OPERATIONS ASSISTANT;OPERATIONS ASSISTANT MANAGER
5933;COORDINADOR TRADE MARKETING COSTA;SUPERVISOR TRADE MARKETING COSTA
5934;ASISTENTE LIMPIEZA;AUXILIAR DI LIMPIEZA
5935;JEFE DE VENTAS MAQUINARIA;JEFE POST VENTA DIVISION MAQUINARIAS
5936;ESPECIALISTA OPERACIONES;ESPECIALISTA OPERATIVO
5937;COORDINADOR TECNICO RG;GERENTE TECNICO RG
5938;SUPERVISOR DE RECEPCION;SUPERVISOR DE RECEPCION SPA
5939;SUPERVISOR JR.;SUPERVISOR SUPERETES JR
5940;COORDINADOR DE PLANTA FISICA;AUXILIAR DE PLANTA FISICA
5941;ASISTENTE ADMINISTRATIVO MEDICA;ASISTENTE ADMINISTRATIVO-CLINICO
5942;COORDINADOR DE LOGISTICA (PLANIFICACION COMERCIAL);COORDINADOR DE LOGISTICA ( ACTIVOS, REPUESTOS Y EXPORTACIONES)
5943;ASISTENTE COMUNICACION Y ASUNTOS CORPORATIVOS;ASISTENTE COMERCIAL Y DE COMUNICACION
5944;ASISTENTE ADMINISTRATIVO Y DE MERCADEO;ASISTENTE DE MERCADEO Y VENTAS
5945;COORDINADOR (A) DE PROCESOS;COORDINADOR DE PROD. EN PROCESO
5946;JEFE DE VENTAS ZONAL;JEFE DE VENTAS ZONA SUR
5947;ASSOC. SPCLST., REGULATORY AFFAIRS;SR. SPCLST, REGULATORY AFFAIRS
5948;COORDINADOR/A OPERATIVO/A DE POSTCOSECHA;SUBGERENTE DE OPERACIONES POSTCOSECHA
5949;DIRECTOR DE VENTAS INDUSTRIALES;EJECUTIVO DE VENTAS INDUSTRIAL
5950;COORDINADOR DE SISTEMAS INTEGRADOS;COORDINADOR OPERATIVO DE SISTEMAS
5951;TECNICO DE MONITOREO;DIRECTOR TECNICO DE MONITOREOS
5952;OBRERO I DE GESTION DE DEPOSITO DE RELAVES;SUBGERENTE DE GESTION DE DEPOSITOS DE RELAVES
5953;COORDINADOR CREDITO EMPRESAS;COORDINADOR DE CREDITO Y COBRO
5954;OPERADOR DE MAQUINA;OPERADOR DE MAQUINARIA INDUSTRIAL
5955;ASISTENTE DEPOSITO;ASISTENTE OPERATIVO DE DEPOSITO
5956;COORDINADOR DE PROYECTOS E INNOVACION;COORDINADOR DE PROYECTOS Y ESTRATEGIA
5957;JEFE DE RR.HH;JEFE ADMNISTRATIVA Y RRHH
5958;CONSULTOR CX JUNIOR;CONSULTOR CX SEMI SENIOR
5959;OPERATIVO DE BODEGA;OPERACIONES-BODEGA
5960;ASISTENTE ADMINISTRATIVA Y RECURSOS HUMANOS;ASISTENTE ADMINISTRATIVO DE SERVICIO
5961;SUPERVISOR DE MANTENIMIENTO (MECANICO);SUPERVISOR DE MANTENIMIENTO DE EQUIPOS
5962;JEFE DE SEGURIDAD DE LA INFORMACION;ADMINISTRADOR DE SEGURIDAD DE INFORMACION
5963;INGENIERO DE SERVICIO;INGENIERO DE SERVICIOS INDUSTRIALES
5964;ANALISTA BANCA CORPORATIVA;ANALISTA BANCA CORPORATIVA6
5965;JEFE DE PRODUCCION Y LOGISTICA;COORDINADOR DE PRODUCCION Y LOGISTICA
5966;EC_JEFE DE TECNOLOGIA Y PROCESOS;JEFE DE TECNOLOGIA Y PROCESOS
5967;GERENTE CALIDAD OPERATIVA;DIRECTOR DE CALIDAD Y OPERACIONES
5968;COORDINADOR DESARROLLO COMERCIAL;JEFE DE DESARROLLO COMERCIAL
5969;ESPECIALISTA DE RECURSOS HUMANOS I;ESPECIALISTA DE RECURSOS HUMANOS (SELECCION)
5970;GERENTE EXPERIENCIA DEL CLIENT;GESTOR DE EXPERIENCIA DEL CLIENTE
5971;MECANICO C;MECANICO D
5972;TECNICO DE CALIDAD Y MANTENIMIENTO;TECNICO DE MANTENIMIENTO Y CONFIABILIDAD
5973;SUPERVISOR DE ENVASADO;SUPERVISOR NAVE DE ENVASADO Y DESPACHO
5974;ASISTENTE DE MANTENIMIENTO Y SEGURIDAD;ASISTENTE DE MANTENIMIENTO/ SEGURIDAD INDUSTRIAL
5975;ANALISTA ADM Y DE ACTIVOS FIJO;ANALISTA ADMINISTRATIVO DE ACTIVOS
5976;ANALISTA COMERCIAL;ANALISTA COMERCIAL CORPORATIVO
5977;JEFE DE LABORATORIO Y CALIDAD;JEFE DE PROCESOS DE LABORATORIO
5978;SUPERVISOR DE BODEGA DE MATERIALES,EMPAQUES E INGREDIENTES;SUPERVISORA DE BODEGA Y TALLER
5979;ASISTENTE ADM. PRODUCCION;ASISTENTE DE JEFE DE PRODUCCION
5980;COORDINADOR (A) DE CENTRO DE FORMACION PROFESIONAL;COORDINADOR FORMACION PROFESIONAL
5981;AUXILIAR DE LABORATORIO;AUXILIAR DE LABORATORIOS BIOLOGICOS
5982;GERENTE DE LABORATORIO;GESTOR DE CALIDAD LABORATORIO
5983;JEFE DE ADMINISTRACION Y PLANIFICACION ESTRATEGICA;COORDINADOR DE PLANEACION ESTRATEGICA
5984;SUBGERENTE ADMINISTRATIVA FINANCIERA;SUB GERENCIA FINANCIERA
5985;VENDEDOR CALL CENTER;VENDEDOR - CALL CENTER
5986;ASISTENTE DE MARKETING;ASISTENTE MARKETING Y COMUNICACION
5987;ASISTENTE A DE AUDITORIA;ASISTENTE OPERATIVO DE AUDITORIA
5988;JEFE MANTENIMIENTO PLANTA;TECNICO DE MANTENIMIENTO DE PLANTA
5989;ASISTENTE MESA DE AYUDA;TECNICO DE MESA DE AYUDA
5990;ANALISTA CONTABILIDAD;ANALISTA CONTABLE DE GASTOS
5991;ANALISTA PROYECTOS;ANALISTA PROYECTOS INVERSION
5992;ESPECIALISTA DE RIESGO OPERATIVO;ESPECIALISTA JUNIOR DE RIESGO OPERATIVO
5993;ASISTENTE CAJA;ASISTENTE CAJA/PAGADURIA
5994;AUXILIAR DE DISTRIBUCION;ASISTENTE DE DISTRIBUCION Y LOGISTICA
5995;JEFE DE CONTROL FINANCIERO;JEFE CONTROL FINANCIERO Y CONTABILIDAD
5996;ASISTENTE DE TALENTO HUMANO;ASISTENTE DE TALENTO HUMANO TC
5997;GERENTE DE MARKETING Y PUBLICIDAD;GERENTE SENIOR DE GESTION DE MARKETING
5998;ASESOR TECNICO DE REPUESTOS;ASESOR DE REPUESTOS TALLER
5999;ASISTENTE ADMINISTRATIVO DE GESTION DOCUMENTAL;ASISTENTE ADMINISTRATIVO Y DOCUMENTAL
6000;INGENIERA SOPORTE Y MANTENTEMIENTO;INGENIERO SOPORTE Y MANTENIMIENTO CORPORATIVO
6001;ASISTENTE SERVICIOS;ASISTENTE DE SERVICIO VARIOS
6002;ESPECIALISTA DE PROYECTO;ESPECIALISTA EN DESARROLLO DE PROYECTOS
6003;COORDINADOR DE PREVENCION DE RIESGOS;JEFE DE PREVENCION DE RIESGOS
6004;JEFE ADMINISTRATIVO CORPORATIVO;JEFE DE GESTION ADMINISTRATIVA
6005;JEFE DE ACCESORIOS;JEFE DE REPUESTOS Y ACCESORIOS
6006;FIELD SERVICE ENGINEER SENIOR;SR. FIELD SERVICE ENGINEER
6007;TECNICO 1 DE SOPORTE TECNICO AQ1;COORDINADOR DE SOPORTE TECNICO AQ1
6008;AYUDANTE ADMINISTRATIVA;ASISTENTE ADMINISTRATIVA (GYE)
6009;MEDICADOR;T/A MEDICADOR
6010;EJECUTIVO COMERCIAL DE VENTAS;EJECUTIVO DE GESTION COMERCIAL
6011;REGULATORY AFFAIRS EXPERT;REGULATORY AFFAIRS ANALYST
6012;ASISTENTE BODEGA / BODEGUERO;ASISTENTE DE BODEGA JR
6013;JEFE DE INTELIGENCIA DE NEGOCIOS;JEFE DE PRECIOS E INTELIGENCIA DE NEGOCIOS
6014;ASISTENTE DE CONTABLE;ASISTENTE CONTABLE Y TRIBUTARIO
6015;COORDINADOR DE TALLER MECANICO;JEFE DE TALLER MECANICO
6016;JEFE DE CIBERSEGURIDAD;JEFE DE CYBERSEGURIDAD
6017;ASISTENTE AUXILIAR DE CONTABILIDAD;AUXILIAR ADMINISTRATIVA CONTABILIDAD
6018;COORDINADOR MESA DE SERVICIO;DIRECTOR DE MESA DE SERVICIO
6019;SUPERVISOR DE INSTALACIONES;SUPERVISOR DE MONTAJES INDUSTRIALES
6020;EJECUTIVO COMERCIAL VAM;EJECUTIVO SERVICIO AL CLIENTE VAM
6021;AUDITOR DE COMPLIANCE;AUDITOR DE CUMPLIMIENTO
6022;BODEGUERO GUARDALMACEN;BODEGUERO GUARDALMACEN I
6023;GERENTE DE ALMACEN;GERENTE DE VENTAS ALMACEN
6024;GERENTE DE DISTRIBUCION;GERENTE DE NEGOCIOS DISTRIBUCION
6025;ASISTENTE DE PUBLICIDAD / MERCADEO;ASISTENTE DE MERCADEO Y DE COMUNICACION
6026;1 MIRADOR;MIRADOR #1
6027;JEFE DE LABORATORIO & DESARROLLO;JEFE DE LABORATORIO Y CC
6028;ASISTENTE DE DESARROLLO TECNOLOGICO;ASISTENTE DESARROLLO TECNICO
6029;GERENTE ASOCIADO DE OPERACIONES;GERENTE DE OPERACIONES Y COMERCIALIZ.
6030;GERENTE COMERCIAL Y MARKETING;GERENTE DE ESTRATEGIA COMERCIAL Y MARKETING
6031;ASISTENTE CONTROL CALIDAD;ASISTENTE CONTROL CALIDAD 1
6032;ASISTENTE FINANCIERO Y DE ALMACEN;ASISTENTE FINANCIERO Y TALENTO HUMANO
6033;ANALISTA DE CREDITO (RIESGOS);ANALISTA DE RIESGO CREDITICIO
6034;ASISTENTE DE ADQUISICION DE TALENTOS;COORDINADOR DE ADQUISICION DE TALENTOS
6035;AUXILIAR COCINA;AUXILIAR DE COCINA FRIA
6036;ELECTROMECANICO;ELECTROMECANICO A
6037;JEFE DE DEPORTES;GERENTE DE DEPORTES
6038;"CUARTO EGB ""B""";"CUARTO EGB. ""A"""
6039;GERENTE DE MARKETING Y ASUNTOS CORPORATIVOS;GERENTE DE MARKETING Y CALIDAD
6040;ANALISTA DE PORTAFOLIO NEGOCIO;ANALISTA JUNIOR DE PORTAFOLIO
6041;ANALISTA DE COMUNICACION Y MEDIOS;ANALISTA DE COMUNICACIONES ESTRATEGICAS Y PRENSA
6042;AUXILIAR OPERATIVO;AUXILIAR OPERATIVO APT
6043;ANALISTA COMERCIAL CORPORATIVO;ANALISTA SENIOR SOPORTE COMERCIAL
6044;COORDINADOR DE PRODUCCION ELECTRODOS;SUPERVISOR PRODUCCION ELECTRODOS
6045;ANALISTA DE DESARROLLO ORGANIZACIONAL;ASISTENTE DE DESARROLLO ORGANIZACIONAL
6046;ANALISTA DE LOGISTICA Y COMPRAS;ANALISTA LOGISTICA ALMACEN
6047;ASISTENTE CANALES ELECTRONICOS;ANALISTA DE CANALES ELECTRONICOS
6048;DIRECTOR DE INGENIERIA, CALIDAD Y SERVICIOS;DIRECTOR DE OPERACIONES E INGENIERIA
6049;AYUDANTE DE LIMPIEZA Y SERVICIOS GENERALES;AUXILIAR DE SERVICIO Y LIMPIEZA
6050;ANALISTA DE COBRANZA JUDICIAL;ANALISTA JUDICIAL
6051;JEFE DE NACIONAL TALENTO HUMANO;TECNICO NACIONAL DE TALENTO HUMANO
6052;ASESOR JURIDICO;ASISTENTE JURIDICO
6053;MIRADOR;1 MIRADOR
6054;JEFE (A) DE INFRAESTRUCTURA;JEFE DE INFRAESTRUCTURA Y SISTEMAS
6055;JEFE COORDINADOR DE SOPORTE TECNICO;COORDINADOR DE ASISTENCIA TECNICA
6056;ASISTENTE DE CUSTODIA;ASISTENTE CUSTODIA
6057;ANALISTA CANALES DIGITALES;ANALISTA DE OPERACIONES DE CANALES DIGITALES
6058;ANALISTA DE INFRAESTRUCTURA TECNOLOGICA Y TELECOMUNICACIONES;ASISTENTE DE INFRAESTRUCTURA TECNOLOGICA
6059;GERENTE DE GESTION ESTRATEGICA COMERCIAL;GERENTE DE CONTROL Y GESTION ESTRATEGICA
6060;SECRETARIA EJECUTIVA;SECRETARIO EJECUTIVO
6061;JEFE DE COBRANZAS MASIVO;SUPERVISOR DE COBRANZAS MASIVO
6062;COORDINADOR DE DISENO Y MARKETING;EJECUTIVO DE MARKETING Y DISENO
6063;ANALISTA DE CONTABILIDAD Y CONTROL;ASISTENTE DE CONTROL OPERATIVO Y CONTABLE
6064;GERENTE DE SERVICIO TECNICO;GERENTE DE ASISTENCIA TECNICA
6065;LABORATORISTA CLINICO;LABORATORISTA DOCENTE
6066;ANALISTA DE GESTION AMBIENTAL;ANALISTA DE AMBIENTE
6067;SUPERVISOR DE OBRA CIVIL;SUPERVISOR DE OBRA CIVIL 1
6068;ASISTENTE DE SUBCONTRATOS;COORDINADOR DE SUBCONTRATOS
6069;SUPERVISOR ENCARTONADO ETIQUETADO;SUPERVISOR ETIQUETADO
6070;AYUDANTE PASTELERO;ASISTENTE PASTELERO
6071;GERENTE DE OPERACIONES Y SERVICIO AL CLIENTE;JEFE DE SERVICIO AL CLIENTE Y OPERACIONES
6072;EJECUTIVO DE PROYECTOS NUEVOS;JEFE DE NUEVOS PROYECTOS
6073;COORDINADOR ADMINISTRACION VENTAS;COORDINADOR ADM VENTAS
6074;ASISTENTE BODEGA INSUMOS;AYUDANTE DE BODEGA DE INSUMOS Y REPUESTOS
6075;GERENTE REGIONAL PREVENTA;JEFE REGIONAL PREVENTA
6076;ANALISTA NOMINA Y COMPENSACIONES;ANALISTA SENIOR COMPENSACION Y NOMINA
6077;ASISTENTE SENIOR ADMINISTRATIVO;ASISTENTE ADMINISTRATIVO M
6078;COORDINADOR DE LOGISTICA (PLANIFICACION COMERCIAL);COORDINADOR DE PROYECTOS Y LOGISTICA
6079;ASISTENTE DE COSTOS Y PRESUPUESTO;ASISTENTE DE CONTROL DE COSTOS
6080;COORDINADOR DE MANTENIMIENTO DE FLOTA;ASISTENTE DE MANTENIMIENTO Y FLOTA
6081;JEFE DE SEGURIDAD OCUPACIONAL;JEFE DE SEGURIDAD EN EL TRABAJO Y AMBIENTE
6082;JEFE DE ADMINISTRACION DE CREDITO;JEFE DE CREDITO 1
6083;GERENTE DE OPERACIONES HOTELERAS;DIRECTOR DE OPERACIONES HOTELERAS
6084;ANALISTA DE PROCESOS Y PROYECTOS;ANALISTA DE PROCESOS Y PRODUCTIVIDAD
6085;ASESOR DE SERV. AL CLIENTE;ASISTENTE FRONT Y SERVICIO AL CLIENTE
6086;COORDINADOR DE FLOTA VEHICULAR;JEFE DE FLOTA VEHICULAR
6087;JEFE TALLER MANTENIMIENTO CILINDROS;OPERADOR TALLER MANTENIMIENTO CILINDROS
6088;MECANICO OPERADOR DE GRUA;OPERADOR DE EQUIPO GRUA
6089;GERENTE DE CREDITO;GERENTE DE CREDITO Y CARTERA
6090;ASISTENTE ADMINISTRATIVO Y DE TALENTO HUMANO;AYUDANTE TECNICO Y ADMINISTRATIVO
6091;JEFE DE SEGURIDAD FISICA Y ELECTRONICA;JEFE SEGURIDAD FISICA Y DELITOS FINANCIEROS
6092;JEFE DE CONTROL PRESUPUESTARIO;COORDINADOR DE CONTROL PRESUPUESTARIO
6093;ASISTENTE DE LOGISTICA / TRANSPORTE;ASISTENTE DE LOGISTICA Y SEGURIDAD
6094;COORDINADORA DE PRESIDENCIA EJECUTIVA;COORDINADOR GENERAL DE PRESIDENCIA EJECUTIVA
6095;AUXILIAR SERVICIO DE MANTENIMI;AUXILIAR DE SERVICIOS GENERALES / MANTEN
6096;JEFE CONTROL CALIDAD;JEFE DE CONTROL DE CALIDAD Y DT
6097;GERENTE COMERCIAL Y COMUNICACION;GERENTE CORPORATIVO DE COMUNICACIONES
6098;ANALISTA DE SISTEMA DE GESTION DE CALIDAD;ANALISTA DE GARANTIA DE CALIDAD
6099;SUPERVISOR DE MONITOREO;JEFE DE MONITOREO
6100;GERENTE SNR T&L;GERENTE SNR
6101;JEFE DE GESTION DE RIESGOS Y PROTECCION;JEFE DE PREVENCION DE RIESGOS
6102;EJECUTIVA DE VENTAS COSTA LABOVIDA;EJECUTIVA DE VENTAS LABOVIDA
6103;JEFE BODEGA Y LOGISTICA;JEFE DE BODEGA Y ENTREGAS
6104;SUPERVISOR OPERACIONES FONDOS DE INVERSION;ASISTENTE DE OPERACIONES FONDOS INVERSION
6105;ADMINISTRADOR DE PLATAFORMA;ADMINISTRADOR DE PLATAFORMA SR
6106;GERENTE DE AUDITORIA;GERENTE AUDITORIA INTERNA
6107;DESARROLLADOR TI;DESARROLLADOR/A TI SR.
6108;ASISTENTE DE SISTEMAS INFORMATICOS;ASISTENTE TECNICO DE INFORMATICA
6109;ASISTENTE DE BODEGA MP;SUPERVISOR DE BODEGA MP
6110;ENCARGADO DE BODEGA;ENCARGADO DE BODEGA Y COMPRAS
6111;AYU. OBRA - F;AYU. OBRA - S
6112;AUXILIAR SERVICIO;AUXILIAR DE SERVICIOS (E.)
6113;TECNICO INFRAESTRUCTURA;TECNICO DE SOPORTE E INFRAESTRUCTURA
6114;LIDER DE OPERACIONES SENIOR;COORDINADOR DE OPERACIONES SENIOR
6115;COORDINADOR VENTAS;COORDINADOR VENTAS & SERVICIO
6116;COORDINADOR DE PRODUCTIVIDAD;COORDINADOR DE PRODUCTIVIDAD Y DATOS
6117;GERENTE ADIMINISTRATIVO;GERENTE DE GESTION
6118;SECRETARIA DIRECCION KINDERGARTEN;SECRETARIA DIRECCION KINDERGARTEN CAHC
6119;COORDINADOR DE INNOVACION;COORDINADOR DE PLANIFICACION E INNOVACION
6120;CHOFER DE REPUESTOS;CHOFER REPUESTOS
6121;ASISTENTE ADQUISICIONES;ASISTENTE ADMINISTRATIVO ADQUISICIONES
6122;COORDINADOR OPERACIONES SERVICIOS INTEGRADOS;JEFE DE OPERACIONES SERVICIOS INTEGRADOS
6123;ASIST. DE IMPORTACIONES;ASIST. EXPORTACIONES
6124;CAJERA FACTURADORA;CAJERA/ FACTURADORA
6125;JEFE DE COMUNICACION;JEFE DEL DPTO DE COMUNICACION
6126;TECNICO VENDEDOR;TECNICO DE VENTAS
6127;COORDINADOR MEDIOS DIGITALES;DIRECTOR DE MEDIOS DIGITALES
6128;EJECUTIVO EN VENTAS;EJECUTIVO DE ATENCION AL CLIENTE Y VENTAS
6129;ASISTENTE DE COMPRAS E INVENTARIO;ASISTENTE DE OPERACIONES / INVENTARIO
6130;COORDINADOR DE AUDITORIA Y CONTROL INTERNO;JEFE DE AUDITORIA Y CONTROL DE GESTION
6131;SUPERVISOR DE RIESGOS FINANCIEROS;SUPERVISOR FINANCIERO DE RIESGOS Y COBRA
6132;ASISTENTE TECNICO DE INFRAESTRUCTURA;ANALISTA TECNICO INFRAESTRUCTURA
6133;COOR. DE LOGISTICA COMERCIAL;COOR. LOGISTICA Y TRANSPORTE
6134;TECNICO / A EN SEGURIDAD Y SALUD OCUPACIONAL;TECNICO EN SEGURIDAD Y SALUD OCUPACIONAL A
6135;ASESOR COMERCIAL / SUPERVISOR QUITO;ASESOR COMERCIAL CC - QUITO
6136;JEFE DE ELECTRICIDAD Y AUTOMATIZACION;JEFE TECNICO ELECTRICO
6137;COORDINADOR DEL CENTRO DE ARBITRAJE Y MEDIACION;COORDINADOR DEL CENTRO DE MEDIACION
6138;ANALISTA DE REDES;ANALISTA REDES
6139;ANALISTA DE CARTERA;ANALISTA DE ADMINISTRACION DE CARTERA
6140;INGENIERA DE INFRAESTRUCTURA;INGENIERO DE INFRAESTRUCTURA Y REDES
6141;AYUDANTE DEL SECTOR METALMECANICO 257;AYUDANTE DEL SECTOR METALMECANICO 260
6142;JEFE DE SUPPLY CHAIN;JEFE SUPPLY CHAIN Y NEGOCIOS COMPLEMENTARI
6143;ASISTENTE 2 - DE COMERCIO EXTERIOR;ASISTENTE DE COMERCIO EXTERIOR G
6144;GERENTE TECNICA;GERENTE AREA TECNICA
6145;JEFE CONTROL CALIDAD;JEFE DE CONTROL DE CALIDAD Y SUSTENTABILIDAD
6146;JEFE COMPENSACIONES;JEFE DE COMPENSACIONES Y COSTOS LABORALES
6147;SUPERVISOR DE FLOTA;JEFE DE MONITOREO FLOTAS
6148;JEFE CONTROL DE CALIDAD Y MEJORA CONTINUA;GERENTE DE MEJORA CONTINUA Y ASEGURAMIENTO DE CALIDAD
6149;EJECUTIVA COBRANZAS;EJECUTIVA SENIOR COBRANZAS
6150;COORDINADOR ADMINISTRA;COORDINADORA ADMINISTRATIVA (CP)
6151;CHOFER C;CHOFER P
6152;JEFE CANAL BROKER;JEFE COMERCIAL CANAL BROKER
6153;TECNICO SOLDADOR;TECNICO LIDER SOLDADOR
6154;JEFE DE BUSINESS INTELLIGENCE BI;JEFE DE INTELIGENCIA DE NEGOCIOS BI
6155;ANALISTA DE MARKETING;ANALISTA DE MARKETING E IMAGEN CORPORATIVA
6156;ANALISTA DE DESARROLLO HUMANO;ESPECIALISTA DE DESARROLLO HUMANO
6157;JEFE;JEFE (2)
6158;GERENTE DE OPERACIONES PRODUCCION;GERENTE DE PRODUCCION Y PROYECTOS
6159;ADMINISTRATIVO-JEFE DE OPERACIONES;JEFE ADMINISTRATIVO DE NEGOCIOS
6160;TECNICO DE REFRIGERACION;ASISTENTE DE INGENIERIA DE REFRIGERACION
6161;JEFE / TECNICO DE SEGURIDAD, SALUD OCUPACIONAL Y AMBIENTE;JEFE DE SEGURIDAD EN EL TRABAJO Y AMBIENTE
6162;ASISTENTE DE AUDITORIA 2;SENIOR DE AUDITORIA 2
6163;LOGISTICA BODEGA;LOGISTICA/ BODEGA
6164;COORDINADOR DE CALIDAD Y MONITOREO;EJECUTIVO MONITOREO DE CALIDAD
6165;MAQUINISTA # 3 DON MARIO;MAQUINISTA #2 BP DON MARIO
6166;EJECUTIVO ATENCION CLIENTE;EJECUTIVO DE ATENCION AL CLIENTE Y VENTAS
6167;JEFE COMPRAS Y PLANIFICACION DE DEMANDA;ANALISTA DE COMPRAS Y PLANIFICACION DE LA DEMANDA
6168;JEFE DE ADQUISICIONES DE OBRA, LOGISTICA, MATERIALES Y BODEGA;JEFE DE LOGISTICA Y ADQUISICIONES
6169;REGULADOR - A;REGULADOR - B
6170;DIGITADOR;DIGITADOR - A
6171;ANALISTA DE DATOS Y PROCESOS;ANALISTA DE PROCESOS & INVESTIGACION Y DESARROLLO
6172;JEFE DE COMPRAS Y LOGISTICA;JEFE DE LOGISTICA Y SERVICIO AL CLIENTE
6173;ENCARGADO DE PLANTA HORMIGON;AYUDANTE PLANTA DE HORMIGON
6174;ASISTENTE ADMINISTRATIVA-CONTABLE;ASISTENTE DE CONTABLE
6175;ANALISTA DE SISTEMA DE NEGOCIOS;ANALISTA SENIOR DE SISTEMAS E COMMERCE
6176;GERENTE DE COMPRAS Y CONTROL DE GESTION;JEFE DE COMPRAS Y PRODUCCION
6177;AUXILIAR DE ENFERMERIA 2;TECNICO (A) DE ENFERMERIA 2
6178;ANALISTA DE PROCESOS Y PROYECTOS;ANALISTA DE DATOS Y PROCESOS
6179;OPERADOR DE LIMPIEZA;OBRERO DE LIMPIEZA
6180;AGENTE SUPERVISOR DE OPERACIONES;SUPERVISOR DE OPERACIONES SR
6181;JEFE DE COMPENSACIONES Y RELACIONES LABORALES;JEFE DE COMPENSACIONES Y COSTOS LABORALES
6182;COORDINADOR DE EXPERIENCIA DEL CONSUMIDOR;JEFE DE EXPERIENCIA AL CONSUMIDOR
6183;ASISTENTE DE SUPERVISION;AYUDANTE DE SUPERVISION
6184;ASISENTE ADMINISTRATIVO;ASISTENTE ADMINISTRATIVO-CLINICO
6185;ANALISTA DE INVENTARIO DE PRODUCTO TERMINADO;AUXILIAR DE INVENTARIO DE PRODUCTO TERMINADO
6186;DIRECTOR DE GESTION OPERATIVA;LIDER DE GESTION OPERACIONAL
6187;ASISTENTE COMERCIAL Y COMPRAS;ASISTENTE DE SUPERVISION Y COMERCIAL
6188;DIRECTOR DE COMPRAS;EJECUTIVO COMPRAS
6189;COORDINADOR ADMINISTRATIVO LOGISTICO;COORDINADOR ADMINISTRATIVO FINANCIERO LOGISTICO
6190;SUPERVISOR DE INSTALACIIONES;SUPERVISOR ESTABLECIMIENTOS
6191;SUPERVISOR EN LOGISTICA Y COMPRAS;SUPERVISOR DE COORDINACION LOGISTICA
6192;ASISTENTE DE FLOTA VEHICULAR;JEFE DE FLOTA VEHICULAR
6193;JEFE DE ELABORACION;GERENTE DE ELABORACION
6194;GERENTE DE OPERACIONES Y VENTAS;GERENTE DE NEGOCIOS Y OPERACIONES
6195;EJECUTIVO NEGOCIOS;EJECUTIVO DE NEGOCIOS SR
6196;SUPERVISOR DE MARKETING;SUPERVISOR DE TELEMARKETING
6197;ASESOR TRANSACCIONAL;ASISTENTE TRANSACCIONAL
6198;SUPERVISOR GENERAL DE PRODUCCION;COORDINADOR DE PRODUCCION GENERAL
6199;CONTRAMAESTRE;CONTRAMAESTRE A
6200;ASISTENTE 1 DE LOGISTICA;ASISTENTE I DE COMERCIO & LOGISTICA
6201;ANALISTA DE TRANSPORTE;ANALISTA DE TRANSPORTE Y DISTRIBUCION
6202;FINANCE SENIOR ANALYST, ANH - CQN, AMERICAS NORTH;FINANCE SENIOR ANALYST, ANH - MEXICO & ECUADOR
6203;EJECUTIVA DE ATENCION AL SOCIO;EJECUTIVO DE SERVICIO AL SOCIO
6204;ASESOR FINANCIERO;CONSULTOR FINANCIERO
6205;JEFE CORPORATIVO DE SELECCION Y CONTRATACION;JEFE DE SELECCION Y FORMACION
6206;CONTROLADOR DE PROCESOS;ESPECIALISTA EN CONTROL DE PROCESOS
6207;JEFE CONTABILIDAD;JEFE DPTO CONTABILIDAD
6208;GESTOR DE COBRANZAS;GESTOR DE COBRANZAS MASTER
6209;PROCESS & OPERATION SERVICE LEADER;PROCESSES SERVICE LEADER
6210;JEFE DE DISTRIBUCION NACIONAL;JEFE DE DISTRIBUCION DIRECTA
6211;TECNICO DE CALIDAD;TECNICO DE CALIDAD Y MANTENIMIENTO
6212;WAREHOUSE AUXILIAR;WAREHOUSING AUXILIARY
6213;ASISTENTE DE EVENTOS DE MARKETING;COORDINADOR DE EVENTOS DE MARKETING
6214;ASESOR DE NEGOCIOS;ASESOR DE NEGOCIOS (E)
6215;JEFE DE SECCION;COORDINADOR DE SECCION
6216;ASISTENTE DE PUBLICIDAD / MERCADEO;ASISTENTE DE PUBLICIDAD/VENTAS
6217;GERENTE DE AMBIENTE;GERENTE DE AMBIENTE Y RELACIONES COMUNITARIAS
6218;COORDINADOR DE LOGIS;JEFE CORPORATIVO DE LOGIS
6219;ANALISTA DE CONTROL PRESUPUESTARIO PROYECTOS;JEFE CONTROL PRESUPUESTARIO PROYECTOS
6220;ASISTENTE DE TECNOLOGIA INFORMATICA;ASISTENTE TECNICO DE INFORMATICA
6221;SUBGERENTE DE VENTAS INDUSTRIAL;SUPERVISOR DE VENTAS INDUSTRIA
6222;OPERARIO 8;OPERARIO 9
6223;PRIMERO DE COCINA;PRIMER COCINERO
6224;JEFE DE SERVICIO TECNICO;EJECUTIVO TECNICO DE SERVICIO
6225;JEFE DE MANTENIMIENTO Y OPERACIONES;JEFE DE SOPORTE Y MANTENIMIENTO
6226;JEFE DE GESTION DE TALENTO HUMANO;GERENTE DE TALENTO HUMANO Y CULTURA ORGANIZACIONAL
6227;OPERADOR GENERAL DE MAQUINARIA;OPERADOR GRAL MAQUINARIA
6228;ASISTENTE DE GERENCIA / GERENTE ADMINISTRATIVA;JEFE DE GESTION ADMINISTRATIVA
6229;COORDINADOR JR DE PROYECTOS;GERENTE DE PROYECTOS JR
6230;AUXILIAR DE BODEGA - MONTACARGUISTA;AUXILIAR DE BODEGA ESP. MONTAC.
6231;AYUDANTE GENERAL DE PLANTA;AYUDANTE GENERAL DE PLANTA AUXILIAR
6232;JEFE DE RRHH;COORDINADOR DE RRHH
6233;TECNICO DE OPERACION DE MAQUINARIA;TECNICO OPERADOR MECANICO
6234;ANALISTA DE DATOS JR;ANALISTA DE DATOS E INFORMACION
6235;JEFE COMERCIAL DE IMPORTACIONES;JEFE DE PLANIFICACION E IMPORTACIONES
6236;COORDINADOR DE DISENO ESTRUCTURAL;JEFE DE DISENO ESTRUCTURAL
6237;ASISTENTE DE SEGURIDAD, SALUD;ANALISTA SALUD Y SEGURIDAD
6238;SUPERVISOR DE VENTAS II;SUPERVISOR(A) EN VENTAS
6239;COORDINADOR DE TRABAJOS EN CAMPO;COORDINADOR TECNICO DE CAMPO
6240;JEFE CORPORATIVO DE SERVICIO AL CLIENTE;JEFE DE EXCELENCIA AL CLIENTE
6241;ASISTENTE DE SISTEMAS DE GESTION;ANALISTA SISTEMAS DE GESTION
6242;JEFE DE SSA;SUPERVISOR DE SSA
6243;GERENTE DE SINIESTROS;SUPERVISOR DE SINIESTROS
6244;AUXILIAR CONTABLES Y FINANCIEROS;AUXILIAR DE CONTABILIDAD Y FACTURACION
6245;ESPECIALISTA DE DESARROLLO DE NUEVOS PRODUCTOS;DESARROLLADOR DE NUEVOS PRODUCTOS
6246;ESPECIALISTA DE RRHH;GENERALISTA DE RRHH
6247;ASISTENTE ADMINISTRATIVO OPERATIVO JR.;AUXILIAR ADMINISTRATIVO-OPERATIVO
6248;ANALISTA DE FLETES E INGRESOS;ANALISTA DE INGRESOS
6249;ESPECIALISTA EN LICITACIONES Y COMERCIO;ESPECIALISTA EN LICITACIONES Y VENTAS INSTITUCIONALES
6250;ANALISTA DE CANALES DIGITALES;JEFE DE CANALES DIGITALES
6251;COORDINADOR DE SEGURIDAD FISICA;COORDINADOR DE SEGURIDAD FISICA INTEGRAL
6252;COORDINADOR DPTO PSICOLOGIA;COORDINADOR/A DE PSICOLOGIA
6253;SUPERVISOR REGION COSTA;SUPERVISOR ZONAL COSTA
6254;ANALISTA DE ASEGURAMIENTO Y CONTROL DE CALIDAD;ANALISTA DE CERTIFICACION Y CALIDAD
6255;ANALISTA DATA MAESTRA;ANALISTA DE DATA MAESTRA
6256;COORDINADOR DE COMUNICACION INTERNA;RESPONSABLE DE COMUNICACION INTERNA
6257;ASISTENTE DE INFORMATICA;ASISTENTE DE SISTEMAS INFORMATICOS
6258;JEFE DE RIESGO;JEFE DE CONTROL DE RIESGO
6259;ENCARGADO DE BODEGA;ENCARGADO DE BODEGA DE EMPAQUES
6260;PROFESORA DE ENSENANZA SECUNDARIA;PROFESORA TITULAR DE SECUNDARIA
6261;COORDINADOR AMBIENTAL Y DE TRATAMIENTO DE AGUAS;COORDINADOR DE GESTION SOCIAL Y AMBIENTAL DEL AGUA
6262;GERENTE DE COMPRAS - LOGISTICA Y BODEGA;* GERENTE DE COMPRAS Y LOGISTCA
6263;JEFE POSTCOSECHA;JEFE MAT POSTCOSECHA
6264;COORDINADOR/A SENIOR DE ALIANZAS Y FONDOS;EJECUTIVO/A DE ALIANZAS Y FONDOS
6265;TECNICO DE SOPORTE INFORMATICO;ASISTENTE DE SOPORTE INFORMATICO
6266;JEFE DE PUBLICIDAD;GERENTE DE PUBLICIDAD
6267;GRENTE FINANCIERO;GRTE FINANCIERO
6268;COORDINADOR DE MANTENIMIENTO DE FLOTA;ASISTENTE FLOTA - COORDINACION
6269;JEFE INTELIGENCIA COMERCIAL;SUPERVISOR INTELIGENCIA COMERCIAL
6270;ANALISTA DE COMPRAS JR;ANALISTA DE COMPRAS SR
6271;GERENTE DE CUENTAS VIP;JEFE DE CUENTAS VIP
6272;JEFE DE BODEGA Y ENTREGAS;JEFE DE BODEGA Y MANTENIMIENTO
6273;COORDINADOR DE SERVICIOS CALL CENTER;ASISTENTE ADMINISTRATIVO CALL CENTER
6274;JEFE DE SERVICIO POST VENTA;JEFE DE VENTA DIRECTA Y POST VENTA
6275;COORDINADOR DE GESTION DE MANTENIMIENTO;COORDINADOR DE MANTENIMIENTO JR
6276;ANALISTA DE PROCESO;ANALISTA DE PROCESOS SR.
6277;EJECUTIVO DE CUENTAS CLAVE SIERRA;GERENTE DE CUENTAS CLAVES SIERRA
6278;JEFE DE COMPRAS GENERALES;JEFE DE COMPRAS SENIOR
6279;ASISTENTE NEGOCIOS;ASISTENTE DE SUBGERENTE DE NEGOCIOS
6280;ANALISTA DE RECLAMOS;ANALISTA DE RECAUDO
6281;COORDINADOR DE GESTION AMBIENTAL;COORDINADOR AMBIENTAL Y SOSTENIBILIDAD
6282;COORDINADOR LOGISTICA Y PLANEACION;JEFE COORPORATIVO DE TRANSPORTE Y LOGISTICA
6283;DIRECTOR, ACCOUNT;DIRECTOR, ACCOUNT MANAGEMENT
6284;JEFE DE INFRAESTRUCTURA TECNOLOGICA;COORDINADOR DE INFRAESTRUCTURA TECNOLOGICA
6285;AYUDANTE DE NAVEGADOR;AYUDANTE DE NAVEGADOR-BUZO
6286;ANALISTA DE REASEGUROS;ANALISTA TECNICO DE REASEGUROS
6287;AYUDANTE DE OBRA;AUXILIAR DE OBRA
6288;ANALISTA PRODUCTIVIDAD Y CONTROL ORGANIZACIONAL;JEFE PRODUCTIVIDAD Y CONTROL ORGANIZACIONAL
6289;EJECUTIVA DE RENOVACIONES;EJECUTIVA COMERCIAL DE RENOVACIONES
6290;ADMINISTRADOR B2C - AYACUCHO;VENDEDOR B2C - AYACUCHO
6291;ASISTENTE DE POST VENTA;ASISTENTE DE VENTAS Y POSTVENTAS
6292;ANALISTA DE INFRAESTRUCTURA;ANALISTA DE INFRAESTRUCTURA Y TELECOMUNICACIONES SR
6293;CAJERO-GESTOR;GESTOR CAJERA
6294;JEFE DE MANTENIMIENTO FLOTA;JEFE DE MANT. DE FLOTA
6295;ASESOR DE INVERSIONES;ESPECIALISTA DE INVERSIONES
6296;GERENTE DE IMPORTACION;GERENTE DE OPERACIONES IMPORT
6297;ANALISTA DE ASEGURAMIENTO Y CONTROL DE CALIDAD;ANALISTA DE CALIDAD Y LABORATORIO
6298;GERENTE DE ESTRATEGIA;GERENTE DE ESTRATEGIA Y NEGOCIOS
6299;ENFERMERA/O;ENFERMERA/O TC
6300;AYUDANTE DE MECANICA GENERAL;AYUDANTE DE MECANICA (AUTOMOTRIZ)
6301;ASESOR TECNICO COMERCIAL JR;ASESOR TECNICO Y COMERCIAL
6302;JEFE DE BUSINESS INTELLIGENCE;ASISTENTE DE BUSINESS INTELLIGENCE
6303;JEFE DE AGENCIA ( E );JEFE DE AGENCIA 1
6304;JEFE COMERCIAL CORPORATIVO;JEFE COMERCIAL Y SERVICIO
6305;SUBJEFE DE CAMPO;SUBJEFE DE CAMPO GRUPO 1
6306;GERENTE REGIONAL NEGOCIOS B2B;JEFE REGIONAL NEGOCIOS B2B
6307;ASISTENTE CONTABILIDAD GENERAL;TRABAJADOR EN GENERAL- ASISTENTE CONTABLE
6308;OFICIAL CUMPLIMIENTO;OFICIAL CUMPLIMIENTO PRINCIPAL
6309;COORDINADOR DE RIESGOS;DIRECTOR DE RIESGOS
6310;GERENTE DE PLANTA Y PRODUCCION;JEFE DE PLANTA Y CALIDAD
6311;ASESOR COMERCIAL JUNIOR;ASESOR COMERCIAL SENIOR
6312;ANALISTA PROYECTOS;LIDER ANALISTA DE PROYECTOS
6313;AUXILIAR DE BODEGA Y DISTRIBUCION;AUXILIAR DE BODEGA/VENTAS
6314;COORDINADOR DE MTTO ELECTROMECANICO;COORDINADOR DE TSU ELECTROMECANICA
6315;AUXILIAR DE BODEGA - CHOFER;CHOFER DE BODEGA
6316;MECANICO DE AIREADOR;TECNICO DE AIREADORES
6317;JEFE NACIONAL DE SERVICIO;JEFE DE SERVICIOS GENERAL NACIONAL
6318;COORDINADOR DE CUSTOMER EXPERIENCE;JEFE DE CUSTOMER EXPERIENCE
6319;COORDINADOR DE GESTION;GERENTE DE GESTION
6320;EJECUTIVO IMPLEMENTACION PRODUCTOS;JEFE IMPLEMENTACION PRODUCTOS
6321;ASISTENTE CONTROL OPERATIVO;ASISTENTE DE CONTROL DE GESTION OPERACIONAL
6322;2 ENCARGADO;ENCARGADO 2
6323;GERENTE COMERCIAL Y MARKETING;GERENTE COMERCIAL Y TECNOLOGIA
6324;JEFE ANALITICA DATOS;JEFE DE DATA ANALYTICS
6325;COORDINADOR DE MEDIO AMBIENTE;COORDINADOR DE AMBIENTE
6326;COORDINADOR (A) DE TRADE MARKETING;COORDINADOR DE TRADE MARKETING B2B
6327;GERENTE PRODUCCION;GERENTE PRODUCCION Y CALIDAD
6328;TECNICO ELECTRICO;TECNICO ELECTRICO A
6329;ASISTENTE COMUNICACION;AUXILIAR DE COMUNICACION
6330;JEFE DE ASUNTOS REGULATORIOS Y CALIDAD;JEFE DE CUMPLIMIENTO REGULATORIO
6331;HSE SUPERVISOR;HSE SUPERVISOR III
6332;COORDINADOR DE MARKETING Y PUBLICIDAD;COORDINADOR DE MARKETING Y VENTAS
6333;AUXILIAR DE LIMPIEZA 1;T/A AUXILIAR DE LIMPIEZA
6334;REPRESENTATE TECNICO COMERCIAL;VENDEDOR TECNICO COMERCIAL
6335;COORDINADOR DE OPERACIONES ESPECIALES;COORDINADOR GENERAL DE OPERACIONES
6336;ASISTENTE ADMINISTRACION Y LOGISTICA;ASISTENTE DE SERVICIO TECNICO Y LOGISTICA.
6337;JEFE DE FLOTA;JEFE DE FLOTA VEHICULAR
6338;JEFE DE SALUD Y SEGURIDAD OCUPACIONAL;JEFE SALUD OCUPACIONAL
6339;CONTROL FITOSANITARIO;SUP. DE FITOSANITARIO
6340;EJECUTIVO ASISTENTE (OFC 1) CO;EJECUTIVO ASISTENTE (OFC 2)
6341;ANALISTA DE PLANEAMIENTO Y CONTROL FINANCIERO;ASISTENTE PLANEACION Y ANALISIS FINANCIERO
6342;GESTOR DE PROCESOS;GESTOR PROCESOS PRODUCTIVOS
6343;DOCENTE DE IDIOMA INGLES;INSTRUCTOR DE ENSENANZA DEL IDIOMA INGLES
6344;ASISTENTE DE COMPRAS 2;ASISTENTE DE COMPRAS GENERALES
6345;DIRECTOR DE PROCESOS;DIRECTOR DE PROCESOS Y CONTROL DE GESTION
6346;ANALISTA DE SELECCION Y CAPACITACION TALENTO HUMANO;ANALISTA DE SELECCION Y CAPACITACION
6347;ASESOR COMERCIAL (JR.);ASESOR COMERCIAL ST
6348;ANALISTA DE SISTEMAS DE INFORMACION;ANALISTA LIDER DE SISTEMAS DE INFORMACION
6349;GERENTE DE CONTROL DE PROCESOS Y MEJORA CONTINUA;GERENTE DE MEJORA CONTINUA Y ASEGURAMIENTO DE CALIDAD
6350;GERENTE ADMINISTRACION DE RIESGO;GERENTE DE CONTROL Y GESTION DE RIESGOS
6351;ASISTENTE DE SISTEMA;ASISTENTE DE SISTEMAS 2
6352;ANALISTA CONTABLE 2;ANALISTA CONTABLE 4
6353;JEFE PRODUCCION FABRICACION;JEFE PRODUCCION Y LOGISTICA
6354;JEFE DE CONTABILIDAD LOGISTICA;JEFE DE LOGISTICA-CONTROL
6355;ASISTENTE CONTROL CALIDAD;ASISTENTE DPTO. CALIDAD
6356;COORDINADOR DE PROCESOS Y PROYECTOS;COORDINADOR DE PROYECTOS Y SERVICIOS
6357;ALINEADOR 1;ALINEADOR 2
6358;JEFE DE BODEGA REPUESTOS;LIDER DE BODEGA REPUESTOS
6359;GERENTE DE DESARROLLO HUMANO Y ORGANIZACIONAL;GERENTE DE DESARROLLO HUMANO Y ADMINISTRACION
6360;ASISTENTE CONTABLE;ASISTENTE CONTABLE (PROVEEDORES)
6361;ASESOR COMERCIAL SERVICIO TECNICO;ASESOR TECNICO Y COMERCIAL
6362;JEFE DE DEPARTAMENTO;JEFE DE
6363;OFICIAL DE RECAUDACION EN CAMPO;RECIBIDOR PAGADOR / ENCARGADO COMO OFICIAL DE RECAUDACION EN CAMPO
6364;ANALISTA DE CORE TRANSACCIONAL;COORDINADOR DE CORE TRANSACCIONAL
6365;INSPECTOR DE ASEGURAMIENTO DE CALIDAD;INGENIERA DE ASEGURAMIENTO DE CALIDAD I
6366;JEFE DE VENTAS COSTA;JEFE ZONAL DE VENTAS COSTA
6367;SUPERVISOR DE CALL CENTER;SUPERVISOR EXT. CALL CENTER CORPORATIVO
6368;OPERADOR MAQUINARIA MOVIL SR;OPERADOR_DE_MAQUINA
6369;COORDINADOR ACADEMICO BASICA ELEMENTAL Y MEDIA (PEP);SUB-COORDINADOR BASICA ELEMENTAL Y MEDIA (PEP)
6370;AUXILIAR O AYUDANTE DE CONTABILIDAD;AUXILIAR DE CONTABILIDAD Y FACTURACION
6371;ASISTENTE PROGRAMAS Y PROYECTOS;ASISTENTE / AYUDANTE DE PROYECTOS
6372;JEFE(A) DE TALENTO HUMANO;JEFE DE NOMINA/DIRECTORA DE TALENTO HUMANO (E)
6373;GERENTE ADMINISTRADOR;GERENTE GENERAL ADMINISTRATIVO
6374;ADMINISTRADOR BASE DE DATOS JR;ADMINISTRADOR BASE DE DATOS Y DESARROLLO
6375;ADMINISTRADOR DE REDES Y SOPORTE;ADMINISTRADOR DE REDES Y BASE DE DATOS
6376;JEFE DE ADMINISTRACION Y ASUNTOS COORPORATIVOS;JEFE DE GESTION ADMINISTRATIVA
6377;EJECUTIVO DE EXPERIENCIA DEL CLIENTE CORPORATIVO;COORDINADOR DE EXPERIENCIA DEL CLIENTE CORPORATIVO
6378;AYUDANTE DE LAVADO;AYUDANTE DE SOLDADURA / LAVADOR
6379;ASISTENTE COMERCIO EXTERIOR;ASISTENTE 2 - DE COMERCIO EXTERIOR
6380;GERENTE CONTROL CALIDAD;COORDINADOR DE GESTION DE LA CALIDAD Y MEJORA CONT
6381;AYUDANTE 1 DE PRODUCCION VETERINARIOS B;AYUDANTES 1 DE PRODUCCION VETERINARIOS A
6382;ASISTENTE DE INFRAESTRUCTURA Y SOPORTE;ASISTENTE DE INFRAESTRUCTURA Y PROYECTOS
6383;TECNICO SEGURIDAD INDUSTRIAL Y FISICA;RESPONSABLE TECNICO DE SEGURIDAD INDUSTRIAL
6384;ASISTENTE CONTABLE FINANCIERA;ASISTENTE DE COORDINACION FINANCIERA
6385;AUXILIAR ADMINISTRATIVO MANTENIMIENTO;AUXILIAR DE SERVICIOS GENERALES / MANTEN
6386;ANALISTA DE ALMACEN;ANALISTA LOGISTICA ALMACEN
6387;SUPERVISOR DE OPERACIONES DE TRANSPORTE;SUPERVISOR DE LOGISTICA Y TRANSPORTE
6388;PLANIFICADOR ESTRATEGICO;PLANFICADOR DE ESTRATEGIA
6389;GERENTE LEGAL Y RRHH;JEFE LEGAL Y RRHH
6390;ANALISTA DE INNOVACION Y DESARROLLO;ANALISTA DE INV.Y DESARROLLO
6391;AUXILIAR DE BODEGA Y DESPACHO;ASISTENTE DE BODEGA I
6392;SALONERO /MESERO;SALONEROS-MESEROS
6393;AUXILIAR CREDITO Y COBRANZA;AUXILIAR DE CREDITO Y CARTERA
6394;ASISTENTE TESORERIA;AUXILIAR DE TESORERIA
6395;TECHNICAL SALES EXECUTIVE;TECHNICAL SALES ADVISOR
6396;ASISTENTE DE DISENO ESTRUCTURAL;TECNICO DE DISENO ESTRUCTURAL
6397;ASISTENTE DE GASTRONOMIA;ASISTENTE DE GASTRONOMIA Y DEGUSTACION
6398;INSPECTOR DE CALIDAD;INSPECTORES DE CALIDAD
6399;ASISTENTE ADMINISTRA;ASISTENTE ADMIN
6400;JEFE DE COMUNICACION;COORDINADOR JUNIOR DE COMUNICACION
6401;ANALISTA CONTABLE Y DE REPORTES;ANALISTA GESTION CONTABLE Y REPORTING
6402;COORDINADOR DE GESTION DE TALENTO HUMANO;COORDINADORA DE TALENTO HUMANO Y PROCESOS
6403;JEFE DE COMUNICACION;JEFE DE COMUNICACION Y EXPERIENCIA
6404;SUPERVISOR GENERAL DE CALIDAD;GERENTE DE ASUNTOS REGULATORIOS Y CALIDAD
6405;ASESOR TECNICO COMERCIAL (1);ASESOR TECNICO COMERCIAL E
6406;ANALISTA DE TECNOLOGIA DE CINE;ESPECIALISTA DE TECNOLOGIA DE CINE
6407;GERENTE DE NUTRICION;GERENTE DE TECNICO DE NUTRICION
6408;JEFE DE TRADEMARKETING;AUXILIAR DE TRADE MARKETING
6409;HSEQ SPECIALIST;HSEQ ASSISTANT SPECIALIST
6410;JEFE DE CONTABILIDAD Y ADMINISTRACION;JEFE DE CONTABILIDAD Y CONTROL INTERNO
6411;JEFE COMPRA /IMPORTACIONES;JEFE DE SUMINISTROS Y ADQUISICIONES
6412;ANALISTA COMERCIAL Y DE IMPORTACIONES;ANALISTA DE IMPORTACIONES AEREAS Y STOCK
6413;TECNICO DE MANTENIMIENTO Y REDES;JEFE DE MANTENIMIENTO Y REDES
6414;ASISTENTE ADMINISTRATIVO OPERACION;ASISTENTE ADMINISTRATIVA DE OPERACIONES Y MANTENIMIENTO
6415;JEFE DE SEGURIDAD FISICA;GERENTE DE SEGURIDAD FISICA
6416;ESPECIALISTA DE IMPORTACIONES;ESPECIALISTA DE IMPORTACIONES Y DEMANDA
6417;ASISTENTE DE MARKETING Y DISENO;ASISTENTE DE MARKETING Y DG
6418;AYUDANTE DE SERV. GENERAL;AYUDANTE EN GENERAL
6419;ANALISTA DE TECNOLOGIA SENIOR;ANALISTA DE TECNOLOGIA JUNIOR
6420;JEFE DE CONTROLES DE CUMPLIMIENTO;JEFE DE CUMPLIMIENTO REGULATORIO
6421;ASISTENTE DE MARKETING JR.;ASISTENTE MARKETING JR.
6422;ADMINISTRATIVE AUXILIARY;AUX. ADMINISTRAT.
6423;JEFE DE SINIESTROS;JEFE DE SINIESTROS VH/P
6424;ANALISTA DE COMUNICACIONES E INFRAESTRUCTURA;ANALISTA DE INFRAESTRUCTURA Y TELECOMUNICACIONES SR
6425;ASISTENTE 2 - DE CONTABILIDAD;ASISTENTE CUENTAS CONTABLES
6426;TELEVENDEDOR;TELEVENDEDOR/A
6427;PAR PEDAGOGICO 3;PAR PEDAGOGICO 4
6428;JEFE DE CONTROL PRESUPUESTARIO;JEFE CONTROL PRESUPUESTARIO PROYECTOS
6429;ANALISTA DE TECNOLOGIA;ANALISTA SEGURIDAD TECNOLOGICA
6430;ANALISTA FINANCIERO DE PROYECTOS;ANALISTA DE PROYECTOS Y PRESUPUESTOS
6431;COORDINADOR CULTURA Y EXPERIENCIA;COORDINADOR DE CULTURA Y EXPERIENCIA DEL COLABORADOR
6432;ASISTENTE DE COORDINACION ACADEMICA;ASISTENTE DE GESTION ACADEMICA
6433;ASISTENTE BUSINESS INTELIIGENCE;ASISTENTE DE BUSINESS INTELLIGENCE
6434;ANALISTA DESARROLLO JR.;ANALISTA DE DESARROLLO JUNIOR
6435;ANALISTA DE PROCESAMIENTO;ANALISTA DE PROCESOS SR.
6436;COORDINADOR DE SOPORTE TECNICO;COORDINADOR DE ASISTENCIA TECNICA
6437;GERENTE VENTAS;GERENTE VENTAS LQ
6438;ANALISTA ADMINISTRATIVA FINANCIERA;ANALISTA AUXILIAR FINANCIERA
6439;ASESOR CLINICO COMERCIAL;ASISTENTE CLINICO COMERCIAL
6440;GERENTE DE RECLAMOS;ANALISTA DE GESTION DE RECLAMOS
6441;ASISTENTE COMUNICACION;ASISTENTE I DE COMUNICACION
6442;JEFE DE VENTAS;JEFE DE VENTAS - A
6443;CINTA DE RE-INSPECCION PROCESO L2;CINTA DE RE-INSPECCION PROCESO L3
6444;TECNICO DE SOPORTE A USUARIO;TECNICO SOPORTE A USUARIO IT
6445;COORDINADORA CENTRAL DE COMPRAS;COORDINADORA DE COMPRAS LATAM
6446;COORDINADOR DE ESTRATEGIA DE TALENTO Y CULTURA;ASISTENTE DE ESTRATEGIA DE TALENTO CULTURA
6447;COORDINADOR DE MEDIO AMBIENTE;COORDINADOR JUNIOR DE GESTION AMBIENTAL
6448;SALES ADM. ANALYST;SALES ADMIN ANALYST
6449;INGENIERO DE PLANTA;INGENIERO DE PLANTA SENIOR
6450;CHIEF INFORMATION SECURITY OFFICER;CHIEF INFORMATION TECHNOLOGY OFFICER
6451;SUPERVISOR DE MANTENIMIENTO DE EQUIPOS;SUPERVISOR MANTENIMIENTO DE EQUIPOS PESADOS
6452;JEFE DE FACILIDADES;JEFE CENTRAL FACILIDADES
6453;PROFESOR DE LENGUA DEL NIVEL EGB SUPERIOR Y BACHILLERATO;PROFESORA DE ENGLISH B DEL NIVEL EGB SUPERIOR Y BACHILLERATO
6454;ASISTENTE DE MICROBIOLOGI;ASISTENTE DE BACTERIOLOGIA
6455;DIRECTORA COMERCIAL Y DE MARKETING;DIRECTORA DE MARKETING CORPORATIVO
6456;INFORMATION TECHNOLOGY ASSISTANT MANAGER;INFORMATION TECHNOLOGY MANAGER
6457;COORDINADOR RIESGO DEL ENTORNO;ESPECIALISTA RIESGO DEL ENTORNO
6458;BIBLIOTECARIO;BIBLIOTECARIO 1
6459;JEFE DE CALIDAD Y CERTIFICACION;JEFE DE QUALITY ASSURANCE (QA)
6460;ANALISTA DE MARKETING POSTVENTA;ASISTENTE DE MARKETING POSTVENTA
6461;GERENTE DE TRANSFORMACION E INNOVACION;JEFE DE TRANSFORMACION E INNOVACION
6462;EJECUTIVO CONTABLE JUNIOR;EJECUTIVO CONTABLE SENIOR
6463;ASISTENTE HOTELERO;ASISTENTE DE SERVICIOS HOTELEROS
6464;GERENTE DE MARKETING Y COMUNICACIONES;JEFE MARKETING Y PROMOCION
6465;ANALISTA CONTABILIDAD E IMPUESTOS;ANALISTA CONTABLE Y DE TESORERIA
6466;ANALISTA CONTROL CALIDAD;ANALISTA SR TECNICO Y DE CALIDAD
6467;ASISTENTE COMERCIO EXTERIOR;AUXILIAR COMERCIO EXTERIOR
6468;TECNICO 1 DE SOPORTE TECNICO AQ1;ESPECIALISTA DE SOPORTE TECNICO AQ1
6469;OFICIAL DE SEGURIDAD DE INFORMACION;OFICIAL DE SEGURIDAD INFORMATICA
6470;ASISTENTE ALMACEN DE REPUESTOS;AUXILIAR BODEGA MATERIALES Y REPUESTOS
6471;AUXILIAR DE CREDITOS Y;ASISTENTE DE ANALISTA DE CREDITOS
6472;COORDINADOR DE MARKETING Y PUBLICIDAD;JEFE DE PROYECTOS DE MARKETING
6473;COORDINADOR DE OPERACIONES COMERCIALES;COORDINADOR DE OPERACIONES CORPORATIVAS
6474;TRABAJADORES QUE MANEJAN MAQUINAS CON MANIPULACION DE PRODUC;TRABAJADORES QUE MANEJAN MAQUINAS SIN MANIPULACION DE PRODUC
6475;ASESOR DE CLIENTE Y CREDITO;ASESOR DE NEGOCIOS CREDITO
6476;JEFE DE SEGURIDAD;ASISTENTE DE SIG/ JEFE DE SEGURIDAD
6477;SUPERVISOR DE GUARDIA;JEFE DE GUARDIA/SUPERVISOR
6478;ASISTENTE DE PRODUCCION VETERINARIO;OPERARIO DE PRODUCCION VETERINARIO
6479;JEFE DE MARKETING & DIGITAL;JEFE DE MARKETING Y CANAL DIGITAL
6480;JEFE DE MEZCLAS;JEFE DE MEZCLAS SECAS
6481;COORDINADOR DE PLANEACION MANTENIMIENTO;COORDINADOR DE MANTENIMIENTO PREVENTIVO Y DE AREAS
6482;AYUDANTE A DE MANTENIMIENTO;AUXILIAR ADMINISTRATIVO MANTENIMIENTO
6483;SUPERVISOR DE SEGURIDAD OPERATIVO;JEFE SEGURIDAD OPERACIONAL
6484;ANALISTA BI;ANALISTA BI SENIOR
6485;GTE. MARKETING;GTE. MARKETING (MD)
6486;ANALISTA DE NEGOCIO;ANALISTA DE NEGOCIACION
6487;SUPERVISOR DE LOGISTICA DE COMERCIALIZACION;SUBGERENTE DE COMERCIO Y LOGISTICA
6488;ESPECIALISTA DE TECNOLOGIA DE LA INFORMACION;ESPECIALISTA SISTEMAS INFORMACION
6489;INGENIERO SOPORTE TECNICO;TECNICO DE SOPORTE DE INGENIERIA Y PROYECTOS
6490;COORDINADOR EXPORTACIONES;GERENTE DE EXPORTACION
6491;SUPERVISOR DE MANUFACTURA;SUPERVISOR DE FABRICA
6492;ANALISTA DE VALIDACION;ANALISTA VALIDACION Y CONTROL
6493;ASISTENTE ADM;ASISTENTE ADM PROD
6494;ASISTENTE ADMINISTRATIVO Y TECNICO;ASISTENTE ADMINISTRATIVO Y DE MERCADEO
6495;ASISTENTE DE PRODUCCION EJECUTIVA;ASISTENTE OPERATIVO PRODUCCION
6496;ASISTENTE B DE AUDITORIA;ASISTENTE DE AUDITORIA SR.
6497;ASISTENTE ADMINISTRACION AGRICOLA;ASISTENTE DE OPERACIONES AGRICOLAS
6498;JEFE DE CONTAC CENTER;LIDER DE OPERACIONES CONTAC CENTER
6499;ASISTENTE DE NOMINA;ASISTENTE DE NOMINA JR
6500;JEFE CONTABLE - FINANCIERO;GERENTE CONTABLE FINANCIERO
6501;JEFE DE SISTEMA DE GESTION INTEGRADO;GERENTE DE SISTEMAS INTEGRADOS
6502;SUPERVISOR DE GARANTIAS Y CALIDAD;JEFE DE GARANTIA DE CALIDAD
6503;ASESOR DE CAPTACION;ASESOR DE CAPTACIONES (E)
6504;ASISTENTE ADMINISTRATIVA Y PRESIDENCIA;ASISTENTE ADMINISTRATIVO DE PRESIDENCIA
6505;ANALISTA DE PRECIOS;ANALISTA DE PRECIOS Y MARGENES
6506;ASISTENTE COMERCIAL A;ASISTENTE COMERCIAL & MARKETING
6507;COORDINADOR BACHILLERATO INTERNACIONAL;COORDINADOR DPTO BACHILLERATO INTERNACIONAL BI
6508;SUPERVISOR DE INVESTIGACION Y DESARROLLO;SUPERVISOR INVESTIGACION Y DES
6509;ANALISTA DE DESARROLLO ORGANIZACIONAL;ESPECIALISTA DE DESARROLLO ORGANIZACIONAL
6510;ASISTENTE DE SUCURSAL;COORDINADORA ADMINISTRATIVA SUCURSAL
6511;PROFESORES CON TITULO DE CUARTO NIVEL / SUPERIOR;PROFESORES CON TITULO DE CUARTO NIVEL
6512;RECAUDADOR 2;RECAUDADOR 3
6513;ASISTENTE ADMINISTRA;ASISTENTE DE SERVICIO DE APOYO ADMINISTRACION
6514;ASISTENTE DE COMUNICACION CORPORATIVA;ASISTENTE DE COMUNICACION ORGANIZACIONAL
6515;ASISTENTE COORDINADOR DE PRODUCCION;COORDINADOR DE PRODUCCION - A
6516;ASISTENTE PROYECTO;AYUDANTE DE PROYECTO
6517;JEFE DE VENTAS EXPORTACION;JEFE DE VENTAS Y LOGISTICA DE EXPORTACION
6518;JEFE DE SELECCION Y DESARROLLO;JEFE DE SELECCION Y FORMACION
6519;AUXILIAR DE TESORERIA;AUXILIAR DE TESORERIA Y COBRANZAS
6520;DOCENTE DE HUMANIDADES;PROFESORA DE HUMANIDADES
6521;ANALISTA DE INTELIGENCIA DE NEGOCIOS BI;JEFE DE INTELIGENCIA DE NEGOCIOS BI
6522;JEFE DE FINANZAS;JEFE ADMINISTRATIVO FINAN
6523;TECNICO DE BODEGA MANTENIMENTO;TECNICO EN MANTENIMIENTO Y BODEGA
6524;ADM. GERENCIAL;ADM GERENCIAL
6525;GERENTE INFRAESTRUCTURA;GERENTE REGIONAL INFRAESTRUCTURA
6526;ASISTENTE ADQUISICIONES;ASISTENTE DE ADQUISICIONES Y SERVICIOS GENERALES
6527;CULTIVO MO. BLOQUE 11;CULTIVO MO. BLOQUE 17*
6528;OPERADOR DE HIDROGRUA;OPERADOR DE HIDROGENACION
6529;TECNICO DE PLANIFICACION DE MANTENIMIENTO;COORDINADOR DE PLANEACION MANTENIMIENTO
6530;COORDINADOR DE ATENCION AL CLIENTE;JEFE CENTRO ATENCION AL CLIENTE
6531;GERENTE DE LOGISTICA Y OPERACIONES;GERENTE DE ADQUISICIONES Y LOGISTICA
6532;SUPERVISOR DE CAMARA;SUPERVISOR CAMARA
6533;KEY ACCOUNT MANAGER;KEY ACCOUNT MANAGER I
6534;AYUDANTE DE MECANICA DE OFICINA Y CAMPO;JEFE DE MECANICA DE OFICINA Y CAMPO
6535;SUPERVISOR TECNICO;SUPERVISOR DE TECNICOS
6536;COORDINADOR DE GESTION DE MANTENIMIENTO;COORDINADOR AREA MANTENIMIENTO
6537;AUX. DE LABORATORIO;AUX. LABORATORIO (F)
6538;JEFE DE DESARROLLO;DIRECTOR DE DESARROLLO
6539;ASISTENTE DE ATENCION DIGITAL;ASISTENTE DE SERVICIOS DIGITALES
6540;INGENIERO DE MANTENIMIENTO;GERENTE DE MANTENIMIENTO E INGENIERIA
6541;COORDINADOR DE PRICING;COORDINADOR DE PRECIOS
6542;JEFE DE INFRAESTRUCTURA TECNOLOGICA;JEFE DE INFRAESTRUCTURA OPERACIONAL
6543;ANALISTA DE SOLUCIONES;ANALISTA DE RECLAMOS Y SOLUCIONES
6544;TECNICO DE REPARACION;TECNICO REPARACIONES
6545;ANALISTA COMUNICACION;ANALISTA SR, COMUNICACIONES
6546;ASITENTE DE RRHH;ESPECIALISTA DE RRHH
6547;ANALISTA COMERCIAL Y MARKETING;ANALISTA CORPORATIVO DE MARKETING
6548;ADMINISTRADOR DE REDES Y SOPORTE;AUXILIAR DEL ADMINISTRADOR DE REDES
6549;COORDINADOR MANTENIMIENTO PREVENTIVO;COORDINADOR MANT. PREVENT
6550;ANALISTA PROGRAMADOR;ANALISTA PROGRAMADOR S
6551;GESTOR DE CREDITO Y COBRANZA;GERENTE CORPORATIVO DE CREDITO
6552;JEFE DE IMPORTACIONES & LOGISTICA;JEFE DE LOGISTICA Y ADQUISICIONES
6553;JEFE DE MERCADEO VENTAS;JEFE DE MERCADEO Y NEGOCIOS
6554;ANALISTA DE MARKETING I;ANALISTA DE MARKETING E IMAGEN CORPORATIVA
6555;ASISTENTE DE IMPORT;ASISTENTE IMPORT
6556;ANALISTA DE REGULACION;ANALISTA TECNICO Y REGULATORIO
6557;AUXILIAR OPERATIVO BODEGA;AUXILIAR DE BODEGA SR
6558;AUX. SERV. AL CLIENTE;ASISTE DE SERVICIOS AL CLIENTE
6559;JEFE ADMINISTRADOR;JEFE DE GESTION ADMINISTRATIVA
6560;CONTROLER FINANCIERO;CONTADOR/CONTROLLER FINANCIERO
6561;ASISTENTE DE FAC. CIENCIAS DE LA SALUD;ASISTENTE DE FAC. CIENCIAS DE LA SALUD - ESC. ENFERMERIA
6562;JEFE DE EMPAQUE;JEFE DE EMPACADO
6563;COORDINADOR DE TINTEROS;COORDINADORA TINTEROS
6564;ANALISTA DE ADMINISTRACION SALARIAL Y NOMINA;ANALISTA DE NOMINA Y ADMINISTRACION
6565;SUPERVISOR DE MEJORA CONTINUA;SUPERVISOR DE CONTROL Y MEJORA CONTINUA
6566;OPERARIO 1 DE PRODUCCION VETERINARIOS B;OPERARIO 2 DE PRODUCCION VETERINARIOS B
6567;AUXILIAR TECNICO MECANICO;AUXILIAR TALLER MECANICO
6568;COORDINADOR/A DE DESARROLLO IT;DIRECTOR DE DESARROLLO IT
6569;SUPERVISOR DE SERVICIO TECNICO;SUPERVISOR EN GESTION DEL SERVICIO
6570;ASISTENTE ADMINISTRATIVA FACTURACION Y COBRANZA;ASISTENTE FACTURACION & CONTROL DE INVENTARIOS
6571;ESPECIALISTA DE COSTOS;ESPECIALISTA EN COST
6572;ANALISTA DE COMPRAS & LOGISTICA;ANALISTA COMERCIAL Y LOGISTICA
6573;CONSERJE - PORTERO;CONSERJE PORTERO
6574;AYUDANTE DE PRODUCCION MDF;SUPERVISOR DE PRODUCCION MDF
6575;AUXILIAR DE SERVICIOS A (COCINA);ASISTENTE/AYUDANTE DE COCINA
6576;SUPERVISOR DE MONTAJE;SUPERVISOR DE MONTAJES INDUSTRIALES
6577;PROFESIONAL 1 DE CONTRATACION;PROFESIONAL 2 DE CONTRATACION
6578;JEFE DE INGENIERIA DE DATOS;INGENIERO DE BASES DE DATOS
6579;SUPERVISOR DE SEGURIDAD INDUSTRIAL;DIRECTOR DE SEGURIDAD INDUSTRIAL
6580;COORDINADOR DE COSTOS Y PRESUPUESTO;COORDINADOR DE COSTOS, PRESUPUESTO, PATRIMONIO Y BODEGA
6581;GERENTE DE VENTAS SIERRA;JEFE DE VENTAS SIERRA
6582;TRABAJADOR ACUICOLA;TRABAJADOR ACUICOLA - PATERO
6583;SUPERVISORA DE VENTAS;SUPERVISORA VENTA
6584;ASISTENTE DE OFICIAL DE CUMPLIMIENTO;ASISTENTE DELEGADO DE CUMPLIMIENTO
6585;ASISTENTE MONITOREO;AUXILIAR DE MONITOREO
6586;GERENTE CONTROL DE GESTION;GERENTE CONTROL Y SEGUIMIENTO
6587;COORDINADOR DE COMPRAS E IMP;COORDINADOR DE COMPRAS E INVENTARIOS
6588;AUXILIAR DE CONTABILIDAD;AUXILIAR DE CONTABILIDAD E IMPORTACIONES
6589;COORDINADORA DE COMUNICACION Y MARCA;DIRECTORA DE COMUNICACION Y MARCA
6590;SUBGERENTE DE MANTENIMIENTO;SUBTECNICO MANTENIMIENTO
6591;ASISTENTE DE EVENTOS;JEFE DE EVENTOS
6592;JEFE PRODUCCION FARMA;SUPERVISOR PRODUCCION FARMA
6593;GERENTE DE SOSTENIBILIDAD & INNOVACION;JEFE DE SOSTENIBILIDAD Y SISTEMA DE GESTION
6594;ESPECIALISTA TECNICO DE RIESGOS;TECNICO DE RIESGOS
6595;JEFE DE CALIDAD ACADEMICA;SUPERVISOR DE CALIDAD ACADEMICA
6596;COORDINADOR DE TALENTO HUMANO Y ADMINISTRATIVO;ADMINISTRATIVO-COORD. TALENTO HUMANO
6597;BODEGUERO 216;BODEGUERO 221
6598;JEFE DE DISENO Y COMUNICACIONES;JEFE DE DISENO Y PUBLICIDAD
6599;ELECTRICO;ELECTRICO A
6600;COORDINADOR DE INFRAESTRUCTURA Y SEGURIDAD;LIDER DE INFRAESTRUCTURA Y SEGURIDAD
6601;JEFE OPERATIVO DE TARJETAS DE CREDITO EMISION;JEFE OPERATIVO TARJETA DE CREDITO
6602;ASISTENTE COMPRAS LOCALES;TECNICO DE COMPRAS LOCALES
6603;INGENIERO DESARROLLO;INGENIERO DE DISENO Y DESARROLLO
6604;JEFE DE CUMPLIMIENTOS;COORDINADOR DE PROYECTOS Y OFICIAL DE CUMPLIMIENTO
6605;COORDINADOR DE GESTION COMERCIAL;COORDINADOR COMERCIAL GERENCIAL
6606;AYUDANTE TECNICO DE MANTENIMIENTO;AYUDANTE POLIFUNCIONAL DE MANTENIMIENTO
6607;JEFE DE AUDITORIA Y CONTROL DE GESTION;GERENTE DE ADMINISTRACION Y AUDITORIA
6608;EJECUTIVA DE EMISION;EJECUTIVA DE EMISIONES
6609;DOCENTE PREESCOLAR;PROFESOR DE PREESCOLAR
6610;AUXILIAR TECNICO CALIDAD;AUXILIAR DE CALIDAD MATERIALES
6611;ASESOR DE NEGOCIOS PANADERIAS;COORDINADOR DE NEGOCIOS PANADERIAS
6612;ADMINISTRADOR APLICACIONES DE DATOS;ADMINISTRADOR BASE DE DATOS Y DESARROLLO
6613;JEFE CORPORATIVO DE PLANIFICACION Y CONTROL;JEFE DE PRESUPUESTO Y CONTROL DE GESTION
6614;COORDINADOR DE INGENIERIA DE CAMPO;COORDINADOR DE TRABAJOS EN CAMPO
6615;ASISTENTE DE OPERACIONES / INVENTARIOS;ASISTENTE DE OPERACIONES Y ESTADISTICA
6616;JEFE DE CALIDAD Y SISTEMAS DE GESTION;DIRECTOR DE GESTION & CALIDAD
6617;CAJERO/A 2;CAJERO/A 4
6618;ASIST. TECNICO;ASIST. SERVICIO TECNICO
6619;ASESORA DE SALUD;ASESORA DE SALUD JR.
6620;DIRECTORA DEL AREA LEGAL Y PROTECCION DE DATOS. OFICIAL DE CUMPLIMIENTO SUPLENTE;DIRECTORA DEL AREA LEGAL. OFICIAL DE CUMPLIMIENTO SUPLENTE
6621;ANALISTA DE INVESTIGACION;ANALISTA INVESTIGACION Y DESARROLLO - AUTORIZADO
6622;QUALITY ASSISTANT;QUALITY ASSURANCE ASSISTANT
6623;COORDINADOR DE SSA;GERENTE DE SSA
6624;GERENTE DE LOGISTICA Y OPERACIONES;GERENTE DE OPERACIONES, DISTRIBUCION Y LOGISTICA
6625;ASISTENTA DE FACTURACION;ASISTENTE CONTABLE FACTURACION
6626;ASISTENTE DE ELECTRONICO;ASISTENTE DE SERVICIOS ELECTRONICOS
6627;ANALISTA COMUNICACION Y DESARROLLO;ANALISTA DE COMUNICACION EXTERNA
6628;ASISTENTE DE CONTROL DE GESTION OPERACIONAL;ASISTENTE DE CONTROL OPERATIVO Y CONTABLE
6629;OPERADOR DE LINEA 1;OPERADOR DE LINEA 2
6630;COORDINADOR DE VENTAS NACIONAL;COORDINADORA VENTAS NACIONAL
6631;INGENIERO INSPECTOR DE PROYECTOS 192;INGENIERO INSPECTOR DE PROYECTOS 264
6632;JEFE DE MERCADEO Y NEGOCIOS;JEFE COMERCIAL Y MKT
6633;SUPERVISOR DE INFRAESTRUCTURA Y MANTENIMIENTO;COORDINADOR TECNICO INFRAESTRUCTURA Y SERV. ADM.
6634;ANDEAN CREDIT & COLLECTIONS MANAGER;CREDIT & COLLECTION ANALYST ANDEAN
6635;GERENTE DE PLANIFICACION;GERENTE DE PLANIFICACION Y MEJORA CONTINUA
6636;ASISTENTE DE ASUNTOS REGULATORIOS Y FARMACOVIGILANCIA;JEFE DE ASUNTOS REGULATORIOS Y FARMACOVIGILANCIA
6637;LIDER OPERATIVO ADMINISTRATIVO;LIDER OPERATIVO DE SERVICIO
6638;JEFE DE ZONA;JEFE DE ZONA PROVINCIAS
6639;JEFE DE MANTENIMIENTO DE PLANTA;GERENTE DE PROYECTOS DE MANTENIMIENTO DE PLANTA
6640;ESPECIALISTA CALIDAD OPERACIONAL;ESPECIALISTA DE EXCELENCIA OPERACIONAL
6641;EJECUTIVO ASIST SENIOR (ANALISTA CSO);EJECUTIVO ASISTENTE (OFC 1) CSO
6642;AGENTE LIDER DE SEGURIDAD;LIDER AREA SEGURIDAD
6643;JEFE DE CAPACITACION Y ENTRENAMIENTO;LIDER DE ENTRENAMIENTO Y CAPACITACION
6644;PREPARADOR DE COLORES 1;PREPARADOR DE COLORES 3
6645;ANALISTA DE INTELIGENCIA DE NEGOCIOS Y DATOS;ANALISTA DE INTELIGENCIA DE NEGOCIOS BI
6646;ASISTENTE DE INVENTARIOS;ASISTENTE DE GESTION DE INVENTARIOS
6647;ANALISTA CONTABILIDAD;ANALISTA ADMINISTRATIVA CONTABLE
6648;COORDINADOR CALIDAD;COORDINADOR CONTROL CALIDAD LATAM
6649;INGENIERO DE SEGURIDAD;INGENIERO DE SEGURIDAD IT
6650;ASISTENTE OPERATIVO DE TRANSPORTE;SUPERVISOR DE OPERACIONES DE TRANSPORTE
6651;DIRECTOR DE DESARROLLO ESTRATEGICO;GERENTE DE DESARROLLO ESTRATEGICO
6652;DIRECTOR DE PRODUCCION;JEFE DE PRODUCCION GENERAL
6653;COORDINADOR DESARROLLO ORGANIZACIONAL;DIRECTOR DE DESARROLLO ORGANIZACIONAL
6654;SUPERINTENDENTE DE MANTENIMIENTO;SUPERINTENDENTE DE MANTENIMIENTO MECANICO
6655;JEFE DE VENTAS GUAYAQUIL;SUPERVISOR DE VENTAS GUAYAQUIL
6656;ASISTENTE DE OFICINA 3;ASISTENTE DE OFICINA 4
6657;SERVICIO LIMPIEZA;SERVICIOS DE LIMPIEZA/SERVICIOS VARIOS
6658;JEFE DE CAMPO COSECHA;AUXILIAR DE CAMPO COSECHA
6659;ADMINISTRADOR DE MARKETING;ANALISTA ADMINISTRATIVO DE MARKETING
6660;ASISITENTE DE LOGISTICA;ASISTENTE DE LOGISTICA SR
6661;MENSAJERO GERENCIA;MENSAJERO GERENCIA GENERAL
6662;JEFE CALIDAD Y GESTION;JEFE DE CALIDAD DE PROCESOS
6663;AGENTE DE SEGURIDAD;AGENTE LIDER DE SEGURIDAD
6664;ASISTENTE DE INFORMATICA;ASISTENTE DE SOPORTE INFORMATICO
6665;AUXILIAR DE PROCESO;AYUDANTE DE PROCESO
6666;COORDINADOR DE GESTION DE MANTENIMIENTO;COORDINADOR DE MANTENIMIENTO CORRECTIVO
6667;AUXILIAR DE SEGURIDAD;AYUDANTE DE SEGURIDAD
6668;DOCENTE NO TITULAR;DOCENTE NO TITULAR A MEDIO TIEMPO
6669;GERENTE DE GESTION DE PROYECTOS;COORDINADOR GENERAL DE PROYECTOS
6670;ANALISTA DE COBRANZAS JUNIOR;ANALISTA DE COBRANZAS Y OPERACIONES
6671;ASISTENTE DE OPERACIONES LOGISTICA;AYUDANTE DE OPERACIONES ( LOGISTICO)
6672;ANALISTA DE OPERACIONES CONTABLES;ANALISTA DE COBRANZAS Y OPERACIONES
6673;COORDINADOR DE COMPRAS E IMPORTACIONES;COORDINADOR DE COMPRAS Y COMEX
6674;JEFE / TECNICO DE SEGURIDAD, SALUD OCUPACIONAL Y AMBIENTE;RESPONSABLE DE SEGURIDAD Y SALUD OCUPACIONAL
6675;GERENTE DE ESTRATEGIA Y NEGOCIOS;LIDER NEGOCIOS Y ESTRATEGIA CORPORATIVA
6676;DIRECTOR ADMINISTRATIVO Y RECURSOS HUMANOS REGIONAL;JEFE ADMINISTRATIVO Y RECURSOS HUMANOS REGIONAL
6677;COORDINADOR SEGURIDAD FISICA;ENCARGADO DE SEGURIDAD FISICA
6678;AYUDANTE AUXILIAR DE SERVICIOS EN GENERAL;AUXILAR DE SERVICIOS EN GENERAL
6679;INSP. MANT. REDES AGUA POTABLE;INSPECTOR MANT REDES AGUA POTABLE
6680;QUALITY AND PROCESS ANALYST;SENIOR QUALITY CONTROL ANALYST
6681;ASISTENTE DE CONTROL DE PROYECTOS;GERENTE DE CONTROL DE PROYECTO
6682;AYUDANTE DE PROYECTO;AUXILIAR DE PROYECTOS
6683;ANALISTA DE CONTROL LOGISTICO;ANALISTA DE MONITOREO LOGISTICO
6684;JEFE DE MARKETING DE CRECIMIENTO;JEFE DE GROWTH MARKETING
6685;JEFE DE GESTION DE TALENTO HUMANO;JEFE CORPORATIVO DE TALENTO HUMANO
6686;DIRECTOR DE COMUNICACION;JEFE DEL DPTO DE COMUNICACION
6687;COORDINADOR INGENIERIA;INGENIERIO COORDINADOR DE PROYECTO
6688;TECNICO DE MANTENIEMIENTO;ASESOR TECNICO DE MANTENIMIENTO
6689;DIRECTOR CORPORATIVO COMUNICACION Y MARKETING;EJECUTIVO DE COMUNICACION Y MARKETING
6690;COORDINADOR DE PRECRIA-CANTAGALLO-PRECRIA-015;COORDINADOR DE PRECRIA-GARZAL-PRECRIA-015
6691;TECNICO DE SEGURIDAD;TECNICO DE SEGURIDAD Y SA
6692;ANALISTA JURIDICO;ANALISTA JURIDICO LITIGIOS
6693;OPERADOR DE MAQUINARIA INDUSTRIAL;OPERADOR DE MAQUINARIA JR.
6694;JEFE DE PERFORACION;GERENTE DE PERFORACION
6695;DIRECTOR CORPORATIVO DE RIESGOS;JEFE CORPORATIVO DE GESTION DE RIESGOS
6696;ASISTENTE DE RECURSOS HUMANOS GRADO 1;ASISTENTE DE RECURSOS HUMANOS JUNIOR
6697;COORDINADOR ADMINISTRACION VENTAS;COORDINADOR VENTAS & SERVICIO
6698;GERENTE DE ASEGURAMIENTO DE CALIDAD Y SISTEMAS DE GESTION;ADMINISTRADOR DE ASEGURAMIENTO DE LA CALIDAD
6699;DOCENTE DE INGLES;DOCENTE DE INGLES PRIMARIA
6700;ASISTENTE DE LOGISTICA Y TRANS;ASISTENTE DE TRAFICO Y LOGISTICA
6701;JEFE CONFECCION;JEFE DE CONFECCION (F)
6702;SR SERVICE ASSURANCE ENGINEER;SR SERVICE ASSURANCE TECHNICIAN
6703;ASISTENTE DE GERENCIA REGIONAL;ASISTENTE DE GERENTE REGIONAL
6704;ANALISTA DE CREDITO JUNIOR;ANALISTA DE CREDITO JUNIOR - ADMINISTRACION DE CREDITO
6705;OPERADOR SALA DE CONTROL;OPERADOR SALA DE CONTROL (BC)
6706;JEFE DE TIENDA;JEFE TIENDA
6707;ASISTENTE CONTABLE Y TESORERIA;AUXILIAR ADMINISTRATIVO-TESORERIA-CONTABILIDAD
6708;ANALISTA DE MERCADEO;ANALISTA DE MERCADEO RETAIL
6709;ANALISTA ADMINISTRATIVO (CD);ANALISTA JUNIOR ADMINISTRATIVO
6710;JEFE DE INFRAESTRUCTURA Y SEGURIDAD;LIDER DE INFRAESTRUCTURA Y SEGURIDAD
6711;EJECUTIVO DE CUENTA DE SALUD;EJECUTIVO JUNIOR DE CUENTAS DE SALUD
6712;JEFE DE SEGURIDAD ALIMENTARIA;JEFE DE CONTROL DE CALIDAD Y SEGURIDAD ALIMENTARIA
6713;COORDINADOR CONTROL FINANCIERO;COORDINADOR DE INFORMACION Y CONTROL FINANCIERO
6714;ADM. AUXILIAR DE SERVICIOS GENERALES;AUXILIAR DE SERVICIOS GENERALES Y CONSERJERIA
6715;AUX. ADMINISTRATIVA;AUX ADMINISTRATIVA
6716;LIMPIEZA EXTERIORES;LIMPIEZA INTERIORES Y EXTERIORES
6717;DOCENTE INSPECTOR;DOCENTE-INSPECTORA
6718;CHOFER: PARA AUTOMOVILES Y CAMIONETAS;CHOFER: PARA AUTOMOVILES
6719;OBRERO 3;OBRERO 4
6720;PESADOR EMPAQUE L2;PESADOR EMPAQUE L3
6721;AUXILIAR CONTABILIDAD;AYUDANTE DE CONTABILIDAD
6722;COORDINADOR DE CASH MANAGEMENT Y COBRANZAS;JEFE DE CASH MANAGEMENT
6723;CONTADOR DE FRANQUICIAS;CONTADOR FRANQUICIADOS
6724;GERENTE DE PLANEACION Y CONTROL FINANCIERO;GERENTE CORPORATIVO FINANCIERO
6725;ESPECIALISTA DE SEGURIDAD DE LA INFORMAC;ESPECIALISTA EN SEGURIDAD DE LA INFORMACION Y EN LA INFRAESTRUCTURA DE TI
6726;JEFE CORPORATIVO DE MARKETING;COORDINADOR CORPORATIVO DE MARKETING
6727;JEFE DE FINANZAS;GERENTE DE FINANZAS Y CONTABILIDAD
6728;ANALISTA DE MARKETING E IMAGEN CORPORATIVA;ASISTENTE DE MARKETING E IMAGEN CORPORATIVA
6729;JEFE DE SUPPLY CHAIN;COORDINADOR DE SUPPLY CHAIN
6730;GERENTE DE ASEGURAMIENTO DE CALIDAD;GERENTE DE ASEGURAMIENTO DE CALIDAD Y SISTEMAS DE GESTION
6731;INSTRUCTOR DEPORTIVO;INSTRUCTOR DEL COMPLEJO DEPORTIVO
6732;JEFE DE COMUNICACION;JEFE DE COMUNICACION ORGANIZACIONAL
6733;AYUDANTE DE INSTALACIONES;AUXILIAR DE INSTALACIONES
6734;ASESOR DE REPUESTOS SENIOR;ASESOR DE REPUESTOS JUNIOR
6735;SUPERINTENDENTE DE INGENIERIA DE MINA;SUPERINTENDENTE DE MANTENIMIENTO DE MINA
6736;ANALISTA DE GESTION ACADEMICA DE POSGRADOS DE CIENCIAS DE LA SALUD;COORDINADOR DE GESTION DE POSGRADOS DE CIENCIAS DE LA SALUD
6737;JEFE DE DESARROLLO;JEFE DE DESARROLLO 1
6738;COORDINADOR DE LOGISTICA (GESTION DE INVENTARIOS);COORDINADOR DE LOGISTICA ( ACTIVOS, REPUESTOS Y EXPORTACIONES)
6739;SUPERVISOR DE OPERACIONES Y LOGISTICA;SUPERVISOR DE GESTION Y OPERACIONES
6740;JEFE DE PUBLICIDAD Y MERCADEO;JEFE ADMINISTRACION DE VENTAS Y MARKETING
6741;CORPORATE COUNSEL I;CORPORATE COUSEL I
6742;ANALISTA DE ASEGURAMIENTO Y CONTROL DE CALIDAD;ANALISTA DE CALIDAD QA
6743;JEFE DE MANTENIMIENTO ELECTRIC;SUPERVISOR DE OPERACION Y MANTENIMIENTO ELECTRICO
6744;ANALISTA CONTABLE Y FINANCIERO;ANALISTA CONTABLE Y DE REPORTES
6745;JEFE COMPENSACIONES;GERENTE DE COMPENSACIONES
6746;JEFE DE BODEGA INSUMOS;JEFE DE BODEGA DE INSUMOS PLANTA
6747;JEFE DE CUSTOMER CARE CORPORATIVO;JEFE DE CUSTOMER SERVICE
6748;COORDINADOR DE AUDITORIA INTERNA;ASISTENTE 1 DE AUDITORIA INTERNA
6749;JEFE DE DISENO Y DESARROLLO;JEFE AREA CREATIVA Y DISENO
6750;OPERADOR DE CALL CENTER;OPERADOR CALL CENTER
6751;ASISTENTE DE DISENO GRAFICO;AUXILIAR DE DISENO GRAFICO
6752;MEDICAL REPRESENTATIVE;MEDICAL REPRESENTATIVE SR
6753;ASISTENTE CONTADOR;ASISTENTE CONTA
6754;OPERARIO DE LOGISTICA Y DISTRIBUCION;OPERADOR DE LOGISTICA Y ALMACEN
6755;JEFE DE DISENO Y DESARROLLO;JEFE DE DISENO & INNOVACION
6756;MEDICO OCUPACIONAL;MEDICO INSTITUCIONAL Y OCUPACIONAL
6757;ASISTENTE DE TIENDA CIUDAD CELESTE;JEFE DE TIENDA CIUDAD CELESTE
6758;GERENTE DE MARCA;JEFE DE GESTION DE MARCA
6759;ESPECIALISTA DE LINEA 1;RESPONSABLE DE LINEA 1
6760;JEFE DE AREA MANTENIMIENTO;JEFE DE MANTENIMIENTO E INCIDENCIAS
6761;ASISTENTE DE SEGURO DE CREDITO;ASISTENTE EVENTUAL DE SEGURO DE CREDITO
6762;GERENTE OPERACIONES;GERENTE DE SERVICIOS DE OPERACIONES
6763;SUPERINTENDENTE DE MANTENIMIENTO MECANICO;SUPERINTENDENTE DE OFICINA TECNICA DE MANTENIMIENTO
6764;OPERADOR CARGADORA;OPERADOR DE CARGADORA 1
6765;ANALISTA ELECTRICO;ANALISTA SENIOR ELECTRICO
6766;ASESOR COMERCIAL HE;ASESOR COMERCIAL REGIONAL
6767;ASISTENTE ADMINSTRATIVO CONTABLE;ASISTENTE CONTABLE Y ADUITORIA
6768;JEFE DE SSO;JEFE DE SSO Y MA
6769;ANALYTICAL CONSULTANT;ANALYTICS CONSULTING MANAGER
6770;OBRERO DE PLANTA-FLOTADOR;OBRERO DE PLANTA-MOLINERO
6771;ASISTENTE JUNIOR DE COMUNICACION;ANALISTA JUNIOR DE COMUNICACIONES
6772;OPERADOR DE ETIQUETADO;OPERADOR DE EQUIPO INDUSTRIAL EN ETIQUETADO Y ENCARTONADO
6773;COORDINADOR DE INFRAESTRUCTURA Y REDES;JEFE DE INFRAESTRUCTURA Y COMUNICACIONES
6774;COORDINADOR DE COSTOS Y PRESUPUESTO;COORDINADOR DE PRESUPUESTO, DESARROLLO Y CONTROL
6775;ASISTENTE DE LABORATORIO;ASISTENTE DE OPERACIONES LABORATORIO
6776;JEFE CENTRO ATENCION AL CLIENTE;GERENTE CENTROS DE ATENCION AL CLIENTE
6777;JEFE DE DESARROLLO ORGANIZACIO;DIRECTOR DESARROLLO ORGANIZACIONAL
6778;COORDINADOR DE LOGISTICA Y OPERACIONES;COORDINADOR DE PROYECTOS Y LOGISTICA
6779;ENCARGADO DE MANTENIMIENTO;JEFE DE PLANIFICACION DE MANTENIMIENTO
6780;AYUDANTE DE CORTE Y LAMINADO GUAYAQUIL;OPERADOR DE CORTE Y LAMINADO GUAYAQUIL
6781;LIDER DE OPERACIONES SENIOR;GERENTE SENIOR DE OPERACIONES
6782;ENCARGADO ALIMENTADORES;ENCARGADO DE ALIMENTADORES AUTOMATICOS
6783;MEDICAL SALES REPRESENTATIVE;SALES REPRESENTATIVE - MEDICAL, PHARMA OR SPECIALITY
6784;JEFE DEL DPTO. TECNICO;JEFE DEPARTAMENTO TECNICO
6785;RESPONSABLE TECNICO DE BODEGA;SUPERVISOR TECNICO DE BODEGA
6786;TECNICO MANTENIMIENTO 1;TECNICO DE MANTENIMIENTO 2
6787;AUX. BODEGA;AUX. DE BODEGA
6788;CONSEJE RESIDENTE;ADM. CONSERJE RESIDENTE
6789;ASISTENETE DE MANTENIMIENTO;ASIST. MANTENIMIENTO
6790;AUXILIAR DE EMPACADORA;AUXILIAR EMPACADOR
6791;ASISTENTE DESARROLLO ORGANIZACIONAL;COORDINADOR DE DESARROLLO ORGANIZACIONAL
6792;SUPERVISOR HOTELERO;SUPERVISORA DE HOTELERIA
6793;ADMIN. DE REDES Y COMUNICACIONES;ADM. DE REDES Y COMUNICACION
6794;VENDEDOR TECNICO JR.;VENDEDOR ESPECIALIZADO JR.
6795;LIDER DE MANTENIMIENTO;LIDER MANTENIMIENTO
6796;JEFE ASEGURAMIENTO DE LA CALIDAD, SEGURIDAD Y MEDIO AMBIENTE;JEFE DE ASEGURAM CALIDAD
6797;ASISTENTE DE LOGISTICA / TRANSPORTE;ASISTENTE DE LOGISTICA (SERVICIO AL CLIENTE)
6798;OPERADOR DE ETIQUETADO;OPERADOR ETIQUETADO
6799;GESTOR DE DE DOCUMENTACION;GESTOR DE DOCUMENTACION-TEMPORAL
6800;JEFE COMERCIAL DE IMPORTACIONES;JEFE DE IMPORTACIONES Y POST VENTA
6801;ANALISTA DE COSTOS E INVENTARIOS;COORDINADOR DE COSTOS E INVENTARIOS
6802;GESTOR DE CREDITO Y COBRANZA;GESTOR DE CREDITO
6803;GERENTE DE SEGURIDAD FISICA;GERENTE DE SEGURIDAD FISICA Y COMPLIANCE
6804;INGENIERO SENIOR DE BENEFICIO;INGENIERO SENIOR DE PLANTA DE BENEFICIO
6805;ANALISTA DE BASTANTEO LEGAL;ANALISTA JURIDICO BASTANTEO LEGAL
6806;COORDINADOR DE LEGAL;COORDINADOR ADMINISTRATIVO LEGAL
6807;JEFE ADMINISTRACION;JEFE ADMINISTRACION Y FINANZAS
6808;COORDINADORA ADMINISTRATIVA Y RRHH;COORDINADORA DE RH & ADMINISTRACION
6809;COORDINADOR DE CONTROL DE COSTOS;JEFE REGIONAL DE CONTROL DE COSTOS
6810;COORDINADOR DE COMPRAS E IMPORTACIONES;COORDINADOR OPERATIVO IMPORTACIONES
6811;ASISTENTE DE INGENIERIA DE REFRIGERACION;ANALISTA DE INGENIERIA DE INSTALACIONES EN REFRIGERACION
6812;COORDINADOR DE ARQUITECTURA Y BASE DE DATOS;JEFE ARQUITECTURA E INGENIERIA DATOS
6813;LIDER DE MANTENIMIENTO;LIDER TECNICO DE MANTENIMIENTO
6814;GERENTE DE PLANIFICACION;GERENTE CORPORATIVO DE PLANEAMIENTO
6815;JEFE NACIONAL ADMINISTRATIVA;JEFE NACIONAL ADMINISTRATIVO Y GESTION DOCUMENTAL
6816;ASISTENTE 1 DE OPERACIONES;ASISTENTE DE OPERACIONES 2
6817;OPERARIO DE MANTENIMIENTO DE LABORATORIO;TECNICO DE MANTENIMIENTO LABORATORIO
6818;COORDINADOR DE PLANEACION Y ABASTECIMIENTO;LIDER DE PLANEACION Y ABASTECIMIENTO
6819;ASISTENTE ADMINISTRATIVO DISTRIBUCION JR;ASISTENTE ADMINISTRATIVO DISTRIBUIDORES
6820;ASISTENTE DE AUDITORIA TI;GERENTE DE AUDITORIA TI
6821;SUPERVISOR DE CALIDAD Y PROCESOS;SUPERVISOR DE GESTION DE CALIDAD Y DESARROLLO
6822;ASISTENTE DE SISTEMAS Y COMUNICACIONES;JEFE DE SISTEMAS Y COMUNICACIONES
6823;GERENTE PLANIFICACION Y DESARROLLO;GERENTE PLANIFICACION, CONTROL Y GESTION DE PROYECTOS
6824;ANALISTA DE OPERACIONES Y ESTADISTICA;ANALISTA DE OPERACIONES Y MEJORA CONTINUA
6825;ASISTENTE AUXILIAR SERVICIOS;SUPERVISOR DE AUXILIARES DE SERVICIOS
6826;JEFE DE VENTAS SIERRA;JEFE DE VENTAS INSTITUCIONAL SIERRA
6827;JEFE CONTABILIDAD;JEFE DE CONTABILIDAD Y COBRANZAS
6828;MEDICO EN SEGURIDAD Y SALUD OCUPACIONAL;MEDICO OCUPACIONAL, SEGURIDAD SALUD Y AMBIENTE
6829;ANALISTA DE SISTEMAS SENIOR;ASISTENTE DE SISTEMAS SENIOR
6830;SUPERVISOR MANTENIMIENTO INDUSTRIAL;SUPERVISOR DE MANTENIMIENTO EL
6831;INGENIERO ELECTRICO;INGENIERA ELECTRICA
6832;COORDINADORA DE VENTAS Y SERVICIOS;COORDINADORA COMPRAS Y PROVEEDURIA
6833;BODEGUERO DE REPUESTOS Y SUMINISTROS;BODEGUERO MATERIALES Y REPUESTOS
6834;GERENTE DE GESTION DE MARKETING;GESTORA DE MARKETING
6835;ASISTENTE BASE DE DATOS;ASISTENTE DE BASE DE DATOS Y SISTEMAS
6836;ASISTENTE BODEGA PARTES Y SUMINISTROS;AUXILIAR BODEGA MATERIALES Y REPUESTOS
6837;COORDINADOR DE ALMACEN E INVENTARIO;COORDINADOR DE BODEGA E INVENTARIO
6838;ASESOR BANCA DE PERSONAS;ASESOR BANCA EMPRESAS
6839;ASISTENTE SEGURIDAD ELECTRONICA;ADMINISTRADOR DE SEGURIDAD ELECTRONICA
6840;ANALISTA RIESGO OPERATIVO Y CONTINUIDAD DEL NEGOCIO;ESPECIALISTA RIESGO OPERATIVO Y CONTINUIDAD DEL NEGOCIO
6841;ASISTENTE, AYUDANTE BODEGA;ASISTENTE/ AUX BODEGA
6842;GERENTE OPERACIONES;GERENTE SENIOR DE OPERACIONES
6843;OPERADOR MECANICO MAQ.COMPLEJAS CORTE;OPERADOR MECANICO MAQ.COMPLEJAS SOLDADURA
6844;ASISENTE ADMINISTRATIVO;ADMINISTRATIVO-ASISTENTE ADMINISTRATIVO
6845;ASISTENTE DE DISTRIBUCION Y LOGISTICA;ASISTENTE DE DISTRIBUCION/TRANSPORTE
6846;COORDINADOR DE INTELIGENCIA DE NEGOCIOS;ASISTENTE DE NEGOCIOS INTELIGENTES
6847;GERENTE DE FINANZAS Y PLANIFICACION PRESUPUESTARIA;SUPERVISOR DE FINANZAS Y PRESUPUESTO
6848;ANALISTA DE INVESTIGACION & DESARROLLO;ANALISTA DE INVESTIGACION Y DESARROLLO V
6849;ASISTENTE DE BODEGA Y LOGISTICA;ASISTENTE DE BODEGA Y DESPACHO
6850;JEFE DE SELECCION Y DESARROLLO;JEFE DE RECLUTAMIENTO Y SELECCION
6851;SUPERVISOR FINANCIERO;SUB GERENTE FINANCIERO
6852;ASISTENTE ADMINISTRATIVA- RECEPCION;ASISTENTE DE GERENCIA - RECEPCIONISTA
6853;JEFE DE SEGURIDAD DE LA INFORMACION;JEFE DE RIESGOS Y SEGURIDAD DE LA INFORMACION
6854;SUBJEFE DE ALMACEN;SUBJEFE DE ALMACEN (EQ)
6855;GERENTE INTELIGENCIA DE NEGOCIOS;JEFE DE INTELIGENCIA Y ANALITICA DE NEGOCIO
6856;ANALISTA DE COBRANZAS;ANALISTA DE COBRANZAS E INFORMACION
6857;ANALISTA DE PROYECTO Y DESARROLLO;ANALISTA DE PROYECTOS SENIOR
6858;TECNICO DE EQUIPOS MEDICOS;TECNICO EN MANTENIMIENTO Y REPARACION DE EQUIPOS MEDICOS
6859;ASISTENTE CONTABLE SR;ASISTENTE CONTABLE A
6860;ABOGADO DE COBRANZAS;ASESOR LEGAL DE COBRANZAS
6861;SUPERVISOR DE SEGURIDAD DE LA INFORMACION;TECNICO DE SEGURIDAD DE LA INFORMACION
6862;TECNICO DE CAMPO;ASESOR TECNICO DE CAMPO
6863;ASISTENTE DE STEWARD;ASISTENTE STEWARD
6864;ANALISTA DE MATERIA PRIMA;ANALISTA DE MATERIA PRIMA NACIONAL
6865;ASISTENTE OPERATIVO SENIOR;ASISTENTE SOPORTE OPERATIVO
6866;OPERADOR DE EMPAQUE;OPERADOR DE EMPACADORA
6867;COORDINADOR DE RESPONSABILIDAD SOCIAL;COORDINADOR DE RESPONSABILIDAD SOCIAL Y COMUNIDADES
6868;ASISTENTE 1 DE VENTAS;ASISTENTE DE VENTAS B
6869;COORDINADOR DE PAGOS;COORDINADOR DE COBROS Y PAGOS
6870;DOCENTE DE INGLES INICIAL II PREPARATORIA Y ELEMENTAL TERCERO;PROFESORA DE INGLES DEL NIVEL INICIAL Y PREPARATORIA
6871;SUPERVISOR DE VENTAS GENERALES;SUPERVISOR DE VENTAS SENIOR
6872;GERENTE DE PRODUCTOS Y MARKETING;JEFE DE MARKETING & DESARROLLO DE PRODUCTOS
6873;SUPERVISOR DE SEGURIDAD OCUPACIONAL;SUPERVISOR DE SEGURIDAD Y SALUD OCUPACIO
6874;GERENTE DE ESTRATEGIA Y NEGOCIOS;GERENTE DE ESTRATEGIA DE NEGOCIO, PLANIFICACION Y FINANZAS
6875;ASISTENTE CONTABLE Y TESORERIA;ASISTENTE CONTABLE, CREDITO Y COBRANZA
6876;ADMINISTRADOR DE IMPRESION 1;ADMINISTRADOR DE IMPRESION 4
6877;ASISTENTE A DE CONTABILIDAD;ASISTENTE SEMI-SENIOR DE CONTABILIDAD
6878;ANALISTA DE MICROBIOLOGIA SENIOR;ANALISTA DE MICROBIOLOGIA JUNIOR
6879;ASISTENTE DE GARITA;AUXILIAR DE GARITA
6880;ASISTENTE DE PRODUCCION FANTAPE;JEFE PRODUCCION FANTAPE
6881;AGENTE AEROPORTUARIO;AGENTE DE AEROPUERTO
6882;ASISTENTE DE OPERACIONES Y SERVICIO AL CLIENTE;ASISTENTE DE NEGOCIOS Y SERVICIOS
6883;COORDINADOR PASTORAL;DIRECTOR DE PASTORAL
6884;ASISTENTE DE INFRAESTRUCTURA Y PROYECTOS;AYUDANTE DE INFRAESTRUCTURA Y ADECUACIONES
6885;ASISTENTE ADMINISTRATIVA-CONTABLE;ASISTENTE ADMINISTRATIVO Y COBRANZA
6886;ASISTENTE DE LIMPIEZA;OPERARIO DE LIMPIEZA E HIGIENE
6887;COORDINADOR DE PLANIFICACION Y PROCESOS;JEFE DE PLANIF Y PROGRAMA
6888;JEFE DE SELECCION;JEFE DE SELECCION Y EVALUACION
6889;SUBGERENTE DE LOGISTICA;SUBGERENTE SERVICIOS LOGISTICO
6890;OPERADOR BODEGA;OPERADOR DE BODEGA MATRIZ
6891;GESTOR DE RECUPERACION;GERENTE DE RECUPERACIONES
6892;COORDINADOR CARTERA Y RECUPERACION;GERENTE CARTERA Y RECUPERACION
6893;SUPERVISOR DE DIGITALIZACION;SUPERVISOR DEL CENTRO DE DIGITALIZACION
6894;SUPERVISOR DE MANTENIMIENTO EL;SUPERVISOR DE MANTENIMIENTO IN
6895;ASISTENTE ADMINISTRATIVO TECNICO;ASISTENTE COORDINACION ADMINISTRATIVA
6896;COORDINADOR (A) PROYECTOS;COORDINADOR OPERATIVO DE PROYECTOS
6897;ANALISTA CONTABILIDAD;ANALISTA DE CONTABILIDAD Y ADMINISTRACION
6898;MECANICO DE EQUIPOS INDUSTRIALES;MECANICO DE EQUIPOS
6899;JEFE DE BODEGA Y COMPRAS;JEFE DE BODEGA / ALMACEN
6900;JEFE DE ASEGURAMIENTO CORPORATIVO;JEFE DE SEGURIDAD CORPORATIVA
6901;CAJERA-ADMISIONISTA;CAJERA/ ADMISIONISTA
6902;ESPECIALISTA DE PROCESOS;ESPECIALISTA OPERATIVO PROCESOS
6903;COORDINADORA DE COMUNICACION ORGANIZACIONAL;EJECUTIVO DE COMUNICACION ORGANIZACIONAL
6904;JEFE DEL AREA LEGAL;GERENTE SENIOR DEL AREA LEGAL
6905;OPERADOR DE LLENADO;OPERADOR LLENADO
6906;COORDINADOR DE DESARROLLO ORGANIZACIONAL;COORDINADOR DESARROLLO HUMANO ORGANIZACIONAL
6907;JEFE COMPENSACIONES;COORDINADOR COMPENSACIONES
6908;EJECUTIVA DE MARKETING;EJECUTIVO MARKETING
6909;SUPERVISOR DE MANTENIMIENTO (MECANICO);SUPERVISOR DE MANTENIMIENTO EL
6910;DOCENTE ALEMAN KINDERGARTEN CAHC;DOCENTE KINDERGARTEN CAHC
6911;GERENTE DE PREVENTA;GERENTE REGIONAL PREVENTA
6912;VENDEDOR-ASESOR COMERCIAL;EJECUTIVO COMERCIAL - VENDEDOR
6913;ASISTENTE SALUD, SEGURIDAD, AMBIENTE, SALUD;ASISTENTE DE SALUD, SEGURIDAD, AMBIENTE Y CALIDAD
6914;ASISTENTE DE SUBGERENTE DE NEGOCIOS;ASISTENTE DE NEGOCIOS Y SERVICIOS
6915;SUPERVISOR FINANCIERO;SUPERVISOR DE FINANZAS
6916;SUPERVISOR DE CONTROL INTERNO;SUPERVISOR CONTROL OPERACIONAL
6917;JEFE DE FISCALIZACION;AYUDANTE DE FISCALIZACION JR
6918;ASISTENTE DE PUBLICISTA;PUBLICISTA---ASISTENTE DE PUBL
6919;JEFE DE CAMPO;JEFE DE SERVICIOS EN CAMPO
6920;COORDINADOR DE PROCESOS DE PRODUCCION;COORDINADOR DE PROD. EN PROCESO
6921;ANALISTA DE INFRAESTRUCTURA Y COM;ANALISTA DE INFRAESTRUCTURA Y TELECOMUNICACIONES SR
6922;COORDINADOR ADMINISTRATIVO DE PROYECTO;COORDINADOR DE PROYECTOS Y SERVICIOS
6923;ANALISTA DE RIESGO TECNOLOGICO;ANALISTA DE RIESGO TECNOLOGICO - PROYECTOS
6924;JEFE TRADE MARKETING;EC_JEFE TRADE MARKETING
6925;SUPERVISOR DE PROYECTOS;SUB GERENTE DE PROYECTOS
6926;SUB GERENTE FINANCIERA;SUB GERENCIA FINANCIERA
6927;ANALISTA DE CONTRATO Y COMPRAS;ANALISTA SR. COMPRAS
6928;ANALISTA DE TECNOLOGIA DE LA INFORACION;ANALISTA DE TELEMATICA E INFORMACION
6929;JEFE DE TECNOLOGIA;JEFE DE INNOVACION TECNOLOGICA
6930;ASISTENTE BODEGA / BODEGUERO;ASISTENTE BODEGA/COMPRAS
6931;ASISTENTE DE SEGURIDAD Y CCTV;ASISTENTE DE CCTV Y GPS
6932;ANALISTA DE INTELIGENCIA DE DATOS;ANALISTA DE INGENIERIA DE DATOS SR
6933;GERENTE DE PLANEACION Y CONTROL FINANCIERO;GERENTE FINANCIERO ADMINISTRATIVO CORPORATIVO
6934;OPERADOR MAQUINARIA;OPERADOR_DE_MAQUINA
6935;OPERADOR DE GENERACION;OPERADOR DE GENERACION ELECTRICA
6936;ASISTENTE DE DESARROLLO;ASISTENTE DE SOPORTE Y DESARROLLO
6937;OPERADOR PLANTA;OPERADOR TECNICO PLANTA
6938;ENTRENADOR DE FUTBOL;PROFESOR TITULAR Y ENTRENADOR DE FUTBOL
6939;ASESOR TECNICO DE MANTENIMIENTO;TECNICO DE CALIDAD Y MANTENIMIENTO
6940;JEFE DE DESARROLLO DE NEGOCIOS;DIRECTOR DESARROLLO DE NEGOCIOS
6941;EDUCADOR;EDUCADOR (A)
6942;JEFE DE FINANCIERO;JEFE CONTABLE FINANCIERO
6943;JEFE DE CUMPLIMIENTO;COORDINADOR CUMPLIMIENTO
6944;SUPERVISOR DE PLANTA DE PRODUCCION;SUPERVISOR DE LINEA PRODUCTIVA
6945;AUDITOR DE SISTEMAS;JEFE AUDITOR DE SISTEMAS
6946;AYUDANTE DE MANTENIMIENTO INDUSTRIAL;ASISTENTE JUNIOR DE MANTENIMIENTO
6947;AUXILIAR DE BODEGA / MONTACARGUISTA;AUXILIAR DE BODEGAS Y OPERADOR DE MONTACARGAS
6948;DIRECTOR DE PLANIFICACION;DOCENTE DE PLANIFICACION
6949;EJECUTIVO DE TALENTO HUMANO;EJECUTIVO DE TALENTO HUMANO & ADMINISTRACION
6950;OPERADOR MANTENIMIENTO;OPERARIO DE MANTENIMIENTO / OPERATIVO / OBRERO
6951;ASISTENTE CREDITO QUITO;ASISTENTE DE CREDITO Y COBRANZAS 1 QUITO
6952;GERENTE DE EXPERIENCIA AL CLIENTE;JEFE DE CUSTOMER EXPERIENCE
6953;DIRECTORA DE SECUNDARIA;DIRECTORA SECUNDARIA
6954;COORDINADOR CANALES DIGITALES;COORDINADOR DE CANALES ELECTRONICOS
6955;ANALISTA SEGURIDAD;ANALISTA SEGURIDAD SENIOR
6956;TECNICO DE TALLER SENIOR;TECNICO 1 DE TALLER
6957;ESPECIALISTA CONTROL DE GESTION;ESPECIALISTA DE GESTION
6958;GERENTE DE RIESGOS INTEGRALES;GERENTE DE RIESGO INTEGRAL
6959;JEFE DE TALLERES;JEFE DE SERVICIOS Y TALLERES
6960;DOCENTE TITULAR AUXILIAR 1;DOCENTE TITULAR AUXILIAR NIVEL 2 GRADO 2
6961;ASISTENTE DE MARKETING Y COMUNICACION;ASISTENTE DE TELEMARKETING
6962;GERENTE DE ASUNTOS CORPORATIVOS;COORDINADOR DE ASUNTOS CORPORATIVOS
6963;ADMINISTRADOR FINCA;ADMINISTRADOR GENERAL FINCA
6964;PLANIFICADOR DE SUMINISTRO;PLANEADOR DE SUMINISTRO
6965;JEFE DE INVESTIGACIO Y DESARROLLO;JEFE DE INVESTIGACION Y D
6966;JEFE DE COMPRAS GENERALES;JEFE DE COMPRAS G
6967;IT SOFTWARE DEVELOPER;SOFTWARE DEVELOPER
6968;JEFA ADMINISTRATIVA Y DE RECURSOS HUMANOS;JEFA DE ADMINISTRACION CORPORATIVA
6969;JEFE DE CARTERA Y COBRANZA;JEFE DE CARTERA Y COBRANZAS CORPORATIVAS
6970;ASISTENTE 1 DE AUDITORIA INTERNA;ASISTENTE GERENCIA DE AUDITORIA INTERNA
6971;EJECUTIVA SERVICIO AL CLIENTE SENIOR;EJECUTIVO SENIOR SERVICIO AL CLIENTE
6972;OPERADOR DE PLANTA;OPERADOR PLANTA
6973;SUPERVISOR ELECTRICO;SUPERVISOR ELECTRICO GENERAL
6974;AYUDANTE DE MINAS CANTERAS;AYUDANTE MINAS CANTERAS
6975;JEFE DE PLANTA;GERENTE DE PLANTA
6976;COORDINADOR DE LOGISTICA;ENCARGADO DE LOGISTICA
6977;ESPECIALISTA CONTROL CALIDAD;ESPECIALISTA DE SISTEMAS DE CALIDAD
6978;GESTOR DE CAMPO;GESTOR DE SERVICIOS CAMPO
6979;EMPLEADOS DE ASEO;EMPLEADA DE ASEO
6980;JEFE CANAL TRADICIONAL;JEFE DE SERVICIO CANAL TRADICIONAL
6981;ASISTENTE DE FINANZAS;ASISTENTE ADMINISTRATIVO FINANZAS
6982;ASISTENTE TALENTO HUMANO;AYUDANTE DE TALENTO HUMANO
6983;CONSULTOR DE NEGOCIOS SENIOR;ASESOR DE NEGOCIOS SENIOR
6984;COORDINADOR HOSPITALARIO;COORDINADOR MEDICO-HOSPITALIZACION
6985;ASIST. ADMINISTRATIVO UIO;ASIST. ADMINISTRATIVA & COMERCIAL UIO
6986;ASISTENTE ADMINISTRATIVO FINANCIERO I;ASISTENTE ADMINISTRATIVA FINAN
6987;JEFE COMERCIAL Y CONVENIOS;JEFE COMERCIAL Y EVENTOS
6988;ASISTENTE DIVISION SEGURIDAD;ASISTENTE ADMINISTRATIVO SEGURIDAD
6989;ANALISTA DE PROYECTOS DE INVESTIGACION;ASISTENTE DE PROYECTO DE INVESTIGACION
6990;EJECUTIVO (A) VENTAS;EJECUTIVO/AFINES - EJECUTIVO DE VENTAS
6991;ASISTENTE DE EXPORTACIONES Y LOGISTICA;ASISTENTE DE COMERCIO EXTERIOR Y LOGISTICA
6992;GERENTE DE RECURSOS HUMANOS - SSO;GERENTE DE TALENTO HUMANO - SSO
6993;ASISTENTE DE DESARROLLO ORGANIZACIONAL Y CAPACITACION;COORDINADOR DE DESARROLLO ORGANIZACIONAL Y CAPACITACION
6994;COORDINADOR DE ANALITICA DE NEGOCIOS;COORDINADOR DE ANALITICA COMERCIAL
6995;ESPECIALISTA DE DATA MAESTRO;MAESTRO DE DATOS
6996;COORDINADOR DE INFRAESTRUCTURA TECNOLOGICA;SUPERVISOR DE INFRAESTRUCTURA TECNOLOGICA
6997;COORDINADOR DE DESARROLLO DE NEGOCIOS;COORDINADOR DE DESARROLLO COMERCIAL
6998;LABORATORISTA;LABORATORISTA JUNIOR
6999;COORDINADORA DE CAPTACION;SUPERVISORA DE CAPTACIONES
7000;GERENTE AUDITORIA INTERNA;ASISTENTE GERENCIA DE AUDITORIA INTERNA
7001;JEFE CUENTAS CLAVES;JEFE CUENTAS CLAVES INTERNA
7002;AUXILIAR DE QUIMICOS;AUXILIAR QUIMICO
7003;AYUDANTE DEL SECTOR METALMECANICO 103;AYUDANTE DEL SECTOR METALMECANICO 130
7004;COORDINADOR DE BODEGA PT;ENCARGADO DE BODEGA PT
7005;GERENTE DE DESARROLLO HUMANO Y CULTURA;GERENTE DE DESARROLLO HUMANO Y ADMINISTRACION
7006;BUSINESS SYSTEM ANALYST 1 - DEVELOPMENT;BUSINESS SYSTEMS ANALYST 1
7007;AUX. SERVICIO TECNICO;AYUD.GENERAL Y SERVICIO TECNICO
7008;DIRECTOR DESARROLLO DE NEGOCIOS;RESPONSABLE DE DESARROLLO DE NEGOCIOS
7009;ASISTENTE CONTROL OPERATIVO;SUPERVISOR CONTROL OPERACIONAL
7010;MAYORDOMO;MAYORDOMO D
7011;OPERADOR DE GRUA;OPERADOR DE GRUA DISTRIBUCION
7012;ANALISTA DE SOPORTE (TECNICO);ADMINISTRADOR DE SOPORTE TECNICO
7013;AUX. DE LABORATORIO;AUXILIAR DE LABORATORIO (AL)
7014;ANALISTA 1 DE CONTABILIDAD;ANALISTA CONTABLE Y DE REPORTES
7015;COORDINADOR REPUESTOS;ASISTENTE DE REPUESTOS
7016;COORD. TALENTO HUMANO;COORD.TALENTO HUMANO
7017;TECNICO DE LABORAT;TECNICO DE LABORATORIO DE DOCENCIA
7018;SUBGERENTE DE ADMINISTRACION Y COMPRAS;SUBGERENTE DE ADMINISTRACION Y FINANZAS
7019;ANALISTA DE APLICACIONES Y CALIDAD;ANALISTA DE SOPORTE Y CALIDAD
7020;JEFE BODEGA;JEFE BODEGA AF
7021;JEFE DE PRODUCCION E INFRAESTRUCTURA TECNOLOGICA;JEFE TECNICO DE FABRICA
7022;ADMINISTRADOR DE INFRAESTRUCTURA OT;ANALISTA DE INFRAESTRUCTURA OT
7023;JEFE CALIDAD Y GESTION;JEFE DE UNIDAD DE CALIDAD E HIGIENE
7024;ANALISTA DE DEMANDA;ANALISTA DEMANDA
7025;JEFA DE MARKETING Y COMUNICACION;JEFA DEL DPTO. DE PUBLICIDAD Y MARKETING
7026;ASESOR COMERCIAL;ASESOR COMERCIAL HE
7027;ASISTENTE ADMINIST;ASISTENTE Y AYUDANTE ADMINIST
7028;COORDINADOR LOGISTICA Y PLANEACION;JEFE DE PLANIFICACION LOGISTICA
7029;JEFE DE LOCAL;SUBJEFE DE LOCAL
7030;COORDINADOR DE PRODUCCION;CHEF SUPERVISOR DE PRODUCCION
7031;TECNICO 1 DE MANTENIMIENTO EN CAMPO ACUACULTURA;COORDINADOR 1 DE MANTENIMIENTO EN CAMPO ACUACULTURA
7032;ASISTENTE DE CONSEJERIA ESTUDIANTIL;JEFE DE CONSEJERIA ESTUDIANTIL
7033;ANALISTA SENIOR CONTABILIDAD;ANALISTA SENIOR DE REPORTES Y SERVICIOS CONTABLES
7034;ASISTENTE DE INVENTARIO Y LOGISTICA;ASISTENTE DE VENTAS Y LOGISTICA
7035;AYU. SOLDADOR;AYUD. SOLDADOR
7036;ANALISTA DE MONITOREO Y PREVENCION DE FRAUDES;ASISTENTE DE MONITOREO DE FRAUDES
7037;JEFE DE SEGURIDAD SALUD Y AMBIENTE;GERENTE DE SEGURIDAD-SALUD Y AMBIENTE
7038;SUPERVISOR DE BODEGA DE PRODUCTO;SUPERVISOR DE BODEGA JUNIOR
7039;ASISTENTE SERVICIO CLIENTE;ASISTENTE DE VENTAS Y SERVICIO AL CLIENTE
7040;SUPERVISOR DE TECNICOS;SUPERVISOR DE TECNICOS JUNIOR
7041;GESTOR DOCUMENTAL;GESTOR DOCUMENTAL SR.
7042;COORDINADOR DE ALMACEN Y LOGISTICA;COORDINADOR DE PEDIDOS Y LOGISTICA
7043;OBRERO DE CAMPPO;OBRERO CAMPO
7044;ANALISTA DE I&D;ANALISTA I&D
7045;OPERADOR DE GRUA 60 TON;OPERADOR DE GRUA 80 TON
7046;ASISTENTE DE TALENTO HUMANO Y CONTABLE;COORDINADOR DE TALENTO HUMANO / ASISTENTE CONTABLE
7047;JEFE DE CALIDAD Y PROCESO;JEFE DE CALIDAD Y PRODUCTO
7048;AYUDANTE DE SERV. GENERAL;ASESOR DE SERVICIOS GENERALES
7049;ASISTENTE SOPORTE TECNICO;SUPERVISOR DE SOPORTE TECNICO AL CLIENTE
7050;JEFE DE CONTROL FINANCIERO;JEFE DE CONTROL Y CORDINACION FINANCIERA
7051;AYUDANTE DE SEGURIDAD FISICA;AYUDANTE SUPERVISOR SEGURIDAD
7052;SUPERVISOR DE PLANTA DE AGUA;JEFE DE PLANTA DE AGUA
7053;ANALISTA DE NEGOCIOS Y MERCADEO;ANALISTA DE MERCADEO
7054;COORDINADOR DE INFRAESTRUCTURA Y COMUNICACIONES;COORDINADOR INFRAESTRUCTURA Y CYBERSEGURIDAD
7055;JEFE DE PLANEAMIENTO;JEFE DE PLANIFICACION Y PROCESOS
7056;GERENTE NACIONAL ADMINISTRATIVA FINANCIERA;GERENTE NACIONAL ADMINISTRATIVO Y FINANCIERO
7057;AYUDANTE DE LOGISTICA;ASISTENTE DE LOGISTICA (SERVICIO AL CLIENTE)
7058;AUXILIAR DE VENTAS;AUXILIAR DE MERCADEO Y VENTAS
7059;REPRESENTANTE DE SERVICIO TECNICO;REPRESENTANTE DE SERVICIO TECNICO JR
7060;COORDINADOR RECURSOS HUMANOS;RESPONSABLE DE RECURSOS HUMANOS
7061;JEFE DE DESARROLLO E INVESTIGACION;JEFE DE INVESTIGACION, DESARROLLO Y SOPORTE TECNICO
7062;LIDER MECANICO DE MAQUINA CERRADORA Y ETIQUETADORA;MECANICO DE MAQUINA CERRADORA
7063;ASISTENTE ADMINISTRATIVA DE SERVICIO TECNICO;ASISTENTE ADMINISTRATIVO-CLINICO
7064;JEFE NACIONAL DE EXPERIENCIA DEL CLIENTE;LIDER DE EXPERIENCIA AL CLIENTE
7065;GERENTE CALIDAD;GERENTE CONTROL CALIDAD
7066;TRABAJADOR ACUICOLA- OPERADOR DE BOMBA;TRABAJADOR ACUICOLA INCLUYE OPERADOR DE BOMBA DE AGUA
7067;JEFE DE PUBLICIDAD Y RESPONSABILIDAD SOCIAL;JEFE DE RESPONSABILIDAD SOCIAL CORPORATIVA
7068;ANALISTA DE PREVENCION DE FRAUDE;LIDER DE PREVENCION DE FRAUDES
7069;COORDINADOR DE GESTION DE RIESGOS;GERENTE ADMINISTRACION DE RIESGO
7070;ADM. AUXILIAR DE SERVICIOS GENERALES;ASESOR DE SERVICIOS GENERALES
7071;GERENTE DE MERCADEO;GERENTE DE MERCADEO Y PROMOCION
7072;JEFE DE ADQUISICIONES, CONTRATOS Y CONVENIOS;JEFE DE ADQUISICIONES Y RESPUESTOS
7073;VENDEDOR DE PUNTO DE VENTA;AGENTE DE PUNTO DE VENTA
7074;ASISTENTE BODEGA PRODUCTO TERMINADO;AUXILIAR BODEGA DE PRODUCTO TERMINADO 1
7075;AYUDANTE DE LABORATORIO;AYUDANTE DE LABORATORIO 1
7076;SUPERV.SEGURIDAD SALUD Y AMBIENTE;SUPERVISOR DE SEGURIDAD SALUD Y AMBIENTE 1
7077;LICENCIADA EN IMAGENES;LIC. DE IMAGENES
7078;ADMINISTRADOR APLICACIONES DE DATOS;ADMINISTRADOR DE APLICACIONES E INCIDENCIAS
7079;ASISTENTE DE PROYECTO;ASISTENTE DE GESTION DE PROYECTOS
7080;GERENTE DE POSTVENTA;AUXILIAR DE POSTVENTA
7081;INGENIERO DE SEGURIDAD DE LA INFORMACION;TECNICO DE SEGURIDAD DE LA INFORMACION
7082;ASISTENTE BODEGA DE REPUESTOS;COORDINADOR BODEGA DE REPUESTOS
7083;PROFESOR DE INGLES DEL NIVEL EGB ELEMENTAL Y MEDIA;PROFESOR DE INGLES DEL NIVEL EGB SUPERIOR Y BACHILLERATO
7084;JEFE MANTENIMIENTO Y OPERACIONES;SUB JEFE DE MANTENIMIENTO
7085;ASESOR DE SERVICIO TECNICO;ASESOR TECNICO 技术服务员
7086;JEFE DE AREA MANTENIMIENTO;JEFE DE MANTENIMIENTO III
7087;JEFE DE CONTABILIDAD Y FINANZAS;JEFE CONTABILIDAD E IMPUESTOS
7088;COORDINADORA 3 DE PRODUCCION, SANITIZACION E INGREDIENTES;COORDINADORA DE PRODUCCION, SANITIZACION E INGREDIENTES
7089;ASISTENTE CREDITO Y COBRANZA;ASISTENTE DE CREDITO Y COBRANZA B
7090;ASISTENTE INFORMATICA;ASISTENTE TECNICO DE INFORMATICA
7091;ANALISTA COMUNICACION Y DESARROLLO;ANALISTA DE COMUNICACION Y DISENO
7092;EJECUTIVA DE VENTAS;EJECUTIVA DE VENTA
7093;ASISTENTE DE PROYECTOS;ASISTENTE SENIOR DE DPTO DE PROYECTOS
7094;COORDINADOR DE IMPUESTOS;COORDINADOR CONTABLE E IMPUESTOS
7095;TRAB AGRICOLA POSTCOSECHA F3;TRAB AGRICOLA POSTCOSECHA F1
7096;COORDINADOR DE COMUNICACION CORPORATIVA E INTERNA;ASISTENTE DE COMUNICACION CORPORATIVA
7097;COORDINADORA ADMINISTRATIVA FINANCIERA GENERAL;GERENTE NACIONAL ADMINISTRATIVA FINANCIERA
7098;ASISTENTE COMPRAS Y CONTRATACIONES;ASISTENTE DE COMPRAS Y PROCESOS
7099;AYUDANTE DE SERVICIOS;ASISTENTE_DE_SERVICIOS_Y_PROVEDURIA
7100;TECNICO DE ESTRUCTURA;TECNICO ESTRUCTURA
7101;ANALISTA DE COMUNICACION ORGANIZACIONAL;AUXILIAR DE COMUNICACION CORPORATIVA
7102;ASESOR TECNICO COMERCIAL COSTA;ASESOR COMERCIAL COSTA
7103;DIRECTOR DE ESTRATEGIA;DIRECTOR DE GESTION ESTRATEGICA
7104;COORDINADOR DE GESTION DE TALENTO;COORDINADOR DE DESARROLLO DEL TALENTO HUMANO
7105;TECNICO DE CALIDAD;REPRESENTANTE TECNICO CALIDAD
7106;AYUDANTE DE PROYECTO;ASISTENTE / AYUDANTE DE PROYECTOS
7107;ANALISTA DE CARTERA JR;ANALISTA SENIOR DE CARTERA
7108;ASISTENTE ADMINISTRATIVO DE CREDITO;ASISTENTE DE GESTION Y CONTROL DE CREDITO
7109;SUPERVISOR DE INVESTIGACION Y DESARROLLO;SUB GERENTE DE INVESTIGACION Y DESARROLLO
7110;ELECTRICISTA MANTENIMIENTO;ESPECIALISTA EN MANTENIMIENTO ELECTRICO
7111;COORDINADOR SENIOR DE COMUNICACIONES;COORDINADOR DE COMUNICACIONES EXTERNAS
7112;AUDITOR (A);AUDITOR SENIOR A
7113;COORDINADOR DE GESTION DOCUMENTAL;SUPERVISOR DE GESTION DOCUMENTAL
7114;MAQUINISTA IB1;MAQUINISTA IB2
7115;COORDINADOR DE RRHH;COORDINADOR RRHH
7116;VENDEDOR PET 11;VENDEDOR PET 21
7117;ASISTENTE DE CONTROL;ASISTENTE DE ENTIDAD DE CONTROL
7118;COORDINADOR DE CREDITOS Y COBRANZAS;COORDINADOR DE CREDITO Y COBRANZA VENTAS
7119;JEFE DE LARVICULTURA;COORDINADOR DE LARVICULTURA
7120;ASISTENTE DE ALMACEN;ASISTENTE DE ALMACEN DE REFACCIONES
7121;GERENTE DE INFRAESTRUCTURA TECNOLOGICA;GERENTE DE INFRAESTRUCTURA Y TELECOMUNICACIONES
7122;SUPERVISOR ENFERMERIA;SUPERVISOR GENERAL ENFERMERIA
7123;CUSTOMER EXPERIENCE MANAGER;CUSTOMER EXPERIENCE MANAGER PROFESSIONAL
7124;ANALISTA CALIDAD DE PROCESOS;ANALISTA TECNICO DE CALIDAD
7125;ASISTENTE TECNICO DE PRODUCCION;ASISTENTE DE PRODUCCION E ING.
7126;COORDINADOR DE SEMINUEVOS;JEFE DE SEMINUEVOS
7127;AUXILIAR DE ENFERMERIA AMAZONAS;SUPERVISORA DE ENFERMERIA AMAZONAS
7128;JEFE DE DISTRIBUIDORES;JEFE DISTRIBUCION Y SERVICIO AL CLIENTE
7129;DESARROLLADOR DE APLICACIONES SENIOR;DESARROLLADOR DE SOFTWARE SENIOR
7130;CAJERA POLIFUNCIONAL;EMPACADOR-CAJERO (POLIFUNCIONAL)
7131;COORDINADOR DE APRENDIZAJE Y ENSENANZA;COORDINADOR APRENDIZAJE INICIAL
7132;TECNICO DE INFRAESTRUCTURA TECNOLOGICA;COORDINADOR DE INFRAESTRUCTURA TECNOLOGICA
7133;ANALISTA DE GERENCIA;ANALISTA SENIOR DE GERENCIA GENERAL
7134;GERENTE DE ASUNTOS REGULATORIOS Y LEGAL;JEFE DE LEGAL Y ASUNTOS REGULATORIOS
7135;ESPECIALISTA TALENTO HUMANO;PROFESIONAL DE TALENTO HUMANO
7136;GERENTE DE COMPLEJO;JEFE DE COMPLEJO
7137;INGENIERO DE PROYECT;INGENIERO DE PROYECTOS (G)
7138;SUPERVISOR DE HIGIENE;SUPERVISOR(A) DE HIGIENE Y DESINFECCION
7139;TESORERA;TESORERA SR.
7140;COORDINADOR DE PRESUPUESTO, DESARROLLO Y CONTROL;GERENTE TECNICO DE PRESUPUESTO, DESARROLLO Y CONTROL
7141;JEFE DE AUDITORIA;DIRECTOR DE AUDITORIA
7142;ASISTENTE DE FORMULACION;SUPERVISOR DE FORMULACION
7143;EJECUTIVA / O COMERCIAL CONCESIONARIO;EJECUTIVA COMERCIAL CONCESIONARIOS
7144;COORDINADOR RIESGOS FINANCIEROS;DIRECTOR DE RIESGOS FINANCIEROS
7145;COORDINADOR DE PROYECTOS DIGITALES;COORDINADOR PROY DIGITALES
7146;ANALISTA DE COMPRA;ANALISTA DE COMPRAS NACIONALES
7147;OPERARIO DE MAQUINARIA;TECNICO DE MAQUINARIA
7148;ADMINISTRADOR;ADMINISTRADORES
7149;INTENDENTE DE PLANTA;RESPONSABLE DE PLANTA
7150;GERENTE UNIDAD DE NEGOCIO;LIDER DE UNIDAD DE NEGOCIO
7151;ASISTENTE 1 ADMINISTRATIVO;ASISTENTE ADMINISTRATIVO Y CALIDAD
7152;COORDINADOR DE LABORATORIO;COORDINACION DE LABORATORIO
7153;ANALISTA SISTEMAS DE CALIDAD;ANALISTA CONTROL DE CALIDAD QUIMICO
7154;JEFE DE PROYECTOS TI;ANALISTA SENIOR DE PROYECTOS TI
7155;ASISTENTE ADM;ASISTENTE ADMINIS
7156;AUXILIAR CALIDAD;AUXILIAR DE GESTION DE CALIDAD
7157;ASISTENTE DE DESARROLLO;ASISTENTE DE DESARROLLO HUMANO
7158;JEFE COMPRAS E IMPORTACIONES;JEFE DE IMPORTACIONES Y SEGUROS
7159;ASISTENTE DE FINANZAS;ASISTENTE DE CREDITO Y FINANZAS
7160;MECANICO ELECTRICO;TECNICO MECANICO - ELECTRICO
7161;AUXILIAR DE LIMPIEZA Y CAFETERIA;AUXILIAR DE LIMPIEZA / VAQUERO
7162;INGENIERA DE PRODUCCION;INGENIERO SENIOR DE PRODUCCION
7163;JEFE DE EXCELENCIA OPERACIONAL;JEFE DE EFICIENCIA OPERATIVA
7164;ANALISTA DE INGENIERIA;ANALISTA DE INGENIERIA Y DISENO
7165;COORDINADOR DE CUSTOMER EXPERIENCE;DIRECTOR DE CUSTOMER EXPERIENCE
7166;OPERADOR DE MAQUINARIA;OPERADOR DE MAQUINA TECNICO
7167;ASISTENTE ADM DE VENTAS;ASISTENTE DE VENTAS, COMPRAS
7168;COORDINADOR COMPRAS DE SERVICIOS;COORDINADOR COMPRAS Y ABASTO
7169;GERENTE DE VENTA;GERENTE DE POS VENTA
7170;ASISTENTE IMPLEMENTACION PRODUCTOS;EJECUTIVO IMPLEMENTACION PRODUCTOS
7171;ANALISTA DE COMPRAS Y MANTENIMIENTO;ANALISTA MANTENIMIENTO Y PROYECTOS
7172;PLANIFICADOR DE TRANSPORTE;PLANIFICADOR DE OPERACIONES DE TRANSPORTE
7173;OPERADOR EXPERT DE PRODUCCION;OPERADOR DE PRODUCCI�N JR.
7174;ASISTENTE MANTENIMIENTO INFRAESTRUCTURA;ASISTENTE DE MANTENIMIENTO DE INSTALACIONES
7175;JEFE DE OPERACIONES DE POSTCOSECHAS;JEFE GENERAL DE POSTCOSECHAS
7176;COORDINADOR DE MERCADEO Y COMUNICACION;COORDINADOR DE MERCADEO Y REDES
7177;AUXILIAR DE FACTURACION;AUXILIAR DE FACTURACION Y LIQUIDACION
7178;AYUDANTE DE LABORATORIO DE BIOTECNOLOGIA;TECNICO DE LABORATORIO DE BIOTECNOLOGIA
7179;AUXILIAR DE SERVICIOS EN GENERAL (GESTACION);AUXILIAR DE SERVICIOS GENERALES Y CONSERJERIA
7180;GERENTE DE FINANCIERO;GERENTE FINANCIERO ADM. JR
7181;TECNICO DE COMPRAS P;TECNICO DE COMPRAS Y PRECIOS
7182;TECNICO DE SOPORTE DE TI;COORDINADOR DE SOPORTE DE TI
7183;JEFE DE PUBLICIDAD;JEFE DE COMUNICACION CORPORATIVA
7184;ASISTENTE DE GERENCIA ADMINISTRATIVA FINANCIERA;ASISTENTE ADMINISTRATIVA FINANCIERA REGIONAL
7185;OPERADOR DE MAQUINARIA PESADA 1;OPERADOR DE MAQUINARIA 1
7186;DISENADOR JUNIOR;DISENADOR JR
7187;COORDINADOR DE DISTRIBUCION Y LOGISTICA;COORDINADOR DE TRANSPORTE Y DISTRIBUCION
7188;ASISTENTE DE ADMINISTRACION ESTRATEGICA DEL PDV;JEFE DE ADMINISTRACION ESTRATEGICA DEL PDV
7189;COORDINADOR CANAL TAT;JEFE DE CANAL TRADICIONAL TAT
7190;COORDINADOR CENTRO DE DISTRIBUCION;COORDINADOR DE DISTRIBUCION JR.
7191;COORDINADOR DE AMBIENTE;COORDINADOR DE AMBIENTE Y PERMISOS
7192;GERENTE DE I&D - REGULATORIOS;TECNICO(A) DE I&D - REGULATORIOS
7193;ANALISTA DE TECNOLOGIA DE LA INFORMACION SENIOR;ANALISTA DE TECNOLOGIA SENIOR
7194;COORDINADOR DE ASEGURAMIENTO Y CONTROL DE CALIDAD - RESPONSABLE TECNICO;JEFE DE ASEGURAMIENTO DE LA CALIDAD - RESPONSABLE TECNICO
7195;CONSERJE MENSAJERO;CONSERJE MENSAJERO 1
7196;COORDINADOR INVESTIGADOR;JEFE DE INVESTIGACIONES
7197;ASISTENTE DE MATRICERIA;SUPERVISOR DE MATRICERIA
7198;SALES ADM. ANALYST;ANALYST JR.SALES
7199;AGENTE VENDEDOR;AGENTE VENDEDOR EXTERNO
7200;JEFE DE COMPRAS Y PLANEACION;JEFE DE COMPRAS VARIAS
7201;AUDITOR - TALLER;AUDITOR DE TALLER
7202;OPERADOR 970 - 1;OPERADOR 970 - 2
7203;GERENTE DE CIBERSEGURIDAD;JEFE DE CIBERSEGURIDAD E INFRAESTRUCTURA
7204;SUPERVISOR DE REFRIGERACION;SUPERVISOR DE REFRIGERACION 製冷技術員
7205;JEFE DE ADMISIONES;JEFE DE ADMISIONES Y CAJAS
7206;JEFE CONTABILIDAD;JEFE/A DE CONTABILIDAD Y TRIBUTACION
7207;ASISTENTE DE QA;AYUDANTE DE QA-QC
7208;SECRETARIA DE CREDITO;SECRETARIA DE CREDITOS
7209;ANALISTA DE OPERACIONES PARQUE LOGISTICO;JEFE DE OPERACIONES PARQUE LOGISTICO
7210;ASISTENTE DE DISENO Y PUBLICIDAD;ASISTENTE DE MARKETING Y DISENO
7211;ANALISTA DE COMPRAS Y PLANIFICACION;ANALISTA ADM Y DE COMPRAS
7212;COORDINADOR DESARROLLO ORGANIZACIONAL;EJECUTIVO DE DESARROLLO ORGANIZACIONAL Y CULTURA
7213;SUPERVISOR LOGISTICA Y OPERACIONES;SUPERVISOR DE COORDINACION LOGISTICA
7214;JEFE DE INVERSIONES;GERENTE DE INVERSIONES
7215;JEFE DE GESTION DE TALENTO HUMANO;GERENTE REGIONAL TALENTO HUMANO
7216;AYUDANTE DE JARDINERIA;ASISTENTE DE JARDINERIA
7217;SUPERVISOR SUPERETES;SUPERVISOR SUPERETES JR
7218;SUB JEFE MANTENIMIENTO;SUPERVISOR MANTENIMIENTO NIVEL 2
7219;ANALISTA CONTABLE Y DE REPORTES;ANALISTA SENIOR DE REPORTES Y SERVICIOS CONTABLES
7220;ANALISTA CONCILIACION OPERATIVA DE TARJETA DE CREDITO;ANALISTA OPERATIVO TARJETA DE CREDITO
7221;PROJECT MANAGER I;PROJECT MANAGER II
7222;COORD DE ADMISIONES;COORD. DE ADMISION
7223;GERENTE DE TESORERIA;SUB GERENTE CORPORATIVO DE TESORERIA
7224;OPERADOR DE MEZCLA;OPERADOR DE SALA DE MEZCLA
7225;ANALISTA DE CALIDAD DE SEMILLAS;COORDINADOR DE CALIDAD DE SEMILLAS
7226;ASISTENTE DE TECNOLOGIA INFORMATICA;ASISTENTE DE SOPORTE INFORMATICO
7227;TECNICO ELECTRICO 1;TECNICO ELECTRICO A
7228;OPERADOR DE MAQUINA CORTE LASER;OPERADOR DE MAQUINA LASER
7229;ANALISTA ASUNTOS REGULATORIOS;ANALISTA DE ASUNTOS REGULATORIOS II
7230;ANALISTA DE DISENO GRAFICO;ANALISTA GRAFICO
7231;OPERADOR SERVICIOS A LA PRODUCCION;OPERADORA-ASISTENTE DE PRODUCCION
7232;ASISTENTE DE SERVICIO GENERAL;ASISTENTE DE SERVICIOS GENERALES, LIMPIEZA Y CAFETERIA
7233;GENERALISTA DE RRHH;GERENTE CORPORATIVO RRHH
7234;GERENTE DE ASEGURAMIENTO DE CALIDAD;ASISTENTE DE GARANTIA DE CALIDAD
7235;AUXILIAR DE PRODUCCION LARVAS;TECNICO DE PRODUCCION LARVAS
7236;AYUDANTE DE COCINA / CARNICERO (ESTABLECIMIENTOS CATEGORIA LUJO);AYUDANTE DE COCINA / CARNICERO
7237;JEFE DE SEGURIDAD INDUSTRIAL Y FISICA;SUPERVISOR DE SEGURIDAD FISICA E INSTALACIONES
7238;ASESOR COMERCIAL PRODUCTO;ASESOR COMERCIAL SOP.PRODUCTO
7239;OPERADOR DE EQUIPOS DE LAVANDERIA EN SANITIZACION;OPERADOR MAQUINA DE LAVADO EN SECO Y HUMEDO
7240;ASISTENTE VARIOS;ASISTENTE DE ASUNTOS VARIOS
7241;SUPERVISOR DE TRANSPORTE;SUPERVISOR DE CONTROL DE GASTO DE TRANSPORTE
7242;COORDINADOR PROGRAMA EDUCACION BASICA Y MEDIA;DOCENTE DE EDUCACION BASICA MEDIA/COORDINADORA
7243;ASISTENTE DE DISTRIBUCION/TRANSPORTE;ASISTENTE DISTRIBUCION Y ALMACENAMIENTO
7244;SUPERVISOR DE EMBARQUE;SUPERVISOR DE CAMARA Y EMBARQUE
7245;JEFE BANCA MICROFINANZAS;SUPERVISOR BANCA MICROFINANZAS
7246;ESPECIALISTA DE TELEFONIA Y SEGURIDADES;ESPECIALISTA EN TELEFONIA
7247;ASISTENTE DE OPERACIONES DRY;ASISTENTE DE OPS DRY
7248;ANALISTA DE INFORMACION;ANALISTA DE INFORMACION JUNIOR
7249;OPERADOR DE MAQUINA CODIFICADORA DE BOLSA;OPERADOR MAQUINA CODIFICADORA
7250;ASISTENTE DE LOGISTICA Y FACTURACION;ASISTENTE LOGISTICO DE MATERIALES
7251;SUPERVISOR FIBRA TRONCAL Y PROYECTOS DE GERENCIA TECNICA.;SUPERVISORA DE FIBRA TRONCALES Y PROYECTOS
7252;ANALISTA PLANIFICACION Y CONTROL;GERENTE DE PLANIFICACION CONTROL Y GESTION
7253;ANALISTA MANTENIMIENTO Y PROYECTOS;ANALISTA DE MANTENIMIENTO Y SERVICIOS GENERALES
7254;TECNICO DE COMPRAS Y CONTRATACIONES;TECNICO DE COMPRAS Y PRECIOS
7255;ASISTENTE BODEGA MATERIA PRIMA;ASISTENTE BODEGA REPUESTOS Y MATERIA PRIMA
7256;SUPERVISOR DE IMPUESTOS;JEFE DE CONTABILIDAD DE IMPUESTOS
7257;GERENTE DE DIVISION DE PRODUCTO;JEFE DE GESTION DE PRODUCTOS I
7258;TECNICO DE COMPRA;TECNICO DE COMPRAS P
7259;COORDINADOR DE ENTREGA;COORDINADOR DE ENTREGA PROGRAMADA
7260;ANALISTA DE RIESGO TECNOLOGICO;ANALISTA DE RIESGO TECNOLOGICO – MONITOREO Y CONTROL
7261;ANALISTA DE SELECCION Y DO;ANALISTA DE SELECCION Y C
7262;CUSTOMER SERVICE ANALYST;CUSTOMER MARKETING ANALYST
7263;INGENIERO DE TELECOMUNICACIONES JR;INGENIERO EN TELECOMUNICACIONES JUNIOR
7264;SUPERVISOR DE OPERACIONES LOGISTICAS;SUPERVISOR LOGISTICA TRANSPORTE
7265;SUPERVISOR DE CAJAS;COORDINADOR DE CONTROL DE CAJAS
7266;COORDINADOR DE DESARROLLO DE NUEVOS PRODUCTOS;COORDINADOR DE INVESTIGACION Y DESARROLLO NUEVOS PRODUCTOS
7267;COORDINADOR DE BIENESTAR Y RESPONSABILIDAD SOCIAL;COORDINADOR DE TRABAJO SOCIAL Y BIENESTAR
7268;ASIST. OPERACIONES;ASIST. OPERACIONES 1
7269;ANALISTA DE CALIDAD DE MOTOS;COORDINADOR DE CALIDAD DE MOTOS
7270;COORDINADOR DE IMPORTACIO;COORDINADOR DE COMPRAS IMPORTADAS
7271;EJECUTIVO VENTAS R1;EJECUTIVO VENTAS R2
7272;TECNICO / A EN SEGURIDAD Y SALUD OCUPACIONAL;JEFE / TECNICO DE SEGURIDAD, SALUD OCUPACIONAL Y AMBIENTE
7273;ASISTENTE AMBIENTAL;ASISTENTE I DE GESTION AMBIENTAL
7274;AYUDANTE DEL SECTOR METALMECANICO 103;AYUDANTE DEL SECTOR METALMECANICO 98
7275;OPERADOR DE RETRO;OPERADOR RETRO
7276;COORDINADOR CALIDAD;COORDINADOR DE CALIDAD DE SERVICIO
7277;TECNICO MECANICO SOLDADOR;TECNICO SOLDADOR / ELECTROMECANICO
7278;GERENTE DE VENTAS A NIVEL NACIONAL;GERENTE DE VENTAS EN LATAM
7279;AUXILIAR 1 DE COORDINACION ACADEMICA;AUXILIAR 1 DE UNIDAD ACADEMICA
7280;ASISTENTE ADMINISTRATIVO SEGURIDAD;ASISTENTE ADMINISTRATIVA DE SEGURIDAD FISICA
7281;ACCTG OPS ASST ASSOCIATE;ACCTG OPS SR ASSOCIATE
7282;ASISTENTE DE SISTEMAS INFORMATICOS;ASISTENTE DE PROCESOS Y TI
7283;ANALISTA ADM Y DE COMPRAS;ANALISTA DE COMPRAS BIENES Y SERVICIOS
7284;ASISTENTE ADMINISTRATIVO DE COBRANZA;ASISTENTE OPERATIVO DE COBRANZA
7285;LIDER DE ACONDICIONADO;LIDER ACONDICIONAMIENTO
7286;SUPERVISOR DE SECCION;SUPERVISOR SECCION
7287;COORDINADOR DE TALENTO HUMANO Y DESARROLLO ORGANIZACIONAL;ASISTENTE DE TALENTO HUMANO Y DESARROLLO ORGANIZACIONAL
7288;ASISTENTE BODEGA MATERIA PRIMA;AUXILIAR BODEGA DE MATERIA PRIMA
7289;COORDINADOR DE DISTRIBUCI;COORDINADOR DE DISTRIBUCION JR.
7290;ASISTENTE DE PRODUCCION AUDIOVISUAL;ANALISTA DE PRODUCCION AUDIOVISUAL
7291;ESPECIALISTA DE INNOVACION Y CALIDAD;ESPECIALISTA INNOVACION Y RESPONSABLE CUMPLIMIENTO
7292;ANALISTA DE PREVENCION DE FRAUDE;ANALISTA DE PREVENCION DE FRAUDES 1
7293;JEFE DE COMPRA;JEFE DE CONTROL Y COMPRAS
7294;SALES EXECUTIVE;SALES SUPERVISOR
7295;COORDINADOR DE CONTROL Y PLANEAMIENTO FINANCIERO;DIRECTOR CONTROL INTERNO Y PLANEACION FINANCIERA
7296;ANALISTA DE PROYECTO;ANALISTA DE PROYECTOS Y PRESUPUESTOS
7297;JEFE DE DESARROLLO DE NUEVOS NEGOCIOS;JEFE DE OPERACIONES DE NUEVOS NEGOCIOS
7298;SUPERVISOR DE MEDIOS GUIADOS FTH/GPON;SUPERVISOR DE MEDIOS GUIADOS NOC/GPON
7299;JEFE / ADMINISTRADOR DE ALMACE;JEFE DE ALMACEN ENCARGADO
7300;AUXILIAR BODEGA DEVOLUCIONES;AYUDANTE BODEGA DEVOLUCION
7301;ASISTENTE DE CONTABILIDAD FINANCIERO;ANALISTA CONTABLE FINANCIERA
7302;AUXILIAR CALIDAD;AUXILIAR TECNICO CALIDAD
7303;JEFE ATENCION A CLIENTES;JEFE CENTRO ATENCION AL CLIENTE
7304;JEFE DE DESARROLLO Y SISTEMAS;JEFE DE DESARROLLO Y SISTEMAS DE GESTION
7305;RESPONSABLE CONTROL DE CALIDAD;RESPONSABLE ASEG. DE CALIDAD
7306;SUPERVISOR PRODUCCION EMPAQUE FARMA;SUPERVISOR PRODUCCION FARMA
7307;JEFE DE TINTORERIA;SUPERVISOR DE TINTORERIA
7308;ASISTENTE REDES SOCIALES;COORDINADOR DE REDES SOCIALES
7309;JEFE DE ALMACEN, ACTIVOS FIJOS Y SEGUROS;JEFE DE CONTABILIDAD/ALMACENES
7310;ANALISTA DE LOGISTICA Y TRANSPORTE;ANALISTA DE TRAFICO LOGISTICO
7311;DIRECTOR DE GESTION & CALIDAD;COORDINADOR DE DESARROLLO Y GESTION DE CALIDAD
7312;AUXILIAR BODEGA PRODUCTO TERMINADO;AUXILIAR I DE BODEGA
7313;COORDINADOR DE CALIDAD DE SERVICIO;COORDINADOR DE CALIDAD Y MANTENIMIENTO
7314;ASISTENTE 1;ASISTENTE A
7315;COORDINADOR DE COMUNICACION Y MARKETING;COORDINADOR DE MARKETING Y COMUNICACION INTERNA
7316;COORDINADOR DE ALMACEN DE MANTENIMIENTO;COORDINADOR CORPORATIVO DE MANTENIMIENTO
7317;COMMUNITY MANAGER;COMUNITY MANAGER
7318;DIRECTOR DE PLANTA;ENCARGADO DE PLANTA
7319;ANALISTA DE INFRAESTRUCTURA TI;ANALISTA 3 DE INFRAESTRUCTURA TI
7320;ASISTENTE DE ACTIVOS FIJOS;ASISTENTE DE ACTIVOS FIJOS Y BIENES
7321;RESPONSABLE CONTROL DE CALIDAD;COORDINADOR DE ASEGURAMIENTO Y CONTROL DE CALIDAD - RESPONSABLE TECNICO
7322;CONTROLADOR DE CALIDAD DE PRODUCTO;ENCARGADO DE CONTROL DE CALIDAD
7323;AYUDANTE DE PERFORISTA;AYUDANTE PERFORISTA
7324;COORDINADOR DE MARKETING Y SERVICIO AL CLIENTE;JEFE DE MARKETING Y SERVICIO AL CLIENTE
7325;ANALISTA COMUNICACION;ANALISTA COMUNICACION Y DESARROLLO
7326;COORDINADOR TRADE MARKETING TRADICIONAL;COORDINADOR DE TRADE MARKETING MODERNO
7327;ANALISTA DE FACTURACION SENIOR;ANALISTA DE FACTURACION Y CREDITO
7328;PERSONAL ACADEMICO TITULAR AGREGADO NIVEL 2;PERSONAL ACADEMICO TITULAR AUXILIAR NIVEL 2
7329;ASISTENTE CONVENIOS;ASISTENTE TECNICO DE CONVENIOS
7330;AYUDANTE DE MANTENIMIENTO MECA;AYUDANTE MANTENIMIENTO MECANICO
7331;ANALISTA DE RIESGOS SENIOR;ANALISTA SENIOR RIESGOS OPERACIONALES
7332;VENDEDOR AUTOVENTA B;VENDEDOR ENTREGADOR AUTOVENTA
7333;EJECUTIVO ATENCION CLIENTE;EJECUTIVO ATENCION CLIENTE N
7334;SUPERVISOR DE TALENTO HUMANO;SUPERVISOR DE GESTION DE TALENTO
7335;RESPONSABLE DE BODEGA;RESPONSABLE TECNICO DE BODEGA
7336;GERENTE DE MARKETING ESTRATEGICO;ESPECIALISTA DE MARKETING ESTRATEGICO
7337;GERENTE TOPOGRAFIA;SUPERVISOR DE TOPOGRAFIA
7338;AUXILIAR DE RIEGO;AYUDANTE DE RIEGO
7339;SUPERVISOR DE CALIDAD Y PROCESOS;SUPERVISOR DE EQUIPO Y CONTROL DE CALIDAD
7340;ASISTENTE DE CONTROL DE GESTION OPERACIONAL;ASISTENTE GESTION OPERATIVA
7341;JEFE DE INFRAESTRUCTURA TECNOLOGICA;GESTOR DE INFRAESTRUCTURA TECNOLOGICA
7342;COORDINAR DE PRODUCCION;COORDINADOR MANUFACTURA
7343;JEFE ADMINISTRATIVA Y TALENTO HUMANO;ENCARGADO ADMINISTRATIVO Y RECURSO HUMANO
7344;COORDINADOR DE COMPRAS E IMPORTACIONES;COORDINADOR COMPRAS LOCALES E IMPORTACION
7345;AUXILIAR MECANICO;AUXILIAR MANT. MECANICO
7346;JEFE DE SALUD Y SEGURIDAD OCUPACIONAL;JEFE SEGURIDAD OCUPACIONAL
7347;ASISTENTE COMERCIAL;ASISITENTE COMERCIAL
7348;TECNICO DE MANTENIMIENTO DE LA;JEFE TECNICO DE MANTENIMIENTO
7349;COORDINADOR ANALISIS DE COSTOS;COORDINADOR DE COSTOS Y ANALITICA DE DATOS
7350;GERENTE DE VENTAS SIERRA;GERENTE COMERCIAL SIERRA
7351;DIRECTOR DE COBRANZAS;DIRECTORA COBRANZAS
7352;AUXILIAR MECANICO;AUXILIAR TECNICO MECANICO
7353;JEFE COMERCIAL DE IMPORTACIONES;JEFE DE IMPORTACIONES & COMEX
7354;ANALISTA DE PRODUCTO Y CALIDAD;ANALISTA MAESTRO DE PRODUCTOS
7355;COORDINADOR DE SEGUROS CORPORATIVOS PERSONAS;GERENTE DE SEGUROS CORPORATIVOS PERSONAS
7356;VENDEDOR QUITO;VENDEDOR QUITO-IBARRA
7357;COORDINADOR TRADE MARKETING;COORDINADOR TRADE MARKETING A
7358;LIDER CORPORATIVO DE COBRANZAS;LIDER DE COBRANZAS EMPRESARIALES
7359;ASISTENTE DE DIRECCION ACADEMICA;ASISTENTE DE COORDINACION ACADEMICA
7360;JEFE ADMINISTRATIVO LEGAL;ASESOR LEGAL ADMINISTRATIVO
7361;IMPULSADOR MERCADERISTA;MERCADERISTA/IMPULSADOR
7362;JEFE DE COMERCIO EXTERIOR Y COMPRAS;JEFE OPERATIVO COMERCIO EXTERIOR
7363;ANALISTA DE COSTOS;ANALISTA DE COSTOS DE PRODUCCION
7364;EJECUTIVO COMERCIAL CORPORATIVO;EJECUTIVO COMERCIAL DE NEGOCIOS
7365;JEFE DE SERVICIOS IT;JEFE IT OPERACIONES
7366;OFICIAL DE CUENTA EXPORTACIONES;OFICIAL DE CUENTA IMPORTACIONES
7367;RESPONSABLE CONTROL DE CALIDAD;ENCARGADO DE CONTROL DE CALIDAD
7368;ANALISTA DE INFRAESTRUCTURA Y TELECOMUNICACIONES SR;ANALISTA TECNICO INFRAESTRUCTURA
7369;COCINERO 1;2. COCINERO
7370;COORDINADOR AREA DEPORTES;JEFE AREA DEPORTES
7371;JEFE DE GEOLOGIA;GERENTE DE GEOLOGIA
7372;SUBGERENTE DE INDEMNIZACIONES;SUPERVISOR DE INDEMNIZACIONES
7373;ANALISTA DE DESARROLLO DE SISTEMAS;ASISTENTE DE DESARROLLO SISTEMAS
7374;DIR. DPTO. ADMINISTRATIVO FINANCIERO;DIR. EJECUTIVO ADMINISTRATIVO-FINANCIERO
7375;COORDINADOR DE PAGOS;COORDINADORA DE COBRANZAS Y PAGOS
7376;ANALISTA DE ABASTECIMIENTO;ANALISTA DE CADENA DE ABASTECIMIENTO
7377;AUXILIAR BODEGA DE PRODUCTO TERMINADO 1;AUXILIAR BODEGA PROD.TERMINADOS
7378;JEFE DE PLANIFICACION LOGISTICA;JEFE PLAN LOGISTICA Y VENTAS
7379;ANALISTA CONTRATACIONES;ANALISTA COMPRAS Y CONTRATACIONES
7380;OPERADOR DE PLANTA DE PROCESOS;OPERADOR DE PLANTA DE PROCESOS 2
7381;COORDINADOR DE MARKETING Y VENTAS;COORDINADOR DE OPERACIONES DE MARKETING
7382;ANALISTA DE DESARROLLO DE TALENTO HUMANO;ANALISTA DE TALENTO HUMANO Y SERVICIOS GENERALES
7383;JEFE DE ANALISIS DE CREDITO;ANALISTA DE CREDITO - CORPORATIVO
7384;ANALISTA DE MERCHANDISING;ANALISTA, MARKETING DE PRODUCTO
7385;JEFE DE CUENTA CORPORATIVA;EJECUTIVO JUNIOR DE CUENTAS CORPORATIVAS
7386;ASISTENTE MANTENIMIENTO;ASISTENTE DE MANTENIMIENTO Y SEGURIDAD
7387;PANADEROS DE MESA / PASTELEROS;PANADEROS DE MESA, PASTELERO / GALLETERO DE MESA
7388;COORDINADOR AMBIENTAL Y DE TRATAMIENTO DE AGUAS;COORDINADOR DE TRATAMIENTO DE AGUA Y EFLUENTES
7389;AYUDANTE DE SERV. GENERAL;AYUDANTE DE SERVICIO
7390;ASISTENTE DE GERENCIA DE CALIDAD;GERENTE DE MEJORA CONTINUA Y ASEGURAMIENTO DE CALIDAD
7391;JEFE DE PROGRAMACION DE PRODUCCION;JEFE DE PRODUCCION (PR)
7392;AUXILIAR DE SERVICIOS EN CAMPO;ASESOR DE SERVICIOS EN CAMPO
7393;JEFE OPERATIVO COMERCIO EXTERIOR;EJECUTIVO COMERCIO EXTERIOR
7394;ANALISTA CORPORATIVO DE PLANIFICACION FINANCIERA;ANALISTA DE PLANIFICACION FINANCIERA Y DATOS
7395;JEFE DE CUMPLIMIENTO;JEFE DE CUMPLIMIENTO LABORAL
7396;JEFE DE EXPERIENCIA Y SERVICIO AL CLIENT;JEFE DE SERVICIO A CLIENTE Y TTHH
7397;ASISTENTE CONTROL FINANCIERO;COORDINADOR CONTROL FINANCIERO
7398;COORDINADOR DE COMUNICACION Y MARKETING;COORDINADOR DE BRANDING Y COMUNICACION
7399;ASESOR CAPTACIONES CDP;ASISTENTE DE CAPTACIONES CDP
7400;JEFE DE AUDITORIA MEDICA;EJECUTIVO DE AUDITORIA MEDICA
7401;COORDINADOR COMERCIAL SENIOR;COORDINADOR COMERCIAL / VENDEDOR
7402;COORDINADOR ADMINISTRATIVO FINANCIERO LOGISTICO;COORDINADOR LOGISTICO Y ACADEM
7403;CHOFER;CHOFER C
7404;JEFE DEL DPTO. TECNICO;GERENTE DPTO TECNICO
7405;ASISTENTE DE CUMPLIMIENTO;ASISTENTE DE CONTROL Y CUMPLIMIENTO
7406;HSE SUPERVISOR;HSE SUPERVISOR LEVEL I
7407;EJECUTIVA DE VENTAS;EJECUTIVA EN VENTAS
7408;ANALISTA DE DISTRIBUCION Y LOGISTICA;ANALISTA DE LOGISTICA II
7409;OPERADOR DE VIDEO;VIDEO OPERADOR
7410;GERENTE DE NEGOCIOS FINANCIEROS;JEFE DE NEGOCIOS FINANCIEROS
7411;GERENTE CORPORATIVO DE SERVICIO AL CLIENTE;GERENTE DE OPERACIONES Y SERVICIO AL CLIENTE
7412;JEFE CADENA DE SUMINISTROS;COORDINADOR DE CADENA DE SUMINISTRO
7413;EJECUTIVO DESARROLLO;EJECUTIVO SENIOR DESARROLLO
7414;ANALISTA DE TRADE MARKETING;ASESOR DE TRADE MARKETING
7415;JEFE COMPRA /IMPORTACIONES;JEFE DE IMPORTACIONES Y POST VENTA
7416;COORDINADOR DE EXPERIENCIA AL CLIENTE Y SOSTENIBILIDAD;COORDINADOR DE EXPERIENCIA DEL CLIENTE CORPORATIVO
7417;JEFE DE INVESTIGACION, GESTION Y DESARROLLO DE PRODUCTOS;JEFE DE INVESTIGACION, DESARROLLO Y SOPORTE TECNICO
7418;ASISTENTE DE TALENTO HUMANO;ASISTENTE DE TALENTO HUMANO Y COMUNICACION
7419;OPERARIOS 1 DE EMPAQUE PIFO;OPERARIOS 1 DE MANTENIMIENTO PIFO
7420;ASISTENTE ADMINISTRATIVO Y CONTABLE;ASISTENTE ADMINISTRATIVO JUNIOR
7421;ASESOR TECNICO COMERCIAL D;ASESOR TECNICO COMERCIAL DE CORPORATIVO
7422;ANALISTA DE MARKETING I;ANALISTA ADMINISTRATIVO DE MARKETING
7423;AUXILIAR DE JARDINERO;AUXILIAR DE JARDINERIA 1
7424;ANALISTA DE EXCELENCIA OPERACIONAL;ESPECIALISTA DE EXCELENCIA OPERACIONAL
7425;COORDINADOR DE PRODUCCION - A;COORDINADOR DE PRODUCCION - B
7426;JEFE DE POSTCOSECHA F1;SUPERVISOR DE POSTCOSECHA F1
7427;ASESOR COMERCIAL ZONA NORTE;ASESOR COMERCIAL ZONA SUR
7428;SUBGERENTE DE MARKETING;SUBGERENTE DE MARKETING Y COMUNICACION
7429;JEFE DE SEG. IND Y MEDIO AMBIENTE;JEFE DE SEG. IND, SALUD OCUP Y MEDIO AMBIENTE
7430;ANALISTA DE DESARROLLO ORGANIZACIONAL;COORDINADOR DE DESARROLLO ORGANIZACIONAL
7431;ASISTENTE DE TECNOLOGIA INFORMATICA;ASISTENTE TECNICO IT
7432;ASISTENTE DE FINCA;AUXILIAR EN FINCA
7433;ASIST. DE SERVICIO AL CLIENTE;ASISTENTE DEL CENTRO DE ATENCION AL CLIENTE
7434;ANALISTA DE CREDITO & COBRANZAS;ANALISTA DE DATOS CREDITICIOS
7435;SUPERVISOR DE CONTROL INTERNO;GERENTE CONTROL INTERNO
7436;SUPERVISOR (A) DE PROD. EMPAQUE;SUPERVISOR DE PROD. EN PROCESO
7437;TECNICO ALIMENTACION AUTOMATICA;MECANICO DE ALIMENTADOR AUTOMATICO
7438;INGENIERO DE INNOVACION Y SOPORTE;INGENIERO INNOVACION & DESARROLLO
7439;LIDER COMERCIAL;LIDER COMERCIAL GRUPO
7440;GERENTE AGENCIA COSTA;GERENTE COMERCIAL COSTA
7441;ESPECIALISTA DE INFRAESTRUCTURA TECNOLOGICA;ESPECIALISTA DE INFRAESTRUCTURA Y TELECOMUNICACIONES
7442;AYUDANTE DE MANTENIMIENTO ELEC;OPERADOR DE MANTENIMIENTO ELEC
7443;JEFE DE TALENTO HUMANO;JEFE DE GESTION DE TALENTO HUMANO
7444;COORDINADOR DE INGENIERIA;COORDINADOR DE INGENIERIA Y ASISTENCIA TECNICA
7445;AUXILIAR BODEGA MATERIA PRIMA;AYUDANTE BODEGA DE MATERIA PRIMA
7446;JEFE DE BODEGA SUCURSAL;COORDINADOR DE BODEGA DE SUCURSALES
7447;ASISTENTE AUXILIAR DE CONTABILIDAD;AYUDANTE DE CONTABILIDAD
7448;OPERADOR DE MAQUINARIA 3;OPERADOR DE MAQUINA NIVEL 3
7449;JEFE DE MEDIOS DIGITALE;DIRECTOR DE MEDIOS DIGITALES
7450;JEFE ADMINISTRATIVO CORPORATIVO;JEFE ADMINISTRATIVO RRHH Y CONTABILIDAD
7451;GERENTE TECNICO COMERCIAL;ASESOR TECNICO COMERCIAL G
7452;ASISTENTE DE GESTION DE TALENTO HUMANO;GERENTE DE TALENTO HUMANO Y SST
7453;ANALISTA DE IMPORTACIONES Y LOGISTICA;ANALISTA COMERCIAL Y DE IMPORTACIONES
7454;GERENTE DE OPERACIONES INDUSTRIAL;GERENTE DE OPERACIONES DE MANUFACTURA
7455;ASISTENTE BODEGA;ASISTENTE BODEGA CENTRAL
7456;ADMINISTRATIVO-JEFE DE OPERACIONES;JEFE ADMINISTRATIVO CORPORATIVO
7457;JEFE DE CAPACITACION Y ENTRENAMIENTO;JEFE DE CAPACITACION Y EVENTOS
7458;JEFE DE SEGURIDAD INDUSTRIAL Y FISICA;JEFE_DE_SEGURIDAD_INDUSTRIAL_Y_SALUD_OCUPACIONAL
7459;GERENTE CALIDAD;JEFE DE CALIDAD Y SISTEMAS DE GESTION
7460;ASISTENTE ADMINISTRATIVO/COMERCIO EXTERIOR;ASISTENTE DE COMERCIO EXTERIOR Y LOGISTICA
7461;ASESOR TECNICO COMERCIAL D;ASESOR TECNICO COMERCIAL E
7462;GERENTE DE COMPRAS Y DESARROLLO;GERENTE DE COMPRAS Y PRODUCTO
7463;SUPERVISOR DE DE VENTAS;SUPERVISOR AREA DE VENTAS
7464;ASISTENTE DE CORRESPONDENCIA;ASISTENTE DE CORRESPONDENCIA INSTITUCIONAL
7465;COORDINADOR DE EMBARQUE;COORDINADOR DE EMBARQUE INTERNACIONAL
7466;AUXILIAR DE COMUNICACION;AUXILIAR DE COMUNICACION ORGANIZACIONAL
7467;ASISTENTE ADMINISTRATIVA Y CALL CENTER;ASISTENTE ADMIN. Y CALL CENTER
7468;GERENTE/JEFE DE SEGURIDAD FINANCIERA;GERENTE FINANCIERO Y RIESGOS
7469;ANALISTA DE MERCADEO;ANALISTA COORDINADOR MERCADERISTAS
7470;GERENTE DE SSA;GERENTE SSA Y RSE
7471;COORDINADOR DE COLISIONES;JEFE DE COLISIONES
7472;REPRESENTANTE TECNICO I;REPRESENTANTE TECNICO III
7473;JEFE DE COMPRAS Y PLANEACION;GERENTE PLANEACION Y COMPRAS
7474;ASISTENTE DE FACTURACION Y VENTAS INDUSTRIAL;ASISTENTE FACTURACION & CONTROL DE INVENTARIOS
7475;ASISTENTE COMERCIAL COSTA;ASISTENTE DE VENTAS COSTA
7476;ANALISTA DE COMPRAS Y MANTENIMIENTO;ANALISTA COMPRAS Y CONTRATACIONES
7477;LIDER DE MICROINGREDIENTE;OBRERO DE MICROINGREDIENTES LIDER
7478;GERENTE COMERCIALIZACION;GERENTE COMERCIAL CORPORATIVO
7479;COORDINADOR BODEGA;COORDINADOR DE BODEGA INDUSTRIAL
7480;OPERARIOS 1 DE MANTENIMIENTO PIFO;OPERARIOS PESAJE 1 PIFO
7481;COORDINADOR DE MARKETING Y PUBLICIDAD;RESPONSABLE DE MARKETING Y COMUNICACIONES
7482;OPERADOR DE PLANTA;OPERARIO PLANTA PRODUCCION
7483;SUPERVISOR DE DESPACHO LOGISTICO;SUB-GERENTE LOGISTICO
7484;ASISTENTE 1 DE AUDITORIA;ANALISTA 1 DE AUDITORIA
7485;ANALISTA DE CERTIFICACION;ANALISTA DE CERTIFICACION DE CALIDAD
7486;ASISTENTE MATRICERIA;COORDINADOR DE MATRICERIA
7487;ANALISTA DE PLATAFORMAS;ANALISTA DE SOPORTE DE PLATAFORMAS
7488;OPERARIO 2 DE PRODUCCION VETERINARIOS B;OPERARIO 3 DE PRODUCCION VETERINARIOS B
7489;EJECUTIVO SENIOR COBRANZAS;EJECUTIVO DE COBRANZAS Y PAGOS SENIOR
7490;JEFE COMERCIAL Y SERVICIO;GERENTE COMERCIAL & SERVICIO
7491;COORDINADOR DE PLANEACION MANTENIMIENTO;JEFE DE PLANIFICACION DE MANTENIMIENTO
7492;RESPONSABLE DE GESTION DE CALIDAD;JEFE SISTEMA GESTION CALIDAD
7493;JEFE OPERACIONES AA;SUPERVISOR DE OPERACIONES AA
7494;ASISTENTE;ASISTENTE DE
7495;ASISTENTE VENTAS;ASISTENTE VENTAS 1
7496;ASISTENTE DE PLANILLA;AYUDANTE DE PLANILLA
7497;COORDINADOR JUNIOR DE PRODUCCION & TECNOLOGIA;COORDINADOR SEMISENIOR DE PRODUCCION & TECNOLOGIA
7498;ASISTENTE DE VINCULACION CON LA SOCIEDAD;TECNICO DE VINCULACION CON LA SOCIEDAD
7499;ASISTENTE DE PROGRAMAS;ASISTENTE SENIOR DE PROGRAMAS
7500;JEFE DE COSECHA;JEFE DE COSECHA Y COSIDA
7501;AUXILIAR DE CAJAS;AUXILIAR OPERATIVO CAJAS
7502;JEFE DE CONTROL Y CORDINACION FINANCIERA;COORDINADOR CONTROL FINANCIERO
7503;AUXILIAR AYUDANTE METALMECANICA;AYUDANTE DE METALMECANICA
7504;AUXILIAR DE INNOVACION ACADEMICA;JEFE DE INNOVACION ACADEMICA
7505;ASESOR / GESTOR DE PROCESOS (GP);ASESORA / GESTOR DE PROCESOS
7506;OPERARIOS 1 DE MANTENIMIENTO PIFO;SUPERVISOR DE MANTENIMIENTO PIFO
7507;AYUDANTE VARIOS;AYUDANTE SERV VARIOS D.
7508;RESIDENTE DE OBRA - A;RESIDENTE DE OBRA 1
7509;AYUDANTE DE SERVICIO GENERAL;AUXILIAR SERVICIOS GENERALES 2
7510;ASISTENTE DE MEDIOS DE PAGO;ASISTENTE DE SOLUCIONES DE PAGO
7511;OPERADOR DE IMPRENTA;OPERADOR IMPRESORA
7512;ASISTENTE CONTADOR;CONTADOR ASISTENTE
7513;ESPECIALISTA DE MARKETING Y COMUNICACION;ESPECIALISTA DE COMUNICACION Y MARCA
7514;JEFE DE CONTABILIDAD Y ADMINISTRACION;GERENTE DE DEPARTAMENTO DE ADMINISTRACION Y CONTABILIDAD
7515;INGENIERO DE OPERACIONES;INGENIERO DE OBRA
7516;ANALISTA LOGISTA Y ALMACEN PT;ANALISTA LOGISTICA ALMACEN
7517;COORDINADOR DE GENTE Y CULTURA;GERENTE DE GENTE Y CULTURA
7518;ANALISTA;ANALISTA ADMIN
7519;GERENTE MANTENIMIENTO;GESTOR DE MANTENIMENTOS
7520;CONSULTOR SAP SD;CONSULTOR TRAINEE SAP SD
7521;COORDINADOR DE VENTAS B2B;COORDINADOR DE TRADE MARKETING B2B
7522;GERENTE ABASTECIMIENTO Y OPERACIONES;GERENTE DE ABASTECIMIENTO Y LOGISTICA
7523;ASISTENTE ADMINISTRATIVO OPERACION;ASISTENTE CONTROL OPERATIVO
7524;ANALISTA DE CREDITO & COBRANZAS;COORDINADOR DE ANALISIS Y CONTROL DE CREDITO
7525;JEFE DE PROYECTOS TI;COORDINADOR DE PROYECTOS TI
7526;AISTENTE / AYUDANTE / AUXILIAR DE SERVICIOS EN GENERAL;ASINTENTE/AUXILIAR DE SERVICIOS EN GENERAL
7527;JEFE DE OBRA;COORDINADOR DE OBRA
7528;OPERARIO 1 DE PRODUCCION VETERINARIOS B;OPERARIO 3 DE PRODUCCION VETERINARIOS B
7529;ASISTENTE TT HH;ASISTENTE DE TTHH
7530;ASISTENTE TECNICO DE CERTIFICACION;ASISTENTE TECNICO Y DE CALIDAD
7531;COORDINADOR DE GESTION DE MANTENIMIENTO;COORDINADOR CORPORATIVO DE MANTENIMIENTO
7532;ASISTENTE DE COSTOS DE PRODUCCION;ASISTENTE DE COSTOS/COORDINADOR DE COSTOS
7533;ANALISTA DE CALIDAD QA;ANALISTA DE QA Y SOPORTE
7534;OPERADOR CS;OPERADOR CSC
7535;AYUDANTE AUXILIAR DE SERVICIOS EN GENERAL;AUXILIAR DE SERVICIOS GENERALES Y CONSERJERIA
7536;JEFE DE CALIDAD Y PROCESO;JEFE DE CONTROL DE CALIDAD EN PRODUCCION
7537;JEFE DE PRODUCCION (MAQUINA PAPELERA);JEFE DE SECCION MAQUINA PAPELERA
7538;GERENCIA DE PROYECTOS;GESTION DE PROYECTOS
7539;COORDINADOR DE SISTEMAS DE GESTION DE CALIDAD;COORDINADOR DE ASEGURAMIENTO Y CONTROL DE CALIDAD - RESPONSABLE TECNICO
7540;ASISTENTE DE GESTION DE EQUIPOS;AUXILIAR I DE GESTION DE EQUIPOS
7541;ASISTENTE DE COBRANZAS QUE NO LABORAN EN INSTITUCIONES FINANCIER;ASISTENTE DE COBRANZAS QUE NO LABORAN
7542;ASISTENTE DE ESTUDIO;ASISTENTE EDUCATIVO
7543;CHOFER: PARA CAMIONES PASADOS;CHOFER: PARA CAMIONES PASADOS Y EXTRA PESADOS CON O SIN REMO
7544;JEFE DE INFRAESTRUCTURA TECNOLOGICA;COORDINADOR TECNICO DE INFRAESTRUCTURA Y SERVICIOS INFORMATICOS
7545;COORDINADOR DE ATENCION AL USUARIO;EJECUTIVO DE ATENCION AL USUARIO
7546;ANALISTA DE GESTION ACADEMICA DE POSGRADOS DE CIENCIAS DE LA SALUD;ASISTENTE DE GESTION DE POSGRADOS DE CIENCIAS DE LA SALUD
7547;ASISTENTE DE COMPRAS E INVENTARIO;ASISTENTE DE COMPRA I
7548;ASISTENTE ADMINISTRATIVO Y COMPRAS;ASISTENTE DE COMPRAS Y ABASTECIMIENTOS
7549;ASISTENTE DE CUSTOMER SERVICE;ASISTENTE DE OPERACION Y EXPERIENCIA DE CLIENTES
7550;AYUDANTE DE INSTALACIONES;AYUDANTE TECNICO INSTALADOR
7551;DIRECTOR DE ABASTECIMIENTO;DIRECTOR CADENA DE ABASTECIMIENTO
7552;JEFE DE TALLER;TECNICO DE TALLER
7553;GERENTE DE TALENTO HUMANO Y ADMINISTRACI;ASISTENTE DE SECRETARIA TECNICA DE GESTION DEL TALENTO HUMANO
7554;COORDINADOR DE BACKOFFICE;GERENTE DE BACK OFFICE
7555;ASESOR TECNICO COMERCIAL E;ASESOR TECNICO COMERCIAL L
7556;LIDER DE SEGURIDAD Y SALUD OCUPACIONAL;RESPONSABLE DE SEGURIDAD Y SALUD OCUPACIONAL
7557;COORDINADOR DE PROYECTOS Y SERVICIOS;COORDINADORA ADMINISTRATIVA Y DE PROYECTOS
7558;OFTALMOLOGO 47;OFTALMOLOGO 67
7559;SECRETARIA DE GERENCIA;SECRETARIA DE GERENCIA ADMINISTRATIVA
7560;OPERADOR DE MONTACARGAS EN EMPARRILLADO;OPERADOR DE MONTACARGAS EN ETIQUETADO Y ENCARTONADO
7561;ASESOR COMERCIAL;ASESOR COMERCIAL ST
7562;JEFE DE OPERACIONES Y VENTAS;JEFA DE ADMINISTRACION DE VENTAS Y OPERACIONES
7563;GERENTE TECNOLOGIA DE INFORMACION;JEFE DE TEC DE LA INFORMACION
7564;ELECTRICISTA 2;ELECTRICISTA 2DA
7565;AUX. DE BODEGA;AUX.DE BODEGA
7566;VENDEDOR ALMACEN;VENDEDOR/ALMACENISTA
7567;GERENTE DE SOLUCIONES IT;JEFE DE SOLUCIONES IT
7568;AYUDANTE DE ESTERILIZACION;JEFE DE ESTERILIZACION
7569;ANALISTA DE COBRANZA;ANALISTA DE COBRANZA 2
7570;ANALISTA DE MARKETING JUNIOR;ANALISTA JUNIOR DE DATOS DE MARKETING
7571;ASESOR DE NEGOCIOS 1;ASESOR DE NEGOCIOS JR.
7572;COORDINADOR DE PUBLICIDAD Y COMUNICACION;COORDINADORA DE COMUNICACION, MKT Y PUBLICIDAD
7573;JEFE DE SEGURIDAD INDUSTRIAL Y FISICA;JEFE SEGURIDAD INDUSTRIAL Y MEDIO AMBIEN
7574;GUARDIA - PORTERO;PORTERIA/GUARDIA
7575;ASISTENTE DE VENTAS, DE TECNOLOG?A, DE COMPRAS, DE ADMINISTRACIO;ASISTENTE ADMINISTRATIVO Y DE MERCADEO
7576;ASISTENTE / AYUDANTE DE PROYECTOS;ASISTENTE DE GESTION DE PROYECTOS
7577;ASISTENTE SOPORTE AL USUARIO;TECNICO SOPORTE A USUARIO IT
7578;JEFE DE ENFERMERAS;JEFE DEPARTAMENTO DE ENFERMERIA
7579;JEFE DE CUMPLIMIENTO;SUPERVISOR DE CUMPLIMIENTO
7580;AUXILIAR DE OPERACIONES 2;AUXILIAR DE OPERACIONES Y COMPLEMENTOS
7581;JEFE DE CONSOLA Y DGPM;SUPERVISOR DE CONSOLA Y DGPM
7582;GERENCIA DE CALIDAD;ESPECIALISTA DE GESTION DE CALIDAD
7583;COORDINADOR PLANEAMIENTO COMERCIAL;GERENTE PLANEACION COMERCIAL Y OPERATIVA
7584;OPERADOR DE MAQUINA;OPERADOR MAQUINA
7585;ASISTENTE FINANCIERO FACTURACION SENIOR;EJECUTIVO DE FACTURACION SENIOR
7586;ADMINISTRADOR ASISTENTE;ASISTENTE DEL ADMINISTRADOR IT
7587;JEFE CALIDAD Y GESTION;JEFE DE CALIDAD Y PRODUCTO
7588;JEFE DE COMUNICACION & MARKETING;JEFE COMUNICACION Y PROMOCION
7589;COORDINADOR DE MARCA Y COMUNICACION;COORDINADOR DE COMUNICACION Y TRADE MARK
7590;ANALISTA PLANEACION DEMANDA;ESPECIALISTA DE PLANEACION DE LA DEMANDA
7591;ASISTENTE OPERATIVO Y ADM;ASISTENTE SOPORTE OPERATIVO
7592;GERENTE DE MARKETING Y VENTAS;DIRECTOR DE MARKETING Y VENTAS
7593;ANALISTA DE SERVICIO TECNICO;ANALISTA DE SOPORTE TECNICO JR
7594;COORDINADOR DE EXCELENCIA DE SERVICIO;JEFE DE EXCELENCIA EN SERVICIO
7595;SUPERVISOR DE DESARROLLO;SUPERVISOR DE DESARROLLO Y ADMINISTRACION
7596;JEFE DE ADMINISTRACION DE CONTRATO;JEFE DE ADQUISICION Y ADMINISTRACION DE CONTRATOS
7597;JEFE DE MANTENIMIENTO Y PRODUCCION;JEFE DE EQUIPOS Y MANTENIMIENTO
7598;GERENTE DE ESTRATEGIA DE TALENTO Y CULTURA;COORDINADOR DE TALENTO Y CULTURA
7599;OPERADOR DE CLARIFICACION;OPERADOR TECNICO DE CLARIFICACION
7600;COORDINADOR DE GESTION DE TALENTO;SUPERVISOR DE GESTION DE TALENTO
7601;LIDER DE LABORATORIO;TECNICO LIDER DE LABORATORIO
7602;ANALISTA DE ADQUISICIONES Y LOGISTICA;ESPECIALISTA DE ADQUISICIONES Y LOGISTICA
7603;ASISTENTE / AUXILIAR DE LIMPIEZA;ADMINISTRATIVA/AUXILIAR DE LIMPIEZA
7604;AYUDANTE DE SERVICIO;AYUDANTE SERVIC
7605;SUPERVISOR DE PRODUCCION JR;SUPERVISOR/PRODUCCION JR
7606;ANALISTA / AFINES;ANALISTA AFINES
7607;COCINERO;COCINERO A
7608;COORDINADOR BODEGA;COORDINADOR DE BODEGA GENERAL
7609;SUPERVISOR DE DE VENTAS;SUPERVISOR DE VENTAS INDUSTRIA
7610;ASISTENTE DE FACILITACION;SUPERVISOR DE FACILITACION
7611;JEFE DE FLOTA VEHICULAR;SUPERVISOR DE FLOTA VEHICULAR
7612;JEFE DEP. ADMINISTRATIVO;JEFE. DEP ADMINISTRATIVO - FINANCIERO
7613;COORDINADOR (A) DE TRADE MARKETING;ANALISTA DE TRADE MARKETING
7614;COORDINADOR DE CUENTA SENIOR;COORDINADOR SEMISENIOR DE CUENTAS POR PAGAR Y POR COBRAR
7615;ASISTENTE DE PRODUCCION 1;AYUDANTE DE PRODUCCION-1
7616;TECNICO DE SEGURIDAD ELECTRONICA;TECNICO DE SEGURIDAD ELECTRONI
7617;TECNICO ELECTRICO;TECNICO ELECTRICO SR
7618;GERENTE DE PERSONAS Y SERVICIOS GENERALES;GERENTE DE SERVICIOS A LAS PERSONAS
7619;TECNICO DE REFRIGERACION;TECNICO DE REFRIGERACION Y COCINAS
7620;ASISENTE ADMINISTRATIVO;ADMINISTRADOR ASISTENTE
7621;SOLUTION SALE ASSOCIATE;SOLUTIONS SALES ASSOCIATE
7622;JEFE DE MANTENIMIENTO E INCIDENCIAS;JEFE DE MANTENIMIENTO Y ADECUACIONES
7623;ASESOR DE EXPORTACIONES;ASISTENTE DE EXPORTACION E IMPORTACION
7624;JEFE DE CALIDAD E INNOVACION;JEFE DE PLANIFICACION Y CALIDAD
7625;ENTRENADOR DE GIMNASIA TERAPEUTICA;ENTRENADOR DE GIMNASIO
7626;ANALISTA DE LOGISTICA Y ENTREGA;ANALISTA LOGISTICA DELIVERY
7627;EJECUTIVO DE OPERACIONES ADUANERAS;JEFE DE OPERACIONES ADUANERA
7628;SUPERVISOR DE CAMPO 1;SUPERVISOR DE PERSONAL DE CAMPO
7629;JEFE DE CUMPLIMIENTO;EJECUTIVO DE CUMPLIMIENTO
7630;OFICIAL CUMPLIMIENTO SUPLENTE;OFICIAL DE CUMPLIMIENTO - SUPLENTE
7631;ASISTENTE LIQUIDACIONES;COORDINADOR DE LIQUIDACION
7632;JEFE ADMINSTRATIVO FINANCIERO;JEFE DE CONTROL Y CORDINACION FINANCIERA
7633;ASISTENTE DE GESTION DE EQUIPOS;GERENTE DE GESTION DE EQUIPOS
7634;AYUDANTE ADM PRODUCCION;ASISTENTE ADM. PRODUCCION
7635;ANALISTA DE TI Y SOPORTE;ANALISTA IT Y SOPORTE AL USUARIO
7636;ANALISTA FINANCIERO CORPORATIVO;ANALISTA DE AUDITORIA FINANCIERA CONTABLE
7637;REPRESENTANTE DE VENTAS LIFE 1 COSTA;REPRESENTANTE DE VENTAS LIFE 4 COSTA
7638;SOLDADOR;SOLDADOR (BACK)
7639;DOCENTE DE SECUNDARIA;PROFESOR DE SECUNDARIA
7640;AUXILIAR DE RAMA;AYUDANTE DE RAMA
7641;COORDINADOR SALUD OCUPACIONAL;COORDINADORA DE SEGURIDAD Y SALUD OCUPACIONAL-MEDICO OCUPACIONAL
7642;ASIST/AYUD/AUX/DE SERVICIOS EN GENERAL;ASIST./AYUDANTE/AUX. SERVICIOS
7643;SERV VARIOS;SERV.VARIOS
7644;ANALISTA DE ESTRATEGIA;ANALISTA DE ESTRATEGIA CORPORATIVA
7645;JEFE DE MERCADEO JR.;SUPERVISOR DE MERCADEO JR
7646;ANALISTA CONTABILIDAD;ANALISTA 1 DE CONTABILIDAD
7647;COORDINADOR DE LINEA;DIRECTOR DE LINEA
7648;SUPERVISOR (A) SERVICIO AL CLIENTE;SUPERVISOR DE ATENCION AL CLIENTE
7649;SUPERVISOR DE MONTAJE Y EQUIPOS AUXILIARES;SUPERVISOR TECNICA EN GENERAL E INSTALACION
7650;ASISTENTE ADMINIST.;ASISTENTE MINISTERIAL
7651;ANALISTA DE INFRAESTRUCURA TI;ANALISTA SENIOR TI INFRAESTRUCTURA
7652;ANALISTA DE INGENIERIA DE PROCESOS;ANALISTA DE PROCESOS Y TECNOLOGIA
7653;ASISTENTE COMUNICACIONES;ANALISTA DE SOPORTE DE COMUNICACIONES ESPECIALISTA
7654;ANALISTA DE CALIDAD Y ASEGURAMIENTO;ANALISTA JUNIOR DE CALIDAD MATERIAS PRIMAS Y FABRICACION
7655;GERENTE OPERACIONAL;GERENTE SENIOR DE OPERACIONES
7656;ASISTENTE AUXILIAR DE CONTABILIDAD;AUXILIAR DE CONTABILIDAD Y FACTURACION
7657;ASISTENTE DE DIGITALIZACION;ASISTENTE DE OPERACIONES DIGITALIZADOR
7658;SUPERVISOR DE GESTION DE SEGURIDAD Y SALUD OCUPACIONAL;SUPERVISOR DE SALUD Y SEGURIDAD
7659;ASISTENTE DE DIRECCION MEDICA;ASISTENTE DE DIRECTOR MEDICO
7660;GERENTE DE OPERACIONES COMERCIALES;GERENTE DE PROYECTOS COMERCIALES
7661;OPERADOR DE MAQ;OPERADOR MAQ
7662;AUXILIAR DE CONTROL Y FACTURACION;AUXILIAR CAJA FACTURACION
7663;ASISTENTE DE TALENTO HUMANO;ASISTENTE DE DESARROLLO DE TALENTO HUMANO
7664;EJECUTIVO DE CARTERA;EJECUTIVO DE CARTERA Y COBRANZAS
7665;COORDINADOR DE PICKING;COORDINADOR DE PICKING Y DESPACHO
7666;JEFE DE SERVICIO POST VENTA;JEFE DE SERVICIO POSTVENTA
7667;ASISTENTE AUXILIAR SERVICIOS;ASINTENTE/AUXILIAR DE SERVICIOS EN GENERAL
7668;COORDINADOR DE LOGISTICA;GERENTE DE LOGISTICA/ COMEX
7669;ASISTENTE DE COMPLIANCE;EJECUTIVO DE COMPLIANCE
7670;DIRECTOR CONSULTORIO JURIDICO;DIRECTOR DEL CONSULTORIO JURIDICO.
7671;COORDINADOR DE COMUNICACION Y RELACIONES PUBLICAS;COORDINADOR DE PUBLICIDAD Y COMUNICACION
7672;ASISTENTE TECNICO Y ADMINISTRA;AYUDANTE TECNICO Y ADMINISTRATIVO
7673;CUSTOMER EXPERIENCE COORDINATOR;CUSTOMER EXPERIENCE LEADER
7674;ASESOR COMERCIA;ASESOR COMERCIAL - COMERCIO
7675;INGENIERO SOPORTE TECNICO;SOPORTE TECNICO DE INGENIERIA
7676;COORDINADOR DE LOS SISTEMAS DE GESTION;GERENTE DE SISTEMAS DE GESTION
7677;COORDINADOR DE SEGURIDAD;COORDINADOR DE SEGURIDAD INTERNA
7678;ASISTENTE INSTALADOR DE SISTEMAS;INSTALADOR DE SISTEMAS
7679;ANALISTA DE ADMINISTRACION COMERCIAL SENIOR;ANALISTA SENIOR DE OPERACIONES COMERCIAL
7680;JEFE DE TIC;JEFE DE GESTION DE TIC
7681;ASISTENTE ADMININISTRATIVO;ADMINISTRATIVO-ASISTENTE ADMINISTRATIVO
7682;ANALISTA FACTURACION;ASISTENTE ADMINISTRATIVO FACTURACION
7683;ASIST. VENTAS;ASIST ADM VENTAS
7684;COORDINADOR DE AMBIENTE Y PERMISOS;SUPERVISOR DE AMBIENTE Y PERMISOS
7685;AYUDANTE DE MINA;AYUDANTE DE MINAS
7686;TECNICO ELECTRICO DE INSTRUMENTACION;INGENIERO EN INSTRUMENTACION
7687;ANALISTA JUNIOR;ANALISTA JR. SC
7688;COMMERCIAL EXCELLENCE COORDINATOR;COMMERCIAL EXCELLENCE MANAGER
7689;TECNICO DE SOPORTE IT;TECNICO DE SOPORTE DE TI
7690;DOCENTE LENGUA Y LITERATURA;MAESTRO LENGUA Y LITERATURA
7691;JEFE DE OPERACIONES DE TECNOLOGIA DE LA INFORMACION;JEFE DE TECNOLOGIA DE LA INFORMACION Y PROCESOS
7692;CHOFER CUSTODIO;CHOFER/CUSTODIO
7693;GERENTE GENERAL;GERENTE NACIONAL DE
7694;CHOFER DE VEHICULO LIVIANO;CHOFER DE CAMIONETA LIVIANA
7695;JEFE DE COSTOS Y PLANIFICACION;JEFE DE COSTOS Y PLANILLAJE
7696;GERENTE DE MANTENIMIENTO Y OPERACIONES;GERENTE DE MANTENIMIENTO Y COSNTRUCCIONES
7697;TECNICO EN S.S.O;TECNICO EN SSO
7698;EJECUTIVO DE CUSTOMER EXPERIENCE;EJECUTIVO DE EXPERIENCIA Y ATENCION AL CLIENTE
7699;ASISTENTE DE LOGISTICA Y MENSAJERIA;ASISTENTE DE MENSAJERIA Y SERVICIOS GENERALES
7700;COORDINADOR (A) DE PROCESOS;COORDINADOR CORPORATIVO DE PROCESOS
7701;ASISTENTE FACTURACION;ASISTENTE DE RECAUDACION Y FACTURACION
7702;T.A OPERADOR DE AIREACION;OPERADOR TECNICO DE AIREACION
7703;JEFE DE DOCENCIA E INVESTIGACION;DIRECTOR DE DOCENCIA E INVESTIGACION
7704;FIELD SALES REPRESENTATIVE;FIELD SALES REP
7705;GERENTE ADMINISTRATIVO CORPORATIVO;JEFE ADMINISTRATIVO CORPORATIVO
7706;ANALISTA DE EVALUACION Y CAPACITACION DOCENTE;ASISTENTE DE EVALUACION Y DESARROLLO DOCENTE
7707;ANALISTA OPERACIONES CONSUMO;ASISTENTE OPERACIONES CONSUMO
7708;OPERARIOS 1 DE PRODUCCION ESTERILES;OPERARIOS 1 DE PRODUCCION NO ESTERILES
7709;JEFE DE COBRANZAS CORPORATIVAS Y FINANCIERAS;JEFE DE COBRANZAS Y FINANCIAMIENTO
7710;GERENTE CORPORATIVO DE RECURSOS HUMANOS;GERENTE DE ESTRATEGIA Y GESTION HUMANA
7711;OPERADOR ZONA 3;OPERADOR ZONA 4
7712;SUPERVISOR DE LEVANTE;SUPERVISOR DE LEVANTE / PRODUCCION
7713;ESPECIALISTA DE DESARROLLO RPA;ESPECIALISTA DE RPA
7714;GERENTE DE COMPRAS Y MANTENIMIENTO;GERENTE DE COMPRAS Y TRANSPORTES
7715;GESTOR DE MANTENIMENTOS;ADMINISTRADOR MANTENIMIENTO
7716;SECRETARIA / SECRETARIO;SECRETARIA / SECRETARIO C
7717;ASISTENTE DE PRODUCCION Y CALIDAD;ASISTENTE TECNICO DE PRODUCCION
7718;ASISTENTE SECRETARIA;AYUDANTE DE SECRETARIA
7719;CHOFER DE CARRETERA;CHOFER DE TRANSPORTE
7720;COORDINADOR DE PLANIFICACION Y PROCESOS;ANALISTA DE PLANIFICACION Y PROCESOS
7721;ASISTENTE DE MARKETING DIGITAL;ASISTENTE MARKETING DIGITAL
7722;ASISTENTE ADMINISTRATIVA FACTURACION Y COBRANZA;ASISTENTE ADMINISTRATIVO FACTURACION
7723;TECNICO DE LUBRICACION;INGENIERO DE LUBRICACION
7724;TA/ TABLONERO;T/A TABLONERO
7725;COORDINADOR DE CADENA DE SUMINISTRO;JEFE DE PLANEACION DE CADENA DE SUMINISTRO
7726;COORDINADOR DE NEGOCIOS INTERNACIONALES;COORDINADOR DE RELACIONES INTERNACIONALES
7727;GESTOR EN PRODUCCION;GERENTE PRODUCCION Y CALIDAD
7728;ASISTENTE OPERATIVO DE TARJETAS DE CREDITO;JEFE OPERATIVO TARJETA DE CREDITO
7729;ASISTENTE DE ARCHIVO Y DOCUMENTACION;ASISTENTE DE ARCHIVO Y CUSTODIO
7730;JEFE DE PRODUCTO 1;JEFE_DE_PRODUCTO
7731;JEFE DE UNIDAD DE NEGOCIO ALIMENTOS;JEFE DE UNIDAD DE NEGOCIO SEGURIDAD ALIMENTARIA
7732;ANALISTA DE COMPENSACION Y CONTROL;ANALISTA DE COMPENSACION Y CONTROL PRESUPUESTAL
7733;ASISTENTE DE CALIDAD MANUFACTURA;ASISTENTE DE CALIDAD MAQUILA
7734;COORDINATOR CUSTOMER SERVICE IMPORT;SUPERVISOR CUSTOMER SERVICE IMPORT
7735;ANALISTA DE SEGURIDAD DIGITAL;SUBGERENTE DE SEGURIDAD DIGITAL
7736;JEFE DE CASH MANAGEMENT;JEFE DE VENTAS CASH MANAGEMENT
7737;JEFE DE SALUD Y SEGURIDAD OCUPACIONAL;COORDINADOR JUNIOR DE GESTION DE SEGURIDAD Y SALUD OCUPACIONAL
7738;JEFE DE PLANIFICACION LOGISTICA;ASISTENTE PLANEACION LOGISTICA
7739;ASESOR TECNICO COMERCIAL DE CORPORATIVO;ASESOR TECNICO COMERCIAL INDUSTRIAL
7740;JEFE DE MARKETING Y VENTAS;JEFE DE MARKETING Y SERVICIO AL CLIENTE
7741;AYUDANTE DE RECTIFICACION;RECTIFICADOR
7742;GERENTE DE HOTEL;GERENTE DE OPERACIONES HOTELERAS
7743;JEFE DE PRODUCCION TECNOLOGICA;JEFE DE PRODUCCION Y LABORATORIO
7744;JEFE COMPRAS;JEFE DE COMPRAS VARIAS
7745;ANALISTA DE SEGURIDAD INDUSTRIAL Y SALUD OCUPACIONAL;ANALISTA DE SEGURIDAD LABORAL Y AMBIENTE
7746;DOCENTE CIENCIAS SOCIALES;PROFESORA CIENCIAS SOCIALES
7747;AUXILIAR DE MANTENIMIENTO DE EQUIPOS Y VEHICULOS;AYUDANTE MANTENIMIENTO MECANICO
7748;GERENTE NEGOCIOS;GESTOR DE NEGOCIO
7749;ESPECIALISTA DE EXCELENCIA COMERCIAL;DIRECTOR DE EXCELENCIA COMERCIAL
7750;TECNICO DE CAMPO JUNIOR;OPERADOR DE CAMPO JUNIOR
7751;JEFE DE NEGOCIOS REGIONAL;JEFE REGIONAL DE DESARROLLO DE NEGOCIOS
7752;GERENTE ADIMINISTRATIVO;GERENTE GENERAL ADMINISTRATIVO
7753;LOGISTIC TEAM LEADER;LOGISTICS LEADER
7754;ESPECIALISTA DE SEGURIDAD, SALUD OCUPACIONAL Y AMBIENTE;ESPECIALISTA AMBIENTAL Y SEGURIDAD INDUSTRIAL
7755;JEFE DE CAMPO SECTOR 1;JEFE DE CAMPO SECTOR 2
7756;SUBGERENTE DE MANTENIMIENTO;SUB-TECNICO DE MANTENIMIENTO
7757;ASISTENTE DE SELECCION;ASISTENTE DE SELECCION Y TALENTO
7758;ASISTENTE DE OPERACIONES Y MANTENIMIENTO;AYUDANTE DE OPERACION Y MANTENIMIENTO
7759;GERENTE DE CALIDAD Y DESARROLLO;COORDINADOR DE DESARROLLO Y GESTION DE CALIDAD
7760;SUPERVISOR DE CAMPO;SUPERVISOR DE CAMPO ZONAL
7761;ANALISTA DE COMPRAS INTERNACIONALES;ANALISTA SR. COMPRAS
7762;JEFE ASEGURAMIENTO CALIDAD;SUPERVISOR GENERAL ASEGURAMIENTO DE CALIDAD
7763;ESPECIALISTA DE LOGISTICA;ESPECIALISTA DE LOGISTICA E IMPORTACIONES
7764;ANALISTA DE VISUAL MERCHANDISING;ANALISTA DE MERCHANDISING
7765;MECANICO DE PALMISTERIA;OPERADOR DE PALMISTERIA
7766;ASISTENTE ADMINITRATIVO DE LOGISTICA;COORDINADOR DE ALMACEN Y LOGISTICA
7767;JEFE DE AUTOMATIZACION Y PROCESOS;JEFE DE CONTROL Y AUTOMATIZACION INDUSTRIAL
7768;GERENTE DE VENTA;GERENTE DE VENTA INSTITUCIONAL
7769;ASISTENTE ADMINISTRATIVO FACTURACION;ASISTENTE DE FACTURACION S. SR
7770;TECNICO DE SOPORTE A USUARIO;ESPECIALISTA SOPORTE TECNICO
7771;PROFESIONALES CON TITULO DE CUARTO NIVEL;PROFESORES CON TITULO DE CUARTO NIVEL
7772;ANDEAN MARKETPLACE SPECIALIST;ANDEAN MARKETPLACE SUPERVISOR
7773;ANALISTA DE NEGOCIO;ANALISTA DE NEGOCIOS SENIOR
7774;ASISTENTE CONTRALORIA;AUXILIAR DE CONTRALORIA
7775;GESTOR DE MANTENIMENTOS;GESTOR DE MANTENIMIENTO E
7776;JEFE OPERATIVO DE CAPTACIONES;JEFE NACIONAL DE CAPTACIONES
7777;SUPERVISOR DE TALLER AUTOMOTRIZ;SUPERVISOR TALLER AUTOMOTRIZ
7778;GERENTE DE PLANIFICACION Y DISENO DE PROYECTOS;GERENTE DE PROYECTOS Y DISENO
7779;AUXILIAR DE SERVICIO DE VENTAS;AUXILIAR DE VARIOS SERVICIOS Y VENTAS
7780;ANALISTA DE COMPRAS BIENES Y SERVICIOS;ANALISTA DE COMPRAS DE PROYECTOS
7781;JEFE DE DESARROLLO HUMANO Y ORGANIZACIONAL;ASISTENTE DE TALENTO HUMANO Y DESARROLLO ORGANIZACIONAL
7782;TRANSF ASSOC ANALYST;TRANSF SR ANALYST
7783;DIRECTOR(A) DE REPUESTOS Y ACCESORIOS;JEFE DE REPUESTOS Y ACCESORIOS
7784;AYUDANTE ADMINISTRATIVA;ASESORA ADMINISTRATIVA
7785;COORDINADOR DE EXPORTACION;COORDINADOR DE PRODUCCION Y EXPORTACIONES
7786;COORDINADOR DE ANALISIS Y CONTROL DE CREDITO;COORDINADOR DE CREDITO Y COBRO
7787;SUPERVISOR DE MERCADEO;SUPERVISOR DE MERCADEO Y SERVICIOS
7788;JEFE DE INTELIGENCIA DE NEGOCIOS;GERENTE INTELIGENCIA DE NEGOCIOS
7789;SENIOR DE COBRANZAS;TECNICO DE COBRANZAS SENIOR
7790;ASISTENTE ADMINISTRATIVA GUAYAQUIL;ASISTENTE OFICINA GUAYAQUIL
7791;ADMINISTRADOR DE PARQUE LOGISTICO;JEFE DE OPERACIONES PARQUE LOGISTICO
7792;OPERARIOS 3 DE EMPAQUE PIFO;OPERARIOS PESAJE 3 PIFO
7793;ANALISTA DE SELECCION;ANALISTA RECLUTAMIENTO Y SELECCION
7794;COORDINADOR DE POSVENTA;JEFE DE OPERACIONES POSVENTA
7795;EJECUTIVO GESTION DE INFORMACION;LIDER DE INFORMACION GERENCIAL
7796;JEFE NACIONAL DE TRADE MARKETING;COORDINADOR NACIONAL TRADE MARKETING
7797;ANALISTA DE INVENTARIOS Y LOGISTICA;ANALISTA DE LOGISTICA II
7798;MAQUINISTA 1 JOSELITO;MAQUINISTA 3 JOSELITO
7799;ASISTENTE DE LEGAL;ASISTENTE I LEGAL
7800;COORDINADOR DE PACKAGING;GERENTE DE PACKAGING
7801;OPERADOR DE PEGADORA;OPERADOR DE PEGADORA DE PINAS
7802;DESARROLLISTA;DESARROLLISTA JUNIOR
7803;JEFE DE GESTION DE RIESGOS Y PROTECCION;JEFE CORPORATIVO DE GESTION DE RIESGOS
7804;GERENTE DE TECNOLOGIA Y SISTEMAS;GERENTE DE INTELIGENCIA Y TECNOLOGIA
7805;OPERADOR DE MAQUINA PESADA;OPERADOR MAQUINA PESADA
7806;AYUDANTE AUXILIAR DE SERVICIOS EN GENERAL;AUXILIAR DE SERVICIOS EN GENERAL (GESTACION)
7807;PRECRIA;PRECRIAS
7808;GERENTE ESTRATEGICO DE PROYECTOS;GERENTE COMERCIAL Y PROYECTOS
7809;OPERADOR DE GRUA C;OPERADOR I DE GRUA
7810;SUPERVISOR DE OPERACION;SUPERVISOR DE GESTION Y OPERACIONES
7811;DIRECTOR DE POSTCOSECHA;DIRECTOR TECNICO POSTCOSECHA
7812;BODEGUERO - TALLER;BODEGUERO DE TALLER
7813;JEFE DE VENTAS NACIONAL;JEFE DE VENTAS (NT)
7814;ANALISTA DE COMPLIANCE;ESPECIALISTA COMPLIANCE
7815;CONTROLADOR DE ALMACENES;CONTROLADOR DESPACHO Y ALMACEN
7816;GERENTE DE FLOTAS;GERENTE DE FLOTA TERRESTRE
7817;JEFE DE INSTALACIONES Y MANTENIMIENTO;JEFE DE MANTENIMIENTO E I
7818;DESARROLLADOR DE SISTEMAS SEMI SENIOR;DESARROLLADOR DE SOFTWARE SENIOR
7819;OPERARIO/A DE MANTENIMIENTO;ASISTENTE DE MANTENIMIENTO DE INSTALACIONES
7820;JEFE DE PATIO;AYUDANTE DE JEFE DE PATIO
7821;TECNICO AUTOMOTRIZ;TECNICO MECANICO AUTOMOTRIZ
7822;DISENADOR DE MARCA;DISENADOR/A DE MARCA
7823;ASISTENTE / AYUDANTE / AUXILIAR DE SERVICIOS TECNICO;ASISTENTE TECNICO Y ADMINISTRA
7824;GERENTE DE DESARROLLO Y PLANIFICACION PROYECTOS;GERENTE DE PROYECTOS ORGANIZACIONALES
7825;COORDINADOR DE MARCA Y COMUNICACION;DIRECTORA DE COMUNICACION Y MARCA
7826;SUBGERENTE DE AUDITORIA;ANALISTA SR DE AUDITORIA
7827;GERENTE CORPORATIVO DE NEGOCIOS;EJECUTIVO DE NEGOCIOS CORPORATIVOS
7828;1. TECNICO DE SSO;TECNICO EN SSO
7829;JEFE DE PLANEACION FINANCIERA;JEFE DE PLANEACION FINANCIERA Y TESORERIA
7830;AUXILIAR CONTABILIDAD;AUXILIARES DE CONTABILIDAD
7831;OPERADOR DE TROQUELES;OPERADOR DE TROQUELADO
7832;EJECUTIVO DE SISTEMAS;EJECUTIVO JUNIOR DE SISTEMAS
7833;JEFE A NIVEL DE SERVICIOS;JEFE DEL DEPARTAMENTO DE SERVICIO
7834;COORDINADOR SISTEMAS GESTION DE CALIDAD;COORDINAR SISTEMA GESTION DE CALIDAD
7835;ANALISTA DE COMUNICACION Y MEDIOS;ANALISTA DE COMUNICACION E IDENTIDAD CORPORATIVA
7836;SUPERVISOR DE SEGURIDAD INTEGRAL;SUBGERENTE DE SEGURIDAD INTEGRAL
7837;JEFE SANIDAD;JEFE DE SANIDAD
7838;EJECUTIVO DE CAPTACION;EJECUTIVOS DE CAPTACIONES
7839;JEFE DE PLANIFICACION Y CONTROL DE PRESUPUESTO;JEFE CONTROL PRESUPUESTARIO PROYECTOS
7840;SUPERVISOR DE SSA;SUPERVISOR DE S.S.A.
7841;JEFE DE TRIPULANTES;TRIPULANTE (JEFE DE CUBIERTA)
7842;TECNICO EN SALUD OCUPACIONAL;TECNICO REGIONAL SEGURIDAD Y SALUD OCUPACIONAL
7843;AYUDANTE DE OPERADOR DE MAQUINARIA AGRIC;AYUDANTE DE OPERACIONES AGRICOLAS
7844;GERENTE OPERACIONES TIC;JEFE DE GESTION DE TIC
7845;ANALISTA DE MARKETING;ANALISTA DE MARKETING JUNIOR
7846;ANALISTA DE SELECCION Y DH;ANALISTA DE SELECCION Y C
7847;SENIOR B;SENIOR C
7848;ANALISTA DE CIBERSEGURIDAD;ASISTENTE DE CIBERSEGURIDAD
7849;AYUDANTE DEL SECTOR METALMECANICO 139;AYUDANTE DEL SECTOR METALMECANICO 267
7850;GERENTE DE EFICIENCIA OPERATIVA;GERENTE EFICIENCIA
7851;COORDINADOR ZONAL DE VENTAS;SUPERVISOR ZONAL DE VENTAS
7852;JEFE DE ENTRENAMIENTO;JEFE DE ENTRENAMIENTO TECNICO
7853;COORDINADOR GESTION AMBIENTAL;COORDINADOR JUNIOR DE GESTION AMBIENTAL
7854;AUXILIAR CONTABILIDAD;AUXILIAR DE CONTABILIDAD Y FACTURACION
7855;INGENIERO PRODUCCION SENIOR;INGENIERO SEMISENIOR DE PRODUCCION Y TECNOLOGIA
7856;COORDINADOR DE PRODUCCION DE BLOQUES;SUPERVISOR DE PRODUCCION DE BLOQUES
7857;TECNICO DE MARKETING;MARKETING TECNICO
7858;GERENTE ADMINSTRATIVA;COORDINADORA GESTION ADMINISTRATIVA
7859;COORDINADOR DE BODEGA MATERIA PRIMA;ENCARGADO BODEGA MATERIAS PRIMAS
7860;JEFE DE CONTROL DE PRODUCCION;TECNICO DE CONTROL DE PRODUCCION
7861;PANADERO/PASTELERO;PASTELERO Y/O PANADERO
7862;JEFE DE TRADEMARKETING;JEFE SENIOR DE TRADE MARKETING
7863;COORDINADOR DE AUDITORIA INTERNA;DIRECTOR DE AUDITORIA INTERNA
7864;ADMINISTRADOR SISTEMAS;ADMINISTRADOR SISTEMAS INFORMA
7865;ASISTENTE ADMINISTRATIVO - RESPONSABLE;ASISTENTE ADMINISTRATIVO - SECRETARIO
7866;ANALISTA DE BIENESTAR SOCIAL & SSO;ANALISTA DE BIENESTAR Y SST
7867;JEFE DE CUMPLIMIENTO NORMATIVO;JEFE DE SEGURIDAD EN NORMATIVIDAD Y CUMPLIMIENTO
7868;DIGITAL SPECIALIST;SENIOR DIGITAL SPECIALIST
7869;ASISTENTE SOPORTE COMERCIAL;ASISTENTE / AYUDANTE COMERCIAL
7870;COORDINADOR DE PROYECTOS TECNOLOGICOS;COORDINADOR DE SISTEMAS, DESARROLLO Y TECNOLOGIA
7871;ASISTENTE DE AUDITORIA DE COSTOS Y PROCESOS;AUDITOR INTERNO DE PROCESOS Y COSTOS
7872;ASISTENTE DE OPERACIONES LAND Y GPS;COORDINADOR DE OPERACIONES LAND Y GPS
7873;RESPONSABLE DE FACTURACION;RESPONSABLE DE FACTURACION Y COSTOS
7874;GERENTE NACIONAL DE SERVICIO;GERENTE NACIONAL ADMINISTRATIVO
7875;GERENTE INTERNACIONAL DE VENTAS;JEFE DE VENTAS INTERNACIONALES
7876;EJECUTIVO DE DESARROLLO ORGANIZACIONAL Y CULTURA;JEFE DE CULTURA Y DESARROLLO ORGANIZACIONAL
7877;SUPERVISOR DE OBRA;SUPERVISOR DE OBRA - ELECTRICA
7878;AUXILIAR DE SERVICIOS EN GENERAL (CALIDAD);AUXILIAR DE GESTION DE LA CALIDAD DE SERVICIOS
7879;ASISTENTE 1 - DE CONTABILIDAD;ASISTENTE CONTA
7880;GERENTE DE CUENTAS CLAVE;GERENTE DE CUENTAS CLAVE JR
7881;CORTADOR 3;CORTADOR-CLASIF 3
7882;COORDINADOR DE CENTRO DE SERVICIO;SUPERVISOR DEL CENTRO DE SERVICIOS
7883;COORDINADOR LOGISTICO Y BODEGA;DIRECTOR DE LOGISTICA Y BODEGA
7884;ARQUITECTO DE SOLUCIONES;ARQUITECTO SOLUCION
7885;ASISTENTE TECNICO;ASISTENTE TECNICO SENIOR
7886;VENDEDOR JR. DISTRIBUCION;VENDEDOR SR. DISTRIBUCION
7887;COORDINADOR ELECTRICO DE PLANTA;COORDINADOR INDUSTRIAL ELECTRICO
7888;VENDEDOR INSTITUCIONAL;VENDEDOR CANAL INSTITUCIONAL
7889;GERENTE TECNOLOGIA DE INFORMACION;TECNICO DE GOBIERNO Y GESTION DE TECNOLOGIA DE LA INFORMACION
7890;GERENTE DE VENTAS CANAL MODERNO Y FARMA;JEFE DE VENTAS CANAL FARMA
7891;ANALISTA DESARROLLO ESTRATEGICO;ANALISTA DE DESARROLLO DE NEGOCIOS
7892;CHOFER PARA CAMIONES PESADOS DE HASTA 4.5 TON;CHOFER DE CAMIONES HASTA 3,5 TONELADAS
7893;ASISTENTE ADMINISTRATIVO Y LOGISTICA;ASISTENTE ADMINISTRATIVA Y RECURSOS HUMANOS
7894;AYUDANTE DE LOGISTICA;AYUDANTE LOGISTICA VALIDADOR
7895;ADMINISTRADOR DE CENTRO DE COMPUTO;JEFE CENTRO DE COMPUTO
7896;COORDINADORA DE ASUNTOS REGULATORIOS Y CALIDAD;COORDINADORA DE PROCESOS REGULATORIOS
7897;COORDINADOR SEMISENIOR DE RECURSOS HUMANOS;COORDINADOR JUNIOR DE RECURSOS HUMANOS
7898;ANALISTA DE INFORMACION COMERCIAL;COORDINADOR DE INFORMACION COMERCIAL
7899;OFICIAL DE RIESGOS INTEGRALES;OFICIAL DE RIESGO INTEGRAL
7900;COORDINADOR DE GESTION DE MANTENIMIENTO;GERENTE MANTENIMIENTO
7901;AUXILIAR DE HORNOS;ASISTENTE DE HORNOS
7902;COORDINADOR DE SSOA;COORDINADOR DE SSOMA
7903;AUXILIAR DE ASESORIA LEGAL;AUXILIAR DE ASESORIA LEGAL (E)
7904;EJECUTIVO COMERCIAL SENIOR CONCESIONARIOS;EJECUTIVO COMERCIAL CONCESIONARIOS
7905;COORDINADOR DE CONTRALORIA E IMPUESTOS;JEFE DE CONTRALORIA E IMPUESTOS
7906;ANALISTA DE PRECIOS Y MARGENES;ANALISTA DE PRECIOS Y REPORTES
7907;ASISTENTE DE LIQUIDACION;ASISTENTE DE COMPENSACION Y LIQUIDACION
7908;ANALISTA DE INFRAESTRUCTURA;ANALISTA DE INFRAESTRUCTURA Y SERVICIOS GENERALES
7909;SENIOR SITE RELIABILITY ENGINEER;SITE RELIABILITY ENGINEER - INTERMEDIATE
7910;ASISTENTE ADMINISTRATIVO SEGURIDAD;ASISTENTE DE GESTION ADMINISTRATIVA Y SEGURIDAD
7911;AUXIILIAR DE LIMPIEZA;AYUDANTE DE LIMPIEZA Y SERVICIOS GENERALES
7912;SUPERVISOR DE ADMINISTRACION DE PERSONAL;SUPERVISOR DE ASISTENTES ADMINISTRATIVAS
7913;AUXILIAR DE BODEGA DE MATERIA;AUXILIAR BODEGA MATERIALES Y REPUESTOS
7914;ASISTENTE DE OFICINA TECNICA;AUXILIAR TECNICO OFICINA
7915;GERENTE DE INGENIERIA Y SOSTENIBILIDAD;GERENTE DE SOSTENIBILIDAD & INNOVACION
7916;SUPERVISOR DE LOGISTICA Y TRANSPORTE;SUPERVISOR DE MANTEIMIENTO LOGISTICA Y TRANSPORTE
7917;CORTADOR A MANO DE PIEL;CORTADOR DE CUERO
7918;MEDICO OCUPACIONAL;MEDICO GENERAL Y OCUPACIONAL
7919;GERENTE DE AUTOPLAN;JEFE DE AUTOPLAN
7920;ANALISTA DE ACTIVOS;ANALISTA DE CONTROL DE ACTIVOS
7921;SUPERVISOR ADMINISTRATIVO (E);JEFE ADMINISTRATIVO (E)
7922;JEFE DE MANTENIMIENTO LABORATORIO;TECNICO DE MANTENIMIENTO LABORATORIO
7923;COORDINADOR JUNIOR DE CONTROL DE COSTOS;JEFE DE CONTROL DE COSTOS
7924;JEFE DE COMUNICACION CORPORATIVA;JEFE DE PUBLICIDAD Y COMUNICACION
7925;SUPERVISOR CANALES DIGITALES;SUPERVISOR CANALES ELECTRONICOS
7926;OPERADOR DE LA PLANTA DE TRATAMIENTO;AYUDANTE DE OPERADOR DE LA PLANTA DE TRATAMIENTO
7927;GERENTE / GENERAL;GERENTE GENERAL / APODERADO GENERAL
7928;ASISTENTE DE SERVICIO AL CLIENTE GYE;EJECUTIVO SERV CLIENTES GYE
7929;JEFE DE GESTION DEL TALENTO;SUPERVISOR DE GESTION DE TALENTO
7930;INGENIERO DE SOPORTE;INGENIERO DE SOPORTE INFRAESTRUCTURA
7931;CALIBRADOR DE MAQUINA;CALIBRADOR DE MAQUINA CLASIFICADORA
7932;GERENTE ADM FINANCIERO;*GERENTE FINANCIERO
7933;ANALISTA DE NOMINA;ANALISTA DE GESTION DE NOMINA
7934;AYUDANTE DE PESADOR;AYUDANTE DE PESAJE
7935;GERENTE DE MARKETING Y EXPERIENCIA DEL CLIENTE;JEFE DE MARKETING Y SERVICIO AL CLIENTE
7936;MEDICO OCUPACIONAL, SEGURIDAD SALUD Y AMBIENTE;MEDICO SEGURIDAD - HIGIENE Y SALUD OCUPACIONAL
7937;ANALISTA DE COMUNICACIONES JR;ANALISTA JR DE COMUNICACION Y CAPACITACION
7938;REVISOR - INSPECTOR CONTROL DE CALIDAD;REVISOR DE CALIDAD
7939;AYUDANTE DEL SECTOR METALMECANICO 130;AYUDANTE DEL SECTOR METALMECANICO 225
7940;COORDINADOR DE PLANEAMIENTO DE SUMINISTR;COORDINADOR DE SUMINISTRO
7941;ANALISTA DE VALIDACION;ANALISTA TECNICO-VALIDACIONES
7942;ANALISTA 1 DE MARKETING DIGITAL;ANALISTA JR DE MARKETING DIGITAL
7943;ANALISTA COMERCIAL;ANALISTA COMERCIAL SENIOR
7944;EJECUTIVO DE VENTA;EJECUTIVO COMERCIAL DE VENTAS
7945;AYUDANTE DE BODEGA - ESTIBADOR DESPACHO;OBRERO ESTIBADOR - BACK-UP AYUDANTE DE BODEGA
7946;ASESOR POSTVENTA;ASESOR EXTERNO POSTVENTA
7947;JEFE DE MANTENIMIENTO Y OPERACIONES;JEFE DE MANTENIMIENTO Y ADECUACIONES
7948;JEFE DE RECEPCION Y CAJAS;SUPERVISOR DE RECEPCION Y CAJAS
7949;ANALISTA DE ADMINISTRACION DE CONTRATOS;ANALISTA DE ADMINISTRACION DE VENTAS Y CONTRATIACION PUBLICA
7950;ASISTENTE DE SERVICIOS TECNICOS;ASISTENTE DE TECNOLOGIA Y MEDIOS
7951;COORDINADOR DE PRESTACIONES DE SALUD Y FACTURACION;SUPERVISOR DE PRESTACIONES DE SALUD Y FACTURACION
7952;ANALISTA DE INVESTIGACION & DESARROLLO;ANALISTA DE INFORMACION DE INVESTIGACION Y DESARROLLO
7953;AUXILIAR DOCENTE;AUXILIAR ACADEMICO
7954;ASISTENTE DE INSPECCION;ASIST. AUXILIAR EN SERV DE INSPECCION
7955;JEFE DE MEJORA CONTINUA Y CALIDAD;JEFE DE ESTRATEGIA Y MEJORA CONTINUA
7956;ANALISTA CONTROL DE RIESGOS;ANALISTA DE ADMINISTRACION DE RIESGOS
7957;COORDINADOR/A OPERATIVO/A DE CULTIVO DE ROSAS;SUPERVISOR/A DE CULTIVO DE ROSAS
7958;ASISTENTE DE SOPORTE INFORMATICO;ASISTENTE TECNICO DE INFORMATICA
7959;ANALISTA DE OPERACIONES LOGISTICA;ASISTENTE OPERATIVO LOGISTICA
7960;INGENIERO MANTENIMIENTO;INGENIERO SENIOR DE MANTENIMIENTO
7961;INGENIERO DE PERFORMANCE INDUSTRIAL Y SERVICIOS GENERALES;INGENIERO DE PRODUCTIVIDAD Y SERVICIOS
7962;ESPECIALISTA DE BASE DE DATOS;ESPECIALISTA BASE DE DATOS
7963;JEFE DE SEGURIDAD OPERACIONAL;COORDINADOR SEGURIDAD OPERATIVA
7964;EJECUTIVO SENIOR SEGURIDAD INFORMATICA;LIDER DE SEGURIDAD INFORMATICA
7965;ASIST. PRODUCCION;ASIST. PRODUCCION 1
7966;GERENTE DE SISTEMA;GESTOR DE SISTEMAS
7967;ASESOR FINANCIAMIENTO Y SEGUROS;ASISTENTE FINANCIAMIENTO Y SEGUROS
7968;SECRETARIA DE POSGRADOS;DIRECTORA DE POSGRADOS
7969;AUDITOR INFORMATICO JUNIOR;AUDITOR INFORMATICO INTERNO
7970;AYUDANTE DE COMPRAS;ASISTENTE DE VENTAS, COMPRAS
7971;GERENTE DE OPERACIONES IMPORT;JEFE DE OPERACIONES IMPORTACION
7972;ANALISTA DE COORDINACION FINANCIERA;ASISTENTE DE COORDINACION FINANCIERA
7973;ANALISTA SISTEMAS MANTENIMIENTO Y SOPORTE INFORMAT;ANALISTA DE SISTEMAS DE MANTENIMIENTO
7974;ASISTENTE DE MARKETING POSTVENTA;EJECUTIVO DE SOPORTE DE POSTVENTA Y MARKETING
7975;SUPERVISOR DE CERTIFICACIONES Y VERIFICACIONES;SUPERVISOR DE PRECERTIFICACION
7976;COORDINADOR DE MANTENIMIENTO ELECTRICO;COORDINADOR MANT.ELECTRIC
7977;EJECUTIVO EXPERIENCIA AL CLIENTE;EJECUTIVO EXCELENCIA AL CLIENTE
7978;AYUDANTE DE MANTENIMIENTO INDUSTRIAL;AYUDANTE MANTENIMIENTO MECANICO
7979;JEFE DE VENTAS ZONAL;JEFE DE VENTAS - REGIONAL NORTE
7980;ASISTENTE PUBLICIDAD Y MERCADEO;ASISTENTE DE PUBLICISTA
7981;LABORATORISTA;LABORATORISTA SR.
7982;ASESOR DE VENTA;ASESOR VENDEDOR
7983;SUPERVISOR CONTROL DE INVENTARIO;SUPERVISOR DE INVENTARIO Y BODEGA
7984;ASISTENTE DE CENTRO MEDICO;ASISTENTE DE DEPARTAMENTO MEDICO
7985;ASISTENTE PLANEACION LOGISTICA;COORDINADOR DE LOGISTICA (PLANIFICACION REPUESTOS)
7986;GERENTE CORPORATIVO DE TI;GERENTE DE OPERACIONES TI
7987;MARINERO 1;MARINERO 2
7988;COORDINADOR COMERCIAL DE SERVICIO AL CLIENTE;COORDINADOR ADMINISTRATIVO Y SERVICIO AL CLIENTE
7989;ASISTENTE ADMINISTRATIVA CONTA;ASISTENTE ADMINISTRATIVO CONT
7990;OPERADOR MECANICO AUTOMOTRIZ F;OPERADOR MECANICO AUTOMOTRIZ I
7991;DIRECTOR DE LA CARRERA DE INGENIERIA DE DATOS E INTELIGENCIA ARTIFICIAL;DIRECTOR DE CARRERA DE INGENIERIA ELECTRONICA Y AUTOMATIZACION
7992;DOCENTE PREESCOLAR;DOCENTE PREESCOLAR INGLES
7993;PROJECT LEADER;PROJECT MANAGEMENT LEADER
7994;INGENIERO PRODUCCION SENIOR;INGENIERO SENIOR DE PRODUCTIVIDAD Y OPERACIONES
7995;ASISTENTE DE VENTAS Y FACTURACION;AUXILIAR DE FACTURACION Y VENTAS
7996;ASISTENCIA DE GERENCIA TECNICA;GERENTE DE ASISTENCIA TECNICA
7997;SUPERVISOR DE FERTILIZACION;SUPERVISOR DE FERTILIZACION Y MATERIA ORGANICA
7998;COORDINADOR DE OPERACIONES DE RED;JEFE DE OPERACIONES DE RED
7999;COORDINADOR DE PRODUCCION / PLANEADOR;COORDINADOR DE PRODUCTORA
8000;SUB GERENTE ADMINISTRATIVA FINACIERA;SUB GERENTE DE ADMINISTRACION FIDUCIARIA
8001;ESPECIALISTA DE CAPACITACION;ESPECIALISTA DE CAPACITACION Y DESARROLLO
8002;SUPERVISOR DE CONSTRUCCIONES Y MANTENIMIENTO;SUPERVISOR DE ASEGURAMIENTO Y CONTROL DE CALIDAD / SUPERVISOR DE CONSTRUCCIONES
8003;SUPERVISOR DE LABORATORIO;TECNICO SUPERVISOR/A DE LABORATORIO
8004;ASISTENTE DE DESARROLLO HUMANO;ASISTENTE DE DESARROLLO DE TALENTO HUMANO
8005;JEFE DE NEGOCIOS Y SERVICIOS;JEFE DE NEGOCIOS INTEGRAL
8006;JEFE DE CUMPLIMIENTO LABORAL;JEFE DE NOMINA Y CUMPLIMIENTO LABORAL
8007;CONTROLADOR DE TRAFICO;SUPERVISOR DE TRAFICO
8008;AUXILIAR DE SERVIC.GENERALES;AUXILIAR DE SERVICIOS EN GENERAL (ACTIVOS FIJOS)
8009;JEFE DE PRODUCTO CORPORATIVO;COORDINADOR DE PRODUCTO CORPORATIVO
8010;REPRESENTANTE TECNICO I;REPRESENTANTE TECNICO SENIOR
8011;COORDINADOR DE INVENTARIO Y COMPRA;COORDINADOR DE COMPRAS E INVENTARIOS
8012;SUPERVISOR DE MANTEIMIENTO LOGISTICA Y TRANSPORTE;SUPERVISOR DE MATERIALES Y TRANSPORTE
8013;DIRECTOR OPERACIONES;DIRECTOR OPERACIONES Y PROYECT
8014;ASISTENTE DE ESG;ESPECIALISTA DE ESG
8015;JEFE DE TECNOLOGIA DE INFORMACION Y COMUNICACION;JEFE DE OPERACIONES DE TECNOLOGIA DE LA INFORMACION
8016;SECRETARIA DIRECCION;JEFA DE SECRETARIA GENERAL
8017;ASISTENTE ADMINISTRATIVO DE CONTROL DE LA OPERACION;ASISTENTE COORDINACION ADMINISTRATIVA
8018;DOCENTE DE INGLES EDUCACION INICIAL;DOCENTE DE INGLES INICIAL II PREPARATORIA Y ELEMENTAL TERCERO
8019;JEFE COMERCIAL DE IMPORTACIONES;JEFE BODEGA IMPORTACIONES
8020;JEFE TALENTO HUMANO;JEFA DE TALENTO HUMANO
8021;ASISTENTE ADMINISTRATIVA ATENCION AL CLIENTE;ASISTENTE ATENCION AL CLIENTE/FACTURACION
8022;JEFE (A) DE INFRAESTRUCTURA;JEFE DE INFRAESTRUCTURA TECNOLOGICA
8023;DIRECTOR DE PLANEACION FINANCIERA;JEFE_DE_PLANEACION_FINANCIERA_Y_TESORERIA
8024;ANALISTA DE DEMANDA Y DATOS;ANALISTA SENIOR DE DEMANDA Y DATOS
8025;ASISTENTE DE GESTION 2;ASISTENTE GESTION 1
8026;DIRECTOR DE PROYECTO;CODIRECTOR DE PROYECTO
8027;ADMINISTRADOR DE ASEGURAMIENTO DE LA CALIDAD;AGENTE DE CALIDAD Y PROCESOS
8028;COORDINADOR DE RESPONSABILIDAD SOCIAL Y MARKETING;JEFE MARKETING Y SOSTENIBILIDAD
8029;ANALISTA DE CALIDAD Y REGULATORIO;ANALISTA TECNICO DE CALIDAD
8030;ANALISTA DE DESARROLLO;ANALISTA DE DESARROLLO I
8031;SUPERVISOR DE MANTEIMIENTO LOGISTICA Y TRANSPORTE;SUPERVISOR DE TRANSPORTE Y ENTREGA
8032;ENCARGADO ESPECIALISTA T&L;ENCARGADO T&L
8033;ASISTENTE CONTROL CALIDAD;AYUDANTE CONTROL DE CALIDAD
8034;CONTROLER FINANCIERO;GERENTE CONTROL FINANCIERO
8035;GERENTE REGIONAL 1;GERENTE ZONAL ZONA 1
8036;ASISTENTE DE MANTENIMIENTO Y TPM;GERENTE DE MANTENIMIENTO Y TPM
8037;DISE?ADOR GRAFICO;DISEA‘ADOR GRAFICO
8038;OPERADOR SISTEMAS;OPERADOR(A) SISTEMA
8039;COORDINADOR DE EXPORTACIONES;ANALISTA DE EXPORTACIONES
8040;DOCENTE NO TITULAR TIEMPO COMPLETO;DOCENTE NO TITULAR A TIEMPO COMPLETO-TIPO 1
8041;COORDINADOR VENTAS;COORDINADOR ADM VENTAS
8042;ASESOR COMERCIAL NEGOCIOS FIDUCIARIOS;JEFE COMERCIAL NEGOCIOS FIDUCIARIOS
8043;ESTAMPADOR;ESTAMPADO
8044;TECNICO DE SANIDAD VEGETAL;TECNICO DE SANIDAD VEGETAL JUNIOR
8045;ANALISTA DE PROYECTOS TECNOLOGICOS;ANALISTA DE DESARROLLO TECNOLOGICO
8046;SUBINSPECTOR EDUCATIVO BASICA MEDIA;SUBINSPECTOR EDUCATIVO BASICA ELEMENTAL
8047;ANALISTA DE NOMINA Y TALENTO HUMANO;ANALISTA DE TALENTO HUMANO (NOMINA)
8048;AYUDANTE ADMINISTRATIVA;ASISTENTE ADMINISTRATIVA SENIOR
8049;ASISTENTE DE GERENCIA 1;ASISTENTE DE GERENCIA 3
8050;JEFE ADMINISTRATIVO Y OPERACIONES;JEFE ADMINISTRATIVO Y DE SERVICIOS GENERALES
8051;ASESOR COMERCIAL;ASESOR COMERCIAL SENIOR
8052;JEFE SOPORTE TECNICO;TECNICO DE SOPORTE Y TECNOLOGIAS
8053;ANALISTA DE TRANSPORTE;ANALISTA SENIOR DE TRANSPORTE
8054;JEFE PLANEACION;JEFE_DE_PLANEACION
8055;TECNICO DE CONTROL DE PROCESOS;TECNICO DE CONTROL DE PRODUCCION
8056;JEFE DE OPERACIONES TECNICAS;DIRECTOR DE OPERACIONES TECNICAS
8057;SUPERVISOR OPERATIVO;SUPERVISOR OPERATIVO PROCESOS
8058;TRABAJADOR DEL AGRO FUMIGACION TUPIGACHI;TRABAJADOR DEL AGRO TUPIGACHI
8059;JEFE DE SERVICIO AL CLIENTE BACK OFFICE;JEFE DE SERVICIO AL CLIENTE Y OPERACIONES
8060;COORDINADOR DE PRODUCCION;COORDINADOR DE PRODUCCION / PLANEADOR
8061;COORDINADOR INVESTIGACION Y DESARROLLO;DIRECTOR DE INVESTIGACION Y DESARROLLO
8062;ASISTENTE ( DPTO. PRODUCCION );ASISTENTE COORDINADOR DE PRODUCCION
8063;JEFE DE GARANTIA;JEFE LA GARANTIA
8064;COORDINADORA DE GESTION DE CLIENTES;COORDINADORA DE SERV. CLIENTE
8065;SECRETARIA(O) CLINICO;SECRETARIA CLINICA
8066;ACCOUNT DIRECTOR;DIRECTOR, ACCOUNT
8067;SUPERVISOR INGENIERIA Y MANTENIMIENTO NORTE;SUPERVISOR INGENIERIA Y MANTENIMIENTO SUR
8068;TECNICO DE REFRIGERACION Y ELECTRICIDAD;TECNICO DE REFRIGERACION Y COCINAS
8069;LABORATORISTA 2;LABORATORISTA 1
8070;TRADE MARKETING CORDINATOR;TRADE MARKETING MANAGER
8071;GERENTE DE MERCADEO Y VENTAS;GERENTE DE MARKETING Y TIENDAS
8072;ASISTENTE DE PLANEACION Y LOGISTICA;ASESOR DE PLANEACION Y LOGISTICA
8073;ASESOR COMERCIAL REPUESTOS;ASESOR COMERCIAL REPUESTOS MOSTRADOR
8074;SUPERVISOR DE FINANZAS;SUPERVISOR DE FINANZAS Y PRESUPUESTO
8075;ASISTENTE GERENCIA OPERACIONES;GERENTE ADMINISTRATIVO Y OPERACIONES
8076;LIDER DE UNIDAD SMART FIT;LIDER JR. DE UNIDAD SMART FIT
8077;EJECUTIVO COMERCIAL CORPORATIVO;EJECUTIVA COMERCIAL CORPORATIVA
8078;AYUDANTE DE MECANICA;AYUDANTE DE MECANICA 1
8079;DOCENTE - PASTORAL;COORDINADORA DE PASTORAL - DOCENTE
8080;OFICINISTA BODEGUERO;BODEGUERO-OFICINA
8081;JEFE DE VENTAS CORPORATIVO;JEFE VENTAS CORPORATIVAS
8082;ADMINISTRADOR PRODUCCION;JEFE ADMINISTRATIVO PRODUCCION
8083;JEFE DE SISTEMA DE GESTION;GERENTE DE SISTEMAS DE GESTION
8084;SUPERVISOR DE VENTAS QUITO;SUBGERENTE DE VENTAS QUITO
8085;COORDINADOR DE FRIGORIFICO;COORDINADOR DE FRIGORIFICO PT
8086;JEFE DE COMPRAS Y ADQUISICIONES;GERENTE DE COMPRAS Y SUMINISTROS
8087;ANALISTA DE GESTION DE NOMINA;ANALISTA DE NOMINA Y GESTION DE PERSONAL
8088;JEFE DE OPERACIONES DE POSTCOSECHAS;JEFE DE OPERACIONES DE POSTCOSECHAS FV
8089;ANALISTA FINANCIERA SENIOR;ANALISTA SENIOR FINANCIERO ADMINISTRATIVO
8090;ANALISTA DE COMUNICACION Y MEDIOS;ANALISTA DE COMUNICACION Y CULTURA
8091;ASISTENTE DE LOGISTICA Y COMPRAS;ASISTENTE DE LOGISTICA DELIVERY
8092;ASIST. MARCA (EQ);ASIST. MARCA (R)
8093;ASISTENTE ADMINISTRATIVA Y COMERCIAL;ASISTENTE ADMINISTRATIVO JUNIOR
8094;ASISTENTE ADMINISTRATIVA DE OBRA;ASISTENTE ADMINISTRATIVO CONTROL DE OBRAS
8095;COORDINADOR LOCAL;COORDINADOR REGIONAL
8096;COORDINADOR SENIOR DE PROYECTOS;ESPECIALISTA SENIOR DE PROYECTOS
8097;AUXILIAR DE PLANIFICACION FINANCIERA;ASISTENTE PLANEACION Y ANALISIS FINANCIERO
8098;ASISTENTE DE MATERIALES;ASISTENTE DE MATERIALES Y SUMINISTROS
8099;SUPERVISOR DE SOPORTE A USUARIOS;SUPERVISOR DE SOPORTE AL USUARIO FINAL
8100;INGENIERO DEVOPS;INGENIERO DE DEVOPS
8101;OPERADOR DE EMPAQUE;OPERADOR DE EMPAQUETADORA
8102;ASISTENTE DE SEGURIDAD Y AMBIENTE;ASISTENTE DE SEGURIDAD, SALUD OCUPACIONAL Y MEDIO AMBIENTE
8103;JEFE OPERATICA;JEFE GESTION OPERATIVA
8104;ASISTENTE DE DISENO DE SUBESTACIONES;ASISTENTE DE SUBESTACIONES
8105;COORDINADOR INGLES;COORDINADOR GENERAL DE INGLES
8106;WINCHERO DE POPA;WINCHERO TIRA DE POPA
8107;MECANICO A;MECANICO B
8108;ANALISTA ADMINISTRATIVO LOGISTICO;ANALISTA DE LOGISTICA Y DESPACHO
8109;GERENTE DE PLANEACION FINANCIERA;DIRECTOR DE PLANEACION FINANCIERA
8110;JEFE ADMINISTRATIVA Y TALENTO HUMANO;JEFE ADMISTRATIVO Y TALENTO HUMANO
8111;JEFE DE CANALES DE ATENCION Y EXPERIENCIA AL SOCIO/CLIENTE;GESTOR OPERATIVO DE CANALES DE ATENCION Y EXPERIENCIA AL SOCIO/CLIENTE
8112;ASISTENTE DE DIRECCION OPERACIONES;ASISTENTE DTO. DE OPERACIONES
8113;ASISTENTE DE MULTIMEDIA;ASISTENTE DE COMUNICACION Y MULTIMEDIA
8114;ESTIBADOR CAMION 1;ESTIBADOR CAMION 2
8115;CHOFER DE TANQUERO;CHOFER/TANQUERO
8116;EJECUTIVO DE INFRAESTRUCTURA;ESPECIALISTA SENIOR DE INFRAESTRUCTURA
8117;ANALISTA DE GESTION ESTRATEGICA;JEFE DE GESTION ESTRATEGICA
8118;ASISTENTE ADMINISTRATIVO RRHH;ASISTENTE ADM Y RRHH
8119;COORDINADORA DE RECURSOS HUMANOS Y ADMINISTRATICO;ENCARGADO ADMINISTRATIVO Y RECURSO HUMANO
8120;CHOFER DE EQUIPO PESADO;CHOFER DE VEHICULO PESADO I
8121;CONTROLADOR DE DESPACHO;CONTROLADOR DESPACHO Y ALMACEN
8122;OPERADOR DE CALL CENTER;OPERADOR DE CALL CENTER-VENTAS
8123;COORDINADOR DE CREDITOS;COORDINADOR CREDITO PERSONAS
8124;PLANIFICADOR DE DEMANDA;PLANIFICADOR DE DEMANDA Y COMPRAS
8125;SECRETARIA CARRERA DE MEDICINA;SECRETARIA CARRERA MEDICINA
8126;DIRECTOR ADMINISTRATIVO FINANCIERO;DIRECTOR DE FINANZAS
8127;INFORMATION SECURITY SPECIALIST;INFORMATION TECHNOLOGY SPECIALIST
8128;COORDINADOR AMBIENTAL Y SOSTENIBILIDAD;COORDINADOR AMBIENTAL Y PROCESOS
8129;EJECUTIVO DE TELEMERCADEO;EJECUTIVO SOPORTE TELEMERCADEO
8130;ANALISTA DE FORMULACIONES;ANALISTA DE INV Y DLLO FORMULACIONES
8131;OPERADOR TECNICO PLANTA;TECNICO DE OPERACIONES DE PLANTA
8132;ANALISTA DE TALENTO HUMANO;ANALISTA DE EVALUACION Y DESARROLLO DE TALENTO HUMANO
8133;ANALISTA 1 DE INVESTIGACION Y DESARROLLO / ELECTRONICA;ASISTENTE 1 DE INVESTIGACION Y DESARROLLO / ELECTRONICA
8134;ASISTENTE CONTABLE;ASISENTE CONTABLE JUNIOR
8135;JEFE DE COSTOS;JEFE SENIOR DE COSTOS
8136;COORDINADOR DE CAMPAMENTO;COORDINADOR SEMISENIOR DE ADMINISTRACION DE CAMPAMENTO
8137;GERENTE DE SUPPLY CHAIN;JEFE DE SUPPLY CHAIN
8138;PROFESOR DE PADEL 1;PROFESOR DE PADEL 2
8139;EJECUTIVA EN VENTAS;EJECUTIVA DE VENTAS CORPORATIVO
8140;COORDINADOR DE SISTEMA DE GESTION INTEGR;JEFE DE SISTEMA GESTION INTEG.
8141;SUPERVISOR DE OBRA CIVIL;SUPERINTENDENTE DE OBRA CIVIL
8142;ASISTENTE DE BODEGA Y DESPACHO;AYUDANTE DE BODEGA Y DESPACHO
8143;ANALISTA PROGRAMADOR;QA / ANALISTA PROGRAMADOR
8144;SUPERVISOR A;SUPERVISOR I
8145;TRIPULANTES;TRIPULANTES C
8146;AUXILIAR DE AFILIACIONES;SUPERVISOR DE AFILIACIONES
8147;COORDINADOR DE BODEGA MATERIA PRIMA;JEFE DE BODEGA DE MATERIA PRIMA
8148;EJECUTIVO DE SERVICIO AL CLIENTE;JEFE DE EXCELENCIA AL CLIENTE
8149;ASISTENTE TECNICO DE SEGURIDAD;TECNICO DE SEGURIDAD Y PREVENCION RIESGOS
8150;ANALISTA DE DATOS JR;ANALISTA DE INGENIERIA DE DATOS JR
8151;GERENTE DE ASEGURAMIENTO DE CALIDAD;JEFE DE GARANTIA DE CALIDAD
8152;ESPECIALISTA DE DESARROLLO DE PRODUCTO;ESPECIALISTA DE DESARROLLO DE PRODUCTOS SR.
8153;GESTOR DE SEGURIDAD Y SALUD OCUPACIONAL;SUPERVISOR DE SALUD OCUPACIONAL
8154;ASISTENTE DE INVESTIGACION - PROYECTO PHILORNIS;ASISTENTE DE LABORATORIO DEL PROYECTO PHILORNIS DOWNSI
8155;JEFE DE INFRAESTRUCTURA IT;JEFE IT OPERACIONES
8156;JEFE PROYECTO KOSHER;SUPERVISOR PROYECTO KOSHER
8157;DIRECTOR DE MEDIOS;DIRECTOR MEDIOS
8158;JEFE (A) DE INFRAESTRUCTURA;JEFE DE GESTION DE INFRAESTRUCTURA Y NETWORKING
8159;ANALISTA COMUNICACION;ANALISTA DE COMUNICACION Y MEDIOS
8160;AYUDANTE DE LINEA;ASISTENTE DE LINEA
8161;SUPERVISOR DE SEGURIDAD FISICA - A;ASISTENTE I DE SEGURIDAD FISICA
8162;SUPERVISOR A;SUPERVISOR B
8163;AUX DE SERVICIOS;AUX SERVICIO
8164;COORDINADOR DE ETIQUETAS;RESPONSABLE DE BODEGA DE ETIQUETAS
8165;ASISTENTE CONTABLE FINANCIERA;AUXILIAR CONTABLE FINANCIERO
8166;ASISTENTE DE MARKETING E IMAGEN CORPORATIVA;ASISTENTE DE NEGOCIOS Y MARKETING
8167;JEFE DE DESARROLLO DE SISTEMAS;DESARROLADOR DE SISTEMAS
8168;JEFE SEG.INDUSTRIAL Y MEDIO AMBIENTE;JEFE DEPARTAMENTO INDUSTRIAL
8169;AUXILIAR DE BODEGA SR;AUXILIAR DE BODEGA V
8170;COORDINADOR DE GESTION FINANCIERA;COORDINADOR FINANCIERO CORPORATIVO
8171;JEFE DE COMPRAS GENERALES;SUPERVISOR DE COMPRAS GENERALES
8172;ANALISTA DE CREDITO (RIESGOS);ANALISTA DE RIESGOS DE CREDITO Y CONDUCTA DE MERCADO
8173;ASISTENTE DE TRAFICO;ASISTENTE DE TRAFICO Y LOGISTICA
8174;JEFE DE VENTAS CORPORATIVO;JEFE DE COMPRAS Y VENTAS
8175;JEFE ZONAL DE SERVICIO;JEFE ZONAL ENCARGADO
8176;ASISTENTE DE SELECCION Y TALENTO HUMANO;ASISTENTE TECNICO DE TALENTO HUMANO
8177;SUPERVISOR DE INSTRUMENTACION Y CONTROL;SUPERVISOR ELECTRICO Y CONTROL
8178;ANALISTA ADMINISRATIVA;ANALISTA ADMIN
8179;ASISTENTE BALCON DE SERVICIOS;ASESOR DE BALCON DE SERVICIOS
8180;INSPECTOR ASEGURAMIENTO DE CALIDAD;INSPECTOR(A) / CALIDAD EN PROCESO
8181;JEFE DE INVESTIGACION Y DESARR;JEFE DE INVESTIGACION Y D
8182;EJECUTIVO DE CUENTA EXPORT;EJECUTIVO DE CUENTA IMPORT
8183;COORDINADOR CENTRO DE DISTRIBUCION;COORDINADOR LOGISTICO CENTRO DE DISTRIBU
8184;ANALISTA CONTROL DE INVENTARIOS;ANALISTA ADMINISTRACION INVENTARIOS
8185;ANALISTA DE PROYECTO;ANALISTA DE PROYECTO Y DESARROLLO
8186;JEFE ADMINISTRATIVA COMERCIAL;JEFE ADMINISTRATIVA Y DE COMERCIALIZACION
8187;AUXILIAR DE MENSAJERIA Y ARCHIVO;AUXILIAR DE MENSAJERIA Y OFICINA
8188;EJECUTIVO DE SEGUROS CORPORATIVOS PATRIMONIALES;EJECUTIVO DE SEGUROS CORPORATIVOS PERSONAS
8189;ASESOR DE PROMOCION MEDICA;GERENTE DE PROMOCION MEDICA
8190;SUPERVISOR DE PRODUCCION/PROCESOS;SUPERVISOR DE LINEA PRODUCTIVA
8191;VENDEDOR - TIENDA PORTOVIEJO;VENDEDOR PORTOVIEJO
8192;ANALISTA DE MESA DE SERVICIO;ANALISTA DE MESA DE ATENCION TECNICA
8193;OPERADOR DE SLK;OPERADOR DE SLK 2
8194;DOCENTE CIENCIAS NATURALES;DOCENTE DE CIENCIAS
8195;JEFE DE BODEGA Y COMPRAS;JEFE DE PRODUCCION Y BODEGA
8196;COORDINADOR CREDITO;COORDINADOR ASESORES CREDITO
8197;COORDINADOR DE GESTION COMERCIAL;LIDER DE GESTION COMERCIAL
8198;OPERADOR EXTRUSION;OPERADOR EXTRUSION SOPLADO
8199;COORDINADOR DE IMPLEMENTACION Y SERVICIOS;COORDINADOR DE IMPLEMENTACION EN TERRITORIO
8200;ASISTENTE DE TRAFICO RECEPTIVO;ASISTENTE DE TRAFICO TURISMO RECEPTIVO
8201;COORDINADOR OPERATIVO DE TRANSPORTE;COORDINADOR DE TRAFICO Y MONITOREO
8202;ASISTENTE ADIMINISTRATIVO;ASISTENTE ADMINISTRATIVO OFICINA
8203;ANALISTA DE SELECCION Y DESARROLLO ORGANIZACIONAL;ASISTENTE DE SELECCION Y DESARROLLO ORGANIZACIONAL
8204;ESPECIALISTA DE AUTOMATIZACION;ESPECIALISTA DE AUTOMATIZACION Y CONTROL
8205;SECRETARIA FACTURADORA;SECRETARIA/FACTURADORA
8206;ASISTENTE DE GEOLOGIA;4. ASISTENTE DE GEOLOGIA
8207;ANALISTA JR. DE LOGISTICA;ANALISTA LOGISTICA DELIVERY
8208;JEFE DE LA UNIDAD DE ANALISIS DE CREDITO;JEFE DE ANALISIS DE CREDITO
8209;ASISTENTE TECNICO;ASISTENTE DE TECNICO EN SISTEMAS
8210;COORDINADOR DE MEJORAMIENTO E INNOVACION;SUPERVISOR DE MEJORAMIENTO E INNOVACION
8211;ADMINISTRADOR DE APLICACIONES;ADMINISTRACION DE APLICACIONES
8212;SUPERVISOR DE POSTVENTA;SUPERVISOR POSTVENTA
8213;JEFE SENIOR DE ADMINISTRACION DE VENTAS;JEFE VENTAS (DIRECTORES DE VENTAS, COMERCIALIZACION Y DESARROLLO)
8214;GERENTE DE GESTION DE MARKETING;GERENTE DE MARKETING Y CALIDAD
8215;ANALISTA DE PROCESOS Y AUTOMATIZACION;JEFE DE AUTOMATIZACION Y PROCESOS
8216;ASISTENTE DE BODEGA JR;AYUDANTE DE BODEGA R
8217;COORDINADOR DE PROYECTOS Y MEJORA CONTINUA;JEFE DE PROYECTOS Y MEJORA CONTINUA
8218;GERENTE TECNICO COMERCIAL;GESTOR COMERCIAL & TECNICO
8219;DIRECTOR FINANCIERO/ADMINISTRATIVO Y RRHH;DIRECTORA FINANCIERO ADMINISTRATIVO Y TALENTO HUMANO
8220;ANALISTA DE DESARROLLO Y CULTURA ORGANIZACIONAL;ASISTENTE DE CULTURA Y DESARROLLO ORGANIZACIONAL
8221;JEFE DE SERVICIOS IT;COORDINADOR DE SERVICIOS IT
8222;EJECUTIVO ADMINISTRATIVO;EJECUTIVO SR.
8223;COORDINADOR DE BODEGA INDUSTRIAL;JEFE DE BODEGA INDUSTRIAL
8224;OFICIAL DE SEGURIDAD RADIOLOGICA;TECNICO SEGURIDAD RADIOLOGICA
8225;JEFE (A) DE INFRAESTRUCTURA;ENCARGADO DE INFRAESTRUCTURA
8226;SUPERVISOR DE POLINIZACION;ASISTENTE POLINIZACION
8227;JEFE OPERACIONES E INFRAESTRUCTURA;JEFE DE OPERACIONES Y TECNOLOGIA
8228;ASISTENTE DE GESTION DE POSGRADOS DE CIENCIAS DE LA SALUD;COORDINADOR DE GESTION DE POSGRADOS DE CIENCIAS DE LA SALUD
8229;JEFE OPERATIVO FINANCIERO;RESPONSABLE OPERATIVO FINANCIERO
8230;ENSAMBLADOR;ENSAMBLADOR A
8231;ASISTENTE 2 ADMINISTRATIVO;AUXILIAR 1 ADMINISTRATIVO
8232;ASISTENTE ADMINISTRATIVO DE PRESIDENCIA;ASISTENTE DE OFICINA DE PRESIDENCIA
8233;GERENTE COMERCIAL Y MARKETING;GERENTE CORPORATIVO COMERCIAL Y DESARROLLO
8234;GERENTE GENERAL;GERENTE GENERAL ADJUNTA
8235;PLANIFICADOR DE SUMINISTRO;PLANIFICADOR DE SUMINISTRO REGIONAL
8236;JEFE DE PLANIFICACION ESTRATEGICA;JEFE DE PLANIFICACION OPERACIONES
8237;SUPPLY PLANNER;SUPPLY PLANNING MANAGER
8238;COMMUNITY MANAGER;COMMUNITY MANAGER JUNIOR
8239;ANALISTA DE IMPLEMENTACION Y DESARROLLO;ANALISTA, MONITORAMENTO E IMPLEMENTACION
8240;DOCENTE DE QUIMICA;DOCENTE DE QUIMICA / BIOLOGIA
8241;JEFE MANTENIMIENTO Y OPERACIONES;SUPERVISOR DE MANTENIMIENTO OPERACIONES
8242;GERENTE RECURSOS HUMANOS, ADMINISTRACION;GERENTE SENIOR DE RECURSOS HUMANOS
8243;COORDINADORA ASUNTOS CORPORATIVOS;ASISTENTE DE ASUNTOS CORPORATIVOS
8244;ASISTENTE DE OFICINA;ASISTENTE ADMINISTRATIVO OFICINA
8245;ANALISTA PROGRAMADOR;ANALISTA PROGRAMADOR SOFTWARE
8246;ASISTENTE DE GESTION SOCIAL;ASISTENTE DE GESTION SOCIAL Y RECURSOS HUMANOS
8247;ESPECIALISTA DE TECNOLOGIAS DEL ENTRETENIMIENTO;JEFE DE TECNOLOGIAS DEL ENTRETENIMIENTO
8248;COORDINADOR DE DESARROLLO Y CAPACITACION;JEFE DE CAPACITACION Y DESARROLLO
8249;ASISTENTE PO;ASISTENTE POS
8250;LIDER DE COMPENSACIONES Y ESTRUCTURA;COORDINADOR DE COMPENSACION Y ESTRUCTURA
8251;SUPERVISOR DE MATERIA PRIMA;SUPERVISOR MATERIA PRIMA
8252;OPERADOR DE MAQUINA DE EN;OPERADOR DE MAQUINA TECNICO
8253;ASISTENTE ADMINISTRATIVO DE ALMACEN;JEFE / ADMINISTRADOR DE ALMACE
8254;ASISTENT CONTABLE;ASSISTANT CONTABLE
8255;COORDINADOR DE MINA;GERENTE DE MINA
8256;INGENIERA DE INFRAESTRUCTURA;INGENIERO DE SOPORTE INFRAESTRUCTURA
8257;ANALISTA DE COMPRAS Y PLANIFICACION;ANALISTA DE COMPRAS Y PLANIFICACION DE LA DEMANDA
8258;AUDITOR JUNIOR;AUDITOR SENIOR 1
8259;JEFE DE PLANIFICACION FINANCIERA Y ANALISIS;ANALISTA DE PLANEACION FINANCIERA SENIOR
8260;DIRECTOR ADMINISTRATIVO & FINANCIERO;JEFE ADMINISTRACION Y FINANZAS
8261;JEFE DE VENTAS INSTITUCIONAL SIERRA;REPRESENTANTE DE VENTAS INSTITUCIONAL SIERRA
8262;SUPERVISOR DE BODEGA DE PRODUCTO;SUPERVISOR DE INVENTARIO Y BODEGA
8263;JEFE DE MANTENIMIENTO Y PRODUCCION;JEFE DE DESARROLLO Y MANTENIMIENTO
8264;ASISTENTE ADMINISTRACION GENERAL;AUXILIAR ADMINISTRATIVA GENERAL
8265;OPERADOR DE MINAS Y CANTERAS;OPERADOR DE MINAS
8266;ASISTENTE DE ASESOR LEGAL;ASISTENTE ADM. LEGAL
8267;ASISTENTE DE INFRAESTRUCTURA TECNOLOGICA;AUXILIAR DE INFRAESTRUCTURA
8268;JEFE DE VENTAS;JEFE VENTAS (DIRECTORES DE VENTAS, COMERCIALIZACION Y DESARROLLO)
8269;AUX. RADIOLOGIA;AUXILIAR DE RADIOLOGIA
8270;CHEF EJECUTIVO (CHEF DE PARTIDA EN COCINA);CHEF EJECUTIVO (CHEF DE PARTIDA)
8271;BUSINESS INTELLIGENCE;BUSINESS INTELIGENT
8272;SUPERVISOR DE SISTEMA;SUPERVISOR DE SISTEMAS DE GESTION
8273;SUPERVISOR DE PLANIFICACION EN PRODUCCION;SUPERVISOR DE PRODUC Y S.S.O
8274;ASISTENTE CAJA;ASISTENTE CAJA CHICA
8275;DIRECTOR TECNICO SUB13;DIRECTOR TECNICO SUB19
8276;COORDINADOR ADMINISTRATIVO LOGISTICO;COORDINADOR ASISTENTE LOGISTICA
8277;ANALISTA SENIOR DE APLICACIONES;ASESOR DE APLICACIONES SENIOR
8278;JEFE DE AUDITORIA Y CALIDAD;JEFE DE AUDITORIA Y CONTROL DE GESTION
8279;ASISTENTE ADMINISTRATIVO 160;ASISTENTE ADMINISTRATIVO 256
8280;GERENTE DE VENTAS;GERENTE DE VENTAS CONSULTIVAS
8281;JEFE DE SEGURIDAD;JEFE REGIONAL DE SEGURIDAD
8282;COORDINADOR ASUNTOS REGULATORIOS;COORDINADOR DE SISTEMA DE GESTION ASUNTOS REGULATORIOS
8283;ANALISTA DE FACTURACION Y COBRANZAS;ANALISTA OPERACIONES CONTABLES
8284;GERENTE COMERCIAL CORPORATIVO;COORDINADOR COMERCIAL NEGOCIOS CORPORATIVOS
8285;SUPERVISOR DE TALLER DE LATERIA;SUPERVISOR DE TALLER LATONERIA
8286;ANALISTA DE MARKETING;ANALISTA MARKETING Y VENTAS
8287;OPERADOR/EXCAVADORA;OPERADOR EXTRACTORAS
8288;SUPERVISOR DE OPERACIONES REGIONAL;SUPERVISOR DE OPERACIONES SR
8289;ASISTENTE ADMINISTRATIVA Y CONTABLE;ADMINISTRATIVO/CONTADORA
8290;COORDINADOR TECNICO;COORDINADOR TECNICO SENIOR
8291;SUPERVISOR DE GUARDIA;JEFE DE GUARDIA
8292;ASISTENTE DE CALIDAD Y PROCESOS;ASISTENTE ADMINISTRATIVO CALIDAD
8293;JEFE DE MAQUINAS;JEFE DE MAQUINARIA
8294;ASISTENTE DE SOPORTE TECNICO;ASISTENTE / AYUDANTE / AUXILIAR DE SERVICIOS TECNI
8295;BILLING ANALYST;BILLING ANALYST- SENIOR
8296;ASISTENTE DE COSTOS;ASISTENTE DE CONTROL DE COSTOS
8297;GERENTE DE CALIDAD Y DESARROLLO;GERENTE DE CALIDAD Y PROCESOS
8298;ANALISTA DE MICROBIOLOGIA;ANALISTA DE BACTERIOLOGIA
8299;GERENTE DE LOGISTICA Y OPERACIONES;GERENTE LOGISTICA & DISTRIBUCION
8300;CHOFER PARA CAMIONES;CHOFER PARA CAMIONES PESADOS DE HASTA 4.5 TON
8301;ESPECIALISTA SOPORTE TECNICO;TECNICO DE SOPORTE Y TECNOLOGIAS
8302;ANALISTA DE SOPORTE TI;ANALISTA DE TI Y SOPORTE
8303;ASISTENTE DE LOGISTICA DE VIAJES;AYUDANTE DE LOGISTICA Y TRANSPORTE
8304;AUXILIAR DE ENFERMERIA 1;AUXILIAR DE ENFERMERIA 3
8305;ASISTENTE DE MEDIOS;AUXILIAR DE MEDIOS
8306;ASISTENTE TECNICO DE OBRAS;JEFE TECNICO DE OBRAS
8307;DIRECTOR DE DESARROLLO ESTRATEGICO;DIRECTOR DE GESTION ESTRATEGICA
8308;ASISTENTE 1 ADMINISTRATIVO;ASISTENTE ADMINISTRATIVO..D
8309;AUXILIAR DE ALMACEN;AUXILIAR DE COMPRAS Y ALMACEN
8310;GERENTE DE I+D;GERENTE DE PRODUCTO I&D
8311;ASISTENTE DIRECCION TECNICA;AYUDANTE TECNICO Y ADMINISTRATIVO
8312;ENFERMERO (A);3. ENFERMERO
8313;ASISTENTE CONTROL STOCKS MP;ASISTENTE CONTROL STOCKS PT
8314;JEFE ADMINISTRATIVO AGRICOLA;JEFE BODEGA Y ADMINISTRACION AGRICOLA
8315;ASESOR CREDITO;ASITENTE CREDITO
8316;ASIST DE COBRANZAS;ASISTEN DE COBRANZAS
8317;SALES EXECUTIVE;SALES EXECUTIVE SR
8318;ANALISTA DE OPERACIONES DE CREDITO;ANALISTA DE CREDITO - ADMINISTRACION DE CREDITO
8319;JEFE DE PRODUCTO POSVENTA;JEFE PRODUCTO POS
8320;ESPECIALISTA COMPRAS;ESPECIALISTA COMPRAS POR CATEGORIA
8321;ADMINISTRADOR DE TELECOM;ADMINISTRADOR DE TELECOMUNICACIONES E IN
8322;QA TECNICO;TECNICO QA JR
8323;RES. UNIDAD DE RIESGOS;RESP. DE LA UNIDAD DE RIESGOS
8324;ASISTENTE DE MANTENIMIENTO Y SEGURIDAD IDUSTRIAL;ASISTENTE DE MANTENIMIENTO/ SEGURIDAD INDUSTRIAL
8325;OP. EXCAVADORA # 05;OP. EXCAVADORA # 11
8326;AGENTE CALL CENTER;AGENTE COMERCIAL CALL CENTER
8327;SUPERVISOR DE FLOTA;SUPERVISOR DE FLOTA VEHICULAR
8328;MERCADERISTA;MERCADERISTA (MD)
8329;COORDINADOR MANTENIMIENTO AUTOMOTRIZ;COORDINADOR DE ALMACEN DE MANTENIMIENTO
8330;JEFE DE TIENDA HIPERMARKET - 2;ASISTENTE DE TIENDA HIPERMARKET - 2
8331;CUSTOMER CARE SPECIALIST;CLIENT SUPPORT SPECIALIST
8332;DOCENTE BASICA ELEMENTAL ESPANOL;DOCENTE BASICA ELEMENTAL INGLES
8333;INGENIERA DE PROCESOS;ASISTENTE DE INGENIERIA DE PROCESOS
8334;REPRESENTANTE DE DISTRIBUCION;REPRESENTANTE DE VENTAS DISTRIBUCION LOCAL
8335;SUBGERENTE ALMACEN;SUBGERENTE DE ALMACENAMIENTO
8336;AUXILIAR CONTABLE CAJA;AUXILIAR CONTABLE/CAJERA
8337;ASISTENTE DE PLANEACION Y LOGISTICA;ASISTENTE DE PLANIFICACION TRANSPORTE
8338;COORDINADOR DE SEGURIDAD Y AMBIENTE;COORDINADOR DE SEGUR. OCUP. Y AMBIENTE
8339;DESARROLLADOR JUNIOR;DESARROLLADOR TRAINEE
8340;ANALISTA DE DATOS CREDITICIOS;JEFE DE ANALITICA DE DATOS CREDITICIOS
8341;AYUDANTE AUXILIAR DE SERVICIOS EN GENERAL;AYUDANTE DE SERVICIO
8342;ASISTENTE SISTEMAS DE PRODUCCI;AUXILIAR SISTEMAS DE PRODUCCIO
8343;AUX. DE BODEGA;AUX. DE BODEGA (F)
8344;TECNICO REEFER - TURNO H;TECNICO REEFER - TURNO V
8345;AYUD DE SECADOR ROTADISK;AYUDANTE SECADOR ROTADISK
8346;COORDINADOR OPERATIVO IMPORTACIONES;JEFE DE OPERACIONES IMPORTACION
8347;ASISTENTE DE OPERACIONES SENIOR;ASESOR OPERATIVO SENIOR
8348;COORDINADOR DE DESARROLLO TECNOLOGICO;COORDINADOR DE SISTEMAS, DESARROLLO Y TECNOLOGIA
8349;ANALISTA DE COMPRA;ANALISTA DE COMPRAS TECNICAS
8350;COORDINADOR DE PROMOCION Y VENTAS SIERRA;COORDINADOR DE VENTAS SIERRA
8351;JEFE DE PUBLICIDAD Y COMUNICACION;JEFE DE COMUNICACION ORGANIZACIONAL
8352;COORDINADOR DE DISTRIBUCI;COORDINADOR DE PLANEAMIENTO DE DISTRIBUC
8353;JEFE DE PRODUCTOS FINANCIEROS Y CARTERA;JEFE DE PRODUCTOS FINANCIEROS Y RECAUDOS
8354;ASISTENTE DE GERENCIA Y PLANIFICACION;ASISTENTE PLANIFICACION OPERACIONES
8355;AYUDANTE DE BODEGA - ESTIBADOR DESPACHO;AYUDANTE DE BODEGA Y DESPACHO
8356;TALENT ACQUISITION PARTNER;TALENT ATTRACTION PARTNER
8357;CONTRALOR DE NEGOCIO;CONTRALOR DE VENTAS
8358;ASISTENTE DE MONITOREO;SUPERVISOR DE MONITOREO
8359;COORDINADOR DE MANTENIMIENTO MECANICO;COORDINADOR DE MANTENIMIENTO AUTOMOTRIZ
8360;GERENTE PRODUCCION Y CALIDAD;COORDINADOR DE PRODUCCION & CALIDAD
8361;ESPECIALISTA PREVENTA;ESPECIALISTA PREVENTA JR
8362;FIELD SUPERVISOR;FIELD SERVICE SUPERVISOR
8363;AYUDANTE DE MANTENIMIENTO (ESTABLECIMIENTO CATEGORIA);AYUDANTE DE MANTENIMIENTO (ESTABLECIMIENTOS CATEGORIA LUJO
8364;COORDINADOR DE COMPRA DE LECHE;JEFE DE COMPRA DE LECHE
8365;TECNICO DE OPTICAS;TECNICO OPTICO
8366;GERENTE DE MANTENIMIENTO E INGENIERIA;GERENTE DE MANTENIMIENTO Y DESARROLLO
8367;JEFE BODEGA TECNICO;ASISTENTE TECNICO DE BODEGA
8368;ASISTENTE 1 DE LOGISTICA;AUXILIAR 1 DE LOGISTICA
8369;EDITOR GRAFICO;EDITOR GRAFICO DE COMUNICACION
8370;TECNICO DE ASEGURAMIENTO DE CALIDAD;TECNICO DE CALIDAD Y ASUNTOS REGULATORIOS
8371;EJECUTIVO DE FLOTAS VENTA Y POSVENTA;EJECUTIVO DE VENTAS FLOTAS
8372;PROD.PLAN. & SCHED. ANALYST (GT);PROD.PLAN. & SCHED. SENIOR ANALYST
8373;ASISTENTE DE COORDINACION Y LOGISTICA;ASISTENTE DE LOGISTICA SR
8374;AYUDANTE DE CAMARA Y MASTERIZADO;SUPERVISOR DE CAMARA Y MASTERIZADO
8375;JEFE ADMINISTRACION Y RECURSOS HUMANOS;JEFE DE RECURSOS HUMANOS Y SISTEMA DE GESTION
8376;EMPACADOR/CARGADOR 1;EMPACADOR/CARGADOR 6
8377;AUX. DE SECRETARIA;AUXI. SECRETARIA
8378;COORDINADOR CUMPLIMIENTO;SUB GERENTE DE CUMPLIMIENTO
8379;EJECUTIVO DE ATENCION AL CLIENTE Y VENTAS;AGENTE DE SERVICIO AL CLIENTE Y OPERACIONES
8380;CHOFER CAMIONETAS LIVIANAS O MIXTAS HASTA 3.5 TONELADAS;CHOFER: CAMIONES LIVIANOS O MIXTOS HASTA 3.5 TONELADAS
8381;EXPERTO (FUN 3 CSO);EXPERTO (FUN 4) CSO
8382;AUXILIAR DE ALMACEN;GERENTE DE ALMACEN
8383;JEFE DE SEGURIDAD;JEFE DE SEGURIDAD Y COMUN
8384;COORDINADOR DE SISTEMAS DE GESTION DE CALIDAD;COORDINADOR DE DESARROLLO Y GESTION DE CALIDAD
8385;ASISTENTE DE OPERACIONES PORTUARIAS;ASISTENTE OPERADOR EQUIPOS PORTUARIOS
8386;ANALISTA DE COMPRA;ANALISTA DE COMPRAS BIENES Y SERVICIOS
8387;ANALISTA DE CIBERSEGURIDAD;COORDINADOR CIBERSEGURIDAD
8388;JEFE DE TALLERES;JEFE DE TALLER EN PROYECTO
8389;ASESOR DE NEGOCIOS;ASESOR DE NEGOCIOS F&I
8390;GERENTE NACIONAL;GERENTE NACIONAL DE
8391;GERENTE SENIOR DE MANUFACTURA;JEFE DE GESTION DE MANUFACTURA
8392;GUARDIA DE SEGURIDAD PERSONAL;GUARDIA DE SEGURIDAD PRIVADO
8393;ASISTENTE COMERCIAL Y MARKETING;ASISTENTE COMERCIAL MARKETING
8394;GERENTE PRODUCCION Y CALIDAD;GERENTE DE CALIDAD Y PROCESOS
8395;SECRETARIA DE IMPORTACIONES;SECRETARIA IMPORTACION
8396;JEFE DE CENTRO DE REVISIONES TECNICAS;JEFE DE REVISIONES TECNICAS
8397;JEFE DE CALIDAD Y PROCESO;JEFE CONTROL DE CALIDAD Y MEJORA CONTINUA
8398;COORDINADOR DE SUPERVISION;JEFE DE SUPERVISION
8399;GERENTE DE COMUNICACION CORPORATIVA;JEFE DE COMUNICACION CORPORATIVA
8400;COORDINADORA TECNICA Y PEDAGOGICO;COORDINADOR/A TECNICO/A PEDAGOGICA/O
8401;AUXILIAR CALIDAD;AUXILIAR DE CALIDAD, SEGURIDAD Y SALUD
8402;ASISTENTE AUXILIAR CONTABLE;ASISTENTE CONTABLE MASTER
8403;ASISTENTE VENTA;ASISTENTE DE VENTA AA
8404;GERENTE DE CUENTAS CLAVE;GERENTE COMERCIAL CUENTAS CLAVES
8405;DIRECTOR COMERCIAL Y TECNOLOGICO;GERENTE COMERCIAL Y TECNOLOGIA
8406;ASISTENTE LOGISTICA DISTRIBUCION;COORDINADOR DE DISTRIBUCION Y LOGISTICA
8407;SUPERVISOR DE DE VENTAS;SUPERVISOR(A) EN VENTAS
8408;ANALISTA DE CALIDAD DE SEMILLAS;JEFE DE CALIDAD DE SEMILLAS
8409;COORDINADOR DE ALMACENAMIENTO Y SERVICIO;COORDINADOR DE ORDEN Y ALMACENAMIENTO
8410;JEFE DE AUDITORIA MEDICA;ANALISTA DE AUDITORIA MEDICA
8411;ENCARGADO DE TALLER MOLDES INYECCION;MECANICO DE TALLER MOLDES INYECCION
8412;ASISTENTE ADM DE VENTAS;ASISTENTE DE VENTAS B
8413;OPERADOR - BOMBAS Y CISTERNAS;OPERARIO - DE BOMBAS Y CALDEROS
8414;JEFE DE PLANTA;DIRECTOR DE PLANTA
8415;ANALISTA DE COMPRAS Y ABASTECIMIENTO;ANALISTA DE INVENTARIOS Y COMPRAS
8416;COORDINADOR JUNIOR DE GESTION DE SEGURIDAD Y SALUD OCUPACIONAL;RESPONSABLE DE SEGURIDAD Y SALUD OCUPACIONAL
8417;VENDEDOR;VENDEDOR EMPRESARIAL
8418;COORDINADOR DE PLANIFICACION DE PROYECTOS;COORDINADOR DE PLANIFICACION Y PRESUPUESTO
8419;SUPERVISOR DE COBRANZA;SUPERVISOR DE COBROS
8420;ASISTENTE MARKETING Y COMUNICACION;ASISTENTE COMERCIAL Y MARKETING
8421;SUPERVISOR DE INFRAESTRUCTURA TECNOLOGICA Y COMUNICACIONES;COORDINADOR DE INFRAESTRUCTURA Y COMUNICACIONES
8422;ESPECIALISTA MARKETING DIGITAL;ESPECIALISTA MARKETING DIGITAL (MD)
8423;COORDINADOR DE DATA;COORDINADOR DE DATOS
8424;ASISTENTE TECNICA;ASISTENTE TECNICO JR.
8425;SOLDADOR DE SEGUNDA;SOLDADOR DE 2DA
8426;JEFE DE INFRAESTRUCTURA OPERACIONAL;JEFE DE INFRAESTRUCTURA Y SEGURIDAD
8427;COORDINADOR DE CONTROL Y PLANEAMIENTO FINANCIERO;DIRECTOR DE PLANEACION FINANCIERA Y COSTOS
8428;AUXILIAR DE SEGURIDAD DE LA INFORMACION;AUXILIAR DE TECNOLOGIA DE LA INFORMACION
8429;GESTOR DE PRACTICAS ACADEMICAS;GESTOR SENIOR DE PRACTICAS ACADEMICAS
8430;COORDINADOR/A DE PSICOLOGIA;COORDINADOR/A DE PSIQUIATRIA
8431;JEFE DE RESPONSABILIDAD SOCIAL;JEFE DE RESPONSABILIDAD SOCIAL CORPORATIVA
8432;DIRECTOR OPERACIONES MAR;JEFE OPERACIONES MAR
8433;RESPONSABLE DE PUBLICIDAD Y MARKETING;JEFE DE PUBLICIDAD Y RESPONSABILIDAD SOCIAL
8434;OPERADOR TRACTOR;TRACTOR OPERATOR
8435;AUXILIAR DE PROYECTOS;AUXILIAR OPERATIVO DE PROYECTO
8436;SC PLNG ASSOC PLANNER;SC PLNG ASST PLANNER
8437;AUXILIAR DE VENTAS;AUXILIAR DE SERVICIO DE VENTAS
8438;ASISTENTE BODEGA / BODEGUERO;ASISTENTE Y BODEGUERO
8439;ASISTENTE DE ALMACEN;ASISTENTE GERENCIA DE ALMACEN
8440;ASITENTEAUXILIAR DE CONTABILIDAD;ASISTENTE SENIOR DE CONTABILIDAD
8441;ASISTENTE DE CALIDAD Y PROCESOS;ASISTENTE DE CALIDAD Y SIG
8442;AUXILIAR DE METALMECANICA;AUXILIAR METALMECANICA
8443;GERENTE DE ANALITICA DE MERCADO;JEFE DE ANALISIS DE MERCADO
8444;DIRECTOR DE PLANEACION FINANCIERA;RESPONSABLE DE PLANEAMIENTO FINANCIERO
8445;GERENTE CORPORATIVO DE PROYECTOS;GERENTE DE PROYECTOS / ASESOR GERENCIAL
8446;COORDINADOR DE MANTENIMIENTO DE FLOTA;JEFE DE MANTENIMIENTO FLOTA
8447;JEFE DE INFORMACION TECNOLOGICA;JEFE DE TEC DE LA INFORMACION
8448;ABASTECEDOR DE LIQUIDO DE COBERTURA;ABASTECEDOR DE LIQUIDOS
8449;JEFE DE ARQUITECTURA EMPRESARIAL;JEFE DE ARQUITECTURA EMPRESARIAL Y PROCESOS
8450;SUPERVISOR DE CALIDAD Y PROCESOS;SUPERVISOR DE CALIDAD PROCESOS Y AMBIENT
8451;EJECUTIVO DE CUENTA JR;EJECUTIVO DE CUENTA DISTRIBUCION JR
8452;PROFESORA TIEMPO COMPLETO DE LAS CARRERAS DE INGENIERIAS EN COMPUTACION CON CARGA EN GESTION ACADEMICA COMO COORDINADORA ACADEMICA ONLINE;PROFESORA TIEMPO COMPLETO EDUCACION A DISTANCIA CON CARGA DE GESTION ACADEMICA COMO COORDINADORA DE CARRERAS ONLINE
8453;SUPERVISOR VENTAS;SUPERVISOR VENTAS DETALLE
8454;ASISTENTE ATENCION AL SOCIO;ASISTENTE DE ATENCION AL SOCIO/CLIENTE
8455;JEFE DE CUMPLIMIENTO NORMATIVO Y LEGAL;JEFE LEGAL Y DE CUMPLIMIENTO
8456;ARTEFINALISTA;ARTE FINALISTA
8457;JEFE DE TINTORERIA Y ACABADOS;ASISTENTE DE PRODUCCION DE TINTURADO Y ACABADOS
8458;ENCARGADO DE INYECCION;JEFE DE INYECCION
8459;COORDINADOR DE CAPACITACION;JEFE DE CAPACITACION
8460;PATIENT JOURNEY PARTNER;PATIENT JOURNEY PARTNER LEAD
8461;AYUDANTE DE LINEA;AUXILIAR DE LINEA
8462;ASISTENTE BODEGA REPUESTOS Y MATERIA PRIMA;ASISTENTE BODEGA PARTES Y SUMINISTROS
8463;CONTROLADOR DE ALMACENES;CONTROLLER DE ALMACENAMIENTO
8464;ELECTROMECANICO;ELECTROMECANICO INDUSTRIAL
8465;SUPERVISOR DE BODEGA DE MATERIA PRIMA;COORDINADOR DE BODEGA MATERIA PRIMA
8466;OPERADOR DE MAQUINARIA;OPERADOR DE MAQUINARIA JR.
8467;JEFE DE COMUNICACION CORPORATIVA;JEFE DE COMUNICACION ORGANIZACIONAL
8468;COORDINADOR DE SALUD ANIMAL;GERENTE DE SALUD ANIMAL
8469;ANALISTA DE RECURSOS HUMANOS JUNIOR;ASISTENTE DE RECURSOS HUMANOS JUNIOR
8470;ASISTENTE DE REDES Y COMUNICACIONES;COORDINADOR DE REDES Y COMUNICACIONES
8471;DIRECTOR DE CARRERA DE INGENIERIA AUTOMOTRIZ;DIRECTOR DE CARRERA DE INGENIERIA MECANICA
8472;GERENCIA FINANCIERA;GERENCIA FINANCIERA ADMINISTRATIVA
8473;COORDINADOR DE DESARROLLO DE SOFTWARE;COORDINADOR DE INGENIERIA EN SOFTWARE
8474;ADMINISTRADOR RESIDENCIA;RESIDENTE ADMINISTRATIVO
8475;JEFE DE BODEGA Y COMPRAS;ENCARGADO DE BODEGA Y COMPRAS
8476;AYUDANTE DE METALMECANICA;AYUDANTE DE METALIZADO
8477;JEFE DE FLOTA;JEFE DE MANT. DE FLOTA
8478;SUBGERENTE DE MANTENIMIENTO;SUPERVISOR DE MANTENIMIENTO EL
8479;ELECTRICISTA;ELECTRICISTA SR.
8480;GERENTE DE PRODUCTOS MASIVOS;JEFE DE PRODUCTOS MASIVOS
8481;SENIOR MANAGER, IMC STRATEGY;SENIOR PROFESSIONAL(M), IMC STRATEGY
8482;SUPERVISOR DE DISTRIBUCION;SUPERVISOR DE DISTRIBUCION / MONITORISTA
8483;ASISTENTE SOPORTE;ASISTENTE SOPORTE OPERATIVO
8484;JEFE DE ASUNTOS REGULATORIOS;DIRECTOR TECNICO Y ASUNTOS REGULATORIOS
8485;AUXILIAR O AYUDANTE DE CONTABILIDAD;ASITENTEAUXILIAR DE CONTABILIDAD
8486;GERENTE MANTENIMIENTO Y OPERACIONES;JEFE TECNICO DE MANTENIMIENTO
8487;PROFESOR CIENCIAS FISICA;PROFESOR CIENCIAS
8488;ASESOR DE VENTAS JR.;ASESOR DE VENTAS SR.
8489;COORDINADOR DE COBRANZA EXTRAJUDICIAL;GESTOR DE COBRANZA EXTRAJUDICIAL
8490;GESTOR OPERATIVO;GESTOR OPERATIVO DE GERENCIA
8491;JEFE DE INFRAESTRUCTURA OPERACIONAL;JEFE DE INFRAESTRUCTURA Y CALIDAD
8492;ANALISTA JUNIOR ADMINISTRATIVO;ANALISTA JURIDICO ADMINISTRATIVO
8493;TERMINAL AND REPAIR COORDINATOR;TERMINAL AND REPAIRS ASSISTANT
8494;SUPERVISOR DE PRODUCCION JR.;COORDINADOR SENIOR PRODUCCION
8495;COORDINADOR DE COBRANZA EXTRAJUDICIAL;JEFE DE COBRANZAS EXTRAJUDICIALES
8496;TECNICO LABORATORIO;TECNICO RESPONSABLE DE LABORATORIO
8497;DIRECTOR ADMINISTRATIVO FINANCIERO;DIRECTORA ADMINISTRATIVA - FINANCIERA
8498;ASISTENTE MARKETING;ASISTENTE / MARKETING
8499;ASISTENTE DE SERVICIOS DIGITALES;ASISTENTE DIGITAL DE PRODUCTOS Y SERVICIOS
8500;JEFE DE VENTAS ZONAL;SUPERVISOR ZONAL DE VENTAS
8501;EJECUTIVO GESTION DE INFORMACION;EJECUTIVO(A) DE INFORMACION
8502;SUPERVISOR DE BODEGA DE REPUESTOS;SUPERVISOR DE BODEGA DE PRODUCTO
8503;ESPECIALISTA CUMPLIMIENTO;ESPECIALISTA COMPLIANCE
8504;INGENIERO JUNIOR DE AMBIENTE;INGENIERO(A) AMBIENTAL
8505;ASISTENTE DE CAFETERIA;ASISTENTE DE SERVICIOS GENERALES, LIMPIEZA Y CAFETERIA
8506;JEFE CALIDAD Y GESTION;JEFE DE CALIDAD Y SISTEMAS DE GESTION
8507;ASISTENTE DE CALIDAD Y PROCESOS;ASISTENTE DE MEDIO AMBIENTE Y ASEGURAMIENTO DE CALIDAD
8508;CAMARERA DE PISOS;CAMARERA/O DE PISOS
8509;*GERENTE FINANCIERO;GERENTE FINANCIERO ADM. JR
8510;COORDINADOR DE MARKETING Y ADMISIONES;MANAGER DE ADMISIONES Y MARKETING
8511;JEFE PRODUCCION FABRICACION;JEFE DE PRODUCCION Y CALIDAD
8512;SECRETARIA ACADEMICA DE LA CARRERA DE DERECHO;SECRETARIA ACADEMICA DE LA MAESTRIA DE DERECHO
8513;COORDINADOR NACIONAL DE TALENTO HUMANO;TECNICO NACIONAL DE TALENTO HUMANO
8514;JEFE DE CONTROL;JEFE DE CONTROL DE C
8515;ANALISTA DE INFRAESTRUCTURA TECNOLOGICA;INGENIERO DE INFRAESTRUCTURA TECNOLOGICA
8516;ASISTENTE DE SERVICIOS VARIOS;ASISTENTE DE PROVEDURIA Y SERVICIOS GENERALES
8517;SUPERVISOR DE OPERACIONES LOGISTICAS;SUPERVISOR DE LOGISTICA Y PLANILLA
8518;ANALISTA DE VENTAS;ANALISTA DE VENTAS INTERNACIONALES
8519;ASISTENTE SISTEMA INTEGRADO DE GESTION;AUXILIAR DE SISTEMA INTEGRADO DE GESTION
8520;COORDINADOR DE RIESGOS Y CONTROL INTERNO;JEFE DE CONTROL DE RIESGO
8521;JEFE SUCURSAL;JEFE SUCURSAL 1
8522;GERENTE DE GENTE Y CULTURA;GERENTE DE PERSONAS & CULTURA
8523;AUXILIAR DE BODEGA Y OPERADOR;AUXILIAR DE BODEGA Y DISTRIBUCION
8524;VISITADOR MEDICO INSTITUCIONAL;VISITADOR MEDICO ESTANDAR
8525;DIRECTOR DE OPERACIONES E INFRAESTRUCTURA;DIRECTOR DE OPERACIONES E INGENIERIA
8526;SUPERVISOR DE MATERIALES Y TRANSPORTE;SUPERVISOR DE TRANSPORTE Y ENTREGA
8527;ASISTENTE DE RECURSOS HUMANOS GRADO 1;ASISTENTE RECURSOS HUMANOS 1
8528;JEFE DE CALIDAD Y CERTIFICACION;JEFE DE CALIDAD Y PRODUCTO
8529;ASISTENTE DE COMUNICACION JUNIOR GRADO 1;ASISTENTE I DE COMUNICACION
8530;SUPERVISOR DE CONTROL DE CALIDAD CIVIL 3;SUPERVISOR DE OBRA CIVIL 3
8531;ASISTENTE OPERATIVO DE TARJETAS DE CREDITO;ASISTENTE OPERACIONES MEDIOS DE PAGO
8532;ASISTENTE DE TALLER;ASISTENTE TECNICO DE TALLER
8533;SENIOR ANALYST, ACCOUNTING;SENIOR FINANCE ANALYST
8534;ASISTENTE DE LOGISTICA Y TRANS;ASISTENTE DE LOGISTICA EXPORTACION
8535;ASESOR COMERCIAL CORPORATIVO;ASESOR COMERCIAL INSTITUCIONAL
8536;JEFE DE PRODUCCION GYE;JEFE DE PRODUCTO GYE
8537;DIRECTOR DE EDUCACION INICIAL;DIRECTOR DE CARRERA DE EDUCACION INICIAL
8538;COORDINADOR DE CAPACITACION;LIDER DE CAPACITACION
8539;PROFESOR TITULAR PRINCIPAL 1;PROFESOR TITULAR PRINCIPAL
8540;AYUDANTE DE LABORATORIO;AYUDANTE LABORATORIO DE CALIDAD
8541;BODEGUERO GYE;BOHEGUERO GYE
8542;JEFE DE DESARROLLO DE SOFTWARE;JEFE DE DESARROLLO SOFTWARE INSDUSTRIAL
8543;JEFE DE PRESUPUESTO;JEFE DE CONTROL PRESUPUESTARIO
8544;AUXILIAR EN MERCADEO Y PUBLICIDAD;AUXILIAR DE PUBLICIDAD, MARKETING Y RETAIL
8545;AUXILIAR DE CONTROL DE INVENTARIOS;ASISTENTE DE CONTROL DE INVENTARIOS
8546;MERCO IMPULSADOR;MERCO IMPULSADORAS
8547;COORDINADOR COMPRAS LOCALES E IMPORTACION;COORDINADOR DE COMPRAS INDUSTRIALES
8548;ASESOR COMERCIAL SERVICIO TECNICO;ASESOR TECNICO COMERCIAL D
8549;TECNICO DE MANTENIEMIENTO;TECNICO MANTENIMIENTO GENERAL
8550;DOCENTE INICIAL Y PREPARATORIA ESPANOL;DOCENTE INICIAL Y PREPARATORIA INGLES
8551;JEFE DE DESARROLLO COMERCIAL;JEFE DESARROLLO COMERCIO Y SERVICIOS
8552;ANALISTA JR. DE ASEGURAMIENTO Y CONTROL DE CALIDAD;ANALISTA DE CALIDAD Y HSE
8553;HR BUSINESS PARTNER;HUMAN RESOURCES BUSINESS PARTNER
8554;ASISTENTE DE CAMPO;ASISTENTE DE JEFE DE CAMPO
8555;GERENTE DE TESORERIA;GERENTE TESORERIA Y OPERACIONES
8556;COORDINADOR SERVICIOS GENERALES;SUBGERENTE DE SERVICIOS GENERALES
8557;ASISTENTE DE LABORATORIOS DE SOFTWARE;TECNICO DE LABORATORIOS DE SOFTWARE
8558;COORDINADOR DE SEGURIDAD INFORMATICA;SUBGERENTE DE SEGURIDAD INFORMATICA
8559;COORDINADOR DE LABORATORIO;COORDINADOR DE LABORATORIOS DE INVESTIGACION
8560;ANALISTA COMERCIAL Y DE IMPORTACIONES;ANALISTA JR. DE IMPORTACIONES
8561;BRAND MANAGER GEELY;BRAND MANAGER GEELY SUBARU
8562;OPERADOR DE CCTV;TECNICO DE CCTV
8563;COORDINADOR DE PRODUCCION E INVESTIGACION Y DESARROLLO;JEFE DE PRODUCCION / INVESTIGACION Y DESARROLLO
8564;JEFE BODEGA Y LOGISTICA;DIRECTOR DE LOGISTICA Y BODEGA
8565;ANALISTA DE RETENCION Y FIDELIZACION;ASESOR DE RETENCION Y FIDELIZACION
8566;JEFE DE ANALISIS DE CREDITO;COORDINADOR DE ANALISIS Y CONTROL DE CREDITO
8567;ASISTENTE DE GERENCIA MEDICA;GERENTE DE ASISTENCIA MEDICA
8568;SUPERVISOR DE LIMPIEZA Y MANTENIMIENTO;COORDINADOR DE MANTENIMIENTO Y LIMPIEZA
8569;JEFE DE REPUESTOS;GERENTE DE REPUESTOS
8570;ANALISTA CREDITO;ANALISTA VERIFICADOR DE CREDITO
8571;ELECTRICISTA RURAL 1;ELECTRICISTA RURAL 2
8572;AGENTE SENIOR DE SERVICIO AL CLIENTE;ASESOR SENIOR CENTRO ATENCION AL CLIENTE
8573;JEFE REGIONAL DE VENTAS SIERRA CENTRAL;SUPERVISOR DE VENTAS REGION SIERRA
8574;GERENTE DE RIESGO DE CREDITO;GERENTE DE RIESGO, CREDITO Y COBRANZAS
8575;CONTROLLER DE PRODUCCION;COORDINADOR DE CONTROL DE PRODUCCION
8576;GERENTE DE PROYECTOS Y MEJORA CONTINUA;JEFE DE PROYECTOS Y MEJORA CONTINUA
8577;RESPONSABLE DE BODEGA - PLANTA;RESPONSABLE DE PLANTA
8578;ANALISTA DE CONTRATOS;ANALISTA DE SEGUIMIENTO DE CONTRATOS
8579;COORDINADORA DE COMUNICACION ORGANIZACIONAL;COORDINADORA DE COMUNICACION, MKT Y PUBLICIDAD
8580;SUBGERENTE DE VENTAS;SUB GERENTE DE VENTAS
8581;SUPERVISOR DE MANTENIMIENTO PIFO;TECNICO DE MANTENIMIENTO PIFO
8582;TECNICO DE INFRAESTRUCTURA;ASISTENTE DE INFRAESTRUCTURA TECNOLOGICA
8583;AYUDANTE DE SERV. GENERAL;AYUDANTE AUXILIAR DE SERVICIOS EN GENERAL
8584;JEFE DE GESTION AMBIENTAL;COORDINADOR JUNIOR DE GESTION AMBIENTAL
8585;GERENTE DE MARKETING Y VENTAS;GERENTE DE PRODUCCION Y VENTAS
8586;AUXILIAR DE AUDITORIA;ASISTENTE OPERATIVO DE AUDITORIA
8587;SR. SALES REPRESENTATIVE;SR. SALES REP, RETAIL SALES
8588;MEDICO NEFROLOGA;ESPECIALISTA EN NEFROLOGIA
8589;COORDINADOR DE BODEGAS;COORDINADOR DE BODEGAS EXTERNAS
8590;AUXILIAR DE BODEGA;AUXILIAR DE BODEGA 1
8591;ANALISTA DE SISTEMAS Y SOPORTE TECNICO;ANALISTA DE TECNOLOGIA Y SOPORTE TECNICO
8592;DIRECTOR DE COMUNICACION;JEFE DE PUBLICIDAD Y COMUNICACION
8593;MECANICO - AIREADORES;AIREADORES MECANICOS
8594;ASISTENTE DE COMPRAS INTERNACIONALES;ASISTENTE 1 DE COMPRAS INTERNACIONALES
8595;SERVICE COORDINATOR;SERVICE COORDINATOR ON CALL
8596;ASISTENTE TRIBUTARIO;AYUDANTE TRIBUTARIO
8597;JEFE DE PLANIFICACION DE LA DEMANDA Y ABASTECIMIENTO;JEFE DE PLANEACION DE SUMINISTROS
8598;ASISTENTE BALCON DE SERVICIOS;ASISTENTE BALCON DE
8599;GERENTE DE OPERACIONES;GERENTE DE OPERACIONES Y TECNOLOGIA
8600;JEFA DE COMERCIALIZACION;ASISTENTE COMERCIALIZACION
8601;COORDINADOR NEGOCIOS ESPECIALES;DIRECTOR DE NEGOCIOS ESPECIALES
8602;COMPRADOR DE REPUESTOS;VENDEDOR DE REPUESTOS EXTERNO
8603;COORDINADOR/A DE ATENCION AL USUARIO;RESPONSABLE DE ATENCION AL CLIENTE
8604;AYUDANTE DE SELLADO;ASISTENTE DE SELLADO
8605;AYUDANTE IMPRESION;AYUDANTE IMPRESION 1
8606;ASISTENTE DE PAGOS LOGISTICOS;ASISTENTE DE LOGISTICA MEDIOS DE PAGO
8607;ANALISTA DE PROCESOS DE CREDITO;ANALISTA VERIFICADOR DE CREDITO
8608;ASISTENTE DE BACKOFFICE Y CAD;JEFE DE BACKOFFICE Y CAD
8609;ANALISTA DE RIESGO;ANALISTA DE RIESGOS Y SARAS
8610;COORDINADOR ADMINISTRATIVO LOGISTICO;COORDINADOR DE CONTROL LOGISTICO
8611;COORDINADOR DE PROYECTOS Y SERVICIOS;COORDINADOR DE PROYECTOS Y ESTRATEGIA
8612;ASISTENTE DE MANTENIMIENTO DE INSTALACIONES;ASISTENTE DE OPERACIONES Y MANTENIMIENTO
8613;ANALISTA DE ADQUISICIONES;ANALISTA DE ADQUISICIONES I+D
8614;COORDINADOR CAMPO;COORDINADOR ENTRENAMIENTO CAMPO
8615;OPERADOR DE MAQUINA;OPERADOR DE MAQUINA DE ELABORACION
8616;ADMINISTRADOR LOGISTICO;LIDER ADMINISTRATIVO Y LOGISTICO
8617;SUPERVISOR TECNICO;SUPERVISOR DEL DEPARTAMENTO TECNICO
8618;MONITOR DE DESPACHO/VERIFICA/DESPACHO;VERIFICADOR/DESPACHO/MONITOR
8619;GERENTE DE VENTAS;GERENTE SENIOR DE VENTAS
8620;OPERADOR DE BOMBAS;OPERADOR BOMBAS Y COMPRESORES
8621;GERENTE ADMINISTRATIVO Y FINAN;JEFE ADMINISTRATIVO Y TESORERIA
8622;AYUDANTE DE COCINA;AYUDANTE DE COCINA / CARNICERO
8623;EJECUTIVO DE SERVICIO AL AFILIADO;JEFE DE SERVICIO AL AFILIADO
8624;AUXILIAR DE BOVEDA;AUXILIAR OPERATIVO BOVEDA
8625;SUPERVISOR DE INFRAESTRUCTURA Y REDES;SUPERVISOR DE SOPORTE E INFRAESTRUCTURA
8626;TECNICO DE SEGURIDAD Y AMBIENTE;TECNICO SEGURIDAD INDUSTRIAL Y AMBIENTE
8627;SERVICIO AL CLIENTE 3;SERVICIO AL CLIENTE SR.
8628;JEFE DE LOGISTICA Y COSTOS;JEFE DE LOGISTICA - SERVICIOS GENERALES
8629;ASISTENTE DE COMERCIO Y LOGISTICA;ASISTENTE DE LOGISTICA SR
8630;GERENTE DE VENTAS - UIO;SUPERVISOR DE VENTAS UIO
8631;GERENTE DE SOPORTE;GERENTE DE APOYO
8632;SUBGERENTE ADMINISTRATIVA FINANCIERA;SUB GERENTE FINANCIERO ADMINISTRATIVO
8633;ANALISTA HOMOLOGACIONES;SUPERVISOR DE HOMOLOGACIONES
8634;DIRECTORA ADMINISTRATIVA FINANCIERA;DIRECTORA ADMINISTRATIVA FINAN
8635;AYUDANTE DE MANTENIMIENTO (ESTABLECIMIENTOS CATEGORIA TERCERA Y CUARTA;ASISTENTE DE MANTENIMIENTO 3
8636;ASISTENTE ATENCION AL SOCIO;ASISTENTE SERVICIO AL SOCIO
8637;COORDINADOR DE LIQUIDACION;SUPERVISOR DE LIQUIDACION
8638;COORDINADOR DE TRANSFORMACION DIGITAL;COORDINADOR DE GESTION DIGITAL
8639;SUPERVISOR DE OPERACIONES LOGISTICAS;SUPERVISOR DE TRANSPORTE Y ENTREGA
8640;MECANICO SENIOR;MECANICO JUNIOR
8641;GERENTE DE SISTEMAS DE GESTION;SUPERVISOR DE SISTEMAS DE GESTION
8642;COORDINADOR DE PROMOCION MEDICA;GERENTE DE PROMOCION MEDICA
8643;JEFE DE DISTRIBUIDORES;COORDINADOR DE DISTRIBUCION JR.
8644;ADMINISTRADOR DE NEGOCIOS;ADMINISTRADOR DE NEGOCIOS JR.
8645;OPERADOR DE VOLQUETA;OPERADOR DE VOLQUETA AGG
8646;JEFE CONTABLE - FINANCIERO;CONTADOR/CONTROLLER FINANCIERO
8647;JEFE CONTABILIDAD;JEFE DE CONTABILIDAD (F)
8648;ASISTENTE DE PROCESAMIENTO DE DATOS;AUXILIAR DE PROCESAMIENTO DE DATOS
8649;JEFE COMERCIAL CORPORATIVO;JEFE COMERCIAL SEGMENTO COMERCIO
8650;COMMUNITY MANAGER;COMMUNITY MANAGER SPECIALIST
8651;ASESOR TECNICO DE REPUESTOS;ANALISTA TECNICO DE REPUESTOS
8652;ASISTENTE DE CLIENTES Y SERVICIOS;ASISTENTE INTEGRAL DE SERVICIO AL CLIENTE
8653;INGENIERO ARQUITECTURA E INGENIERIA DATOS;JEFE ARQUITECTURA E INGENIERIA DATOS
8654;GESTOR DE DEMANDA;JEFE DE GESTION DE LA DEMANDA
8655;GERENTE DE AUDITORIA;GERENTE DE AUDITORIA FINANCIERA
8656;COORD. IMPORTACIONES;COORD. IMPORTACIONES (R)
8657;LABORATORISTA DE CALIDAD;LABORATORISTA DE CONTROL DE CALIDAD
8658;GERENTE DE FLOTAS;GESTOR DE FLOTA
8659;TECNICO DE PREVENCION;TECNICO PREVENCION DE RIESGOS
8660;ANALISTA INFORMACION;ANALISTA_DE_INFORMACION
8661;ANALISTA DE PRESUPUESTO;ASISTENTE DE ANALISIS DE PRESUPUESTO
8662;ASIST. GERENCIA DE PROYECTOS;GERENCIA DE PROYECTOS
8663;JEFE DE DESARROLLO;JEFE DE DESARROLLO Y MANTENIMIENTO
8664;AUXILIAR DE BASCULA;AYUDANTE DE BASCULA
8665;COCINERA;COCINERA S/F
8666;COORDINADOR DE MEJORA CONTINUA;COORDINADOR DE MEJORA CON
8667;COORDINADOR DE DESARROLLO Y SELECCION;COORDINADORA SELECCION Y DESARROLLO HUMANO
8668;JEFE DE PROYECTOS Y NUEVO NEGOCIOS;JEFE DE NUEVOS PROYECTOS
8669;COORDINADORA COMPRAS E IMPORTACIONES;COORDINADORA DE LOGISTICA E IMPORTACIONES
8670;ASISTENTE COMERCIAL Y DE COMUNICACION;ASISTENTE DE COMUNICACION MARCA CORPORATIVA
8671;SUPERVISOR CALIDAD Y REGULATORIOS;COORDINADOR DE CALIDAD Y CERTIFICACIONES
8672;JEFE COSTOS Y PRESUPUESTOS;JEFE PLANIFICACION CONTROL COSTOS PROYECTOS
8673;AUX. ADMINISTRATIVO;AUXILIAR ADMINISTRAT INSTITUCIONES
8674;SUPERVISOR DE ACONDICIONADO;SUPERVISOR DE REFRIGERACION Y CLIMATIZACION
8675;ANALISTA REPUESTOS;ANALISTA TECNICO DE REPUESTOS
8676;GERENTE AUDITORIA INTERNA;COORDINADOR DE AUDITORIA INTERNA
8677;COORDINADOR DE GESTION AMBIENTAL;COORDINADOR AMBIENTAL Y PROCESOS
8678;SUPERVISOR DE MATERIA PRIMA;SUPERVISOR E&E DE MATERIA PRIMA
8679;COORDINADOR DE LOGISTICA INVERSA;COORDINADOR SENIOR LOGISTICA INVERSA
8680;ASISTENTE CONTROL DE PRODUCCION;ASISTENTE COORDINADOR DE PRODUCCION
8681;COORDINADOR DE PLANIFICACION DE PRODUCCION;COORDINADOR DE CONTROL DE PRODUCCION
8682;INGENIERO ELECTRICO SENIOR;INGENIERO ELECTRONICO SENIOR
8683;INGENIERO DE SOLUCIONES CORPORATIVA;INGENIERO SENIOR DE SOLUCIONES CORPORATIVAS
8684;CONSULTOR TECNICO COMERCIAL;CONSULTOR TECNICO DE VENTAS
8685;ASISTENTE DE SOLUCIONES DE PAGO;COORDINADOR DE SOLUCIONES DE PAGO
8686;ASISTENTE ADMINISTRATIVO DE PRESIDENCIA;ASISTENTE DE PRESIDENCIA Y GESTION DE PROCESOS
8687;AYUDANTE DE BODEGA Y REPARTO;AYUDANTE DE BODEGA DE TABLEROS
8688;ASISTENTE GESTION 10;ASISTENTE GESTION 11
8689;PREPARADOR FISICO;PREPARADOR/A FISICO/A
8690;ASISTENTE TECNICO DE INFRAESTRUCTURA;ASISTENTE ADMINISTRATIVO INFRAESTRUCTURA
8691;ANALISTA COMPRAS Y CONTRATACIONES;ANALISTA DE COMPRAS BIENES Y SERVICIOS
8692;ANALISTA DE TALENTO HUMANO;ANALISTA DE TALENTO HUMANO 1
8693;TECNICO EN MANTENIMIENTO DE COMPUTADORAS;TECNICO EN MANT. EQUIPO COMPUTO
8694;ASISTENTE GERENTE DE PLANTA;AYUDANTE DE SERVICIOS GENERALES EN PLANTA
8695;COORDINADOR NACIONAL DE SERVICIO TECNICO;COORDINADOR TECNICO NACIONAL
8696;CHOFER OTROS CAMIONES;CHOFER DE CAMIONETAS
8697;DOCENTE LENGUA Y LITERATURA;DOCENTE DE LENGUAJE
8698;TECNICO DE INFRAESTRUCTURA;INGENIERO INFRAESTRUCTURA
8699;GERENTE DE PRODUCTO FARMA;GERENTE DE PRODUCTO FARMA PROFLORA
8700;JEFE DE MANTENIMIENTO Y OPERACIONES;JEFE DE MANTENIMIENTO Y PRODUCCION
8701;JEFE DE RECLUTAMIENTO Y SELECCION;JEFE CORPORATIVO DE SELECCION Y CONTRATACION
8702;JEFE DE LOGISTICA Y ADQUISICIONES;JEFE DE SUMINISTROS Y LOGISTICA
8703;ASISTENTE CONTROL OPERATIVO;AYUDANTE DE CONTROL DE OPERACIONES
8704;ANALISTA DE DEMANDA;ANALISTA DE DEMANDA Y DATOS
8705;COORDINADOR IMAGEN CORPORATIVA;GERENTE DE IMAGEN CORPORATIVA
8706;ASISTENTE DE ACTIVOS FIJOS;ASISTENTE ADMINISTRATIVO ACTIVOS FIJOS
8707;COORDINADOR DE INGENIERIA;COORDINADOR DE INGENIERIA DE CAMPO
8708;SUBCONTADOR DE EMPRESA;SUBCONTADOR NEGOCIOS
8709;ASISTENTE DE PROYECTOS Y MEJORA CONTINUA;ASISTENTE DE SEGUIMIENTO PROYECTOS
8710;ANALISTA CUENTAS CONTABLES;ANALISTA DE CONTABILIDAD (CUENTAS POR PAGAR NOMINA)
8711;TECNICO DE OPTICAS;TECNICO OPTICO DE LABORATORIO
8712;ASISTENTE DE COMUNICACION Y MARKETING;ASESOR DE COMUNICACION Y MARKETING
8713;ANALISTA DE LOGISTICA INVERSA;ASISTENTE DE LOGISTICA INVERSA
8714;COORDINADOR DE COMUNICACION DIGITAL;COORDINADOR DIGITAL, MULTIMEDIA Y REDES SOCIALES
8715;OPERADOR DE TRITURADORA;OPERADOR DE PLANTA TRITURADORA # 01
8716;COORDINADOR DE PRODUCCION E INVESTIGACION Y DESARROLLO;COORDINADOR DEL AREA DE PRODUCCION
8717;AUXILIAR DE MANTENIMIENTO 2;AUXILIAR EN MANTENIMIENTO-LIMPIEZA
8718;ASISTENTE/AYUDANTE/AUXILIAR DE BODEGA (POLIFUNCIONAL);POLIFUNCIONAL DE SERVICIOS / AYUDANTE DE BODEGA
8719;DISENADOR MODAS;DISENADOR MODAS (R)
8720;AUXILIAR POSTCOSECHA;ASIST. POSTCOSECHA
8721;ASISTENTE DE LOGISTICA Y ALMACENAMIENTO;COORDINADOR ASISTENTE LOGISTICA
8722;ANALISTA DE ENTRENAMIENTO;ANALISTA DE ENTRENAMIENTO INVESTIGACION Y DESARROLLO
8723;DESARROLLADOR/A DE PRODUCTO;DESARROLLADOR/A JUNIOR DE PRODUCTO
8724;ASISTENTE DE VENTAS CORPORATIVAS;ASISTENTE COMERCIAL DE VENTAS
8725;ANALISTA ADMINISTRACION DE PERSONAL;ANALISTA DE CONTRATACION Y ADMINISTRACION DE PERSONAL
8726;AUDITOR DE CONTROL DE CALIDAD;AUDITOR INTERNO DE GESTION DE CALIDAD Y SISTEMAS
8727;OPERADOR DE EXTRUSORA;OPERADOR DE EXTRUSOR (BC)
8728;GERENTE EJECUTIVO;COORDINADOR GERENCIA GENERAL Y COMITE EJECUTIVO
8729;JEFA DE COMPRAS Y LOGISTICA;GERENTE SENIOR DE COMPRAS Y LOGISTICA
8730;ASISTENTE FACTURACION Y COBRANZAS;AYUDANTE DE FACTURACION
8731;GERENTE DE INGENIERIA Y PRESUPUESTOS;GERENTE DE INGENIERIA Y PROYECTOS
8732;SUPERVISOR DE BODEGA/ALMACEN;JEFE DE BODEGA / ALMACEN
8733;GERENTE SENIOR DEL AREA LEGAL;GERENTE SENIOR DE CONSULTORIA LEGAL
8734;ASISTENTE DESARROLLO ORGANIZACIONAL;TECNICO DE DESARROLLO ORGANIZACIONAL
8735;COORDINADOR DE COMPRAS E IMPORTACIONES;COORDINADOR DE COMPRAS & RETAIL
8736;JEFE ADMINISTARTIVO DE VENTAS;GERENTE ADMINSTRATIVA DE VENTAS
8737;DESPACHADO Y LOGISTICA;DESPACHADOR Y LOGISTICA
8738;AYUDANTE DE LOGISTICA;AYUDANTE DE OPERACIONES ( LOGISTICO)
8739;TECNICO DE SERVICIO;TECNICO DE SERVICIOS INDUSTRIALES
8740;GERENTE FIN&ADM;GERENTE FINAN.ADM.
8741;ANALISTA SUPPLY CHAIN;ANALISTA SR SUPPLY CHAIN
8742;COORDINADOR DE OPERACIONES Y COEX;COORDINADOR GENERAL DE OPERACIONES
8743;DISENADOR WEB;DISENADOR WEB MASTER
8744;GERENTE DE OPERACIONES Y LOGISTICA INTEGRAL;GERENTE DE OPERACIONES LOGISTICAS Y SERV AL CLIENTE
8745;COORDINADOR DE PRODUCCION - B;JEFE DE PRODUCCION - B
8746;COORDINADOR VENTAS & SERVICIO;COORDINADOR COMERCIAL & SERVICIO
8747;COORDINADOR DE GESTION AMBIENTAL;ASISTENTE I DE GESTION AMBIENTAL
8748;TECNICO DE ESTRUCTURA;TECNICO ESTRUCTURISTA
8749;JEFE DE TOPOGRAFIA;GERENTE TOPOGRAFIA
8750;SUPERVISOR DE MERCADEO;SUPERVISOR DE MERCHANDISING
8751;GERENTE DE FINANZAS Y CONTABILIDAD;GERENTE DE FINANZAS Y PLANIFICACION PRESUPUESTARIA
8752;ASISTENTE AMBIENTE;ASISTENTE AMBIENTAL
8753;JEFE DE PRODUCCION ESTERILES;SUPERVISOR DE PRODUCCION ESTERILES
8754;SUBGERENTE FINANCIERO;SUPERVISOR FINANCIERO
8755;COORDINADOR DE EXPERIENCIA AL CLIENTE;COORDINADOR DE CALIDAD Y EXPERIENCIA AL CLIENTE
8756;GERENTE ADMINSTRATIVO;N GERENTE ADMINISTRATIVO
8757;ASISTENTE DE GESTION DOCUMENTAL;AUXILIAR DE GESTION DOCUMENTAL
8758;ASISTENTE DTO. DE DISENO;ASISTENTE OPERATIVO DE DISENO
8759;JEFE CORPORATIVO DE SERVICIO AL CLIENTE;JEFE DE CUSTOMER CARE CORPORATIVO
8760;TECNICO DE SST;TECNICO DE SST Y MA
8761;AYUDANTE BODEGA DISTRIBUCION;AUXILIAR DE BODEGA Y DISTRIBUCION
8762;PSICOLOGA DE PRE-ESCOLAR;PSICOLOGA EDUCATIVA INFANTIL
8763;JEFE DE OBRA INSTALACIONES;JEFE PROYECTOS E INSTALACIONES CORPORATIVAS
8764;COORDINADOR 1 DE PLANIFICACION DE DEMANDA;GERENTE DE PLANIFICACION DE LA DEMANDA
8765;ANALISTA FINANCIERO COMERCIAL;ANALISTA SENIOR ESTADISTICO FINANCIERO
8766;SUPERVISOR DE TRANSITO;SUPERVISOR DE TRAFICO
8767;COORDINADOR DE COMPRAS Y COMEX;JEFE DE COMPRAS Y COMEX
8768;GERENTE SENIOR DE IMPUESTOS;ESPECIALISTA SENIOR DE IMPUESTOS
8769;ANALISTA DE COMUNICACIONES E INFRAESTRUCTURA;ANALISTA DE INFRAESTRUCTURA Y SEGURIDAD INFORMATICA
8770;ASESOR DE IMPORTACIONES;ASESOR IMPORTACIONES Y NEGOCIOS INTERNACIONALES
8771;COORDINADORA ADMINISTRATIVA;COORDINADORA ADMINISTRATIVA Y RRHH
8772;JEFE TECNICO DE PRODUCCION;ANALISTA TECNICO DE PRODUCCION
8773;ASISTENTE DE GERENCIA Y CONTABILIDAD;GERENTE DE DEPARTAMENTO DE ADMINISTRACION Y CONTABILIDAD
8774;AYUDANTE DEL SECTOR METALMECANICO 130;AYUDANTE DEL SECTOR METALMECANICO 139
8775;MEDICO ESPECIALISTA EN PEDIATRIA;MEDICO ESPECIALISTA - PEDIATRA
8776;COORDINADOR DE OPERACIONES COMERCIALES;JEFE SERVICIOS OPERACIONES COMERCIALES
8777;AYUDANTE DE EMPAQUE;AYUDANTE DE EMPACADO
8778;ASESOR TECNICO COMERCIAL JR;ASESOR TECNICO COMERCIAL E
8779;JEFE DE MARKETING Y VENTAS;JEFE DE MARKETING Y PROMOCIONES
8780;ASISTENTE DISTRIBUCION Y ALMACENAMIENTO;COORDINADOR DE ALMACENAMIENTO Y SERVICIO
8781;ASISTENTE DE CAPACITACION;ASISTENTE ADMINISTRATIVO DE CAPACITACION
8782;COORDINADOR ZONA 2;GERENTE ZONAL ZONA 2
8783;ASISTENTE DISTRIBUCION;ASISTENTE DISTRIBUCION Y ALMACENAMIENTO
8784;ASISTENTE BODEGA PARTES Y SUMINISTROS;ASISTENTE DE BODEGA DE SUMINISTROS
8785;OPERADOR SERVICIOS A LA PRODUCCION;OPERADOR DE PRODUCCI�N JR.
8786;CORDINADOR DE OPERACIONES;CORDINADOR DE OPERACIONES JUNIOR
8787;ASISTENTE ADMINISTRATIVO RRHH;ASISTENTE ADMINISTRATIVA Y TTHH
8788;MEDICO EN SEGURIDAD Y SALUD OCUPACIONAL;MEDICO SEGURIDAD - HIGIENE Y SALUD OCUPACIONAL
8789;JEFE DE LICITACIONES;JEFE NACIONAL DE LICITACIONES
8790;COORDINADOR DE REASEGUROS;SUPERVISOR DE REASEGUROS
8791;CAJERA FACTURADORA;CAJERA/FACTURADORA
8792;ANALISTA DE GEOANALITICA;ESPECIALISTA DE GEOANALITICA
8793;INGENIERO DE DISENO Y DESARROLLO;INGENIERO DESARROLLO DE
8794;TECNICO DE PRODUCCION;JEFE TECNICO DE PRODUCCION
8795;ASESOR COMERCIAL SERVICIO TECNICO;ASESOR TECNICO COMERCIAL (1)
8796;AUXILIAR DE BODEGA Y LOGISTICA;AYUDANTE DE BODEGA Y REPARTO
8797;LLENADORAS (COSECHA);LLENADORAS (COSIDA)
8798;COORDINADOR DE GESTION DE MANTENIMIENTO;COORDINADOR DE MANTENIMIENTO MECANICO
8799;SUPERVISOR DE TINTURACION;SUPERVISOR DE TINTURA DE PRENDAS
8800;ASISTENTE DE AUDITORIA JR;ASISTENTE DE AUDITORIA SR.
8801;JEFE DE ENTRENAMIENTO;COORDINADOR SENIOR DE ENTRENAMIENTO
8802;TECNICA DE SEGURIDAD OCUPACIONAL;TECNICA DE SEGURIDAD EN EL TRABAJO
8803;RESPONSABLE DE SOPORTE Y MANEJO DE INFORMACION;RESPONSABLE DE SOPORTE Y MANEJO DE INFORMACION (COM)
8804;JEFE DE REVISORIA Y CONTROL;JEFE CONTROL ADMINISTRATIVO
8805;JEFE DE SECTOR;GERENTE DE SECTOR
8806;VISITADOR MEDICO CARDIO CLIICA SIERRA;VISITADOR MEDICO CARDIOMETA B SIERRA
8807;COORDINADOR SEMISENIOR;COORDINADOR SENIOR
8808;ASISTENTE ADMINISTRATIVA-CONTABLE;ASISTENTE CONTABLE Y TESORERIA
8809;COORDINADOR COMPRAS PUBLICAS;JEFE COMPRAS PUBLICAS
8810;TRABAJADOR ACUICOLA ( OPERADOR COSECHADORA);TRABAJADOR ACUICOLA - OPERADOR MAQUINA
8811;EJECUTIVO POS-VENTA;EJECUTIVO POST VENTA
8812;ANALISTA DE ESTRATEGIA;ANALISTA DE ESTRATEGIA Y NEGOCIOS
8813;COORDINADO DE PRODUCCION;COORDINADOR DE PRODUCCION - A
8814;ANALISTA JR DE FINANZAS;ANALISTA FINANCIERO Y DE DATOS
8815;ASISTENTE ADMINISTRATIVO Y COBRANZA;ADMINISTRATIVO-ASISTENTE ADMINISTRATIVO
8816;PRORRECTOR;PRORECTOR
8817;ASISTENTE DE CAMPO;AUXILIAR DE CAMPO
8818;AYUDANTE BODEGA DE BOBINAS;AYUDANTE DE BOBINADORA
8819;JEFE DE PLANIFICACION FINANCIERA Y ANALISIS;JEFE DE PLANIFICACION FINANCIERA Y COSTOS
8820;JEFE DE PLANIFICACION OPERACIONES;GERENTE DE LA PLANIFICACION DE OPERACIONES
8821;ASISTENTE DE POST VENTA;ASESOR DE POST VENTA
8822;AUXILIAR COCINA;AUX. COCINA
8823;JEFE DE MANTENIMIENTO FLOTA;ASISTENTE DE MANTENIMIENTO Y FLOTA
8824;DIRECTOR ADMINISTRATIVO - FINANCIERO;GERENTE FINANCIERO ADMINISTRATIVO CORPORATIVO
8825;COORDINADOR/A VENTAS;COORDINADOR VENTAS A DISTRIBUIDORES
8826;ASISTENTE DE BIENESTAR SOCIAL;ASESOR DE BIENESTAR SOCIAL
8827;COORDINADOR LOGISTICO DE TRANSPORTE;COORDINADOR LOGISTICO SERVICIO AL CLIENTE
8828;ANALISTA TECNICO COMERCIAL PROYECTO;ASESOR TECNICO COMERCIAL PROYECTOS
8829;AUDITOR INFORMATICO;AUDITORA INFORMATICA
8830;ANALISTA REVENUE MANAGEMENT;ANALISTA SR. REVENUE MANAGEMENT
8831;ANALISTA MARKETING Y NEGOCIOS;ANALISTA DE ESTRATEGIA Y NEGOCIOS
8832;AYUDANTE DE LIMPIEZA Y SERVICIOS GENERALES;JEFE DE SERVICIOS GENERALES Y LIMPIEZA
8833;OPERADOR DE TRACTOR;OPERADOR TRACTOR
8834;SOLDADOR DE MANTENIMIENTO;ASISTENTE DE MANTENIMIENTO (SOLDADOR)
8835;INGENIERO DE SOFTWARE L3.1;INGENIERO DE SOFTWARE L4.1
8836;DIRECTOR DE VENTAS;DIRECTOR_DE_VENTAS
8837;PROFESOR TITULAR Y JEFE DE AREA;VICERRECTORA - COORDINADOR DE AREA Y PROFESOR TITULAR
8838;COORDINADOR DE PRODUCCION / PLANEADOR;PLANIFICADOR/A DE PRODUCCION
8839;DIRECTOR DE ADMISIONES;DIRECTOR DE ADMISIONES Y COMUNICACION
8840;COORDINADOR BODEGA;COORDINADOR DE BODEGA MATRIZ
8841;JEFE OPERATIVO - BODEGA;JEFE ADMINISTRATIVO - BODEGA
8842;ASISTENTE DE PROYECTOS ESPECIALES;ASISTENTE_DE_ESPACIOS_Y_PROYECTOS
8843;MECANICO EN GENERAL;MECANICO GENERAL
8844;COORDINADOR DE CENTRO DE OPERACIONES;COORDINADOR GENERAL DE OPERACIONES
8845;ASISTENTE DE SELECCION;ASISTENTE JR. DE SELECCION
8846;COORDINADOR DE TRANSPORTE Y DISTRIBUCION;COORDINADOR LOGISTICO CENTRO DE DISTRIBU
8847;OPERADOR PRODUCCION;OPERADOR TECNICO DE PRODUCCION
8848;PROFESOR MATEMATICAS DEL NIVEL EGB SUPERIOR Y BACHILLERATO;PROFESORA DE MATEMATOCAS DEL NIVEL EGB ELEMENTAL Y MEDIA
8849;COORDINADORA DE VENTAS Y SERVICIOS;COORDINADORA DE VENTAS DIRECTAS
8850;RESIDENTE DE OBRAS;RESIDENTE DE OBRA DE INGENIERIAS
8851;ANALISTA DE COMERCIO EXTERIOR;ANALISTA DE COMERCIO EXTERIOR Y COMPRAS
8852;JEFE DE PROYECTOS TI;JEFE DE DESARROLLO TI
8853;ASISTENTE ADMINISTRADOR;ASISTENTE ADMINISTRATIVA 4
8854;ESPECIALISTA DE ADMINISTRACION DE APLICACIONES;TECNICO EN ADMINISTRACION DE APLICATIVOS
8855;GERENTE DE PROCESOS;GESTOR DE PROCESOS ADMINISTRATIVOS
8856;LECTOFACTURADOR;LECTOFACTURADOR SOPORTE
8857;DIRECTOR DE RECURSOS HUMANOS;DIRECTOR CORPORATIVO DE RECURSOS HUMANOS
8858;ANALISTA CONTABLE FINANCIERA;ANALISTA CONTABLE Y FINANCIERO
8859;OPERADOR DE PLANTA DE TRATAMIENTO CP;OPERADOR PLANTA TRATAMIENTO CT. PRODUCC
8860;JEFE DE NUEVOS NEGOCIOS;COORDINADOR NUEVOS NEGOCI
8861;COORDINADOR DE SEGURIDAD DE LA INFORMACION;COORDINADOR DE SEGURIDAD INFORMATICA
8862;ASISTENTE DE COMPRAS Y CONTABILIDAD;ASISTENTE DE PROYECTO Y COMPRAS
8863;ASISTENTE 1 DE AUDITORIA INTERNA;ASISTENTE SENIOR DE AUDITORIA INTERNA
8864;GUARDIA DE SEGURIDAD;GUARDIA SEGURID
8865;COORDINADOR ADQUISICIONES;COORDINADOR SENIOR DE ADQUISICIONES
8866;ANALISTA CONTROL DE INVENTARIOS;ANALISTA CONTROL DE INVENTARIO
8867;JEFE DE PLANIFICACION Y CONTROL;JEFE DE PLANIF Y PROGRAMA
8868;JEFE DE MECANICA;JEFE DE MECANICA INDUSTRIAL
8869;ASESOR OPERATIVO;ASESOR/ GESTOR OPERACIONAL
8870;ASISTENTE DE FACILITACION;ASISTENTE DE FACILIDADES
8871;CHOFER DE VOLQUETA # 10;CHOFER DE VOLQUETA # 28
8872;ANALISTA DE NOMINA;ANALISTA NOMINA
8873;OFICIAL DE CAPACITACION;OFICIAL DE FORMACION Y CAPACITACION
8874;CINTA DE INSPECCION EMPAQUE L3;CINTA DE RE-INSPECCION EMPAQUE L3
8875;ANALISTA CALIDAD SERVICIO;ANALISTA DE CALIDAD JR
8876;RESPONSABLE DE FACTURACION;ENCARGADO DE FACTURACION
8877;GERENTE GENERAL ADMINISTRATIVO;GERENTE NACIONAL ADMINISTRATIVO
8878;GERENTE DE PLANEACION FINANCIERA;GERENTE DE PLAN FINANCIERA
8879;COORDINADOR REGIONAL DE VENTAS;COORDINADOR ADMINISTRACION VENTAS
8880;GERENTE DE AGENCIA;AGENTE O GERENTE DE AGENCIA
8881;AYUDANTE DE CONTABILIDAD;AUXILIAR DE CONTABILIDAD (E)
8882;EJECUTIVA DE VENTAS JUNIOR;EJECUTIVO DE VENTAS JUNIOR AL POR MAYOR Y MENOR
8883;DOCENTE DE PREESCOLAR;DOCENTE PRE-ESCOLAR PK
8884;ASISTENDE ADMINISTRATIVO;ASISTENTE ADMINISTRA
8885;AYUDANTE A DE MANTENIMIENTO;AYUDANTE DE MANTENIMIENTO INDUSTRIAL
8886;JEFE DE SALUD Y SEGURIDAD OCUPACIONAL;GERENTE DE SEGURIDAD Y SALUD OCUPACIONAL
8887;ANALISTA DE FACTURACION;ANALISTA DE FACTURACION Y CREDITO
8888;AUXILIAR DE FLOTA;AUXILIAR JEFE DE FLOTA
8889;COORDINADOR DE CULTURA ORGANIZACIONAL;JEFE DE CULTURA Y DESARROLLO ORGANIZACIONAL
8890;JEFE DE CAPACITACION;JEFE DE CAPACITACION Y ENTRENAMIENTO
8891;ASISTENTE DE SERVICIO TECNICO;ASESOR DE SERVICIO TECNICO
8892;AYUDANTE DE MECANICO DE EQUIPOS INDUSTRIALES;MECANICO DE EQUIPOS INDUSTRIALES
8893;JEFE DE PROYECTOS;EJECUTIVO DE PROYECTOS Y PROCESOS
8894;COORDINADOR DE PLANIFICACION Y PRECIOS;COORDINADOR DE PLANIFICACION Y PRESUPUESTO
8895;GERENTE DE TECNOLOGIA Y TRANSFORMACION DIGITAL;GERENTE DE ESTRATEGIA TRANSFORMACION DIGITAL Y DATOS
8896;ESPECIALISTA JURIDICO;ABOGADO ESPECIALISTA
8897;LABORATORISTA 3;LABORATORISTA 6
8898;EJECUTIVO DE ATENCION AL CLIENTE Y VENTAS;EJECUTIVO DE NEGOCIOS Y SERVICIO AL CLIENTE
8899;GESTOR DE CALIDAD Y PROCESOS;GESTOR DE CALIDAD Y SERVICIOS
8900;JEFE DE COMPRAS GENERALES;GERENTE DE COMPRAS Y DESARROLLO
8901;COORDINADORA DE BIBLIOTECA Y ARCHIVO;COORDINADORA DE SERVICIOS BIBLIOTECARIOS
8902;COORDINADOR/A VENTAS;COORDINADORA VENTAS/SERVICIO AL CLIENTE
8903;ASISTENTE A DE AUDITORIA;ASISTENTE AUDITORIA INTERNA
8904;SUPERVISOR DE OPERACIONES DE TRANSPORTE;SUPERVISOR GENERAL DE TRANSPORTE
8905;COORDINADOR DE CITAS;COORDINADOR DE CITAS SUCURSAL
8906;CHOFER DE REPARTO;REPONSABLE DE DISTRIBUCION Y TRANSPORTE (CHOFER)
8907;SUPERVISOR DE LOGISTICA Y TRANSPORTE;SUPERVISOR DE TRANSPORTE Y ENTREGA
8908;CANGURO FANGEADOR RUEDAS GAVIAS, CANGURO HALADOR DE ARADO (TRA;CANGURO FANGEADOR RUEDAS GAVIAS, CANGURO HALADOR DE ARADO (TRACTOR AGRICOLA DE NEUMATICOS)
8909;EJECUTIVO COMERCIAL SENIOR;EJECUTIVO SENIOR NEGOCIOS
8910;ANALISTA DE PORTAFOLIO;ANALISTA JUNIOR DE PORTAFOLIO
8911;ASESOR OPERATIVO;ASISTENTE SOPORTE OPERATIVO
8912;JEFE ADMINISTRATIVO Y SERVICIOS GENERALES;JEFE DE ADMINISTRACION Y ASUNTOS COORPORATIVOS
8913;COORDINADOR SHEQ-SGI;COORDINADOR SHEQ-SGI LQSA
8914;ADMINISTRADOR PROYECTOS;ADMINISTRADOR SENIOR DE PROYECTOS
8915;JEFE DE PROGRAMACION;JEFE DE PROGRAMADOR
8916;JEFE DE EXPORTACION E IMPORTACION;JEFE DE PLANIFICACION E IMPORTACIONES
8917;JEFE DE SISTEMAS Y COMUNICACIONES;JEFE DE SISTEMAS Y PROGRAMACION
8918;ASESOR DE POSTVENTA;RESPONSABLE DE POSTVENTA
8919;JEFE DE SEGURIDAD SALUD Y AMBIENTE;JEFE DE SEGURIDAD, SALUD, AMBIENTE Y CALIDAD
8920;SERVICE SALES SPECIALIST;SERVICES SALES REPRESENTATIVE
8921;JEFE DE MANTENIMIENTO INDUSTRIAL;OPERADOR DE MANTENIMIENTO INDUSTRIAL
8922;SECRETARIA ACADEMICA POSGRADOS;SECRETARIA DE POSGRADO
8923;DIRECCION DE LOGISTICA;DIRECTORA LOGISTICA
8924;ANALISTA DE INTELIGENCIA DE DATOS;ANALISTA DE INTELIGENCIA DE INFORMACION
8925;OPERADOR DE CONTROL;OPERADOR DE CONTROL CENTRAL
8926;SUB GERENTE DE COMPRAS;SUBGERENTE DE COMPRAS
8927;ASISTENTE FACTURACION Y COBRANZAS;ASISTENTE DE FACTURACION Y SERVICIO AL CLIENTE
8928;OPERADOR BODEGA;OPERADOR BODEGA Y DESPACHO
8929;COORDINADOR/A DE COMPRAS;COORDINADOR/A DE COMPRAS DE PRODUCCION
8930;ANALISTA DE PYCP;AUXILIAR DE PYCP
8931;COORDINADOR DE MARKETING Y ADMISIONES;DIRECTOR/A DE MARKETING Y ADMISIONES
8932;JEFE DE SISTEMAS Y TECNOLOGIAS;JEFE DEL DEPARTAMENTO DE TECNOLOGIA Y SISTEMAS
8933;AUXILIAR DE DESCABEZADO;ASISTENTE DE DESCABEZADO
8934;DOCENTE CON TITULO DE CUARTO NIVEL;PROFESOR CON TITULO DE CUARTO NIVEL
8935;ANALISTA SENIOR DE CONTROL Y GESTION;ANALISTA DE CONTROL INTERNO SENIOR
8936;GERENTE COMPRAS;GERENTE CORPORATIVO COMPRAS
8937;ASISTENTE GESTION CALIDAD;AUXILIAR DE GESTION DE CALIDAD
8938;SUPERVISOR BODEGA Y DESPACHO;SUPERVISOR OPERATIVO BODEGA
8939;SUB GERENTE FINANCIERO ADMINISTRATIVO;SUBGERENTE DE ADMINISTRACION Y FINANZAS
8940;CHOFER DE BANERA # 27;CHOFER DE BANERA # 27 (NOCHE)
8941;ANALISTA ASEGURAMIENTO CALIDAD;ANALISTA DE CALIDAD Y DESARROLLO
8942;ADMINISTRATIVO-COORD. TALENTO HUMANO;EJECUTIVO DE TALENTO HUMANO & ADMINISTRACION
8943;HR BUSINESS PARTNER;HRBP-HUMAN RESOURCES BUSINESS PARTNER
8944;JEFE DE ZONA;JEFE ZONA
8945;ASISTENTE LEGAL Y CUMPLIMIENTO;ESPECIALISTA LEGAL Y COMPLIANCE
8946;SECRETARIO;SECRETARIA/SECRETARIO
8947;SUPERINTENDENTE MANTENIMIENTO;SUPERVISOR GENERAL DE MANTENIMIENTO
8948;GERENTE CORPORATIVO DE RIESGOS;JEFE CORPORATIVO DE GESTION DE RIESGOS
8949;COORDINADOR DE PROYECTOS E INNOVACION;COORDINADOR DE PLANIFICACION E INNOVACION
8950;ASISTENTE CONTABLE DE PAGOS;ASISTENTE CONTABLE Y TESORERIA
8951;DIRECTOR CORPORATIVO DE TALENTO HUMANO;DIRECTOR DE DESARROLLO ORGANIZACIONA Y TALENTO HUMANO
8952;ASISTENTE DE MANTENIMIENTO INDUSTRIAL;ASISTENTE DE MANTENIMIENTO/ SEGURIDAD INDUSTRIAL
8953;ANALISTA FINANCIERO, LOGISTICO Y ADMINISTRATIVO;ANALISTA SENIOR FINANCIERO ADMINISTRATIVO
8954;BIBLIOTECARIA/O;PROFESOR BIBLIOTECARIO
8955;MERCHANT OPERATIONS MANAGER;MERCHANT OPERATIONS SUPERVISOR
8956;JEFE DE REVISORIA Y CONTROL;SUPERVISOR DE REVISORIA Y CONTROL
8957;ANALISTA ASUNTOS REGULATORIOS;ANALISTA DE ASUNTOS REGULATORIOS III
8958;EJECUTIVA DE CUENTA SENIOR;EJECUTIVA SENIOR
8959;PERSONAL POSTCOSECHA-EMPAQUE;PERSONAL POSTCOSECHA-EMBONCHE
8960;JEFE NAC. DE PRODUCTO;JEFE NAC.DE PRODUCTO VENTAS
8961;ASISTENTE JURIDICO;ASISTENTE LEGAL JUNIOR
8962;SUPERVISOR CONTACT CENTER EXT. - INBOUND;SUPERVISOR CONTACT CENTER EXT. - INBOUND TV
8963;COORDINADOR DE GIGANTOGRAFIA;OPERADOR DE GIGANTOGRAFIA
8964;AUX. DE LABORATORIO;AUXILIAR 1 DE LABORATORIO
8965;OPERADOR PTAR;PTAR OPERATOR
8966;GERENTE DE PLANTA;GERENTE OPERATIVO DE PLANTA
8967;TRABAJADOR ACUICOLA - AUXILIAR DE COCINA;TRABAJADOR ACUICOLA - COCINERO
8968;ASISTENTE ADMINISTRATIVA 3;ASISTENTE ADMINISTRATIVO B
8969;ANALISTA DE FACTURACION SENIOR;ANALISTA DE FACTURACION Y COSTOS
8970;JEFE DE COBRANZAS;JEFE COBRANZAS
8971;COORDINADOR ADMINISTRATIVO DE CAMPAMENTO;AUXILIAR I DE ADMINISTRACION DE CAMPAMENTO
8972;ANALISTA BANCA CORPORATIVA;ANALISTA BANCA CORPORATIVA3
8973;ANALISTA DE CALIDAD JUNIOR;ANALISTA JUNIOR DE CALIDAD COMPONENTES Y ENVASADO
8974;INGENIERO DE SOPORTE CORPORATIVO;INGENIERO SOPORTE Y MANTENIMIENTO CORPORATIVO
8975;ASISTENTE DE SISTEMAS DE CALIDAD Y AMBIENTE;COORDINADOR DE SISTEMA DE CALIDAD Y AMBIENTE
8976;JEFE DE DESARROLLO E INNOVACION;JEFE DE INNOVACION Y DESA
8977;AUXILIAR ADMINISTRATIVO COMERCIAL;AUXILIAR ADMINISTRATIVO DE NEGOCIO
8978;DIRECTOR DE PLANTA;INTENDENTE DE PLANTA
8979;ADMINISTRACION OPERATIVO;OPERATIVO ADMINISTRATIVO
8980;JEFE DE LUBRICANTES;COORDINADOR DE LUBRICANTES
8981;COORDINADOR REGIONAL OPERACIONES;COORDINADOR GENERAL DE OPERACIONES
8982;OPERADOR GENERAL DE MAQUINARIA;OPERADOR GENERAL VARIAS MAQUINAS
8983;COORDINADOR DE SEGURIDAD INTERNA;SUPERVISOR DE SEGURIDAD INTERNA
8984;ANALISTA DE SEGURIDAD SALUD Y AMBIENTE;ESPECIALISTA SEGURIDAD SALUD Y AMBIENTE
8985;JEFE DE VENTAS CANAL MODERNO;COORDINADOR DE VENTAS CANAL MODERNO
8986;JEFE GESTION DE PROYECTOS Y PROCESOS;DIRECTOR DE PROCESOS Y CONTROL DE GESTION
8987;OPERADOR MAQUINA;OPERADOR MAQUINA PESADA
8988;REPRESENTATE TECNICO COMERCIAL;REPRESENTANTE TECNICO COMERCIAL RETAIL
8989;JEFE DE VENTAS SIERRA;JEFE REGIONAL DE VENTAS SIERRA CENTRAL
8990;JEFE CORPORATIVO DE GESTION DE RIESGOS;JEFE DE PROCESOS Y RIESGOS
8991;GERENTE CALIDAD;GERENTE DE SEGURIDAD Y CALIDAD
8992;JEFE DE DISTRIBUCION QUITO;JEFE DE LOGISTICA Y BODEGA QUITO
8993;JEFE DE CONTABILIDAD Y FINANZAS;GERENTE DE FINANZAS Y CONTROL
8994;PROCUREMENT SPECIALIST;DIRECT PROCUREMENT SPECIALIST
8995;COORDINADOR DE POST VENTA;COORDINADOR TECNICO DE POST VENTA
8996;ASISTENETE DE MANTENIMIENTO;AGENTE DE MANTENIMIENTO
8997;AUXILIAR DE PLANIFICACION FINANCIERA;ANALISTA CORPORATIVO DE PLANIFICACION FINANCIERA
8998;BODEGUERO DE PRODUCCION;BODEGUERO PRODUCCION
8999;GERENTE DE PLANEACION Y LOGISTICA;GERENTE ADMINISTRACION Y LOGISTICA
9000;SUPERVISOR ZONAL DE VENTAS;SUPERVISOR AREA DE VENTAS
9001;ESPECIALISTA CIBERSEGURIDAD;ESPECIALISTA DE CYBERSEGURIDAD
9002;ELABORADOR DE MUESTRAS;PREPARADOR DE MUESTRAS
9003;ANALISTA DE PAGO A PROVEEDORES;ANALISTA DE SERVICIOS FINANCIEROS Y PAGO A PROVEEDORES
9004;COORDINADOR DE IMPORTACIO;COORDINADOR OPERATIVO IMPORTACIONES
9005;ASISTENTE DE PRODUCCION Y PLANIFICACION;ASISTENTE DE PRODUCCION E ING.
9006;FUMIGADORA;FUMIGADORES
9007;GERENTE CORPORATIVO COMPRAS;GERENTE DE COMPRAS Y PRODUCTO
9008;INGENIERO DE MANTENIMIENTO;INGENIERO DE MANTENIMIENTO MECANICO TM
9009;BAR / SALON;BAR SALON
9010;COORDINADOR ADMINISTRATIVO DE MARKETING Y SERVICIO AL CLIENTE;COORDINADOR ADMINISTRATIVO Y SERVICIO AL CLIENTE
9011;SUPERVISOR DE MEDIO AMBIENTE;SUPERVISOR DE AMBIENTE Y PERMISOS
9012;MAQUINISTA 4;MAQUINISTA 6
9013;ASISTENTE DE CUENTAS POR COBRAR;ASISTENTE DE CUENTAS POR COBRAR G
9014;TRABAJADOR AGRICOLA (POSCOSECHA);TRABAJADOR DE POSCOSECHA
9015;COORDINADOR DE PRODUCCION;COORDINADOR DE PRODUCTORA
9016;INSPECTOR DE CALIDAD;INSPECTOR(A) / CALIDAD EN PROCESO
9017;PSICOLOGO TUTOR PAI;PSICOLOGO TUTOR PAI / DIPLOMA
9018;ASISTENTE DE SEGURIDAD Y AMBIENTE;ASISTENTE DE SEGURIDADY MEDIO AMBIENTE
9019;ASISTENTE 1 DE LOGISTICA;ASISTENTE DE COMPRAS Y LOGISTICA 1
9020;JEFE DE OPERACIONES REGIONAL;SUPERVISOR DE OPERACIONES REGIONAL
9021;JEFE DE SERVICIOS Y TALLERES;JEFE DE TALLER Y SERVICIOS GENERALES
9022;ASISTENTE DE PROCESO;ASISTENTE DE PROCESAMIENTO
9023;JEFE DE INDEMNIZACIONES;JEFE DE NACIONAL DE INDEMNIZACIONES
9024;COORDINADOR DE CATEGORIA SENIOR;JEFE DE CATEGORIA SENIOR
9025;HR COORDINATOR;HR COORDINATOR - PERSONNEL ADM.
9026;ABOGADO DE RECUPERACION LEGAL;ASISTENTE LEGAL DE RECUPERACION
9027;LIDER DE REGULADORES - A;LIDER DE REGULADORES - B
9028;COORDINADOR DE CALIDAD DE SERVICIO;COORDINADOR DE CALIDAD Y CAPACITACION
9029;COORDINADOR CONTROL FINANCIERO;SUPERVISOR DE CONTROL FINANCIERO
9030;JEFE EXPERIENCIA AL CLIENTE;LIDER DE EXPERIENCIA AL CLIENTE
9031;ANALISTA 2 DE COMPRAS NACIONALES;AUXILIAR 2 DE COMPRAS NACIONALES
9032;ASISTENTE DE MARKETING POSTVENTA;COORDINADOR DE MARKETING POSTVENTA
9033;COORDINADOR DE CALIDAD Y CAPACITACION;COORDINADOR DE CAPACITACION CALIDAD Y SERVICIO DE ADMISIONES
9034;ANALISTA DE COMPRAS BIENES Y SERVICIOS;ANALISTA DE INVENTARIOS Y COMPRAS
9035;JEFE CONTROL ADMINISTRATIVO;JEFE DE CONTROL ORGANIZACIONAL
9036;ANALISTA DE COSTOS;ANALISTA DE COSTOS DE PROYECTOS
9037;ANALISTA JR DE TALENTO HUMANO;ANALISTA DE TALENTO
9038;REP TECNICA DE VENTAS;REP TECNICO Y VENTAS SR
9039;LOGISTICS AND WAREHOUSE ASSISTANT;WAREHOUSE & LOGISTIC COORDINATOR
9040;OPERARIOS APOYO LIMP DE LOMOS;OPERARIOS APOYO LIMPIEZA DE LOMOS
9041;ASISTENTE CONTAB LE;ASISTENTE/ANALISTA CONTABLE
9042;ASISTENTE DE SSO;ASISTENTE DE OPERACIONES SSO
9043;ASISTENTE DE SIG/ JEFE DE SEGURIDAD;JEFE DE SISTEMA DE GESTION DE SEGURIDAD
9044;SECRETARIO- BODEGUER;BODEGUERO/SECRETARIO
9045;JEFE DE OPERACIONES ENCARGADO;COORDINADOR GENERAL DE OPERACIONES
9046;ESPECIALISTA ASEGURAMIENTO CALIDAD;TECNICO ASEGURAMIENTO DE LA CALIDAD
9047;AUXILIAR CREDITO Y COBRANZA;AUXILIAR DE CREDITO
9048;ANALISTA SENIOR ABASTECIMIENTO;ANALISTA SENIOR ABASTECIMIENTO Y PRODUCCION
9049;AUXILIAR ADMINISTRATIVO LOGISTICO;AUXILIAR DE CAJA Y LOGISTICA
9050;COORDINADOR DE SISTEMA DE GESTION INTEGRADO;AUXILIAR DE SISTEMA INTEGRADO DE GESTION
9051;OPERADOR DE ENSAQUE;OPERADOR DE ENSACADORA
9052;OPERADOR INYECCION;OPERADOR DE INYECTABLES
9053;SUPERVISOR ZONAL DE VENTAS;SUB GERENTE ZONAL DE VENTAS
9054;LOGISTICA Y BODEGA;LOGISTICA/ BODEGA
9055;JEFE REGIONAL DE CONTABILIDAD;GERENTE REGIONAL DE CONTABILIDAD
9056;ANALISTA SELECCION TALENTO HUMANO;ANALISTA DE SELECCION Y ATRACCION DEL TALENTO
9057;LIMPIEZA Y MENSAJERIA;MENSAJERO - LIMPIEZA
9058;ANALISTA DE SOFTWARE JUNIOR;ANALISTA DE SOFTWARE SENIOR
9059;ASISTENTE /AYUDANTE/SERVICIOS EN GENERAL;ASISTENTE DE ATENCION AL SOCIO/CLIENTE
9060;ASISTENTE ADMINISTRATIVA RECEPCIONISTA;ASISTENTE DE GERENCIA - RECEPCIONISTA
9061;ESPECIALISTA DE PROCESOS;ESPECIALISTA DE PROCESOS (E)
9062;GERENTE DE VENTAS ECUADOR;GERENTE VENTAS ECUADOR
9063;SUPERVISOR ADMINISTRATIVO;SUPERVISOR DE PERSONAL
9064;DOCENTE EDUCACION ARTISTICA;DOCENTE EDUCACION CULTURAL Y ARTISTICA
9065;REPRESENTANTE DE FARMACIA;REPRESENTANTE DE FARMACIAS RESIDENTE
9066;ASIST. COBRANZAS;ASIST DE COBRANZAS
9067;AYUDANTE DE MANTENIMIENTO AERONAVE;JEFE DE MANTENIMIENTO AERONAVE
9068;GERENTE REGIONAL SIERRA;GERENTE DISTRITO SIERRA
9069;GERENTE DE LABORATORIO;JEFE DE LABORATORIO Y CALIDAD
9070;JEFE ADMINISTRATIVO Y DE SERVICIOS GENERALES;JEFE ADMINISTRATIVO CORPORATIVO
9071;COORD. DE SELECCION Y CAPACITACION;COORD. SELECCION, CAPACITACION Y DESARROLLO
9072;ASISTENTE CONTABLE GENERAL;ASISTENTE/ANALISTA CONTABLE
9073;ASISTENTE DE COMPRAS INTERNACIONALES;COORDINADOR COMPRAS INTERNACIONALES
9074;TECNICO LABORATORIO;TECNOLOGO DE LABORATORIO
9075;COORDINADOR DE INFRAESTRUCTURA IT;COORDINADOR TECNICO DE INFRAESTRUCTURA Y SERVICIOS INFORMATICOS
9076;GERENTE DE GESTION HUMANA;GERENTE DE GESTION DE PERSONAS
9077;COORDINADOR DE EHS;GERENTE DE EHS
9078;EXPERTO SENIOR;EXPERTO SENIOR (F4)
9079;ASISTENTE 1 ADMINISTRATIVO;ASISTENTE ADMINISTRATIVA/ RECEPCIONISTA
9080;GERENTE DE TTHH;DIRECTOR DE TTHH
9081;ACCOUNTING DIRECTOR;DIRECTOR, ACCOUNT MANAGEMENT
9082;ESPECIALISTA DE ADQUISICIONES;ASESOR DE ADQUISICIONES
9083;ASISTENTE ADMINISTRATIVA Y PRESIDENCIA;ASISTENTE DE PRESIDENCIA Y GESTION DE PROCESOS
9084;ANALISTA DE PORTAFOLIO;ANALISTA DE PORTAFOLIO NEGOCIO
9085;DIRECTOR DE CARRERA DE INGENIERIA INDUSTRIAL;DIRECTOR DE CARRERA DE INGENIERIA MECANICA
9086;SUPERVISOR DE LA PLANTA DE PROCESOS;COORDINADOR ADMINISTRATIVO SENIOR DE PLANTA DE PROCESOS
9087;SUPERVISOR DE ARRENDAMIENTO;SUPERVISOR TECNICO DE RENTING
9088;JEFE DE FINANZAS Y GESTION ADMINISTRATIVA;GERENTE FINANCIERO ADMINISTRATIVO CORPORATIVO
9089;JEFE JURIDICO;JEFE DE LEGAL
9090;DESARROLLADOR DE CONTENIDO;DESARROLLADOR DE CONTENIDOS DIGITALES
9091;COORDINADOR BIBLIOTECA;COORDINADORA DE BIBLIOTECA Y ARCHIVO
9092;ANALISTA DE INTELIGENCIA DE NEGOCIOS Y DATOS;ANALISTA DE INVESTIGACION E INTELIGENCIA DE NEGOCIO
9093;COORDINADOR DE ADMINISTRACION DE PERSONAL;COORDINADOR DE SERVICIOS AL PERSONAL
9094;COORDINADOR (A) DE INVESTIGACION Y DESARROLLO;COORDINADOR DE INVESTIGACION, DESARROLLO Y EMPAQUES
9095;OPERADOR DE ABASTECIMIENTO;OPERADOR DE ABASTECIMIENTO Y BODEGA
9096;SUPERVISOR CONTROL OPERACIONAL;SUPERVISOR DE CONTROL OPERATIVO Y OCE´S
9097;COORDINADOR (A) PROYECTOS;COORDINADOR DE PROYECTOS Y SERVICIOS
9098;SUPERVISOR DE LOGISTICA INTERNA;SUPERVISOR DE LOGISTICA Y TRANSPORTE
9099;DIRECTORA COMERCIAL;DIRECCION COMERCIAL
9100;ASESOR TECNICO SENIOR 四级服务工程师;ASESOR TECNICO SENIOR 高级技术服务工 程师
9101;ASISTENTE CONTABLE SR;ASISTENTE CONTABLE SSC JR
9102;SUB GERENTE ADMINISTRATIVO;SUBGERENTE ADMINISTRACION
9103;COORDINADOR PEP;SUB COORDINADOR PEP
9104;GESTORA DE MARKETING;GERENCIA DE MARKETING
9105;ANALISTA DE SOPORTE COMERCIAL;ANALISTA DE SOPORTE ESPECIALIZADO
9106;TECNICO DE DESARROLLO;TECNICO DESARROLLO
9107;LIMPIEZA / MENSAJERIA;MENSAJERO - LIMPIEZA
9108;JEFE DE PLANEACION Y PROYECTOS;JEFE DE PROYECTOS, PROCESOS Y MEJORA CONTINUA
9109;GUARDABOSQUES;GUARDA BOSQUES
9110;ANALISTA DE SELECCION Y CAPACITACION TALENTO HUMANO;ANALISTA DE EVALUACION Y DESARROLLO DE TALENTO HUMANO
9111;OPERADOR DE MAQUINA DE ELABORACION;OPERADOR DE MAQUINA TECNICO
9112;OPERADOR DE EMPACADORA;OPERADOR DE EMPAQUETADORA
9113;SUPERINTENDENTE DE MANTENIMIENTO;SUPERINTENDENTE DE OFICINA TECNICA DE MANTENIMIENTO
9114;ASISTENTE MANEJO DE INVENTARIO;ASISTENTE SENIOR DE INVENTARIO
9115;INSPECTOR ELECTRICO;INSPECTOR QA/QC ELECTRICO
9116;COORDINADOR DE MERCADEO Y REDES;COORDINADOR DE REDES COMERCIALES
9117;SUPERVISOR ADMINISTRATIVO DE VENTAS;SUPERVISOR DE VENTAS SENIOR
9118;GERENTE MERCADEO Y VENTAS;JEFE DE MERCADEO VENTAS
9119;JEFE BODEGA Y LOGISTICA;COORDINADOR LOGISTICA Y BODEGAS
9120;SUPERVISOR DE SERVICIO DE CAMPO I;JEFE DE SERVICIOS EN CAMPO
9121;INGENIERO ELECTRICO;INGENIERO ELECTRICO DE OBRA
9122;ANALISTA DE INTELIGENCIA DE NEGOCIOS Y DATOS;JEFE DE INTELIGENCIA Y ANALITICA DE NEGOCIO
9123;AYUDANTE DE TOPOGRAFIA;ASISTENTE DE TOPOGRAFIA
9124;ARQUITECTO DE DATOS Y BI;ARQUITECTO TECNICO DE DATA
9125;ASISTENTE GESTION 3;ASISTENTE GESTION 4
9126;INGENIERO DE AUTOMATIZACION;TECNICO EN AUTOMATIZACION
9127;COORDINADOR DE LOGISTICA Y OPERACIONES;COORDINADOR ADMINISTRATIVO LOGISTICO
9128;ESPECIALISTA MEDICO DE SALUD OCUPACIONAL;MEDICO EN SEGURIDAD Y SALUD OCUPACIONAL
9129;TECNICO DE MANTENIEMIENTO;TECNICO DE MANTENIMIENTO DE SISTEMA
9130;ESPECIALISTA IMPUESTOS;ESPECIALISTA_DE_IMPUESTOS
9131;RESPONSABLE DE GESTION DE CALIDAD;GERENTE DE SEGURIDAD Y CALIDAD
9132;EJECUTIVO COMERCIAL SENIOR;EJECUTIVO SENIOR ENTRENAMIENTO COMERCIAL
9133;COORDINADOR DE PROYECTOS Y MEJORA CONTINUA;GERENTE DE PROYECTOS Y MEJORA CONTINUA
9134;COORDINADOR/A DE POSTCOSECHA;OPERARIO/A DE POSTCOSECHA
9135;LIDER DE LOGISTICA;LIDER DE LOGISTICA Y CD
9136;ANALISTA DE COMUNICACIONES E INFRAESTRUCTURA;ANALISTA DE INFRAESTRUCTURA Y COM
9137;ASISTENTE DE INVENTARIOS;ASISTENTE DE OPERACIONES / INVENTARIO
9138;GERENTE DE GESTION DE MARKETING;GERENTE DE MARKETING Y ASUNTOS CORPORATIVOS
9139;OPERADOR MAQUINA;OPERADOR MAQUINA 1
9140;TECHNICAL REPRESENTATIVE;TECHNICAL SERVICE REPRESENTATIVE
9141;OPERADOR DE TERMOENCOGIBLE;OPERADOR TERMOSELLADO
9142;CAJERA COBRADORA OPERADORA FACTURADORA;CAJERA/ FACTURADORA
9143;GERENTE DE COMERCIAL;GERENTE COMERCIAL & OPERACIONES
9144;ASISTENTE CONTABLE SR;ASISTENTE ADM CONTABLE
9145;AUXILIARES EN GENERAL DE SERVICIOS;AUXILIAR DE SERVIC. EN GRAL.
9146;LIDER ADMINISTRATIVO;LIDER OPERATIVO ADMINISTRATIVO
9147;GERENTE DE DIVISION DE PRODUCTO;GERENTE DE GRUPO DE PRODUCTOS
9148;ASISTENTE DE INFRAESTRUCTURA Y PROYECTOS;ASISTENTE INFRAESTRUCTURA Y DEVOPS
9149;ANALISTA DE EJECUCION ESTRATEGICA;GERENTE DE EJECUCION ESTRATEGICA
9150;COORDINADOR DE PROCESOS DIGITALES;COORDINADOR DE PROYECTOS DIGITALES
9151;ASISTENTE DE CONTABILIDAD Y DE CARTERA;ASISTENTE DE CAJA Y CONTABILIDAD
9152;ANALISTA DE CONTRALORIA;ANALISTA DE CONTRALORIA DE VENTAS
9153;ASISTENTE DE REGISTROS;ASISTENTE DE REGISTRO DE DATOS
9154;ASISTENTE AUXILIAR CONTABLE;ASISTENTE CONTABLE SR
9155;ANALISTA DE CALL CENTER;ANALISTA DE CONTACT CENTER
9156;RESPONSABLE DE LABORATORIO;TECNICO RESPONSABLE DE LABORATORIO
9157;COORDINADOR ASUNTOS REGULATORIOS;ENCARGADO DE ASUNTOS REGULATORIOS
9158;COORDINADOR DE GESTION DE LA SALUD;ASISTENTE DE GESTION DE LA SALUD
9159;ASISTENTE DE ADMISION;AUXILIAR DE ADMISION
9160;GERENTE COMERCIAL Y PROYECTOS;GERENTE DE PROYECTOS COMERCIALES
9161;JEFE DE CONTROL INTERNO;JEFE DE CONTROL INTERNO Y ASUNTOS LEGALES
9162;COORDINADOR DE SEGURIDAD;COORDINADOR DE SEGURIDAD Y SERVICIOS GENERALES
9163;ASISTENTE DE CALIDAD Y LABORATORIO;AUXILIAR TECNICO Y DE CALIDAD
9164;JEFE DE COMERCIO EXTERIOR Y COMPRAS;JEFE DE COMERCIO EXTERIOR Y ADUANAS
9165;COORDINADOR DE SOPORTE TECNICO AQ1;ESPECIALISTA DE SOPORTE TECNICO AQ1
9166;COORD. DE COMPRAS;COORD.MANTENIMIENTO Y COMPRAS
9167;PROFESOR TITULAR AUXILIAR 1 A TIEMPO COMPLETO;PROFESOR TITULAR AUXILIAR A TIEMPO COMPLETO
9168;JEFE DE CONTROL INTERNO Y OFICIAL DE RIESGOS;JEFE DE CONTROL DE RIESGO
9169;TRADE MARKETING SPECIALIST;TRADE MARKETING SENIOR SPECIALIST
9170;ASISTENTE DE CAPTACIONES CDP;ASISTENTE DE CAPTACIONES Y SERVICIOS
9171;ATENCION CLIENTES;ATENCION-SERVICIO AL CLIENTE
9172;AYUDANTE DEL SECTOR METALMECANICO 182;AYUDANTE DEL SECTOR METALMECANICO 267
9173;JEFE OPERATIVO COMERCIO EXTERIOR;LIDER OPERATIVO COMERCIO EXTERIOR
9174;QUALITY MANAGER;QUALITATIVE MANAGER
9175;JEFE DE INFRAESTRUCTURA Y DISENO;JEFE DE INFRAESTRUCTURA Y SISTEMAS
9176;ANALISTA DE OPERACIONES;ANALISTA DE OPERACIONES Y ESTADISTICA
9177;GERENTE DE DESARROLLO TECNOLOGICO;GERENTE DE DESARROLLO DE SOLUCIONES TECNOLOGICAS
9178;CREADOR DE CONTENIDO;CREATIVO DE CONTENIDO
9179;OPERADOR DE COSECHA;OPERADOR COSECHADORA
9180;PLANIFICADOR SENIOR DE MANTENIMIENTO;TECNICO SENIOR DE MANTENIMIENTO
9181;COORDINADOR SERVICIO TECNICO AL CLIENTE;SUPERVISOR DE SOPORTE TECNICO AL CLIENTE
9182;VICEPRESIDENTE CREDITO Y COBRANZAS;VICEPRESIDENTE DE CREDITO
9183;JEFE DE OPERACIONES JR;COORDINADOR DE OPERACIONES JR
9184;JEFE IMPORTACIONES;JEFE DE OPERACIONES IMPORTACION
9185;OPERADOR MAQUINA 1;OPERADOR MAQUINA 3
9186;AUXILIAR DE POSTCOSECHA;OPERARIO/A DE POSTCOSECHA
9187;PLANIFICADOR DE DEMANDA;PLANIFICADOR DE LA DEMANDA (MD)
9188;SECRETARIO/A ABOGADO/A;SECRETARIA ABOGADO
9189;OFICIAL DE PROTECCION;OFICIAL DE PROTECCION ADMINISTRATIVA
9190;SUPERV. DE VENTAS FORANEO;SUPERV. DE VENTAS FORANEOS
9191;JEFE CONTABILIDAD;JEFE DE CONTABILIDAD Y REPORTING
9192;ASISTENTE DE POSVENTA;ASISTENTE ADM POSVENTA
9193;SUPERVISOR EXPORTACIONES;SUPERVISORA DE OPS EXPORTACION
9194;AYUDANTE DE PESADOR;AYUDANTE PESADOR
9195;JEFE DE VENTAS CANAL TRADICIONAL;JEFE NACIONAL DE VENTAS (CANAL TRADICIONAL)
9196;OPERADOR ELECTRICO;OPERARIO ELECTRICO 1
9197;ANALISTA DE PORTAFOLIO;ANALISTA GESTION DE PORTAFOLIO
9198;SUPERVISOR DE VENTAS MAYORISTA;SUPERVISOR ADMINISTRATIVO DE VENTAS
9199;ASISTENTE ADMINISTRATIVO DE ALMACEN;ASISTENTE ALMACEN
9200;JEFE DE TRADEMARKETING;EJECUTIVO DE TRADE MARKETING
9201;ANALISTA ADMINISTRATIVO LOGISTICO;ANALISTA DE CONTROL LOGISTICO
9202;OPERARIO DE RECICLAJE;AUXILIAR DE RECICLAJE
9203;CHOFER CAMARONERAS;CHOFER CAMARONERA
9204;VENDEDOR CORPORATIVO;VENDEDOR EMPRESARIAL
9205;ASISTENTE DE CONTABLE;ASISTENTE CONTABLE Y TESORERIA
9206;JEFE DE MARKETING RETAIL;COORDINADOR DE MARKETING RETAIL
9207;ANALISTA DE CREDITO;ANALISTA RIESGO DE CREDITO
9208;ASISTENTE PUBLICIDAD Y MERCADEO;ASISTENTE/PUBLICIDAD/MERCADEO
9209;SUPERVISOR DE SERVICIO TECNICO;SUPERVISOR DE SOPORTE TECNICO
9210;COORDINADOR DE CALIDAD DE MATERIA PRIMA;COORDINADOR DE PROCESOS Y MATERIAS PRIMA
9211;ANALISTA DE NEGOCIOS SENIOR;ASESOR DE NEGOCIOS SENIOR
9212;ASISTENTE DE GERENCIA / GERENTE ADMINISTRATIVA;ASISTENTE DE GERENCIA Y CONSEJOS
9213;CULTIVO MO. BLOQUE 09;CULTIVO MO. BLOQUE 17*
9214;GERENTE LEGAL;GERENTE SR LEGAL
9215;JEFE DE GESTION VEHICULAR;JEFE DE GESTION Y TRANSPORTE
9216;ASISTENTE ADMINISTRATIVA Y VENTAS;ASISTENTE GERENTE DE VENTAS
9217;JEFE DE POST-COSECHA;DIRECTOR DE POSTCOSECHA
9218;GERENTE DE SERVICIOS DE OPERACIONES;GERENTE DE OPERACIONES Y PRODUCTIVIDAD
9219;ASISTENTE OP;ASISTENTE OPS
9220;COORDINADOR PRODUCCION E INGENIERO DE PROCESOS;COORDINADOR DE PRODUCCION, PROCESOS, CALIDAD Y AMBIENTE
9221;COORDINADOR DE OBRA;COORDINADOR ADMINISTRATIVO DE OBRA
9222;SUPERVISOR LOGISTICA Y OPERACIONES;SUBGERENTE DE OPERACIONES LOGISTICA
9223;PROGRAMADOR;PROGRAMADOR MAESTRO
9224;ENCARGADO 2;ENCARGADO 3
9225;COORDINADOR CALIDAD;COORDINADOR DE GESTION DE LA CALIDAD Y MEJORA CONT
9226;AYUDANTE DEL SECTOR METALMECANICO 182;AYUDANTE DEL SECTOR METALMECANICO 225
9227;OBRERO DE BODEGA;EMPLEADO DE BODEGA
9228;ASISTENTE ESTIBADOR;AYUDANTE DE ESTIBADOR
9229;AUXILIAR DE CHOFER;AUXILIAR SUPLENCIA CHOFER
9230;AUXILIAR DE VENTAS Y ATENCION AL CLIENTE;AUXILIAR DE OFICINA DE VENTAS
9231;SUPERVISOR DE CONTROL DE CALIDAD MECANICO 1;SUPERVISOR DE CONTROL DE CALIDAD MECANICO 3
9232;SUBGERENTE DE TALENTO HUMANO;SUBGERENTE TALENTO HUMANO
9233;ANALISTA DE SOPORTE (TECNICO);ANALISTA DE TECNOLOGIA Y SOPORTE TECNICO
9234;JEFE DE CENTRO DE SERVICIOS;SUPERVISOR DEL CENTRO DE SERVICIOS
9235;VENTAS Y ATENCION CLIENTE;SERVICIO AL CLIENTE Y SOPORTE DE VENTAS
9236;GERENTE ADMINISTRADOR;GERENTE ADMINISTARTIVO
9237;CONSERJE DE MANTENIMIENTO;CONSERJE - MANTENIMIENTO
9238;COORDINADOR DE SOPORTE IT;COORDINADOR DE SOPORTE USUARIO IT
9239;COORDINADOR(A) DE MARKETING Y SOSTENIBILIDAD;JEFE MARKETING Y SOSTENIBILIDAD
9240;EJECUTIVO DE EXPERIENCIA AL CLIENTE E*;EJECUTIVO DE EXPERIENCIA Y ATENCION AL CLIENTE
9241;COORDINADOR DE ACREDITACION INTERNACIONAL;JEFE DE ACREDITACION INTERNACIONAL
9242;JEFE DE CENTRO DE SERVICIOS;JEFE NACIONAL DE CENTRO DE SERVICIO
9243;OPERADOR DE AQ1;JEFE DE AQ1
9244;ASISTENTE DE COSTOS/COORDINADOR DE COSTOS;JEFE DE CONTROL DE COSTOS
9245;ASISTENTE DE MARKETING;AUXILIAR DE MARKETING
9246;AYUDANTE DE EMPACADO;AYUDANTE DE EMPAQUETAJE
9247;ASESOR OPERATIVO JUNIOR;ASESOR OPERATIVO SENIOR
9248;JEFE DE TOPOGRAFIA;SUPERVISOR DE TOPOGRAFIA
9249;ANALISTA DE GERENCIA GENERAL;ANALISTA DEPART GENERALES
9250;COORDINADORA ADMINISTRATIVA FINANCIERA;COORDINADOR DE INFORMACION Y CONTROL FINANCIERO
9251;JEFE DE IMPORTACIONES & LOGISTICA;JEFE DE IMPORTACIONES & COMEX
9252;GERENTE OFICINA GYE;JEFE ADMINISTRATIVA GYE
9253;DISENADORA GRAFICA;DISENADORA GRAFICA MULTIMEDIA
9254;ASISTENTE COMERCIO EXTERIOR;JEFE DE ASESORIA COMERCIO EXTERIOR
9255;ANALISTA DE COMERCIO EXTERIOR SENIOR;ANALISTA DE COMERCIO EXTERIOR G
9256;COORDINADOR DE ALMACENAMIENTO;GERENTE DE ALMACENAMIENTO Y DESPACHO
9257;AUX. GENERAL SERVICIOS;AUX. SERVICIOS EN GENERAL
9258;JEFE PREVENTA;JEFE REGIONAL PREVENTA
9259;OPERADOR DE PLASTIFICADORA EN ETIQUETADO Y ENCARTONADO;OPERADOR DE PLASTIFICADORA EN ETIQUETADO Y ENCARTONADO POUCH
9260;SUPERVISOR DE SALMUERA;SUPERVISOR SE PRODUCCION SALMUERA
9261;COORDINADOR DE COMUNICACI;COORDINADOR DE COMUNICACION Y DISENO
9262;JEFE DE MANTENIMIENTO T;COORDINADOR DE MANTENIMIENTO JR
9263;COORDINADOR DE TELEMARKETING;JEFE DE TELEMARKETING
9264;ASISTENTE DE SINIESTROS;ASESOR DE SINIESTROS
9265;SUPERVISOR DE MANTENIMIENTO ELECTRICO ACERIA;TECNICO DE MANTENIMIENTO ELECTRICO ACERIA
9266;TECNICO CONTROL DE CALIDAD;CONTROL DE CALIDAD TECNICO
9267;JEFE DE FACTURACION;ENCARGADO DE FACTURACION
9268;ANALISTA DE CONTENIDO;ANALISTA DE CONTENIDOS WEB
9269;SUPERVISOR DE CARGA;JEFE DE CARGA
9270;ANALISTA DE SELECCION Y CAPACITACION TALENTO HUMANO;ANALISTA DE TALENTO HUMANO Y ADMINISTRAC
9271;GERENTE DE CONSULTORIA DE IMPUESTOS;GERENTE SENIOR DE CONSULTORIA DE IMPUESTOS
9272;GERENTE DE VENTA INSTITUCIONAL;GERENTE DE VENTAS INSTITUCIONALES
9273;GERENTE DE OPERACIONES Y LOGISTICA INTEGRAL;GERENTE DE OPERACIONES, DISTRIBUCION Y LOGISTICA
9274;COORDINADOR DE IMAGEN Y COMUNICACION;GERENTE DE IMAGEN Y COMUNICACION
9275;COORDINADOR TECNICO;COORDINADOR TECNICO DE CAMPO
9276;COORDINADOR DE SISTEMAS DE GESTION DE CALIDAD;COORDINADOR DE SISTEMA DE CALIDAD Y AMBIENTE
9277;COORDINADOR AREA INGLES;JEFE DE AREA INGLES
9278;COORDINADOR DE RELACIONES LABORALES;ASISTENTE DE RELACIONES LABORALES
9279;CHEF COORD. DE PRODUCCION;JEFE DE PRODUCCION - A
9280;ANALISTA CORPORATIVO DE MARKETING;ANALISTA DE MARKETING Y CONTENIDO DIGITAL
9281;DIRECTOR CORPORATIVO COMUNICACION Y MARKETING;DIRECTOR DE RELACIONES CORPORATIVAS
9282;EJECUTIVO SENIOR;EJECUTIVO ADMINISTRATIVO SENIOR
9283;ASISTENTE DIRECCION;ASISTENTE DE DIRECCION GENERAL
9284;DOCENTE NO TITULAR;DOCENTE NO TITULAR A TIEMPO COMPLETO
9285;GERENTE DE PROCESOS;GESTOR DE PROCESOS
9286;COORDINADOR DE REDES Y COMUNICACIONES;JEFE DE REDES Y COMUNICACIONES
9287;JEFE DE PLANIFICACION FINANCIERA Y ANALISIS;JEFE DE ANALISIS Y PLANIFICACION
9288;ANALISTA BI;ANALISTA DE BI
9289;SUPERVISOR LOGISTICA TRANSPORTE;SUPERVISOR DE COORDINACION LOGISTICA
9290;ANALISTA DE CONTROL PRESUPUESTARIO PROYECTOS;ANALISTA DE PROYECTOS Y PRESUPUESTOS
9291;COORDINADOR CRM;COORDINADOR DE CRM
9292;COORDINADOR DE CREDITO Y COBRANZA VENTAS;COORDINADOR DE CREDITO Y COBRO
9293;SUPERVISOR DE MANTENIMIENTO ELECTROMECAN;ENCARGADO DE MANTENIMIENTO ELECTROMECANI
9294;INVESTIGADOR PESQUERO CUANTITATIVO PROYECTO HABLA TIBURON (2);INVESTIGADOR PESQUERO GOBERNANZA-PROYECTO HABLA TIBURON (2)
9295;ESPECIALISTA DE SEGURIDAD;ESPECIALISTA DE SEGURIDES
9296;OPERADOR DE GRANULADO;OPERADOR GRANULACION
9297;ASISTENTE DE DIRECCION TECNICA DE GESTION DEL TALENTO HUMANO;ASISTENTE TECNICO DE TALENTO HUMANO
9298;AUXILIAR MECANICA;AUXILIAR DE MECANICA
9299;CHOFER REPARTIDOR;CHOFER REPARTIDOR CP
9300;ANALISTA DE IMPUESTOS JR;CONTADOR DE IMPUESTOS JR
9301;ESPECIALISTA DE AUDITORIA DE SISTEMA DE GESTION DE LA SEGURIDAD DE LA INFORMACION;ESPECIALISTA DE AUDITORIA DE SISTEMAS INFORMATICOS
9302;JEFE DE PLANIFICACION Y CONTROL DE PRESUPUESTO;JEFE DE PRESUPUESTO Y CONTROL DE GESTION
9303;ASISTENTE DE VENTAS 2;AUXILIAR 2 DE VENTAS
9304;ELECTRICO;ELECTRICO SR.
9305;OPERADOR PRODUCCION;OPERADOR DE PRODUCCION II
9306;JEFE CALIDAD Y GESTION;ASISTENTE DE GERENCIA DE CALIDAD
9307;GERENTE DE CONTRALORIA;JEFE DE CONTRALORIA
9308;EJECUTIVA/O DE TELEVENTAS;EJECUTIVO DE TELEVENTAS
9309;AUXILIAR DE CHOFER;CHOFER DE TRANSPORTE
9310;ASISTENTE DIRECCION TECNICA;ASISTENTE TECNICO DE DIRECCION DE OBRA
9311;GERENTE DE MANTENIMIENTO DE EQUIPOS;GERENTE DE PRODUCCION Y MANTENIMIENTO
9312;ASISTENTE BODEGA REPUESTOS Y MATERIA PRIMA;AUXILIAR BODEGA MATERIALES Y REPUESTOS
9313;ASISTENTE DE LEGAL;ASISTENTE DE DEPARTAMENTO LEGAL
9314;JEFE DE TRANSFORMACION TECNOLOGICA;GERENTE TRANSFORMACION TECNOLOGICA
9315;GERENTE DE VENTAS QUITO;JEFE DE VENTAS QUITO
9316;GERENTE DE PLANTA;ASISTENTE GERENTE DE PLANTA
9317;ASISTENTE DE PROCESOS, CALIDAD Y AMBIENTE;COORDINADOR DE PROCESOS, CALIDAD Y AMBIENTE
9318;ASISTENTE FACTURACION;AYUDANTE DE FACTURACION
9319;SUPERVISOR DE CAJA;SUPERVISOR OPERATIVO DE CAJA
9320;SUPERVISOR DE VENTA;SUPERVISOR AREA DE VENTAS
9321;COORDINADORA DE CAPACITACION Y DESARROLL;COORDINADORA DE CAPACITACION Y ENTRENAMIENTO
9322;ASISTENTE DE COMUNICACION Y MULTIMEDIA;ASISTENTE DE MERCADEO Y DE COMUNICACION
9323;ASISTENTE ADMINISTRATIVO FINANZAS;ASISTENTE ADM.FINANCIERO SENIOR
9324;PROFESOR DE FISICA;PROFESOR DE EDUCACIУN FISICA
9325;INGENIERO DE SOFTWARE L1;INGENIERO DE SOFTWARE L3
9326;PROFESOR DE MUSICA;PROF. DE MUSICA
9327;JEFE DE EMPACADORA;SUPERVISOR DE EMPACADORA
9328;DOCENTE DE EGB ELEMENTAL CAHCV;DOCENTE EGB ELEMENTAL (2DO-3ERO) CAHC
9329;JEFE DE BUSINESS INTELLIGENCE BI;JEFE DE BUSINESS INTELLIGENCE Y ANALITIC
9330;COORDINADOR DE PLANIFICACION Y PRODUCCION;PLANIFICADOR/A DE PRODUCCION
9331;PROFESORES CON TITULO DE CUARTO NIVEL / BASICO;PROFESORES CON TITULO DE CUARTO NIVEL / SUPERIOR
9332;ASISTENTE ADMINISTRATIVO DE CAMPAMENTO;AUXILIAR I DE ADMINISTRACION DE CAMPAMENTO
9333;GERENTE DE OPTIMIZACION;JEFE DE OPTIMIZACION
9334;CONTADOR CORPORATIVO JR.;CONTADOR FIDUCIARIO JR.
9335;AUXILIAR DE FARMACIA INTRAHOSPITALARIA;AUXILIAR DE FARMACIA INTERNA
9336;OPERADOR DE LOGISTICA;JEFE DE LOGISTICA OPERATIVA
9337;SUPERVISOR DE EMPAQUE;SUPERVISOR DE EMPAQUE Y ENCAJADO
9338;DIRECTOR DE SERVICIOS Y CUSTOMER CARE;JEFE DE CUSTOMER SERVICE
9339;ENCARGADO DE LOGISTICA;ENCARGADO DE LOGISTICA INTERNA Y EXTERNA
9340;GERENTE DE SEGUROS CORPORATIVOS PERSONAS;JEFE DE SEGUROS CORPORATIVOS PERSONAS
9341;COORDINADOR DE CALIDAD Y MANTENIMIENTO;COORDINADOR DE CALIDAD Y MONITOREO
9342;DIRECTOR DE GESTION ESTRATEGICA;DIRECTORA ESTRATEGICA
9343;GESTORA DE MARKETING;GESTORA COMERCIAL Y MARKETING
9344;JEFE DE SISTEMAS Y PROGRAMACION;SUPERVISOR DE PROGRAMACION DE SISTEMAS
9345;COORDINADOR DE TRADE;COORDINADOR DE TRADE MKT
9346;ANALISTA DE SEGURIDAD INDUSTRIAL;ESPECIALISTA DE SEGURIDAD INDUSTRIAL
9347;SUBGERENTE DE PRODUCCION;SUB/GERENTE PRODUCCION
9348;OPERADOR CENTRO CONTROL;OPERADOR DE CONTROL CENTRAL
9349;JEFA DE ADMINISTRACION CORPORATIVA;JEFE ADMINISTRATIVO CORPORATIVO
9350;DESPACHADOR POLIVALENTE;DESPACHADOR POLIVALENTE TP
9351;ASISTENTE DE TECNOLOGIA;ASISTENTE ADMINISTRATIVO DE TECNOLOGIA
9352;ARQUITECTO DE DATOS;ARQUITECTO DE BASE DE DATOS
9353;JEFE BODEGA;JEFE BODEGA 1
9354;COORDINADOR DE ESTADISTICA;JEFE DE ESTADISTICA
9355;JEFE DE MARCA;JEFE MARCA
9356;EJECUTIVOS DE CAPTACIONES;EJECUTIVOS DE CAPTACIONES JUNIOR
9357;COMPRADOR SR;COMPRADOR SR.
9358;SUPERINTENDENTE / AFINES;SUPERINTENDENTE Y AFINES
9359;OPERADOR DE MAQUINARIA INDUSTRIAL;OPERADOR DE EQUIPO MAQUINARIA AGRICOLA
9360;JEFA DE ADMINISTRACION;JEFA DE ADMINISTRACION CORPORATIVA
9361;TECNICO TALLER;TECNICO 1 DE TALLER
9362;AUXILIAR DE ESTERILIZACION;ASISTENTE DE ESTERILIZACION
9363;SUB JEFE;SUBJEFE
9364;COORDINADOR DE DESARROLLO Y GESTION DE CALIDAD;SUPERVISOR DE GESTION DE CALIDAD Y DESARROLLO
9365;GERENTE DE PLANEACION FINANCIERA;COORDINADOR DE GESTION FINANCIERA
9366;DIRECTOR DE COMPRAS;JEFE DEL DPTO DE COMPRAS
9367;COORDINADOR DE COMUNICACION INTERNA;COORDINADOR DE MARKETING Y COMUNICACION INTERNA
9368;CHOFER DE OPERACIONES;AYUDANTE DE OPERACIONES - CHOFER
9369;COORDINADOR DE LOGISTICA Y TRANSPORTE;ANALISTA DE LOGISTICA Y TRANSPORTE
9370;COORDINADOR DE CONTROL Y GESTION;AUXILIAR DE CONTROL Y GESTION
9371;GERENTE DE CUSTOMER EXPERIENCE & MKT;JEFE DE CUSTOMER EXPERIENCE
9372;DOCENTE FISICA PRIMERO-SEGUNDO Y TERCERO BACHILLERATO;PROFESOR EDUCACION FISICA BASICA
9373;COORDINADOR DE DISENO;COORDINADOR DE SERVICIOS DE DISENO
9374;ASISTENTE DE COMPRAS Y CONTRATACIONES;ASISTENTE DE ADQUISICIONES Y SERVICIOS GENERALES
9375;COORDINADOR DE TRAFICO;COORDINADOR DE TRAFICO Y MONIT
9376;MECANICO SOLDADOR;SOLDADOR-MECANICO
9377;ANALISTA FUNCIONAL JR;ANALISTA FUNCIONAL SENIOR
9378;ASISTENTE ADMINISTRATIVO FINANCIERO TARJETAS;ASISTENTE DE TARJETAS
9379;ASISTENTE GENERAL QUITO;ASISTENTE QUITO
9380;JEFE DE PLANIFICACION Y CONTROL PROYECTOS;JEFE DE SERVICIO AL CLIENTE Y CONTROL DE PROYECTOS
9381;ASESOR DE ENDEREZADA Y PINTURA;ASESOR DE SERVICIO ENDEREZADA Y PINTURA
9382;INGENIERA DE ASEGURAMIENTO DE CALIDAD I;INGENIERA DE ASEGURAMIENTO DE CALIDAD II
9383;ANALISTA DE NOMINA;ANALISTA DE NOMINA Y COMISIONES
9384;TECNICO DE REPARACION Y MANTENIMIENTO DE EQUIPOS ESPECIALIZADOS PROPIOS DE LA INDUSTRIA;TECNICO DE REPARACION Y MANTENIMIENTO
9385;COORDINADOR DE CONTABILIDAD E IMPUESTOS;JEFE/A DE CONTABILIDAD Y TRIBUTACION
9386;ESPECIALISTA CALIDAD;ESPECIALISTA DE INNOVACION Y CALIDAD
9387;EJECUTIVO ASISTENTE (OFC 1) CO;EJECUTIVO ASISTENTE (OFC 2) CSO
9388;DESARROLADOR JUNIOR DE SOFTWARE;ANALISTA DE SOFTWARE JUNIOR
9389;COORDINADOR INFRAESTRUCTURA Y CYBERSEGURIDAD;JEFE DE CIBERSEGURIDAD E INFRAESTRUCTURA
9390;GERENTE DE OPERACIONES Y VENTAS;GERENTE SENIOR DE OPERACIONES
9391;COORDINADOR PLANIFICACION;COORDINADOR PREDICTIVO Y PLANIFICACION
9392;ASISTENCIA DE GERENCIA;SERVICIOS DE GERENCIA
9393;COORDINADOR CONTABILIDAD;COORDINADOR DE CONTABILIDAD E INVENTARIOS
9394;COORDINADOR DE MARKETING POSTVENTA;EJECUTIVO DE SOPORTE DE POSTVENTA Y MARKETING
9395;COORDINADOR DE SERVICIOS ADMINISTRATIVOS;COORDINADOR DE DESARROLLO ADMINISTRATIVO
9396;COORDINADOR DE CAPACITACION;COORDINADORA DE CAPACITACION Y ENTRENAMIENTO
9397;GERENTE DE T.T.H.H. Y ADMINISTRACION;GERENTE DE T.T.H.H. Y COMUNICACION
9398;TECNICO DE REDES Y TELECOMUNICACIONES;TECNICO DE REDES TELECOM Y EQUIPO
9399;DIRECTOR DE FINANZAS;COORDINADOR DE GERENCIA FINANCIERA
9400;DESARROLLADOR DE COBERTURA - A;DESARROLLADOR DE COBERTURA - B
9401;ASISTENTE COMERCIAL;ASISTENTE GERENCIA COMERCIAL
9402;SUPERVISOR DE MANTENIMIENTO (MECANICO);ASISTENTE DE SUPERVISOR MECANICO
9403;GERENTE / GENERAL;GERENTE / DIRECTOR GENERAL
9404;ASISTENTE DE GERENCIA DE PLANTA;ASISTENTE GERENTE DE PLANTA
9405;ANALISTA DE NOMINA Y ADMINISTRACION;ANALISTA DE NOMINA Y GESTION DE PERSONAL
9406;COORDINADOR OPERACIONES NACIONAL;COORDINADOR GENERAL DE OPERACIONES
9407;ANALISTA DE ASEGURAMIENTO Y CONTROL DE CALIDAD;ANALISTA ASEGURAMIENTO CALIDAD
9408;ANALISTA TECNICO COMERCIAL MANTENIMIENTO;JEFE COMERCIAL DE MANTENIMIENTO
9409;COORDINADOR DE DISENO GRAFICO;TECNICO DE DISENO GRAFICO
9410;JEFE DE VENTAS REGIONAL;JEFE DE VENTAS ZONAL
9411;VENDEDOR DE FARMACIA;VENDEDOR SR. FARMACIA
9412;ASISTENTE DE ORIENTACION DE UNIVERSIDADES;ORIENTADOR DE UNIVERSIDADES
9413;JEFE ADMINISTRACION Y FINANZAS;RESPONSABLE DE ADMINISTRACION Y FINANZAS
9414;GESTOR DE MANTENIMENTOS;GESTOR DE MANTENIMENTO
9415;ASISTENTE DE FACTURACION FIN;ASISTENTE FINANCIERO FACTURACION SENIOR
9416;ASISTENTE DE VALOR AGREGADO;AYUDANTE DE VALOR AGREGADO
9417;AYUDANTE DE BODEGA OPERACIONES;OBRERO - AYUDANTE DE BODEGA
9418;GERENTE UNIDAD DE ADMINISTRACION INTEGRAL DE RIESGOS;SUBGERENTE DE LA UNIDAD DE ADMINISTRACION INTEGRAL DE RIESGOS
9419;RECIBIDOR - PAGADOR;RECIBIDOR - PAGADOR MASTER
9420;SUPERVISOR ADMINISTRACION;SUPERVISOR DE ADMINISTRACION DE PERSONAL
9421;ENCARGADO DE HSE;GERENTE DE HSE
9422;ASISTENTE DE SOPORTE TECNICO;ASESOR DE SOPORTE TECNICO
9423;COORDINADOR PLANIFICACION;COORDINADOR REGIONAL DE PLANIFICACION
9424;AUXILIAR DE INFORMACION;AUXILIAR DE INFORMES
9425;GERENTE RECURSOS HUMANOS, ADMINISTRACION;JEFE DE RECURSOS HUMANOS Y SISTEMA DE GESTION
9426;ANALISTA DE ASEGURAMIENTO Y CONTROL DE CALIDAD;ANALISTA DE CALIDAD Y HSE
9427;SUPERVISOR CENTRO DE OPERACIONES;SUPERVISOR DE OPERACIONES SR
9428;SUBGERENTE DE LOCAL;SUBJEFE DE LOCAL
9429;JEFE DE COMPRAS Y ADQUISICIONES;JEFE DE COMPRAS Y COMEX
9430;SUPERVISOR DE INVENTARIO;SUB-GERENTE DE INVENTARIO
9431;ANALISTA DE GESTION AMBIENTAL;COORDINADOR DE GESTION AMBIENTAL
9432;GERENTE CREDITO Y COBRANZAS;GERENTE DE CREDITOS Y COB
9433;ANALISTA DE GESTION LOGISTICA;ANALISTA DE LOGISTICA Y TRANSPORTE
9434;SUBGERENTE ADMINISTRATIVA FINANCIERA;SUPERVISORA FINANCIERA ADMINISTRATIVA
9435;ASISTENTE TECNICO;ASISTENTE TECNICO IT
9436;DOCENTE EGB ELEMENTAL (2DO-3ERO) CAHC;DOCENTE EGB ELEMENTAL (4TO-5TO)
9437;ASISTENTE DE DIGITALIZACION;ASISTENTE DE TRANSFORMACION DIGITAL
9438;INGENIERO DE DESARROLLO JR;INGENIERO DE DESARROLLO SR.
9439;ANALISTA DE APLICACIONES Y CALIDAD;ANALISTA DE CALIDAD FUNCIONAL DE APLICACIONES
9440;ANALISTA DE AUTOMATIZACIO;ANALISTA DE AUTOMATIZACION DE PROCESOS
9441;JEFE DE SEGURIDAD FISICA;COORDINADOR SEGURIDAD FISICA
9442;ANALISTA DE PLANEACION FINANCIERA SENIOR;ANALISTA CORPORATIVO DE PLANIFICACION FINANCIERA
9443;ANALISTA DE OPERACIONES;ANALISTA DE OPERACIONES Y MONITOREO
9444;AUXILIAR I DE BODEGA;AUXILIAR BODEGA LICENCIA C
9445;FIELD SERVICE ENGINEER;FIELD SERVICE/SUPPORT ENGINEER
9446;ASISTENTE DE GESTION;ASISTENTE DE GENTE Y GESTION
9447;JEFE ADMINISTRADOR;JEFE ADMINISTRATIVO CORPORATIVO
9448;GERENTE DE LABORATORIO;GERENTE / DIRECTOR TECNICO DE LABORATORIO
9449;ANALISTA DE MARKETING DIGITAL;ANALISTA DE COMUNICACION Y MARKETING
9450;DOCTOR LEVEL I;DOCTOR LEVEL II
9451;JEFE DE OPERACIONES SERVICIOS INTEGRADOS;SUPERVISOR DE OPERACIONES SERVICIOS INTEGRADOS
9452;LIDER DE PROTECCION PORTUARIA;LIDER DE SEGURIDAD PORTUARIA
9453;OPERADOR DE MAQUINARIA 1;OPERADOR DE MAQUINARIA MENOR
9454;ASISTENTE DE CREDITO Y FINANZAS;ASISTENTE FINANCIAMIENTO Y SEGUROS
9455;ASISTENTE DE CAPTACIONES;ASESOR DE CAPTACIONES SENIOR
9456;COORDINADORA ASUNTOS REGULATORIOS Y FARMACOVIGILANCIA;COORDINADORA DE FARMACOVIGILANCIA
9457;GERENCIA ADMINISTRATIVA;GER. ADMINISTRATIVA
9458;JEFE DE ZONA REGIONAL;JEFE DE REGIONAL
9459;OPERADOR DE CAMARA;OPERADOR DE CAMARAS
9460;ASESOR TECNICO DE REPUESTOS;ASESOR DE REPUESTOS Y ACCESORIOS
9461;MECANICO DE SERVICIO (MOTORIZADO);MECANICO DE SERVICIOS
9462;JEFE DE FINANCIERO;JEFE DE CONTOL FINANCIERO
9463;ASISTENTE ADMINISTRATIVO RRHH;ASISTENTE ADMIN-RR.HH.
9464;ANALISTA CONTABLE TARJETA DE CREDITO;ANALISTA OPERATIVO TARJETA DE CREDITO
9465;COORDINADOR DE CAPTACIONES;COORDINADOR DE CAPTACIONES CDP
9466;GERENTE NACIONAL DE CREDITO;GERENTE NACIONAL DE ORIGINACION DE CREDITO
9467;SUPERVISOR DE LIMPIEZA;SUPERVISOR DE LIMPIEZA (ESTABLECIMIENTOS CATEGORIA SEGUNDA
9468;GERENTE DE COMUNICACION CORPORATIVA;JEFE DE COMUNICACION INTERNA
9469;COORDINADOR VISITA MEDICA;JEFE DE VISITA MEDICA
9470;COORDINADOR SEGURIDAD FISICA;COORDINADORA ADMINISTRATIVA DE SEGURIDAD FISICA
9471;ANALISTA DE OPERACIONES LOGISTICA;ANALISTA COMERCIAL Y LOGISTICA
9472;DIRECTOR DE INNOVACION;DIRECTOR DE DESARROLLO E INNOVACION
9473;INGENIERO INFRAESTRUCTURA;INGENIERO SENIOR DE INFRAESTRUCTURA TECNOLOGICA
9474;AYUDANTE SOLDADOR - TIPO 1;AYUDANTE SOLDADOR 1
9475;LIDER DE SERVICIO AL CLIENTE EXPORT;LIDER DE SERVICIO AL CLIENTE IMPORT
9476;ASESOR COMERCIAL EXTERNO;ASESOR COMERCIAL VENTAS EXTERNAS
9477;COORDINADOR CENTRO DE DISTRIBUCION;ADMINISTRADOR DE CENTRO DE DISTRIBUCION
9478;ELECTRICISTA JR.;ELECTRICISTA SR.
9479;ASISTENTE DE DISTRIBUCION Y LOGISTICA;ASISTENTE DISTRIBUCION Y ALMACENAMIENTO
9480;ASISTENTE DE LOGISTICA SR;ASISTENTE SISTEMAS Y LOGISTICA
9481;ASISTENTE DE SISTEMAS;ANALISTA Y SOPORTE SISTEMAS
9482;EJECUTIVO DE CONVENIOS;EJECUTIVO JUNIOR DE CONVENIOS
9483;JEFE DE BODEGA DE INSUMOS;JEFE DE BODEGA DE INSUMOS Y REPUESTOS
9484;JEFE DE SEGURIDAD INDUSTRIAL Y SALUD OCUAPCIONAL;JEFE DE SEGURIDAD INDUSTRIAL Y SALUD OCU
9485;JEFE DE SOSTENIBILIDAD;JEFE DE SOSTENIBILIDAD Y SISTEMA DE GESTION
9486;TECNICO DE SERVICIO;TECNICO DE SERVICIO GENERAL
9487;SUPERVISOR DE PROCESAMIENTO;SUPERVISOR OPERATIVO PROCESOS
9488;ASISTENTE DE INVENTARIO;ASISTENTE DE INVENTARIO-PROCESOS
9489;COORDINADOR HSE;COORDINADOR QHSE
9490;ASISTENTE DIRECCION FINANCIERA;ASISTENTE DE OPERACIONES Y FINANZAS
9491;ESPECIALISTA DE SEGURIDAD DIGITAL;ESPECIALISTA EN SEGURIDAD ELECTRONICA
9492;CHEF DE COCINA;SOUS CHEF DE COCINA
9493;ANALISTA DE IMPUESTOS;ANALISTA CONTABLE IMPUESTOS
9494;ASISTENTE DE I&D - REGULATORIOS;TECNICO(A) DE I&D - REGULATORIOS
9495;CUSTOMER SERVICE ANALYST;CUSTOMER EXPERIENCE ANALYST
9496;LEAD SERVICE ASSURANCE ENGINEER;LEAD SERVICE ASSURANCE TECHNICIAN
9497;OPERADOR;OPERADOR (S)
9498;JEFE DE ADMINISTRACION DE CONTRATO;JEFE CONTRATACIONES
9499;AUXILIAR DE BODEGA Y MONTACARG;AUXILIAR DE BODEGA/MONTACARGAS
9500;COORDINADOR RENOVACIONES;JEFE DE RENOVACIONES
9501;ASISTENTE DE COMPRAS Y MANTENIMIENTO;COORDINADOR DE COMPRAS DE MANTENIMIENTO
9502;COORDINADOR DE CONTROL LOGISTICO;ASESOR DE CONTROL LOGISTICO
9503;ASISTENTE DE PLANTA;ASISTENTE GERENTE DE PLANTA
9504;PROFESORES CON TITULO DE CUARTO NIVEL / BASICO;PROFESORES CON TITULO DE CUARTO NIVEL
9505;CONDUCTOR VEHICULAR CANCILLERIA;CONDUCTOR VEHICULAR VICECANCILLERIA
9506;PROGRAMADOR DE LA PRODUCCION;SUPERVISOR PROGRAMACION DE LA PRODUCCION
9507;GERENTE CALIDAD;GERENTE DE CALIDAD Y PROCESOS
9508;JEFE DE FINANZAS;JEFE DE FINANZAS Y CONTROL
9509;JEFE DE COSTO;JEFE DE CONTROL DE COSTOS
9510;MENSAJERO- SERVICIOS GENERALES;MENSAJERIA Y SERVICIOS EN GENERAL
9511;ASISTENTE DE COMUNICACION;AUXILIAR DE DISENO Y COMUNICACION
9512;TECNICO DE MANTENIEMIENTO;TECNICO DE REPARACION Y MANTENIMIENTO
9513;AUXILIAR DE BODEGA;AUXILIAR OPERATIVO BODEGA
9514;JEFE DE DATA ANALYTICS;JEFE DE DATA INTELLIGENCE
9515;JEFE DE INFRAESTRUCTURA Y PRODUCCION;GERENTE DE PRODUCCION E INFRAESTRUCTURA
9516;JEFE SOPORTE Y MANTENIMIENTO CORPORATIVO;JEFE DE SOPORTE CORPORATIVO
9517;COORDINADOR ABASTECIMIENTO;COORDINADOR PLANIFICACION ABASTECIMIENTO
9518;OPERADOR DE MAQUINA;OPERADOR DE MAQUINA DE EN
9519;GERENTE PRODUCCION Y CALIDAD;GERENTE DE PRODUCCION 生产经理
9520;GERENTE NACIONAL DE VENTAS CANAL AUTOSERVICIOS;GERENTE NACIONAL DE VENTAS VEHICULOS
9521;COORDINADOR DE TRADE MARKETING CANAL MODERNO;JEFE DE TRADE MARKETING CANAL MODERNO
9522;ANALISTA COMUNICACION Y DESARROLLO;ANALISTA DE COMUNICACION Y RELACIONAMIENTO
9523;SECRETARIA DE GERENCIA;SECRETARIA DIRECCION
9524;GERENTE DE OPERACIONES Y VENTAS;GERENTE DE OPERACIONES Y SERVICIO AL CLIENTE
9525;ANALISTA DE LUBRICANTES;COORDINADOR DE LUBRICANTES
9526;ANALISTA DE PLANEAMIENTO DE PRODUCCION R;ANALISTA PLANEACION DE PRODUCCION II
9527;ASESOR DE VENTA;ASESOR SENIOR DE VENTA
9528;JEFE DISTRIBUCION;JEFE DE DISTRIBUIDORES
9529;ASISTENTE DE GESTION DE TALENTO HUMANO;ASISTENTE ADMINISTRACION DE TALENTO HUMANO
9530;COORDINADOR DE LOGISTICA E INVENTARIOS;COORDINADOR DE LOGISTICA INTERNACIONAL
9531;ANALISTA DE ADMINISTRACION SALARIAL Y NOMINA;ANALISTA DE NOMINA Y GESTION DE PERSONAL
9532;DESARROLLADOR DE SISTEMAS;DESARROLADOR DE SISTEMAS
9533;COORDINADOR DE COMUNICACION Y DISENO;JEFE DE DISENO Y COMUNICACIONES
9534;COORDINADOR ADMINISTRATIVO/FINANCIERO;COORDINADOR SENIOR ADMINISTRATIVO
9535;ASISTENTE DE FINANCIERO;ASISTENTE FINANCIERO Y TALENTO HUMANO
9536;OPERADOR DE MAQUINA (EMPAQUES);OPERADOR DE MAQUINA DE EN
9537;ASISTENTE ADM PROD;ASISTENTE ADM DE PROD
9538;AUXILIAR DE SERVIC.;AUXILIAR SERVICIO
9539;COORDINADOR DE COMPENSACION Y BENEFICIOS;ASISTENTE DE COMPENSACIONES Y BENEFICIOS
9540;COORDINADOR DE LIQUIDACION;JEFE DE LIQUIDACION
9541;OPE - OPERADORES;OPERADORES
9542;AUXILIAR DE OFICIOS VARIOS;AUXILIAR OFICIOS
9543;GERENTE DE SOLUCIONES Y ARQUITECTURA;JEFE DE ARQUITECTURA DE SOLUCIONES
9544;GERENTE ADMINISTRACION, FINANZAS Y CONTROL;GERENTE DE DEPARTAMENTO DE ADMINISTRACION Y CONTABILIDAD
9545;JEFE SEGURIDAD INDUSTRIAL;JEFE DE SEGURIDAD INDUSTRIAL Y SALUD OCUPACIONAL
9546;ASISTENTE PLANEACION LOGISTICA;COORDINADOR ASISTENTE LOGISTICA
9547;ASISTENTE AYUDANTE AUXILIAR DE SERVICIOS TECNICO;ASISTENTE DIRECCION TECNICA
9548;ANALISTA DE OPERACIONES CONTABLES;ANALISTA CUENTAS CONTABLES
9549;ANALISTA DE MONITOREO;ANALISTA DE CENTRAL DE MONITOREO
9550;JEFE CONTROL CALIDAD;JEFE AREA DE CALIDAD
9551;CONTENT CREATOR / COMMUNITY MANAGER;CONTENT MANAGER/CREATOR
9552;OPERADOR SISTEMAS;OPERATIVO DE SISTEMAS
9553;JEFE DE DEVOLUCIONES;JEFE DE BODEGA DE DEVOLUCIONES
9554;COORDINADOR ADMINISTRATIVO DE FLOTA;COORDINADOR DE FLOTA VEHICULAR
9555;ANALISTA DE ATENCION Y RETENCION AL CLIENTE;ANALISTA DE OPERACIONES Y ATENCION AL CLIENTE
9556;MAESTRO MECANICO;MAESTRO METALMECANICO
9557;GERENTE PLANIFICACION;TECNICO DE GESTION DE PLANIFICACION
9558;CHOFER DE CAMION;CHOFER DE CAMIONETA
9559;GERENTE DE PROYECTO;GERENTE CORPORATIVO DE PROYECTOS
9560;ESPECIALISTA DE PLANIFICACION;ESPECIALISTA DE PLANIFICACION Y COOPERACION
9561;REPRESENTANTE DE ADMINIST. DE VENTAS;REPRESENTANTE DE ADMINISTRACION DE VENTA
9562;H023 - GERENTE DE DISTRITO;H059 - GERENTE DE DISTRITO
9563;ANALISTA CREDITO NACIONAL;ANALISTA DE COMITE NACIONAL DE CREDITO
9564;ANALISTA DE VENTAS;ANALISTA DE VENTAS 1
9565;COORDINADOR DE CENTRO DE EXCELENCIA;JEFE CORPORATIVO DE CENTRO DE EXCELENCIA
9566;SUPERVISOR DE RELACIONES COMUNITARIAS;SUPERVISOR DE RS Y RELACIONES COM.
9567;JEFE PLANEACION FINANCIERA;JEFE_DE_PLANEACION_FINANCIERA_Y_TESORERIA
9568;COORDINADOR CREATIVO;COORDINADOR SERVICIOS CREATIVOS
9569;ASESOR DE SERVICIO;ASESOR DE SERVICIOS TALLER
9570;COORDINADOR DE MINA;COORDINADOR DE DESARROLLO DE MINA
9571;ASISTENTE ADMINISTRATIVA ATENCION AL CLIENTE;ASISTENTE ADMINISTRATIVA Y SERVICIOS EN GENERAL
9572;GERENTE DE LOGISTICA Y DISTRIBUCION;GERENTE DE TRANSPORTE Y LOGISTICA
9573;ASISTENTE SOPORTE DE NEGOCIOS;COORDINADOR DE SOPORTE DE NEGOCIOS
9574;ASISTENTE CARTERA;ASISTENTE OPERATIVO DE CARTERA
9575;DISENADOR MULTIMEDIA UX/UI;DISENADORA UI/UX
9576;TECNICO DE LOGISTICA;TECNICO COMERCIAL LOGISTICO
9577;COORDINADOR DE SERVICIOS DE TI;COORDINADOR DE SERVICIOS IT
9578;ANALISTA DE RIESGO;ANALISTA CONTROL DE RIESGOS
9579;CHOFER DE REPARTO;CHOFER DE REPARTO Y SERVICIOS VARIOS
9580;GERENTE CONTROL CALIDAD;ENCARGADO DE CONTROL DE CALIDAD
9581;ASISTENTE DE GASTRONOMIA;AUXILIAR DE GASTRONOMIA
9582;GERENTE DE CULTURA ORGANIZACIONAL;COORDINADOR DE CULTURA ORGANIZACIONAL
9583;ASISTENTE DE LOGISTICA Y OPERACIONES;ASISTENTE COMPRAS Y LOGISTICA
9584;GERENTE DE COMERCIALIZACION Y;JEFE DE MARKETING Y VENTAS
9585;ASISTENTE DE MATERIALES & LOGISTICA;ASISTENTE DE MATERIALES Y SUMINISTROS
9586;JEFE DE BODEGAS;JEFE DE BODEGAS EXTERNAS
9587;GERENTE DE AUDITORIA EN CONSULTORIA TECNOLOGICA;ASISTENTE DE AUDITORIA EN CONSULTORIA TECNOLOGICA
9588;AUXILIAR DE DISTRIBUCION;AYUDANTE DE DISTRIBUCION
9589;JEFE ABASTECIMIENTO;JEFE CENTRO DE ABASTECIMIENTO
9590;COORDINADOR DE DISTRIBUCION Y LOGISTICA;JEFE DE OPERACIONES DE TRANSPORTE Y DISTRIBUCION
9591;COORDINADOR DE SISTEMA INTEGRADO DE GESTION;JEFE DE SISTEMAS INTEGRADOS DE GESTION Y MEDIO AMBIENTE
9592;ADM. AUXILIAR DE SERVICIOS GENERALES;EMPLEADO DE SERVICIOS GENERALES
9593;JEFE DE SELECCION Y DESARROLLO;JEFE DE SELECCION, DESARROLLO Y CULTURA
9594;DISENADOR (A) GRAFICO;DISENADOR GRAFICO Y AUDIOVISUALES
9595;TRABAJADOR OPERATIVO POLIFUNCIONAL;OBRERO POLIFUNCIONAL
9596;LIDER CONTROL DE CALIDAD;LIDER ASEGURAMIENTO Y CONTROL DE CALIDAD
9597;LABORATORISTA 3;LABORATORISTA 4
9598;OFICIAL DE SEGURIDAD DE LA INFORMACION Y DELEGADO DE PROTECCION DE DATOS;OFICIAL DE SEGURIDAD INTEGRAL Y PROTECCION DE DATOS
9599;ANALISTA DE ASEGURAMIENTO Y CONTROL DE CALIDAD;ANALISTA DE CALIDAD Y REGULATORIO
9600;EJECUTIVO MARKETING;EJECUTIVO MARKETING DIGITAL
9601;DIRECTOR DE PROYECTOS;DIRECTOR DE PROYECTO
9602;JEFE DE ZARPE E INSPECCION;SUPERVISOR DE ZARPES E INSPECCION
9603;GESTOR DE COBRANZAS 1;GESTOR DE COBRANZAS 3
9604;COORDINADOR CONTABILIDAD;COORDINADOR ADMINISTRATIVO CONTABLE
9605;COORDINADOR DE CANALES COMERCIALES;COORDINADOR DE CANALES MERCADEO
9606;JEFE DE VENTAS REGION COSTA;JEFE COMERCIAL REGION COSTA
9607;ASISTENTE COORDINADOR DE PRODUCCION;ASISTENTE DE PRODUCCION EJECUTIVA
9608;ASISTENTE DE GERENCIA;ASISTENTE DE GERENCIA TECNICA
9609;LABORATORISTA DE CALIDAD;ANALISTA, LABORATORISTA, INSP. CALIDAD
9610;GERENTE DE NEGOCIO;GERENTE DE NEGOCIOS PROYECTOS
9611;SUPERVISOR AMBIENTAL;SUPERVISOR AMBIENTAL E INDUSTRIAL
9612;COORDINADO DE PRODUCCION;COORDINADOR DEL AREA DE PRODUCCION
9613;GERENTE DE LEGAL & CUMPLIMIENTO;GERENTE LEGAL, CUMPLIMIENTO Y AUDITORIA
9614;JEFE DE BODEGA DE MATERIA PRIMA;ENCARGADO BODEGA MATERIAS PRIMAS
9615;DIRECTOR DE GESTION OPERATIVA;DIRECTOR DE OPERACIONES E INGENIERIA
9616;SUPERVISOR DE SISTEMAS DE GESTION;SUPERVISOR EN GESTION DEL SERVICIO
9617;ANALISTA PRODUCCION;ANALISTA SENIOR PRODUCCION
9618;COORDINADOR SERVICIOS GENERALES;ENCARGADO SERVICIOS GENERALES
9619;ACCOUNTANT MANAGER;ACCOUNTING ASSISTANT MANAGER
9620;GERENTE DE PRODUCCION Y VENTAS;GERENTE DE PRODUCCION Y PROYECTOS
9621;TECNICO EN SEGURIDAD INDUSTRIAL;TECNICO EN SEGURIDAD MINERA
9622;GUARDIAS;2.GUARDIAS
9623;ANALISTA ASUNTOS REGULATORIOS;ANALISTA DE ASUNTOS REGULATORIOS MASIVOS
9624;AYUDANTE DE COCINA;AYUDANTE DE OPERACIONES - CHEF DE COCINA
9625;AGENTE DE LIMPIEZA;AUXILIAR DE LIMPIEZA GERENCIA
9626;OPERADOR DE LOGISTICA;ANALISTA DE OPERACIONES LOGISTICA
9627;ASISTENTE DE COMPRAS NACIONALES;GERENTE DE COMPRAS NACIONALES
9628;AUXILIAR DE LABORATORIO CLINICO;AUXILIAR DE LABORATORIO QUIMICO
9629;SUPERVISOR ADMINISTRACION;SUPERVISOR ADMINISTRACION GENERAL
9630;ANALISTA ADMINISTRACION, FINANZAS Y CONTROL;ANALISTA DE CONTROL Y AUDITORIA INTERNA
9631;JEFE DE TRADE MARKETING CANAL MODERNO;JEFE DE TRADE MARKETING CANAL TRADICIONAL
9632;JEFE DE POST VENTA;JEFE POST VENTA
9633;ASISTENTE CONTABLE 2;ASISTENTE CONTABLE JR
9634;GESTOR DE PROYECTO;ESPECIALISTA GESTOR DE PROYECTOS
9635;ASISTENDE ADMINISTRATIVO;ADMINISTRATIVO-ASISTENTE ADMINISTRATIVO
9636;SECRETARIA DE GERENCIA;SECRETARIA DE GERENCIA (E)
9637;AYUDANTE DE COCINA 2 GUAYAQUIL;JEFE DE COCINA GUAYAQUIL
9638;ASISTENTE DE OFICIAL DE CUMPLIMIENTO;OFICIAL DE CUMPLIMIENTO (OFICIAL DE CUMPLIMIENTO-ASISTENTE SERVICIO AL CLIENTE)
9639;SOLDADOR 1;SOLDADOR TIPO 1
9640;ANALISTA DE ESTRATEGIA Y NEGOCIOS;GERENTE DE ESTRATEGIA DE NEGOCIO, PLANIFICACI�N Y FINANZAS
9641;ASISTENTE ADMINISTRATIVO / MARKETING;ASISTENTE DE GERENCIA/DIRECCION DE MARKETING
9642;PERIODISTA JR POLITICA;PERIODISTA SR POLITICA
9643;LOGISTICA Y COMERCIAL;LOGISTICA Y COMERCIO EXTERIOR
9644;GERENTE SENIOR DE AUDITORIA;SENIOR DE AUDITORIA
9645;TRABAJADOR DE TEXTILES, CUERO Y CALZADO;TRABAJADOR DE TEXTILES
9646;GERENTE DE DIVISION PROFESIONAL;GERENTE DIVISION PROFESI
9647;AUXILIAR DE SEGURIDAD FISICA/BASC;JEFE DE SEGURIDAD FISICA/BASC
9648;ANALISTA DE PERSONAS & CULTURA;ANALISTA DE GENTE Y CULTURA
9649;ENCARGADO DE MANTENIMIENTO;RESPONSABLE DE MANTENIMIENTO
9650;TECNICO DE MAQUINARIA;TECNICO DE MAQUINAS
9651;EJECUTIVO DE CLIENTES CORPORATIVOS;EJECUTIVO DE EXPERIENCIA DEL CLIENTE CORPORATIVO
9652;LIDER DE ENTRENAMIENTO;LIDER DE ENTRENAMIENTO Y CAPACITACION
9653;DIRECTOR COMERCIAL;DIRECTOR COMERCIAL 1
9654;AUXILIAR DE MICROBIOLOGIA;AUXILIAR DE LABORATORIO MICROBIOLOGIA
9655;COORDINADOR CREDITO;COORDINADOR DE CREDITOS
9656;GERENTE DE SERVICIO AL CLIENTE Y LOGISTICA;JEFE DE LOGISTICA Y SERVICIO AL CLIENTE
9657;ANALISTA OPERATIVO COMERCIAL;ANALISTA OPERATIVO DE COMERCIO EXTERIOR
9658;1. JEFE DE COMPRAS;JEFE DE COMPRAS IV
9659;ASESOR DE AUTOPLAN;ASISTENTE DE AUTOPLAN
9660;SUPERVISOR DE EQUIPO PESADO;SUPERVISOR MECANICO EQUIPO PESADO
9661;DIRECTORA COMERCIAL Y DE SERVICIO AL CLIENTE;DIRECTORA DE RELACIONAMIENTO CON EL CLIENTE
9662;JEFE TECNICO CORPORATIVO;JEFE TECNICO INGENIERIA
9663;SUPERVISOR DE PROCESO EN PLANTA;SUPERVISOR DE PLANTA DE PRODUCCION
9664;ANALISTA DE ENTRENAMIENTO;ANALISTA DE ENTRENAMIENTO Y PROFESIONALIZACION
9665;GERENTE DE PRODUCTO HOGAR;JEFE DE PRODUCTO HOGAR
9666;JEFE DE AREA DE MANTENIMIENTO;COORDINADOR DE MANTENIMIENTO JR
9667;JEFE DE CREDITO 1;JEFE DE CREDITO 5
9668;JEFE DE OPERACIONES Y SERVICIOS;JEFE DPTO. OPERACIONES
9669;ASISTENTE DE BODEGAS;ASISTENTE DE BODEGAS DE CONSIGNA
9670;ANALISTA COMUNICACION;ANALISTA DE COMUNICACION Y RELACIONAMIENTO
9671;GERENTE DE GESTION DE PROYECTOS;ASISTENTE DE GESTION DE PROYECTOS
9672;ANALISTA DE PLANIFICACION (R);ANALISTA DE PLANIFICACION DE L
9673;GERENTE RECURSOS HUMANOS, ADMINISTRACION;JEFE ADMINISTRACION Y RECURSOS HUMANOS
9674;1 LANCHERO;3 LANCHERO
9675;ANALISTA CONTABLE FINANCIERA;ANALISTA FINANCIERO COMERCIAL
9676;ASISTENTE DE FINANCIERO;ASISTENTE FINANCIERO SENIOR
9677;ASISTENTE DISTRIBUCION;AUXILIAR DE DISTRIBUCION
9678;JEFE AUDITORIA PRODUCCION;JEFE DE PRODUCCION AUD.
9679;TECNICO DE OPERACIONES Y MANTENIMIENTO;INGENIERO DE OPERACION Y MANTENIMIENTO
9680;AUXILIAR FINANCIERO Y CONTABLE;ASISTENTE FINANCIERO Y AUXILIAR OPERACIONES
9681;JEFE DE PLANEAMIENTO OPERATIVO Y VENTAS;GERENTE DE VENTAS Y PLANIFICACION
9682;JEFE OPERATIVO - BODEGA;SUPERVISOR OPERATIVO BODEGA
9683;ASESOR COMERCIAL CIENTIFICO;CONSULTOR CIENTIFICO COMERCIAL
9684;ASIST FINANCIERO;ASIST. FINANCIERO
9685;ASISTENTE COMERCIAL, CAJA Y LOGISTICA;AUXILIAR DE CAJA Y LOGISTICA
9686;GERENTE DE ALMACEN;GERENTE DE ALMACENAMIENTO Y DESPACHO
9687;MANAGER TRADICIONAL TRADE ECUADOR;TRADITIONAL TRADE SALES MANAGER ECUADOR
9688;ASISTENTE AUXILIAR SERVICIOS EN GENERAL;ASISTENTE DE PROVEDURIA Y SERVICIOS GENERALES
9689;ASESOR TECNICO COMERCIAL;JEFE TECNICO COMERCIAL
9690;COORDINADOR DE COMPRAS Y SERVICIOS;COORDINADORA SENIOR DE COMPRAS
9691;GERENTE TECNICO DE INNOVACION Y DESARROLLO;GERENTE TECNICO DE DESARROLLO
9692;COORDINADORA ADMINISTATIVA;COORDINADOR ADMINISTRA
9693;JEFE DISTRIBUCION;JEFE DE DISTRIBUCION NACIONAL
9694;ANALISTA DE COSTOS;ANALISTA DE CONTROL COSTOS
9695;ADMININISTRADOR DE REEDES SOCIALES;ADMINISTRADOR DE REDES SOCIALES
9696;GERENTE DE ADMINISTRACION FINANCIERA Y CONTROL;CONTROLLER INTERNO FINANCIERO Y DE GESTION
9697;JEFE DE BODEGA;SUBJEFE DE BODEGA
9698;AYUDANTE DE INSTRUMENTACION;AUXILIAR DE INSTRUMENTACION
9699;GERENTE DE SERVICIOS DE OPERACIONES;GERENTE DE OPERACIONES CA
9700;JEFE DE CARTERA;JEFE DE CARTERA NACIONAL
9701;ANALISTA DE INVESTIGACION;ANALISTA DE INVESTIGACION, DESARROLLO Y SOPORTE TECNICO
9702;GERENTE DE COMPRAS Y CONTROL DE GESTION;GERENTE DE COMPRAS Y DESARROLLO
9703;ANALISTA DESARROLLO HUMANO;ANALISTA DE DESARROLLO DE TALENTO HUMANO
9704;JEFE DE OPERACIONES Y PRODUCCION;JEFE DE OPERACIONES Y PRODUCTO
9705;AYUDANTE DE PRODUCCION RCBTO;SUPERVISOR DE PRODUCCION RCBTO
9706;GESTOR DE BIENESTAR SOCIAL;GESTOR DE BIENESTAR
9707;ASISTENTE A DE AUDITORIA;ASISTENTE DE AUDITORIA SR.
9708;GERENTE CORPORATIVO DE PROYECTOS;JEFE DE PROYECTOS CORPORATIVOS
9709;ASESOR DE VENTAS (R);ASESOR DE VENTAS JR.
9710;TECNICO JUNIOR DE SEGURIDAD INDUSTRIAL;TECNICO JR. DE SEGURIDAD INDUSTRIAL Y MEDIO AMBIENTE
9711;COORDINADOR DE INGENIERIA;COORDINADOR DE INGENIERIA Y DISENO
9712;JEFE DE GESTION AMBIENTAL;GERENTE DE AMBIENTE
9713;SUPERVISOR DE OBRA;SUPERVISOR OBRA CIVIL
9714;SUBGERENTE TECNICO DE RIESGOS;TECNICO DE RIESGOS
9715;SUBGERENTE DE TI;SUB GERENTE DE TI
9716;COORDINADOR CANALES DIGITALES;JEFE DE CANALES DIGITALES
9717;COORDINADOR COMPRAS Y CONTRATOS;TECNICO DE COMPRAS Y CONTRATACIONES
9718;ASISTENTE SENIOR DE CALIDAD;ASISTENTE DE CALIDAD Y SIG
9719;GERENTE ALIMENTOS Y BEBIDAS;GERENTE ALIMENTOS Y AGRICOLA
9720;ASISTENTE POST VENTA;ANALISTA DE SERVICIO POST VENTA
9721;ANALISTA ADMINISTRATIVO KAI;ASISTENTE ADMINISTRATIVO KAI
9722;ANALISTA COMERCIO EXTERIOR;ANALISTA DE COMERCIO EXTERIOR SENIOR
9723;OPERADOR DE PUENTE GRUA - PRODUCCION;OPERADOR PUENTE GRUA
9724;OPERADOR DE PEGADORA;OPERADOR PEGADORA
9725;JEFE DE TECNOLOGIA INFORMATICA;JEFE DE TECNOLOGIA DE LA INFORMACION Y PROCESOS
9726;ASISTENTE DE ALMACEN;ASISTENTE DE ALMACEN / C-
9727;GERENTE DE PROCESOS PRODUCTIVOS;GERENTE DE PRODUCCION E INFRAESTRUCTURA
9728;MECANICO INSTRUMENTISTA;INGENIERO MECANICO / INSTRUMENTISTA
9729;COORDINADOR DE GESTION DE RIESGOS;JEFE CORPORATIVO DE GESTION DE RIESGOS
9730;JEFE DE AREA DE PRODUCCION;JEFE DE PRODUCCION - A
9731;JEFE DE COMUNICACION;DIRECTOR DE COMUNICACION
9732;GERENTE COMERCIAL POST-VENTA;GERENTE DE NEGOCIO POSTVENTA
9733;ASISTENTE DE EXPORTACIONES Y LOGISTICA;ASISTENTE DE LOGISTICA Y SEGURIDAD
9734;ASISTENTE DE CONTABILIDAD SENIOR;ANALISTA SENIOR DE REPORTES Y SERVICIOS CONTABLES
9735;GERENTE COMUNICACION;GERENTE DE COMUNICACIONES Y RELACIONES P
9736;JEFE DE GESTION DE PROYECTOS;JEFE DE PROYECTOS Y POSVENTAS
9737;ANALISTA DE LOGISTICA Y DESPACHO;ANALISTA COMERCIAL Y LOGISTICA
9738;ANALISTA DE PROCESOS Y GARANTIAS;ASISTENTE DE PROCESOS Y GARANTIAS
9739;GERENTE DE SOPORTE TECNICO;GERENTE DE OPERACIONES Y SOPORTE
9740;LIDER DE CALIDAD;LIDER DE ASEGURAMIENTO DE CALIDAD
9741;AYUDANTE ADM PRODUCCION;AYUDANTE DE PRODUCCION-1
9742;ASISTENTE COBRANZAS;ASISTENTE CONTABLE - COBRANZAS
9743;SUPERVISOR DE ADQUISICIONES CONTRATATOS Y LOGISTICA;SUPERINTENDENTE DE ADQUISICIONES Y LOGISTICA
9744;DIRECTOR DE MUSEO;JEFE DE MUSEO
9745;OPERADOR LAMINACION;OPERADOR SUPERVISOR DE LAMINACION
9746;JEFE DE GESTION DE TALENTO HUMANO;GERENTE DE TALENTO
9747;RECOGEDOR DE DESPERDICIO;RECOLECTOR DE DESPERDICIO
9748;JEFE DE MANTENIMIENTO PREDICTIVO Y DE REPUESTOS;SUPERVISOR TECNICO DE MANTENIMIENTO PREDICTIVO
9749;ASISTENTE DE OPERACIONES Y MANTENIMIENTO;ASISTENTE ADM. Y OPERACIONAL
9750;DIRECTOR DE COMUNICACION;DIRECTOR COMUNICACION Y PUBLICIDAD.
9751;COORDINADOR CORPORATIVO TRIBUTARIO;COORDINADOR FINANCIERO & TRIBUTARIO
9752;JEFE COMPRAS Y PLANIFICACION DE DEMANDA;JEFE DE PLANIFICACION DE LA DEMANDA Y OPERACIONES
9753;ASISTENTE RECURSOS HUMANOS;ASISTENTE RECURSOS HUMANOS 1
9754;JEFE ADMINISTRACION DE VENTAS Y MARKETING;JEFE ADMINISTRATIVA Y DE COMERCIALIZACION
9755;ANALISTA ADM Y DE COMPRAS;ANALISTA DE COMPRAS Y MANTENIMIENTO
9756;ANALISTA SOPORTE USUARIOS;ASISTENTE DE SOPORTE A USUARIOS
9757;ASISTENTE I LEGAL;ASISTENTE DEL AREA LEGAL
9758;JEFE CORPORATIVO DE MARKETING;JEFE DE MARKETING Y PUBLICIDAD
9759;ASESOR COMERCIAL JUNIOR;ASESOR COMERCIAL (JR.)
9760;ANALISTA DE INVESTIGACION Y DESARROLLO DE PRODUCTO;ANALISTA SR. DESARROLLO NUEVOS PRODUCTOS
9761;GESTOR DE MANTENIMENTO;GESTOR DE MANTENIMIENTO E
9762;ASISTENTE DE SSA;ASISTENTE DE SSA&E
9763;SUPERVISOR DE ATENCION AL USUARIO;SUPERVISOR DE SOPORTE A USUARIOS
9764;SOPORTE TECNICO;SOPORTE TECNICO SISTEMA
9765;GERENTE DE SERVICIO;GERENTE DE SERVICIO AL CLIENTE
9766;TECNICO DE REDES;TECNICO MANTENIMIENTO REDES
9767;DIRECTOR DE INGENIERIA DE RIESGOS;INGENIERO DE RIESGOS
9768;JEFE CORPORATIVO ACCESOS MOVILES Y TRANSPORTE;JEFE DE GESTION Y TRANSPORTE
9769;ANALISTA DE SEGURIDAD EN SISTEMAS;ANALISTA DE SEGURIDAD OPERACIONAL
9770;COORDINADOR DE RELACIONES COMUNITARIAS;JEFE DE RELACIONES COMUNITARIAS
9771;COORDINADOR VENTAS & SERVICIO;COORDINADOR DE COMPLETACION Y VENTAS
9772;EJECUTIVO DE VENTA IMPORT JUNIOR;EJECUTIVO/A DE VENTAS IMPORT JR.
9773;ASISTENTE DE TECNICO A.;ASISTENTE SRV.TECNICO
9774;AUXILIAR DE COMUNICACION;AUXILIAR DE DISENO Y COMUNICACION
9775;ASISTENTE DE PATIO;AUXILIAR DE PATIO
9776;JEFE DE PRODUCTO;JEFE DE PRODUCTO CV
9777;ASISTENTE / AYUDANTE OPERATIVO;ASISTENTE OPERATIVO - OT
9778;SUPERVISOR DE SEGURIDAD OCUPACIONAL;JEFE DE SEGURIDAD LABORAL
9779;ANALISTA DE GESTION Y CONTROL DE SOBREGIROS;ANALISTA DE SEGUIMIENTO Y CONTROL DE SOBREGIROS
9780;COORDINADOR DE BIENESTAR SOCIAL;ASESOR DE BIENESTAR SOCIAL
9781;GERENTE DE PROCESOS;GERENTE DE PROCESOS PRODUCTIVOS
9782;CONDUCTOR DE TANQUERO;CONDUCTOR TANQUERO DE AGUA
9783;AISTENTE FINANCIERO;ASIST FINANCIERO
9784;JEFE DE SSA;GERENTE DE SSA
9785;COORDINADOR SEGURIDAD DE LA INFORMACION;SUPERVISOR DE SEGURIDAD DE LA INFORMACION
9786;INGENIERO PROYECTOS;INGENIERO DE PROYECTOS JR
9787;JEFE ENTRENAMIENTO;SUPERVISOR DE ENTRENAMIENTO
9788;AYUDANTE 1 DE PRODUCCION VETERINARIOS B;OPERARIO 1 DE PRODUCCION VETERINARIOS B
9789;COORDINADOR DE PUBLICIDAD Y COMUNICACION;COORDINADOR DE BRANDING Y COMUNICACION
9790;OPERADOR DE BOMBA;OPERADOR DE BOMBAS
9791;GERENTE DE POSTVENTA RETAIL;JEFE COMERCIAL DE POSTVENTA RETAIL
9792;OPERADOR DE GRUA 200 TON;OPERADOR DE GRUA 300 TON
9793;ANALISTA DE COMPRAS Y PLANIFICACION;ANALISTA DE COMPRAS Y ABASTECIMIENTO
9794;AUDITOR DE CERTIFICACION;AUDITORA INTERNA DE CERTIFICACIONES
9795;GERENTE DE VENTAS ACUICOLA;REPRESENTANTE DE VENTAS ACUICOLA
9796;GERENTE DE MARKETING DIGITAL;DIRECTORA DE MARKETING DIGITAL
9797;JEFE DE COMPENSACIONES Y COSTOS LABORALES;JEFE DE COMPENSACIONES Y PLANIFICACION LABORAL
9798;ASISTENTE DE MANTENIMIENTO Y SEGURIDAD;ASISTENTE MANTENIMIENTO INFRAESTRUCTURA
9799;JEFE DE PROVEEDURIA;JEFE PROVEEDURIA
9800;ASISTENTE DE MANTENIMIENTO DE INSTALACIONES;ASISTENTE TECNICO DE MANTENIMI
9801;ANALISTA DE AUTOMATIZACIO;ANALISTA DE AUTOMATIZACION INTELIGENTE
9802;COORDINADOR DE TRADE MARKETING B2B;JEFE DE TRADE MARKETING B2B
9803;ANALISTA DE SOFTWARE SENIOR;ANALISTA DE SOPORTE Y DESARROLLO DE SOFTWARE
9804;JEFE CONTROL FINANCIERO Y CONTABILIDAD;COORDINADOR DE CONTROL Y PLANEAMIENTO FINANCIERO
9805;COORDINADORA ADMINISTRATIVA Y RRHH;DIRECTORA ADMINISTRATIVA Y RRHH
9806;TECNICO EN SEGURIDAD INDUSTRIAL;DIRECTOR TECNICO / TECNICO DE SEGURIDAD INDUSTRIAL Y AMBIENTE
9807;COORDINADOR DE MANTENIMIENTO PREVENTIVO Y DE AREAS;COORDINADOR AREA MANTENIMIENTO
9808;ASISTENTE DE DIRECCION TECNICA DE PASTORAL;AUXILIAR 1 DE DIRECCION TECNICA DE PASTORAL
9809;COORDINADOR DE AUDITORIA MEDICA;EJECUTIVO DE AUDITORIA MEDICA
9810;VENDEDOR 40 HORAS;VENDEDOR 20 HORAS
9811;COORDINADOR DE LOGISTICA;COORDINADOR LOGISTICO CENTRO DE DISTRIBU
9812;DIRECTOR DE ESTRATEGIA COMERCIAL;JEFE DE ESTRATEGIA COMERCIAL
9813;ASISTENTE DE OPERACIONES Y CREDITO;ASISTENTE DE OPERACIONES(CREDITO)
9814;JEFE DE COMPRAS SENIOR;JEFE DE COMPRAS TECNICAS
9815;SUPERVISOR DE OPERACIONES MINA/CANTERAS/YACIMIENTOS;SUPERVISOR DE OPERACIONES MINAS/CANTERAS/YACI
9816;DOCENTE DE MATEMATICA BS;DOCENTE MATEMATICAS BACHILLERATO
9817;ANALISTA DE DESARROLLO I;ANALISTA DE DESARROLLO JUNIOR
9818;COORDINADOR (A) DEL DPTO. FINANCIERO;COORDINADOR DE SERVICIOS FINANCIEROS
9819;COORDINADOR DE SISTEMAS DE GESTION DE CALIDAD;COORDINADOR DE PLANIFICACION Y ASEGURAMIENTO DE LA CALIDAD
9820;TEC. INSTALADOR;TECNICO DE INSTALACION
9821;SUPERVISOR MANTENIMIENTO MAQUINARIA PESADA;ASESOR DE SERVICIOS MAQUINARIA PESADA
9822;DOCENTE DE ARTE;PROFESOR DE ARTE
9823;ADMINISTRADOR/A DE ALMACEN;ASISTENTE DE ALMACEN Y LOGISTICA
9824;ASISTENTE DE SEGURIDAD, SALUD OCUPACIONAL Y MEDIO AMBIENTE;ASISTENTE DE SALUD, SEGURIDAD, AMBIENTE Y CALIDAD
9825;SUPERVISOR DE MERCADEO;SUPERVISOR MERCADOTECNIA
9826;TECNICO DE MANTENIMIENTO E INFRAESTRUCTURA;EJECUTIVO DE MANTENIMIENTO E INFRAESTRUCTURA
9827;ASISTENTE ADMINISTRATIVA CONTABLE;ASISTENTE ADMINISTRATIVA CONTA
9828;ASISTENTE OFICINA;AYUDANTE DE OFICINA
9829;TESORERO;TESORERO €
9830;ASISTENTE DE DIRECCION TECNICA DE COMUNICACION Y CULTURA;SECRETARIO TECNICO DE COMUNICACION Y CULTURA
9831;JEFE DE SEGURIDAD DE LA INFORMACION;COORDINADOR SEGURIDAD DE LA INFORMACION
9832;AGENTE VENDEDOR EXT;AGENTE VENDEDOR EXTERNO
9833;ANALISTA DE COMUNICACION Y MEDIOS;ANALISTA DE MEDIOS
9834;TECNICO DE PANADERIA;OPERARIO DE PANADERIA
9835;ADMINISTRADOR DE REDES;ADMINISTRADOR DE RED
9836;COORDINADOR DE PROGRAMACION DE SOFTWARE;COORDINADOR DE SOFTWARE
9837;COORD. COMUNICACION;COORD.DE COMUNICACIONES
9838;SUBGERENTE DE MOVILIDAD;SUPERVISOR DE MOVILIDAD
9839;COORDINADOR SENIOR DE ASUNTOS REGULATORIOS;ENCARGADO DE ASUNTOS REGULATORIOS
9840;IT ANALYST;INFORMATION TECHNOLOGY ANALYST
9841;ING. METALURGISTA;INGENIERO METALURGISTA
9842;JEFE DE FRONT OFFICE;JEFE DE OPERACIONES FRONT OFFICE
9843;ASISTENTE DE GARANTIAS;ASISTENTE DE PROCESOS Y GARANTIAS
9844;FIELD APPLICATION ENGINEER;ASSISTANT FIELD APPLICATION ENGINEER
9845;GERENTE CONTROL CALIDAD;GERENTE DE CONTROL DE CALIDAD 质量控制经理
9846;GERENTE ADIMINISTRATIVO;ADM GERENTE ADMINISTRATIVO
9847;COORDINADOR DE EMERGENCIA;COORDINADOR SENIOR DE EMERGENCIA
9848;SUB GERENTE COMERCIAL;SUBGERENTE COMERCIAL Y SERVICIO
9849;TECNICO DE CAMPO;TECNICO DE CAMPO Y MANTENIMIENTO
9850;DIRECTOR CORPORATIVO DE TALENTO HUMANO;JEFE CORPORATIVO DE TALENTO HUMANO
9851;JEFE DE PRODUCCION Y PROYECTOS;JEFE DE PRODUCCION (PR)
9852;COORDINADOR OPERACIONES AA;JEFE OPERACIONES AA
9853;SENIOR A;SENIOR C
9854;ASISTENTE AYUDANTE;ASISTENTE DE
9855;JEFE TECNICO COMERCIAL;GERENTE DE GESTION TECNICA COMERCIAL
9856;ANALISTA DE DESARROLLO DE CANALES;EJECUTIVO DE DESARROLLO DE CANALES
9857;ASISTENTE DE TRAFICO RECEPTIVO;ASISTENTE DE TRAFICO
9858;GERENTE DE VENTAS;GERENTE DE MERCADEO Y VENTAS ESPECIALES
9859;COORDINADOR ALMACEN;ANALISTA DE ALMACEN
9860;ASIST. SERV. AL CLIENTE;ASISTE DE SERVICIOS AL CLIENTE
9861;JEFE DE PLANIFICACION Y CONTROL DE PRESUPUESTO;JEFE CORPORATIVO DE PLANIFICACION Y CONTROL
9862;COORDINADOR DE RELACIONES ESTUDIANTILES;DIRECTOR DE RELACIONES ESTUDIANTILES
9863;COORDINADOR DE SEGURIDAD FISICA;COORDINADOR 1 - DE SEGURIDAD FISICA
9864;JEFE DE COBRANZA MASIVA;JEFE DE COBRANZAS MASIVO
9865;ASESOR DE NEGOCIOS;ASESOR DE NEGOCIOS SENIOR
9866;SECRETARIA-COLECTORA;COLECTORA SECRETARIA
9867;ASISTENTE / IMPORTACIONES;ASISTENTE 1 DE IMPORTACIONES
9868;EJECUTIVO DE NEGOCIOS JUNIOR;EJECUTIVO SENIOR NEGOCIOS
9869;SALES ENGINEERING & ENABLEMENT VP;VP DE SALES ENGINEERING & ENABLEMENT
9870;GERENTE SISTEMA DE CALIDAD;GERENTE TECNICA Y ASEGURAMIENTO DE LA CALIDAD
9871;AYUDANTE ADMINISTRATIVA;ASISENTE ADMINISTRATIVO
9872;INGENIERO INSPECTOR DE PROYECTOS 264;INGENIERO INSPECTOR DE PROYECTOS 283
9873;GERENTE DE I+D;GERENTE DE R&D
9874;AUXILIAR DE COBRANZA;ASISTENTE OPERATIVO DE COBRANZA
9875;OPERADOR DE PINTURA;OPERADOR AREA DE PINTURA
9876;JEFE DE MANTENIMIENTO ELECTROMECANICO;JEFE DE MANTENIMIENTO Y ADECUACIONES
9877;ASISTENTE DE SEGURIDAD Y CCTV;ASISTENTE DE SEGURIDAD Y MONITOREO
9878;AYU. OBRA LL2;AYU. OBRA R 2
9879;JEFE DE BRANDING;JEFE DE BRANDING Y EXPERIENCIAS
9880;JEFE REGIONAL SIERRA;GERENTE DE DIVISION SIERRA
9881;LIDER DE ASEGURAMIENTO DE CALIDAD;LIDER DE ASEGURAMIENTO DE LA CALIDAD DE PROYECTOS
9882;OPERADOR DE ENVASADORA;OPERADOR DE ENVASADO LIQUIDO
9883;JEFE PRODUCCION;SUB/GERENTE PRODUCCION
9884;ASESOR DE SERVICIOS INDUSTRIAL;ASISTENTE SERVICIOS INDUSTRIALES
9885;EC_JEFE DE LOGISTICA Y DISTRIBUCION;LIDER_DE_LOGISTICA_DISTRIBUCION
9886;OPERADOR OPERACIONES PORTUARIAS;OPERARIO PORTUARIO
9887;DISENADOR GRAFICO;DISENADOR GRAFICO JR
9888;COORDINADOR DE PRODUCCION - A;COORDINADOR DE PRODUCCION - C
9889;CONSULTOR CX;CX CONSULTANT SR
9890;ANALISTA DE CHURN;ANALISTA SR DE CHURN
9891;COBRADOR FACTURADOR;COBRADOR-FACTURADOR
9892;COORDINADOR DE COSTOS;COORDINADOR DE COSTOS Y COMPRAS
9893;ASISTENTE DE PRODUCCION JR;ASISTENTE OPERATIVO PRODUCCION
9894;COORDINADOR DE MEJORAMIENTO CONTINUO;COORDINADOR GESTION DE MEJORAMIENTO
9895;ANALISTA FUNCIONAL;ANALISTA FUNCIONAL JR
9896;DOCENTE DE EDUCACION BASICA;DOCENTE EDUCACION GENERAL BASICA
9897;JEFE DE CONTROL DE OBRAS;JEFE DEL DEPTO. DE CONTROL Y OBRAS
9898;SUPERVISOR DE LABORATORIO;SUPERVISOR DE LABORATORIO Y CONTROL DE CALIDAD
9899;COORDINADOR DE COSTOS E INVENTARIOS;COORDINADOR DE CONTABILIDAD E INVENTARIOS
9900;ANALISTA DE REVENUE MANAGEMENT;ASISTENTE DE REVENUE MANAGEMENT
9901;COORDINADOR CONTROL INTERNO;COORDINADOR (A) INTERNA
9902;ASISTENTE DE EMPAQUE;ASISTENTE MESA DE EMPAQUE
9903;COORDINADOR DE DISTRIBUCION Y LOGISTICA;COORDINADOR LOGISTICO CENTRO DE DISTRIBU
9904;EJECUTIVO DE COMUNICACION ORGANIZACIONAL;JEFE DE COMUNICACION ORGANIZACIONAL
9905;ASISTENTE DE DESARROLLO;ASISTENTE 1 DE DESARROLLO
9906;LOGISTIC COORDINADOR;LOGISTIC COORDINATOR LEVEL III
9907;DOCENTE TITULAR TIEMPO COMPLETO;DOCENTE NO TITULAR TIEMPO COMPLETO
9908;SUPERVISOR DE CONTROL DE PROYECTOS 1;SUPERVISOR DE CONTROL DE PROYECTOS 3
9909;GERENTE REGIONAL AMERICA LATINA - SOUTH;GERENTE REGIONAL LATAM
9910;ASISTENTE DE FACTURACION Y FINANZAS;ASISTENTE DE VENTAS Y FACTURACION
9911;TECNICO PROYECTOS;TECNICO INGENIERIA & PROYECTOS
9912;JEFE GESTION TECNICA;JEFE GESTION OPERATIVA
9913;ASISTENTE DE ADUANA;ASISTENTE ADUANA
9914;AUXILIAR DE LIMPIEZA 1;AUXILIAR OPERATIVO LIMPIEZA
9915;GERENTE DE UNIDAD DE NEGOCIO DE CONSUMO;JEFE DE UNIDAD DE NEGOCIO CONSUMO
9916;COORDINADOR DE PLATAFORMAS DIGITALES;COORDINADOR DE PLATAFORMAS VIRTUALES
9917;GERENTE DE CONTROL CALIDAD Y SEGURIDAD ALIMENTARIA;JEFE DE CONTROL DE CALIDAD Y SEGURIDAD ALIMENTARIA
9918;JEFE DE CONTROL DE CALIDAD EN PRODUCCION;ANALISTA DE CALIDAD DE PRODUCCION
9919;ASESOR TECNICO DIETAS DE ENGORDE;GERENTE DE DIETAS ENGORDE
9920;SUBGERENTE DE DESARROLLO ORGANIZACIONAL;TECNICO DE DESARROLLO ORGANIZACIONAL
9921;ASISTENTE DE PROCESAMIENTO;ASISTENTE DE PROCESAMIENTO DE DATOS
9922;COORDINADOR DE ENTRETENIMIENTO;JEFE DE ENTRETENIMIENTO
9923;ANALISTA ADMINISTRATIVA COMERCIAL;ASISTENTE ADMINISTRATIVA DEP. COMERCIAL
9924;TECNICO DE CAMPO;OFICIAL TECNICO DE CAMPO
9925;JEFE DE PLANIFICACION ESTRATEGICA;JEFE DE PLANIFICACION Y PRESUPUESTO
9926;JEFE DE BODEGA INSUMOS;SUPERVISOR DE BODEGA DE INSUMOS
9927;PROFESOR AUTOR TIEMPO COMPLETO FAC. CIENCIAS DE LA COMUNICACION ONLINE;PROFESORA AUTORA TIEMPO COMPLETO DE LA FACULTAD CIENCIAS DE LA COMUNICACION DE LA MODALIDAD EN LINEA
9928;TECNICO ELECTRICO AUXILIAR;AUXILIAR DE SERVICIO TEC ELEC.
9929;ASISTENTE DE CAPACITACION;AUXILIAR DE CAPACITACION
9930;EJECUTIVO DE SEGUROS CORPORATIVOS PATRIMONIALES;JEFE DE SEGUROS CORPORATIVOS PATRIMONIALES
9931;ASISTENTE DE DATA;AUXILIAR DE DATA
9932;GERENTE DE DESARROLLO HUMANO;GERENTE NACIONAL DE DESARROLLO HUMANO Y ORGANIZACIONAL
9933;ASISTENTE SISTEMA INTEGRADO DE GESTION;COORDINADOR DE SISTEMA DE GESTION INTEGR
9934;COORDINADOR DE EMBARQUE;JEFE DE EMBARQUE
9935;ASISTENTE CREDITO;ASISTENTE ADMINISTRATIVO DE CREDITO
9936;BUSINESS INTELLIGENCE ANALYST;BUSINESS INSIGHTS ANALYST
9937;PROCUREMENT MANAGER;PROCUREMENT SPECIALIST
9938;GERENTE CORPORATIVO DE PROYECTOS ESTRATEGICOS;JEFE DE PROYECTOS CORPORATIVOS
9939;SUPERVISOR DE TESORERIA;RESPONSABLE DE TESORERIA
9940;JEFE DE EFICIENCIA OPERATIVA;JEFE DE EFICIENCIA OPERATIVA Y CX
9941;JEFE DE GESTION DE LA SALUD;EJECUTIVO DE GESTION DE LA SALUD
9942;COORDINADOR DE SOPORTE TECNICO;ADMINISTRADOR DE SOPORTE TECNICO
9943;JEFE ADMINISTRATIVA Y TALENTO HUMANO;JEFA ADMINISTRATIVA/TALENTO HUMANO
9944;PANADERO / PASTELERO (ESTABLECIMIENTOS CATEGORIA PRIMERA);PANADERO / PASTELERO (ESTABLECIMIENTOS CATEGORIA LUJO)
9945;COORDINADOR DE SEGURIDAD INFORMATICA;COORDINADOR DE SEGURIDAD INFORMATICA Y GOBIERNO
9946;OFICIAL DE SEGURIDAD RADIOLOGICA;OFICIAL DE SEGURIDAD RADIOLOGICA - RADIOTERAPIA
9947;OPERADOR DE MAQUINA;OPERADOR DE MAQUINA SR.
9948;CONTROLLER DE COSTOS;JEFE DE CONTROL DE COSTOS
9949;ASISTENTE SERVICIOS BANCARIOS;AUXILIAR DE SERVICIOS BANCARIOS
9950;COORDINADOR DE PRODUCCION GENERAL;COORDINADOR DEL AREA DE PRODUCCION
9951;COORDINADORA DE GOBIERNO DE DATOS;COORDINADORA DE GOBIERNO Y CALIDAD DE DATOS
9952;JEFE DE LOCALES JUNIOR;SUBJEFE DE LOCAL JUNIOR
9953;GERENTE SENIOR DE IMPUESTOS;GERENTE DE CONSULTORIA DE IMPUESTOS
9954;JEFE DE PLANIFICACION Y CONTROL;COORDINADOR SENIOR DE PLANIFICACION Y CONTROL
9955;LIDER DE CALIDAD;LIDER DE CALIDAD PERCIBIDA Y PROYECTOS
9956;AYUDANTE DE OFICINA;ASISTENTE GRAL DE OFICINA
9957;ASISTENTE SERVICIO AL SOCIO;ASISTENTE SERVICIO AL SOCIO JUNIOR
9958;GERENTE NACIONAL ADMINISTRATIVO;GERENTE NACIONAL ADMINISTRATIVO Y FINANCIERO
9959;SUPERVISOR DE INFRAESTRUCTURA TECNOLOGICA;SUPERVISOR DE TECNOLOGIA
9960;COORDINADOR (A) DE NOMINA;COORDINADOR NOMINA
9961;CUSTOMER EXPERIENCE MANAGER;CUSTOMER EXPERIENCE SPECIALIST
9962;ASESOR DE POSTVENTA;ASISTENTE DE POSTVENTA
9963;ANALISTA SENIOR DE COMPRAS;ANALISTA DE COMPRAS INTERNACIONALES
9964;ANALISTA DE COMPRAS M.P. 采购助理;ESPECIALISTA EN COMPRAS M.P. 采购助理
9965;ASISTENTE DE TRAFICO Y DOCUMENTACION;ASISTENTE DE TRAFICO Y LOGISTICA
9966;DIRECTOR DE EXCELENCIA COMERCIAL;JEFE DE EXCELENCIA COMERCIAL
9967;COMERCIAL SALES MANAGER ECUADOR;SALES MANAGER DEALERS ECUADOR
9968;COORDINADOR (A) ADMINISTRATIVA;COORDINADOR DE ADMINISTRACION DE PERSONAL
9969;ANALISTA DE ASUNTOS REGULATORIOS II;ANALISTA DE ASUNTOS REGULATORIOS III
9970;ANALISTA DE SISTEMAS DE INFORMACION;ANALISTA DE SISTEMAS INFORMATICOS 1
9971;COORDINADOR DE SERVICIO Y ATENCION CLIENTE;DIRECTOR DE SERVICIOS Y CUSTOMER CARE
9972;ANALISTA CONTABLE Y DE INVENTARIOS;ANALISTA DE INVENTARIOS Y FACTURACION
9973;ASISTENTE DE JEFE DE CREDITO;JEFE DE ADMINISTRACION DE CREDITO
9974;GERENTE DE LINEA DE PRODUCTO;GERENTE DE LINIA DE PRODUCTO
9975;INGENIERO CIVIL SENIOR;INGENERO GEOLOGO SENIOR
9976;ASISTENTE ADMINISTRATIVO B;ASISTENTE ADMINISTRATIVO BASE
9977;ANALISTA DE SEGURIDAD DE LA INFORMACION / SOPORTE;ANALISTA INFORMACION Y SOPORTE SISTEMAS
9978;VICEPRESIDENTE ADMINISTRATIVO;VICEPRESIDENTE EJECUTIVO (R.L.)
9979;AUDITOR INTERNO I;AUDITOR INTERNO REGIONAL
9980;AYUDANTE DE PLANTA;ASISTENTE TECNICO DE PLANTA
9981;SUPERVISOR DE LOGISTICA Y TRANSPORTE;JEFE DE LOGISTICA-CONTROL
9982;CHEF DE PASTELERIA Y PANADERIA;CHEF DE PARTIDA PANADERIA Y PASTELERIA
9983;AUXILIAR DE CREDITO Y COBRANZAS;ASISTENTE SENIOR DE CREDITO Y COBRANZAS
9984;ASISTENTE DE TIENDA PLAZA DESING;JEFE DE TIENDA PLAZA DESING
9985;JEFE DE SAC;COORDINADOR DE SAC
9986;AUXILIAR DE TIENDA;AUXILIAR COMERCIAL DE TIENDAS
9987;JEFE OPERATICA;JEFE OPERADOR
9988;COORDINADOR DE SOPORTE TECNICO;COORDINADOR DE INGENIERIA Y ASISTENCIA TECNICA
9989;SUPERVISOR DE BODEGA REPUESTOS;SUPERVISOR DE REPUESTOS
9990;ASISTENTE DE INFRAESTRUCTURA Y SOPORTE;AUXILIAR DE INFRAESTRUCTURA
9991;ANALISTA DE SISTEMAS Y NEGOCIOS;ANALISTA DESARROLLADOR DE SISTEMAS ORGANIZACIONALES
9992;CHOFER LICENCIA TIPO C;CHOFER LICENCIA TIPO D
9993;COORDINADOR DE CALIDAD DE SERVICIO;JEFE DE CALIDAD DEL SERVICIO
9994;COORDINADOR DE COMPRAS DE MANTENIMIENTO;COORDINADOR DE MANTENIMIENTO CORRECTIVO
9995;JEFE OPERATIVO FLOTA;AUXILIAR OPERATIVO DE FLOTA
9996;JEFE DE INNOVACION;DIRECTOR DE INNOVACION
9997;SUPERVISOR DE OPERACIONES;CORDINADOR DE OPERACIONES
9998;EJECUTIVA DE VENTAS;EJECUTIVO/AFINES - EJECUTIVO DE VENTAS
9999;AUXILIAR DE CARGA;ASISTENTE DE CARGA
10000;ASESOR PEDAGOGICO;ASESOR PEDAGOGICO JR
